day,cum_net_r
20230911,-1.1567
20230911,-2.1997
20230911,-3.2728
20230911,-4.4912
20230911,-2.9196
20230911,-4.0417
20230911,-5.1645
20230911,-6.4029
20230911,-5.081
20230911,-3.3
20230911,-4.4688
20230911,-6.0275
20230911,-7.1565
20230911,-5.4659
20230911,-6.5365
20230911,-8.3445
20230911,-6.8158
20230911,-5.6078
20230911,-7.3809
20230911,-8.6471
20230911,-6.9418
20230911,-8.2156
20230911,-9.4085
20230911,-7.5267
20230911,-6.0193
20230911,-7.2946
20230911,-5.9854
20230911,-7.4069
20230911,-8.8822
20230911,-10.1759
20230911,-11.7625
20230911,-13.3259
20230912,-12.7412
20230912,-13.9054
20230912,-12.1646
20230912,-13.6456
20230912,-14.9696
20230912,-16.1257
20230912,-17.1843
20230912,-15.7262
20230912,-16.9145
20230912,-15.6913
20230912,-14.265
20230912,-15.4187
20230912,-15.4895
20230912,-16.785
20230912,-18.5203
20230912,-19.843
20230912,-21.0679
20230912,-22.4106
20230912,-23.6954
20230912,-24.9228
20230912,-26.2142
20230912,-27.5326
20230912,-28.859
20230912,-30.1338
20230912,-28.6811
20230912,-30.1943
20230912,-30.095
20230912,-29.476
20230912,-30.6298
20230912,-28.9367
20230912,-30.2443
20230912,-31.3985
20230913,-32.4587
20230913,-33.6285
20230913,-34.6955
20230913,-32.9891
20230913,-31.1821
20230913,-32.3727
20230913,-31.2149
20230913,-32.3934
20230913,-33.5676
20230913,-32.3822
20230913,-30.6291
20230913,-29.5097
20230913,-30.7693
20230913,-31.8304
20230913,-33.4055
20230913,-35.152
20230913,-34.1364
20230913,-33.2863
20230913,-34.4689
20230913,-36.1679
20230913,-37.3008
20230913,-38.7063
20230913,-39.7953
20230913,-40.9616
20230913,-39.1006
20230913,-40.3966
20230913,-41.5909
20230913,-42.7916
20230913,-42.2139
20230913,-43.58
20230913,-41.3797
20230913,-42.6784
20230914,-43.8044
20230914,-45.316
20230914,-46.3989
20230914,-44.522
20230914,-45.5771
20230914,-46.8243
20230914,-47.964
20230914,-46.5261
20230914,-47.7328
20230914,-49.0711
20230914,-50.486
20230914,-49.1631
20230914,-48.4081
20230914,-49.6646
20230914,-50.9303
20230914,-52.1239
20230914,-53.5683
20230914,-52.072
20230914,-53.225
20230914,-54.5123
20230914,-53.2264
20230914,-54.5687
20230914,-55.7118
20230914,-54.6337
20230914,-55.9702
20230914,-57.3899
20230914,-58.8294
20230914,-58.37
20230914,-59.5368
20230914,-60.6333
20230914,-61.8901
20230914,-60.2727
20230915,-62.0289
20230915,-63.5019
20230915,-64.7691
20230915,-65.8689
20230915,-67.0435
20230915,-65.2783
20230915,-66.5041
20230915,-64.5089
20230915,-65.7192
20230915,-66.9801
20230915,-68.1573
20230915,-69.2773
20230915,-70.7075
20230915,-69.6606
20230915,-70.9051
20230915,-69.0706
20230915,-67.0368
20230915,-68.5359
20230915,-67.2911
20230915,-68.6927
20230915,-67.4778
20230915,-66.6866
20230915,-65.098
20230915,-66.3901
20230915,-67.5015
20230915,-68.7288
20230915,-70.0928
20230915,-68.4927
20230915,-69.9524
20230915,-68.686
20230915,-69.9773
20230915,-71.1978
20230918,-72.2738
20230918,-73.3779
20230918,-74.439
20230918,-75.5811
20230918,-76.7947
20230918,-79.1982
20230918,-78.4694
20230918,-79.6601
20230918,-80.8237
20230918,-78.6689
20230918,-79.7494
20230918,-80.8901
20230918,-80.1246
20230918,-81.5515
20230918,-82.8687
20230918,-84.1602
20230918,-82.9681
20230918,-84.2472
20230918,-82.5662
20230918,-83.9133
20230918,-82.6413
20230918,-81.2075
20230918,-79.5138
20230918,-78.308
20230918,-80.4015
20230918,-79.6537
20230918,-78.2554
20230918,-80.0763
20230918,-78.6217
20230918,-77.2837
20230918,-76.0123
20230918,-77.2916
20230919,-75.9962
20230919,-77.1915
20230919,-75.5745
20230919,-76.6814
20230919,-77.8795
20230919,-76.2794
20230919,-74.7909
20230919,-76.5283
20230919,-75.1074
20230919,-73.6408
20230919,-72.3534
20230919,-73.6755
20230919,-72.3374
20230919,-73.5635
20230919,-74.8963
20230919,-73.6747
20230919,-72.0079
20230919,-73.2901
20230919,-74.6795
20230919,-73.486
20230919,-72.4435
20230919,-71.7475
20230919,-73.2854
20230919,-74.6521
20230919,-75.9268
20230919,-77.2579
20230919,-78.4088
20230919,-77.7815
20230919,-77.1491
20230919,-78.3526
20230919,-80.0936
20230919,-77.5478
20230920,-78.6882
20230920,-79.7775
20230920,-78.14
20230920,-79.2105
20230920,-80.3745
20230920,-81.4371
20230920,-80.5459
20230920,-83.6072
20230920,-84.8736
20230920,-86.3243
20230920,-85.1365
20230920,-86.4279
20230920,-87.6222
20230920,-89.3691
20230920,-90.8098
20230920,-92.4042
20230920,-91.5336
20230920,-89.9174
20230920,-91.3353
20230920,-90.4814
20230920,-91.9089
20230920,-90.3476
20230920,-91.5847
20230920,-92.7554
20230920,-93.8789
20230920,-92.0172
20230920,-90.4941
20230920,-89.3059
20230920,-87.3754
20230920,-88.4956
20230920,-89.7221
20230921,-90.8133
20230921,-91.8944
20230921,-93.0085
20230921,-94.1273
20230921,-92.3235
20230921,-90.4497
20230921,-91.599
20230921,-92.9506
20230921,-94.0835
20230921,-95.4429
20230921,-94.0647
20230921,-95.2315
20230921,-96.3905
20230921,-97.5518
20230921,-98.8024
20230921,-100.0422
20230921,-98.0924
20230921,-96.3964
20230921,-95.5327
20230921,-96.6969
20230921,-94.9173
20230921,-96.2472
20230921,-97.648
20230921,-96.181
20230921,-97.2726
20230921,-98.731
20230921,-99.9987
20230921,-101.4615
20230921,-100.1881
20230921,-98.9368
20230921,-97.4112
20230921,-99.3247
20230922,-97.6947
20230922,-98.8296
20230922,-100.4405
20230922,-101.5816
20230922,-99.9554
20230922,-101.0575
20230922,-102.2329
20230922,-103.5681
20230922,-104.7925
20230922,-106.5639
20230922,-107.6854
20230922,-108.88
20230922,-110.7031
20230922,-108.3371
20230922,-109.6165
20230922,-108.8238
20230922,-107.3359
20230922,-108.7752
20230922,-109.9521
20230922,-111.1821
20230922,-110.3177
20230922,-111.4767
20230922,-112.9588
20230922,-114.2659
20230922,-115.4823
20230922,-114.2019
20230922,-115.9755
20230922,-117.0469
20230922,-118.6026
20230922,-120.051
20230922,-121.1659
20230922,-119.7557
20230925,-117.8333
20230925,-118.969
20230925,-120.1867
20230925,-121.2478
20230925,-122.3571
20230925,-123.5353
20230925,-121.3562
20230925,-122.5195
20230925,-123.667
20230925,-121.8069
20230925,-123.3791
20230925,-121.8408
20230925,-123.3512
20230925,-124.7225
20230925,-126.1397
20230925,-124.3202
20230925,-126.2183
20230925,-124.3871
20230925,-125.5823
20230925,-126.6941
20230925,-127.9367
20230925,-126.4576
20230925,-126.4393
20230925,-127.7802
20230925,-126.13
20230925,-127.5608
20230925,-126.1235
20230925,-127.3642
20230925,-126.5802
20230925,-125.3922
20230925,-126.6557
20230925,-127.8328
20230926,-128.9376
20230926,-127.1594
20230926,-128.4999
20230926,-126.8312
20230926,-127.9533
20230926,-129.1368
20230926,-130.6957
20230926,-132.2182
20230926,-133.3809
20230926,-131.7583
20230926,-132.9167
20230926,-134.0264
20230926,-132.4876
20230926,-133.7362
20230926,-132.4962
20230926,-133.6943
20230926,-134.96
20230926,-136.2152
20230926,-137.4253
20230926,-136.2188
20230926,-137.6632
20230926,-138.8984
20230926,-140.331
20230926,-141.5659
20230926,-139.8472
20230926,-138.453
20230926,-139.7102
20230926,-141.1156
20230926,-139.3897
20230926,-140.6702
20230926,-142.061
20230926,-140.5002
20230927,-139.3101
20230927,-140.4176
20230927,-141.4601
20230927,-142.676
20230927,-141.4516
20230927,-139.7373
20230927,-140.9692
20230927,-140.3092
20230927,-141.9444
20230927,-143.4363
20230927,-144.7897
20230927,-143.0012
20230927,-144.5145
20230927,-142.9267
20230927,-141.6579
20230927,-142.9774
20230927,-144.4066
20230927,-145.5682
20230927,-146.756
20230927,-146.1196
20230927,-147.3038
20230927,-145.8009
20230927,-148.2635
20230927,-149.5035
20230927,-150.7502
20230927,-151.9212
20230927,-153.148
20230927,-154.4111
20230927,-152.7597
20230927,-154.1932
20230927,-155.5076
20230927,-153.6433
20230928,-151.7313
20230928,-152.991
20230928,-154.1513
20230928,-152.1709
20230928,-153.3285
20230928,-154.5013
20230928,-155.6971
20230928,-157.2221
20230928,-158.3089
20230928,-156.9072
20230928,-158.0845
20230928,-159.1891
20230928,-157.504
20230928,-156.2216
20230928,-157.7343
20230928,-156.1336
20230928,-154.6666
20230928,-155.8607
20230928,-157.1845
20230928,-158.2962
20230928,-159.4476
20230928,-160.6762
20230928,-162.2851
20230928,-163.599
20230928,-162.0536
20230928,-163.3805
20230928,-162.0644
20230928,-160.6121
20230928,-154.6133
20230928,-155.8309
20230928,-157.0299
20230928,-155.2293
20230929,-156.3713
20230929,-154.72
20230929,-153.1188
20230929,-154.1724
20230929,-152.4407
20230929,-153.6156
20230929,-155.1601
20230929,-156.9284
20230929,-158.0861
20230929,-159.3255
20230929,-160.445
20230929,-158.8132
20230929,-159.9881
20230929,-161.1588
20230929,-162.3006
20230929,-161.0235
20230929,-160.5359
20230929,-161.8144
20230929,-160.5044
20230929,-158.6453
20230929,-157.114
20230929,-156.086
20230929,-154.5789
20230929,-156.8197
20230929,-158.16
20230929,-159.3533
20230929,-158.7132
20230929,-157.0791
20230929,-158.4691
20230929,-159.7717
20230929,-160.9104
20230929,-159.2592
20231002,-157.4311
20231002,-158.5517
20231002,-156.9539
20231002,-158.025
20231002,-156.2029
20231002,-157.3961
20231002,-158.5509
20231002,-159.7595
20231002,-160.9696
20231002,-159.357
20231002,-160.4951
20231002,-161.7285
20231002,-162.8757
20231002,-161.1749
20231002,-162.2877
20231002,-163.4091
20231002,-164.7277
20231002,-165.9108
20231002,-167.0203
20231002,-168.1022
20231002,-167.0991
20231002,-168.2877
20231002,-169.5632
20231002,-170.6437
20231002,-172.0525
20231002,-173.3202
20231002,-175.2077
20231002,-173.467
20231002,-171.3193
20231002,-172.4747
20231002,-171.5456
20231002,-172.7752
20231003,-173.9238
20231003,-171.8898
20231003,-172.9633
20231003,-174.0708
20231003,-175.423
20231003,-176.5558
20231003,-177.6659
20231003,-176.3509
20231003,-177.7361
20231003,-179.1106
20231003,-180.2414
20231003,-181.3351
20231003,-182.4843
20231003,-183.6299
20231003,-182.0559
20231003,-183.2942
20231003,-181.0583
20231003,-182.3232
20231003,-180.8473
20231003,-182.0301
20231003,-183.401
20231003,-181.436
20231003,-182.5866
20231003,-181.1731
20231003,-179.8261
20231003,-180.9333
20231003,-182.4119
20231003,-183.8406
20231003,-185.1329
20231003,-186.5849
20231003,-187.9113
20231003,-189.1075
20231004,-190.24
20231004,-188.6
20231004,-190.041
20231004,-188.3047
20231004,-189.4794
20231004,-188.1492
20231004,-189.8212
20231004,-190.1129
20231004,-191.4805
20231004,-190.1045
20231004,-191.4237
20231004,-193.5288
20231004,-194.6686
20231004,-192.9335
20231004,-194.2575
20231004,-195.4681
20231004,-197.161
20231004,-198.2767
20231004,-199.7047
20231004,-200.9097
20231004,-202.0435
20231004,-200.5253
20231004,-201.85
20231004,-199.2602
20231004,-200.497
20231004,-201.7346
20231004,-202.9821
20231004,-201.2247
20231004,-200.2928
20231004,-201.816
20231004,-200.3354
20231004,-201.5778
20231005,-202.7769
20231005,-204.092
20231005,-205.202
20231005,-203.2672
20231005,-204.3352
20231005,-205.7543
20231005,-203.6625
20231005,-204.8457
20231005,-203.173
20231005,-201.6889
20231005,-202.856
20231005,-204.0281
20231005,-205.1452
20231005,-206.5945
20231005,-207.7534
20231005,-206.1847
20231005,-207.4629
20231005,-206.1526
20231005,-204.2357
20231005,-204.3519
20231005,-205.5864
20231005,-206.8023
20231005,-208.0164
20231005,-206.3645
20231005,-207.6847
20231005,-205.3873
20231005,-206.5612
20231005,-207.9612
20231005,-209.1016
20231005,-207.9099
20231005,-209.0248
20231005,-207.8901
20231006,-208.9357
20231006,-210.03
20231006,-208.8719
20231006,-209.9884
20231006,-211.055
20231006,-209.418
20231006,-210.5253
20231006,-211.9726
20231006,-213.1964
20231006,-214.3395
20231006,-212.864
20231006,-211.1891
20231006,-212.2603
20231006,-211.0075
20231006,-209.5068
20231006,-210.6121
20231006,-211.9073
20231006,-213.0995
20231006,-214.6895
20231006,-215.8886
20231006,-214.5919
20231006,-215.9393
20231006,-217.1612
20231006,-216.4023
20231006,-217.5431
20231006,-218.7817
20231006,-220.2408
20231006,-221.5138
20231006,-222.7637
20231006,-221.9538
20231006,-220.1677
20231006,-221.4246
20231009,-222.7164
20231009,-223.8652
20231009,-222.5267
20231009,-223.718
20231009,-221.9934
20231009,-223.5014
20231009,-224.6796
20231009,-226.0514
20231009,-227.2238
20231009,-228.39
20231009,-229.5597
20231009,-227.9785
20231009,-229.3052
20231009,-230.4843
20231009,-232.1866
20231009,-233.8345
20231009,-234.9735
20231009,-232.3829
20231009,-233.527
20231009,-234.7694
20231009,-235.9224
20231009,-237.2518
20231009,-235.8135
20231009,-237.0579
20231009,-238.3458
20231009,-237.6074
20231009,-238.8714
20231009,-240.1455
20231009,-239.6691
20231009,-241.0578
20231009,-242.4698
20231010,-243.5305
20231010,-242.3464
20231010,-241.0906
20231010,-242.3454
20231010,-240.6283
20231010,-242.261
20231010,-243.4605
20231010,-244.7215
20231010,-245.8504
20231010,-247.0131
20231010,-245.6668
20231010,-246.8358
20231010,-245.0939
20231010,-246.2319
20231010,-247.446
20231010,-248.8481
20231010,-254.4075
20231010,-255.7208
20231010,-257.2303
20231010,-255.2481
20231010,-256.4516
20231010,-254.8311
20231010,-255.9674
20231010,-257.355
20231010,-258.5399
20231010,-259.764
20231010,-258.6925
20231010,-259.9869
20231010,-261.2647
20231010,-262.4424
20231010,-261.4273
20231010,-260.0091
20231011,-258.3664
20231011,-259.5994
20231011,-260.7793
20231011,-261.9918
20231011,-263.3656
20231011,-264.5996
20231011,-262.8402
20231011,-264.0782
20231011,-262.6071
20231011,-260.7276
20231011,-261.9754
20231011,-263.3487
20231011,-264.9561
20231011,-266.1162
20231011,-267.3142
20231011,-268.5562
20231011,-269.6912
20231011,-268.2304
20231011,-269.5356
20231011,-268.0849
20231011,-269.3595
20231011,-270.6569
20231011,-269.2484
20231011,-271.0028
20231011,-269.8214
20231011,-270.9515
20231011,-272.171
20231011,-270.8032
20231011,-271.9239
20231011,-273.0247
20231011,-271.7645
20231011,-273.1962
20231012,-274.3161
20231012,-275.442
20231012,-276.6716
20231012,-277.8023
20231012,-278.8769
20231012,-277.1358
20231012,-278.2308
20231012,-279.524
20231012,-280.7222
20231012,-282.1241
20231012,-284.1399
20231012,-283.1739
20231012,-281.2242
20231012,-282.4413
20231012,-281.5253
20231012,-283.2317
20231012,-284.5842
20231012,-285.8293
20231012,-284.0763
20231012,-285.1949
20231012,-283.5847
20231012,-284.8163
20231012,-286.0352
20231012,-287.1826
20231012,-285.7563
20231012,-286.9618
20231012,-288.192
20231012,-287.1579
20231012,-285.9258
20231012,-284.2016
20231012,-282.4718
20231012,-283.6652
20231013,-284.7722
20231013,-283.558
20231013,-284.6424
20231013,-285.7288
20231013,-283.9599
20231013,-282.2005
20231013,-283.296
20231013,-281.6957
20231013,-282.8761
20231013,-284.0532
20231013,-282.2043
20231013,-283.6046
20231013,-282.4124
20231013,-283.5708
20231013,-284.9204
20231013,-283.7205
20231013,-284.881
20231013,-286.0768
20231013,-287.5961
20231013,-288.9452
20231013,-290.0893
20231013,-288.5697
20231013,-289.7183
20231013,-287.8054
20231013,-289.3132
20231013,-290.481
20231013,-291.6858
20231013,-292.9186
20231013,-291.4542
20231013,-292.6159
20231013,-293.8815
20231013,-292.4874
20231016,-293.5875
20231016,-294.7624
20231016,-295.9507
20231016,-297.0573
20231016,-298.2104
20231016,-299.3979
20231016,-300.6459
20231016,-301.7997
20231016,-303.0164
20231016,-305.7428
20231016,-303.9885
20231016,-305.0789
20231016,-306.6197
20231016,-307.8051
20231016,-308.914
20231016,-310.3427
20231016,-311.8209
20231016,-313.2051
20231016,-314.7022
20231016,-315.8274
20231016,-316.9396
20231016,-318.1442
20231016,-316.5977
20231016,-318.696
20231016,-317.5063
20231016,-318.9925
20231016,-320.3407
20231016,-321.5288
20231016,-322.764
20231016,-323.9533
20231016,-325.2205
20231016,-326.4995
20231017,-327.558
20231017,-325.828
20231017,-326.9865
20231017,-328.2268
20231017,-329.4191
20231017,-330.5752
20231017,-331.7723
20231017,-332.9117
20231017,-334.014
20231017,-335.2574
20231017,-336.4134
20231017,-334.8282
20231017,-336.1195
20231017,-337.4334
20231017,-338.5714
20231017,-340.1421
20231017,-341.3371
20231017,-340.362
20231017,-341.5623
20231017,-339.8356
20231017,-341.4324
20231017,-342.6024
20231017,-341.1679
20231017,-339.4209
20231017,-337.7905
20231017,-339.2831
20231017,-340.4649
20231017,-341.6585
20231017,-339.9479
20231017,-341.4458
20231017,-339.6495
20231017,-338.2274
20231018,-339.3792
20231018,-337.7817
20231018,-336.1102
20231018,-334.286
20231018,-332.4544
20231018,-331.1135
20231018,-332.4042
20231018,-333.5373
20231018,-334.9944
20231018,-336.1472
20231018,-334.357
20231018,-335.8847
20231018,-337.1143
20231018,-338.2291
20231018,-336.8829
20231018,-338.0447
20231018,-339.4445
20231018,-338.7585
20231018,-340.0471
20231018,-341.2657
20231018,-338.7346
20231018,-339.9146
20231018,-338.7562
20231018,-340.1385
20231018,-338.3442
20231018,-337.2723
20231018,-335.7297
20231018,-336.8313
20231018,-334.4624
20231018,-332.6418
20231018,-331.1983
20231018,-332.3974
20231019,-333.4853
20231019,-334.6539
20231019,-335.7653
20231019,-336.9662
20231019,-338.3348
20231019,-339.5831
20231019,-340.6994
20231019,-341.8637
20231019,-340.5482
20231019,-341.6431
20231019,-342.8138
20231019,-343.9144
20231019,-345.1007
20231019,-343.0598
20231019,-344.3141
20231019,-345.3827
20231019,-346.6882
20231019,-347.8197
20231019,-345.8435
20231019,-346.9518
20231019,-348.1136
20231019,-346.4686
20231019,-348.0026
20231019,-349.1732
20231019,-350.5202
20231019,-351.6426
20231019,-352.7737
20231019,-351.1322
20231019,-352.2708
20231019,-353.6271
20231019,-354.9368
20231019,-356.1729
20231020,-354.3624
20231020,-355.5267
20231020,-356.6341
20231020,-357.7511
20231020,-358.9145
20231020,-357.1752
20231020,-353.791
20231020,-354.8764
20231020,-356.0474
20231020,-357.2687
20231020,-356.1015
20231020,-357.2632
20231020,-358.4841
20231020,-359.6187
20231020,-360.9569
20231020,-362.2604
20231020,-360.8395
20231020,-362.0696
20231020,-363.3611
20231020,-361.7909
20231020,-363.014
20231020,-361.2352
20231020,-362.5792
20231020,-364.0416
20231020,-365.1716
20231020,-366.6234
20231020,-367.7784
20231020,-366.1858
20231020,-367.3356
20231020,-365.6021
20231020,-366.7144
20231020,-367.9185
20231023,-368.9764
20231023,-367.2511
20231023,-368.3677
20231023,-369.4676
20231023,-370.5649
20231023,-369.1622
20231023,-370.2481
20231023,-371.3541
20231023,-372.4682
20231023,-373.7414
20231023,-375.3467
20231023,-373.6254
20231023,-374.8231
20231023,-376.0391
20231023,-377.1216
20231023,-378.7719
20231023,-379.9043
20231023,-378.0381
20231023,-375.0631
20231023,-373.6947
20231023,-372.2811
20231023,-374.2122
20231023,-375.3101
20231023,-373.8808
20231023,-375.0052
20231023,-373.5001
20231023,-374.9539
20231023,-376.3037
20231023,-374.2084
20231023,-375.618
20231023,-374.0338
20231023,-375.3674
20231024,-373.0005
20231024,-371.1992
20231024,-372.2486
20231024,-373.3897
20231024,-371.8329
20231024,-372.9583
20231024,-374.1114
20231024,-375.2809
20231024,-376.4464
20231024,-377.6038
20231024,-376.424
20231024,-375.1725
20231024,-376.3672
20231024,-377.6709
20231024,-378.9277
20231024,-380.1248
20231024,-378.4165
20231024,-376.9308
20231024,-378.1943
20231024,-377.5332
20231024,-376.1571
20231024,-377.363
20231024,-375.4676
20231024,-373.8965
20231024,-375.0157
20231024,-376.1849
20231024,-377.4828
20231024,-378.7646
20231024,-379.9642
20231024,-381.1594
20231024,-382.4508
20231024,-380.7783
20231025,-381.9344
20231025,-380.1222
20231025,-378.4859
20231025,-377.5085
20231025,-378.5584
20231025,-376.6511
20231025,-377.6976
20231025,-379.0152
20231025,-380.1747
20231025,-378.2496
20231025,-379.5712
20231025,-377.5849
20231025,-378.8293
20231025,-377.4835
20231025,-378.7171
20231025,-379.8955
20231025,-378.4654
20231025,-379.6169
20231025,-378.1146
20231025,-379.3469
20231025,-377.5282
20231025,-376.1793
20231025,-374.6351
20231025,-373.2498
20231025,-374.4475
20231025,-375.9034
20231025,-377.0884
20231025,-378.3484
20231025,-379.6476
20231025,-378.9685
20231025,-380.467
20231025,-379.1682
20231026,-380.2377
20231026,-378.492
20231026,-379.5553
20231026,-380.6504
20231026,-381.7945
20231026,-379.7124
20231026,-380.818
20231026,-381.9455
20231026,-383.1017
20231026,-384.1486
20231026,-382.3165
20231026,-383.3563
20231026,-384.6045
20231026,-385.8948
20231026,-387.0901
20231026,-388.2137
20231026,-389.3367
20231026,-387.8274
20231026,-388.9366
20231026,-390.036
20231026,-388.5312
20231026,-389.8086
20231026,-388.6896
20231026,-389.86
20231026,-391.0441
20231026,-392.2286
20231026,-393.3556
20231026,-394.6278
20231026,-393.5591
20231026,-393.186
20231026,-390.9602
20231026,-389.4144
20231027,-390.5054
20231027,-391.6447
20231027,-392.8397
20231027,-393.9108
20231027,-392.1957
20231027,-393.3192
20231027,-391.1876
20231027,-392.5866
20231027,-390.1436
20231027,-391.3315
20231027,-389.519
20231027,-390.969
20231027,-389.4255
20231027,-390.6087
20231027,-392.0897
20231027,-393.235
20231027,-391.5866
20231027,-392.9317
20231027,-394.1664
20231027,-392.5328
20231027,-393.73
20231027,-392.7396
20231027,-393.9194
20231027,-393.0223
20231027,-392.7463
20231027,-393.9512
20231027,-395.2479
20231027,-393.8084
20231027,-392.0563
20231027,-393.2059
20231027,-391.5451
20231027,-389.5328
20231030,-390.6074
20231030,-391.7037
20231030,-392.7853
20231030,-393.952
20231030,-395.1981
20231030,-396.3341
20231030,-397.8427
20231030,-399.0051
20231030,-400.1891
20231030,-401.2611
20231030,-402.3345
20231030,-400.7564
20231030,-402.0863
20231030,-400.6555
20231030,-399.5083
20231030,-400.6309
20231030,-397.6298
20231030,-396.3185
20231030,-394.5738
20231030,-395.7643
20231030,-396.9004
20231030,-398.1161
20231030,-400.1591
20231030,-398.6622
20231030,-399.9829
20231030,-398.6618
20231030,-399.9374
20231030,-401.1129
20231030,-398.8384
20231030,-397.2887
20231030,-398.6922
20231030,-399.7949
20231031,-398.394
20231031,-399.7241
20231031,-400.8519
20231031,-402.1274
20231031,-403.3188
20231031,-401.6731
20231031,-402.9413
20231031,-404.161
20231031,-405.2335
20231031,-406.5437
20231031,-404.7437
20231031,-403.8449
20231031,-402.6821
20231031,-403.8622
20231031,-405.7425
20231031,-404.1532
20231031,-405.4899
20231031,-406.6194
20231031,-407.7094
20231031,-408.934
20231031,-410.1264
20231031,-411.3029
20231031,-409.6945
20231031,-409.2513
20231031,-407.4368
20231031,-408.7287
20231031,-407.2179
20231031,-408.3513
20231031,-409.6415
20231031,-411.0066
20231031,-410.1421
20231031,-408.4968
20231101,-406.5811
20231101,-404.9206
20231101,-403.0682
20231101,-404.108
20231101,-405.2331
20231101,-406.3779
20231101,-407.5826
20231101,-408.8265
20231101,-410.1655
20231101,-411.6225
20231101,-411.2827
20231101,-409.7111
20231101,-407.0732
20231101,-408.2291
20231101,-409.7249
20231101,-407.9407
20231101,-409.1349
20231101,-407.7585
20231101,-408.917
20231101,-407.808
20231101,-408.9778
20231101,-408.285
20231101,-409.5858
20231101,-408.1295
20231101,-409.2819
20231101,-410.602
20231101,-411.7193
20231101,-409.8385
20231101,-411.1218
20231101,-409.4273
20231101,-411.4589
20231101,-412.517
20231102,-413.6024
20231102,-414.6876
20231102,-415.7739
20231102,-416.9684
20231102,-415.6934
20231102,-414.5931
20231102,-415.6561
20231102,-417.0039
20231102,-418.1183
20231102,-419.2707
20231102,-420.6952
20231102,-421.8542
20231102,-423.0747
20231102,-424.3682
20231102,-425.4537
20231102,-426.6146
20231102,-427.8459
20231102,-427.5156
20231102,-428.624
20231102,-429.8829
20231102,-428.5004
20231102,-427.1243
20231102,-425.9609
20231102,-424.704
20231102,-426.0265
20231102,-427.297
20231102,-425.9495
20231102,-424.2579
20231102,-425.5271
20231102,-424.0282
20231102,-425.2487
20231102,-426.5407
20231103,-424.9073
20231103,-426.0598
20231103,-427.2428
20231103,-425.6011
20231103,-424.0712
20231103,-425.3128
20231103,-426.4526
20231103,-427.5078
20231103,-428.6622
20231103,-429.809
20231103,-428.1911
20231103,-429.455
20231103,-430.9357
20231103,-432.1983
20231103,-433.506
20231103,-434.7427
20231103,-433.4442
20231103,-434.5912
20231103,-435.8076
20231103,-434.292
20231103,-435.3861
20231103,-436.6355
20231103,-435.8979
20231103,-437.2442
20231103,-438.9969
20231103,-440.4505
20231103,-441.8529
20231103,-443.1693
20231103,-444.3703
20231103,-443.0072
20231103,-444.1135
20231103,-445.3085
20231106,-443.5839
20231106,-444.662
20231106,-443.0238
20231106,-444.3458
20231106,-445.5058
20231106,-446.5809
20231106,-447.959
20231106,-449.102
20231106,-450.2106
20231106,-451.4511
20231106,-452.7707
20231106,-454.0177
20231106,-455.3088
20231106,-454.093
20231106,-455.6387
20231106,-457.0389
20231106,-455.8001
20231106,-457.1047
20231106,-458.567
20231106,-459.9526
20231106,-461.059
20231106,-462.3145
20231106,-463.5908
20231106,-464.856
20231106,-466.0945
20231106,-464.5325
20231106,-465.7902
20231106,-467.249
20231106,-466.0464
20231106,-467.2372
20231106,-468.5346
20231106,-470.4019
20231107,-471.5548
20231107,-469.8214
20231107,-470.9661
20231107,-472.1006
20231107,-470.5292
20231107,-469.1691
20231107,-467.208
20231107,-468.3944
20231107,-469.7025
20231107,-467.8907
20231107,-466.7104
20231107,-465.2964
20231107,-463.8626
20231107,-465.2437
20231107,-466.8456
20231107,-465.1512
20231107,-466.6326
20231107,-468.0582
20231107,-469.2524
20231107,-470.5265
20231107,-471.7297
20231107,-473.1066
20231107,-472.1103
20231107,-474.3343
20231107,-475.836
20231107,-477.1093
20231107,-476.1986
20231107,-477.7395
20231107,-477.5547
20231107,-476.5997
20231107,-472.9051
20231107,-474.3409
20231108,-475.4501
20231108,-473.1609
20231108,-474.4232
20231108,-472.6883
20231108,-471.4377
20231108,-472.9246
20231108,-471.3157
20231108,-469.7195
20231108,-470.8847
20231108,-472.2566
20231108,-473.4193
20231108,-474.534
20231108,-473.1566
20231108,-474.4451
20231108,-475.5798
20231108,-473.7633
20231108,-475.0744
20231108,-470.5211
20231108,-468.542
20231108,-469.7914
20231108,-468.2959
20231108,-469.5404
20231108,-470.8102
20231108,-472.3194
20231108,-473.5377
20231108,-474.6689
20231108,-476.1026
20231108,-474.6563
20231108,-473.1052
20231108,-474.4047
20231108,-476.1663
20231108,-474.9945
20231109,-473.9449
20231109,-475.1674
20231109,-476.5332
20231109,-477.5761
20231109,-475.887
20231109,-477.2973
20231109,-478.5344
20231109,-476.5919
20231109,-478.0957
20231109,-476.838
20231109,-478.0652
20231109,-477.0457
20231109,-478.2811
20231109,-479.5005
20231109,-478.0456
20231109,-479.3304
20231109,-480.661
20231109,-481.8253
20231109,-483.0953
20231109,-484.3637
20231109,-485.5493
20231109,-486.8244
20231109,-488.0262
20231109,-489.2201
20231109,-487.7453
20231109,-488.9507
20231109,-487.772
20231109,-488.9393
20231109,-487.505
20231109,-488.9431
20231109,-491.728
20231109,-492.8111
20231110,-491.0456
20231110,-489.1487
20231110,-487.9812
20231110,-489.1432
20231110,-487.6517
20231110,-488.8068
20231110,-486.8627
20231110,-487.9999
20231110,-486.2685
20231110,-487.5174
20231110,-489.3433
20231110,-488.3928
20231110,-489.6167
20231110,-490.8318
20231110,-492.1031
20231110,-493.5481
20231110,-494.7985
20231110,-496.1321
20231110,-497.6133
20231110,-496.1909
20231110,-497.4971
20231110,-498.756
20231110,-497.3391
20231110,-498.6783
20231110,-499.7823
20231110,-498.542
20231110,-497.4545
20231110,-498.5769
20231110,-499.9247
20231110,-501.0792
20231110,-502.3242
20231110,-504.4501
20231113,-505.8732
20231113,-504.107
20231113,-505.2342
20231113,-506.3761
20231113,-507.5854
20231113,-508.8213
20231113,-510.0351
20231113,-508.4756
20231113,-509.7606
20231113,-507.4605
20231113,-508.7874
20231113,-507.5054
20231113,-506.3676
20231113,-507.4681
20231113,-506.2595
20231113,-504.6655
20231113,-505.852
20231113,-507.0525
20231113,-508.4261
20231113,-509.6857
20231113,-507.9044
20231113,-509.2556
20231113,-510.5555
20231113,-512.3417
20231113,-513.6013
20231113,-512.3815
20231113,-598.4801
20231113,-597.1271
20231113,-595.6632
20231113,-595.1115
20231113,-596.3447
20231113,-598.5272
20231114,-596.8684
20231114,-597.9666
20231114,-599.0707
20231114,-600.1716
20231114,-598.6268
20231114,-597.193
20231114,-598.4352
20231114,-599.8398
20231114,-598.0995
20231114,-599.3484
20231114,-600.8454
20231114,-599.4682
20231114,-600.7798
20231114,-599.4751
20231114,-598.2811
20231114,-599.4996
20231114,-600.6392
20231114,-602.2057
20231114,-603.6905
20231114,-604.9175
20231114,-606.0346
20231114,-607.1413
20231114,-608.6185
20231114,-609.8275
20231114,-611.0983
20231114,-610.2994
20231114,-611.4617
20231114,-612.8998
20231114,-611.1075
20231114,-612.366
20231114,-613.5729
20231114,-614.899
20231115,-616.0362
20231115,-617.1162
20231115,-618.3007
20231115,-616.7422
20231115,-615.248
20231115,-616.4532
20231115,-617.6464
20231115,-616.0212
20231115,-617.3479
20231115,-618.4789
20231115,-619.589
20231115,-617.3171
20231115,-616.6198
20231115,-618.217
20231115,-619.274
20231115,-620.4128
20231115,-618.6148
20231115,-617.7159
20231115,-618.9047
20231115,-616.6827
20231115,-614.9663
20231115,-616.9619
20231115,-615.4809
20231115,-616.7705
20231115,-618.152
20231115,-616.9371
20231115,-615.1143
20231115,-616.6429
20231115,-615.4871
20231115,-614.1072
20231115,-612.6728
20231116,-613.8263
20231116,-614.8663
20231116,-615.9974
20231116,-617.2023
20231116,-615.496
20231116,-617.1729
20231116,-618.4856
20231116,-619.7092
20231116,-617.8586
20231116,-619.0543
20231116,-620.2987
20231116,-621.5058
20231116,-622.5868
20231116,-623.889
20231116,-622.2014
20231116,-620.7742
20231116,-622.0415
20231116,-623.2413
20231116,-621.4595
20231116,-619.9826
20231116,-621.2399
20231116,-622.6355
20231116,-621.4162
20231116,-620.1568
20231116,-621.3442
20231116,-619.503
20231116,-618.0636
20231116,-619.2897
20231116,-620.5061
20231116,-621.8288
20231116,-623.2672
20231116,-621.6862
20231117,-622.8973
20231117,-624.1089
20231117,-622.8841
20231117,-624.4197
20231117,-623.1045
20231117,-624.6606
20231117,-625.8484
20231117,-627.0363
20231117,-625.3219
20231117,-624.0452
20231117,-625.2928
20231117,-623.3572
20231117,-624.5879
20231117,-623.147
20231117,-621.28
20231117,-620.0849
20231117,-621.5144
20231117,-620.2863
20231117,-622.1199
20231117,-623.6454
20231117,-622.4453
20231117,-625.9573
20231117,-627.2949
20231117,-626.3337
20231117,-627.7269
20231117,-629.0764
20231117,-630.324
20231117,-631.4284
20231117,-632.6726
20231117,-631.3122
20231117,-632.7195
20231117,-634.5247
20231120,-633.0933
20231120,-631.3195
20231120,-632.3761
20231120,-633.464
20231120,-634.5888
20231120,-632.767
20231120,-633.9622
20231120,-632.4259
20231120,-633.6603
20231120,-632.3996
20231120,-633.5253
20231120,-634.8367
20231120,-636.1388
20231120,-637.4145
20231120,-639.8574
20231120,-641.1906
20231120,-642.3473
20231120,-643.5647
20231120,-645.2961
20231120,-646.6139
20231120,-645.6691
20231120,-647.0164
20231120,-648.2633
20231120,-649.5516
20231120,-650.8248
20231120,-653.0705
20231120,-654.4578
20231120,-655.8379
20231120,-657.0792
20231120,-658.9172
20231120,-660.6049
20231120,-661.8977
20231121,-663.0742
20231121,-661.4261
20231121,-659.8455
20231121,-661.0014
20231121,-659.6953
20231121,-660.7689
20231121,-661.9404
20231121,-663.1945
20231121,-661.6533
20231121,-662.7461
20231121,-661.4384
20231121,-662.7761
20231121,-662.4026
20231121,-661.465
20231121,-662.748
20231121,-664.6968
20231121,-663.2311
20231121,-664.4365
20231121,-663.4899
20231121,-664.9412
20231121,-663.4108
20231121,-664.6922
20231121,-665.8794
20231121,-664.3252
20231121,-663.3787
20231121,-664.791
20231121,-666.1609
20231121,-665.038
20231121,-666.257
20231121,-667.5206
20231121,-664.9794
20231122,-662.9171
20231122,-664.1279
20231122,-665.2653
20231122,-663.4858
20231122,-661.6837
20231122,-660.2901
20231122,-658.1657
20231122,-656.5298
20231122,-658.08
20231122,-659.1537
20231122,-660.458
20231122,-661.8556
20231122,-663.3193
20231122,-661.3092
20231122,-662.507
20231122,-663.7638
20231122,-665.2061
20231122,-666.5657
20231122,-667.8596
20231122,-669.1119
20231122,-667.6465
20231122,-669.3164
20231122,-670.5614
20231122,-671.8931
20231122,-673.0898
20231122,-677.1293
20231122,-678.8203
20231122,-680.3213
20231122,-681.6455
20231122,-682.8683
20231122,-681.7117
20231124,-682.7851
20231124,-683.9572
20231124,-685.3421
20231124,-686.5804
20231124,-687.8344
20231124,-689.4001
20231124,-690.5828
20231124,-688.8628
20231124,-690.7218
20231124,-689.4069
20231124,-687.5403
20231124,-688.8311
20231124,-690.8289
20231124,-692.1732
20231124,-690.8331
20231124,-692.1206
20231124,-693.1977
20231124,-694.5384
20231124,-695.7884
20231124,-697.1697
20231124,-698.7752
20231127,-699.9311
20231127,-701.1324
20231127,-702.3254
20231127,-700.5597
20231127,-702.494
20231127,-703.7499
20231127,-704.9554
20231127,-706.2818
20231127,-707.8828
20231127,-707.3645
20231127,-708.4656
20231127,-707.2278
20231127,-708.2899
20231127,-706.9042
20231127,-708.3597
20231127,-709.5414
20231127,-710.9235
20231127,-712.2362
20231127,-710.7882
20231127,-712.3125
20231127,-713.7474
20231127,-711.9768
20231127,-713.1716
20231127,-714.683
20231127,-716.1642
20231127,-717.8402
20231127,-719.2374
20231127,-717.8257
20231127,-719.1901
20231127,-720.6036
20231127,-722.0308
20231128,-723.0609
20231128,-725.0647
20231128,-726.24
20231128,-727.4998
20231128,-728.8939
20231128,-730.1139
20231128,-731.3919
20231128,-730.2433
20231128,-731.5175
20231128,-732.7788
20231128,-733.8409
20231128,-732.1068
20231128,-733.3143
20231128,-734.6364
20231128,-735.8874
20231128,-737.0947
20231128,-738.4954
20231128,-739.7147
20231128,-740.9742
20231128,-742.537
20231128,-743.9504
20231128,-745.2551
20231128,-746.6232
20231128,-746.1744
20231128,-745.0241
20231128,-746.4445
20231128,-747.7886
20231128,-749.697
20231128,-751.1428
20231128,-752.5841
20231128,-751.7546
20231128,-752.9911
20231129,-754.3926
20231129,-752.2672
20231129,-750.7759
20231129,-751.9276
20231129,-753.1725
20231129,-754.8189
20231129,-756.0329
20231129,-754.6419
20231129,-755.8259
20231129,-757.1802
20231129,-758.3146
20231129,-759.443
20231129,-760.9007
20231129,-762.1087
20231129,-760.3412
20231129,-758.6309
20231129,-759.9708
20231129,-761.3172
20231129,-759.9323
20231129,-761.3314
20231129,-762.6032
20231129,-761.4963
20231129,-763.1959
20231129,-764.6011
20231129,-765.9202
20231129,-767.2303
20231129,-768.341
20231129,-766.7701
20231129,-768.1033
20231129,-769.643
20231129,-770.9099
20231129,-769.7158
20231130,-770.8356
20231130,-771.9571
20231130,-773.1117
20231130,-772.0323
20231130,-773.1984
20231130,-774.981
20231130,-776.2228
20231130,-777.3277
20231130,-778.5001
20231130,-776.6825
20231130,-775.0432
20231130,-773.4642
20231130,-774.6903
20231130,-775.7671
20231130,-774.0522
20231130,-775.3665
20231130,-776.592
20231130,-778.0906
20231130,-779.4239
20231130,-780.8328
20231130,-781.9221
20231130,-780.8894
20231130,-779.732
20231130,-781.0552
20231130,-779.6827
20231130,-781.1015
20231130,-779.8444
20231130,-780.9926
20231130,-782.428
20231130,-783.9086
20231130,-781.3694
20231130,-782.6787
20231201,-780.6964
20231201,-779.253
20231201,-780.4319
20231201,-781.6245
20231201,-780.1241
20231201,-781.3321
20231201,-782.4676
20231201,-780.5587
20231201,-781.7294
20231201,-783.2836
20231201,-784.4111
20231201,-782.8815
20231201,-784.2361
20231201,-782.562
20231201,-783.7923
20231201,-784.8828
20231201,-786.1962
20231201,-787.5345
20231201,-786.1113
20231201,-784.589
20231201,-785.8208
20231201,-787.4118
20231201,-788.718
20231201,-787.4491
20231201,-788.6775
20231201,-787.2304
20231201,-786.1148
20231201,-787.2204
20231201,-785.8764
20231201,-796.0313
20231201,-793.7232
20231201,-795.0441
20231204,-796.148
20231204,-797.2152
20231204,-798.7946
20231204,-799.9388
20231204,-797.9911
20231204,-796.5986
20231204,-795.4331
20231204,-796.5417
20231204,-797.6523
20231204,-798.872
20231204,-797.874
20231204,-796.5967
20231204,-797.7994
20231204,-799.0713
20231204,-800.306
20231204,-801.6451
20231204,-802.8616
20231204,-804.1307
20231204,-802.9244
20231204,-804.1326
20231204,-805.4092
20231204,-806.7276
20231204,-808.4893
20231204,-809.785
20231204,-808.199
20231204,-809.5475
20231204,-810.9259
20231204,-812.6646
20231204,-813.9382
20231204,-815.0569
20231204,-813.5269
20231204,-815.0282
20231205,-816.1777
20231205,-814.3239
20231205,-815.402
20231205,-816.5349
20231205,-815.8844
20231205,-814.1753
20231205,-812.573
20231205,-810.8919
20231205,-812.0867
20231205,-813.173
20231205,-812.1114
20231205,-810.775
20231205,-812.0142
20231205,-813.1581
20231205,-814.6684
20231205,-812.8158
20231205,-813.9969
20231205,-811.5649
20231205,-813.2485
20231205,-811.5312
20231205,-810.2781
20231205,-809.9256
20231205,-811.2887
20231205,-812.7235
20231205,-814.1147
20231205,-815.3384
20231205,-816.6762
20231205,-818.0092
20231205,-819.354
20231205,-817.4692
20231205,-815.5117
20231205,-817.1175
20231206,-818.2246
20231206,-816.1327
20231206,-814.471
20231206,-815.6262
20231206,-814.4556
20231206,-812.8902
20231206,-811.0447
20231206,-808.387
20231206,-807.5893
20231206,-808.8268
20231206,-810.1121
20231206,-811.3548
20231206,-812.7998
20231206,-814.1871
20231206,-815.5208
20231206,-816.9696
20231206,-818.2692
20231206,-819.5416
20231206,-817.6487
20231206,-818.8373
20231206,-820.605
20231206,-819.2537
20231206,-815.1052
20231206,-813.8718
20231206,-812.781
20231206,-814.0946
20231206,-815.6626
20231206,-817.3131
20231206,-818.8875
20231206,-820.1714
20231206,-821.4098
20231206,-820.0305
20231207,-821.2684
20231207,-822.3194
20231207,-821.2589
20231207,-822.5224
20231207,-820.6682
20231207,-821.715
20231207,-823.1529
20231207,-824.3252
20231207,-825.3721
20231207,-826.7325
20231207,-827.9791
20231207,-829.3249
20231207,-829.1922
20231207,-830.3131
20231207,-831.5509
20231207,-833.0529
20231207,-832.0254
20231207,-830.7437
20231207,-832.0761
20231207,-833.3931
20231207,-834.6788
20231207,-835.8794
20231207,-834.8614
20231207,-836.9034
20231207,-838.2488
20231207,-839.6554
20231207,-841.6205
20231207,-843.0302
20231207,-844.2984
20231207,-845.6203
20231207,-845.1642
20231207,-846.559
20231208,-847.6778
20231208,-848.7149
20231208,-847.1196
20231208,-848.2306
20231208,-849.3762
20231208,-847.911
20231208,-849.119
20231208,-850.5881
20231208,-851.6572
20231208,-850.5524
20231208,-849.2932
20231208,-850.3766
20231208,-849.3585
20231208,-847.6625
20231208,-848.936
20231208,-850.2093
20231208,-851.918
20231208,-853.1417
20231208,-854.3479
20231208,-855.8978
20231208,-854.526
20231208,-855.8362
20231208,-857.2019
20231208,-856.4032
20231208,-855.2802
20231208,-856.8236
20231208,-858.852
20231208,-860.195
20231208,-861.4908
20231208,-860.3498
20231208,-861.6495
20231208,-862.8306
20231211,-861.0149
20231211,-862.2083
20231211,-863.3792
20231211,-864.4887
20231211,-865.6037
20231211,-863.8396
20231211,-865.0864
20231211,-864.7043
20231211,-865.8248
20231211,-866.9059
20231211,-865.3142
20231211,-866.4085
20231211,-867.634
20231211,-866.6227
20231211,-865.26
20231211,-864.2802
20231211,-865.5306
20231211,-866.9045
20231211,-865.3651
20231211,-864.6517
20231211,-863.5175
20231211,-864.7788
20231211,-866.0737
20231211,-865.2554
20231211,-867.451
20231211,-868.5928
20231211,-867.1989
20231211,-868.4794
20231211,-870.2018
20231211,-871.6031
20231211,-872.9609
20231211,-874.0592
20231212,-875.1295
20231212,-873.8392
20231212,-875.3581
20231212,-876.5997
20231212,-875.1347
20231212,-876.4991
20231212,-877.9926
20231212,-879.3325
20231212,-877.6656
20231212,-878.9254
20231212,-878.0001
20231212,-876.4856
20231212,-877.6489
20231212,-879.3726
20231212,-878.2001
20231212,-879.6068
20231212,-881.0138
20231212,-882.3773
20231212,-881.3739
20231212,-882.5347
20231212,-884.3751
20231212,-885.6562
20231212,-886.8299
20231212,-886.0009
20231212,-887.4886
20231212,-888.6035
20231212,-888.0338
20231212,-886.9365
20231212,-885.4142
20231212,-886.7525
20231212,-888.1491
20231212,-887.3719
20231213,-888.7725
20231213,-890.5883
20231213,-891.7028
20231213,-889.7728
20231213,-888.3125
20231213,-886.6756
20231213,-888.1604
20231213,-889.349
20231213,-890.6556
20231213,-888.3413
20231213,-889.5214
20231213,-887.6903
20231213,-889.1555
20231213,-890.4609
20231213,-891.7618
20231213,-892.9277
20231213,-894.3696
20231213,-895.7254
20231213,-894.3722
20231213,-893.6649
20231213,-892.8053
20231213,-891.6007
20231213,-892.9898
20231213,-894.2972
20231213,-895.4142
20231213,-896.5963
20231213,-894.993
20231213,-896.5508
20231213,-895.1352
20231213,-893.7512
20231213,-892.0173
20231213,-893.0944
20231214,-894.2155
20231214,-892.36
20231214,-893.5453
20231214,-894.5815
20231214,-895.6889
20231214,-896.8123
20231214,-898.0739
20231214,-896.5103
20231214,-894.7328
20231214,-895.9495
20231214,-897.2061
20231214,-898.2888
20231214,-899.675
20231214,-898.0298
20231214,-900.0707
20231214,-901.2816
20231214,-902.6875
20231214,-901.1679
20231214,-902.4701
20231214,-903.7847
20231214,-904.9861
20231214,-906.0524
20231214,-907.3319
20231214,-908.643
20231214,-909.9295
20231214,-911.0856
20231214,-909.9638
20231214,-911.0572
20231214,-909.6006
20231214,-910.7839
20231214,-912.2995
20231214,-913.4462
20231215,-914.6646
20231215,-915.9333
20231215,-917.0825
20231215,-918.2282
20231215,-916.2465
20231215,-917.516
20231215,-918.7484
20231215,-919.9439
20231215,-918.4174
20231215,-916.3163
20231215,-917.4884
20231215,-918.8026
20231215,-919.984
20231215,-918.5182
20231215,-917.1266
20231215,-918.3781
20231215,-916.7176
20231215,-917.8346
20231215,-919.3831
20231215,-920.5841
20231215,-919.7877
20231215,-921.3478
20231215,-922.5381
20231215,-923.8185
20231215,-924.993
20231215,-926.7783
20231215,-928.1002
20231215,-926.8586
20231215,-925.4299
20231215,-923.745
20231215,-924.9052
20231215,-923.9031
20231218,-922.3312
20231218,-923.4561
20231218,-924.5628
20231218,-925.7037
20231218,-926.756
20231218,-925.7039
20231218,-924.7466
20231218,-926.0488
20231218,-924.8163
20231218,-926.1307
20231218,-927.3229
20231218,-928.6326
20231218,-929.9348
20231218,-931.1616
20231218,-929.8603
20231218,-931.2028
20231218,-929.5482
20231218,-928.5886
20231218,-929.8924
20231218,-931.8038
20231218,-929.8346
20231218,-930.9594
20231218,-929.6048
20231218,-931.0783
20231218,-929.5299
20231218,-930.884
20231218,-932.0073
20231218,-933.3681
20231218,-932.2638
20231218,-933.614
20231218,-934.8688
20231218,-936.179
20231219,-937.414
20231219,-935.9114
20231219,-934.4704
20231219,-933.396
20231219,-934.7315
20231219,-935.8859
20231219,-937.0087
20231219,-935.6729
20231219,-936.8459
20231219,-935.1867
20231219,-933.3162
20231219,-932.405
20231219,-933.637
20231219,-934.9889
20231219,-936.2382
20231219,-937.5283
20231219,-936.3162
20231219,-937.5913
20231219,-936.5552
20231219,-937.622
20231219,-939.2299
20231219,-938.7038
20231219,-940.1035
20231219,-941.6159
20231219,-943.1129
20231219,-942.8754
20231219,-941.6175
20231219,-942.9275
20231219,-944.6427
20231219,-946.153
20231219,-947.3828
20231219,-946.0438
20231220,-947.1219
20231220,-948.2746
20231220,-949.35
20231220,-950.5253
20231220,-951.6331
20231220,-952.7169
20231220,-953.8227
20231220,-955.0611
20231220,-956.1975
20231220,-955.0812
20231220,-956.3588
20231220,-957.5939
20231220,-958.947
20231220,-960.3789
20231220,-961.6467
20231220,-962.948
20231220,-961.5834
20231220,-960.2497
20231220,-958.5102
20231220,-961.1221
20231220,-962.3426
20231220,-963.6399
20231220,-961.6123
20231220,-963.3268
20231220,-964.784
20231220,-963.6624
20231220,-961.8507
20231220,-963.1781
20231220,-961.9535
20231220,-960.2642
20231220,-958.9442
20231220,-956.9458
20231221,-958.0365
20231221,-959.2061
20231221,-957.3703
20231221,-955.8861
20231221,-956.9893
20231221,-958.217
20231221,-959.3793
20231221,-960.4278
20231221,-959.0363
20231221,-960.1597
20231221,-961.2709
20231221,-962.6112
20231221,-964.2739
20231221,-965.4577
20231221,-966.7413
20231221,-968.4469
20231221,-966.0781
20231221,-965.0164
20231221,-966.401
20231221,-965.4553
20231221,-964.1389
20231221,-965.3908
20231221,-966.623
20231221,-965.1853
20231221,-966.3455
20231221,-967.5015
20231221,-968.6151
20231221,-967.4775
20231221,-968.7458
20231221,-967.1598
20231221,-965.7583
20231221,-964.3026
20231222,-963.0148
20231222,-964.137
20231222,-965.3229
20231222,-963.9108
20231222,-965.1058
20231222,-966.3725
20231222,-965.7669
20231222,-966.9103
20231222,-965.8214
20231222,-964.4183
20231222,-962.9597
20231222,-964.146
20231222,-965.7697
20231222,-967.1541
20231222,-968.4843
20231222,-969.5436
20231222,-970.9105
20231222,-969.8401
20231222,-970.9487
20231222,-972.2072
20231222,-973.7325
20231222,-975.4588
20231222,-976.7593
20231222,-975.5509
20231222,-976.8062
20231222,-978.2997
20231222,-977.0863
20231222,-976.0044
20231222,-977.4962
20231222,-975.8631
20231222,-977.0892
20231222,-978.2903
20231226,-979.3334
20231226,-981.176
20231226,-982.3498
20231226,-981.3796
20231226,-980.0704
20231226,-979.1979
20231226,-981.843
20231226,-983.1737
20231226,-982.196
20231226,-983.5077
20231226,-984.7399
20231226,-985.9224
20231226,-987.3087
20231226,-988.6474
20231226,-990.3103
20231226,-991.6889
20231226,-990.8156
20231226,-991.9817
20231226,-990.7687
20231226,-992.1382
20231226,-993.6021
20231226,-995.0206
20231226,-996.3575
20231226,-998.0145
20231226,-999.2958
20231226,-998.8947
20231226,-997.8537
20231226,-996.612
20231226,-998.556
20231226,-997.802
20231226,-999.118
20231226,-1000.5893
20231227,-1001.8607
20231227,-1002.8923
20231227,-1004.1188
20231227,-1005.2288
20231227,-1006.4164
20231227,-1007.605
20231227,-1008.7831
20231227,-1010.3708
20231227,-1011.7919
20231227,-1013.0788
20231227,-1011.7603
20231227,-1013.3075
20231227,-1014.5448
20231227,-1012.886
20231227,-1014.2374
20231227,-1015.9244
20231227,-1015.5058
20231227,-1017.1344
20231227,-1019.0149
20231227,-1020.2007
20231227,-1021.7116
20231227,-1020.8445
20231227,-1022.3313
20231227,-1023.595
20231227,-1022.2645
20231227,-1023.6196
20231227,-1022.2849
20231227,-1021.0972
20231227,-1022.2369
20231227,-1023.4317
20231227,-1024.8154
20231227,-1026.0838
20231228,-1027.2129
20231228,-1028.5078
20231228,-1029.8773
20231228,-1031.1343
20231228,-1032.3479
20231228,-1031.1807
20231228,-1029.7914
20231228,-1031.1216
20231228,-1029.7512
20231228,-1030.8833
20231228,-1032.3731
20231228,-1033.8387
20231228,-1033.1869
20231228,-1034.4911
20231228,-1035.8856
20231228,-1036.9989
20231228,-1038.4556
20231228,-1039.8161
20231228,-1039.2328
20231228,-1040.4356
20231228,-1041.8537
20231228,-1040.2059
20231228,-1039.0092
20231228,-1040.2138
20231228,-1039.4671
20231228,-1040.5638
20231228,-1042.9208
20231228,-1044.569
20231228,-1044.3856
20231228,-1043.7378
20231228,-1045.094
20231228,-1046.5832
20231229,-1045.6391
20231229,-1046.7073
20231229,-1048.4476
20231229,-1046.4356
20231229,-1045.1348
20231229,-1046.3349
20231229,-1047.5796
20231229,-1045.9285
20231229,-1044.9737
20231229,-1043.148
20231229,-1044.3791
20231229,-1043.1483
20231229,-1045.1611
20231229,-1046.3565
20231229,-1047.6841
20231229,-1045.7017
20231229,-1046.8557
20231229,-1048.4031
20231229,-1049.8692
20231229,-1049.1383
20231229,-1048.0762
20231229,-1049.4045
20231229,-1050.7009
20231229,-1049.4966
20231229,-1050.9458
20231229,-1049.654
20231229,-1051.1592
20231229,-1052.9463
20231229,-1052.1066
20231229,-1051.2064
20231229,-1052.5159
20231229,-1053.9901
20240102,-1055.0429
20240102,-1056.2087
20240102,-1054.3213
20240102,-1055.5108
20240102,-1053.6509
20240102,-1055.0741
20240102,-1056.2676
20240102,-1054.4663
20240102,-1053.1422
20240102,-1054.4131
20240102,-1055.59
20240102,-1057.1807
20240102,-1058.9035
20240102,-1058.2598
20240102,-1054.571
20240102,-1055.701
20240102,-1056.8841
20240102,-1058.1006
20240102,-1056.5838
20240102,-1058.0026
20240102,-1059.3248
20240102,-1056.9793
20240102,-1058.734
20240102,-1060.0325
20240102,-1058.7102
20240102,-1057.4117
20240102,-1058.7057
20240102,-1057.1736
20240102,-1058.4693
20240102,-1059.9175
20240102,-1058.609
20240102,-1059.7423
20240103,-1057.9736
20240103,-1056.5468
20240103,-1057.7203
20240103,-1058.8166
20240103,-1060.0329
20240103,-1061.1882
20240103,-1062.328
20240103,-1063.4985
20240103,-1064.7599
20240103,-1066.2834
20240103,-1067.505
20240103,-1068.6659
20240103,-1070.4993
20240103,-1071.7059
20240103,-1072.9146
20240103,-1074.1899
20240103,-1075.3788
20240103,-1076.5827
20240103,-1077.9663
20240103,-1076.8319
20240103,-1078.1464
20240103,-1076.3142
20240103,-1077.604
20240103,-1077.2606
20240103,-1078.5215
20240103,-1079.6281
20240103,-1080.8005
20240103,-1081.9355
20240103,-1080.2575
20240103,-1078.2896
20240103,-1076.7644
20240103,-1078.2181
20240104,-1077.3482
20240104,-1078.4143
20240104,-1076.7483
20240104,-1077.8807
20240104,-1075.7126
20240104,-1076.8825
20240104,-1078.0326
20240104,-1079.2727
20240104,-1077.7472
20240104,-1078.9498
20240104,-1077.4604
20240104,-1078.851
20240104,-1080.318
20240104,-1081.5196
20240104,-1082.8838
20240104,-1084.1456
20240104,-1082.797
20240104,-1084.066
20240104,-1085.131
20240104,-1086.2318
20240104,-1087.4604
20240104,-1088.7458
20240104,-1089.9172
20240104,-1089.1667
20240104,-1090.5435
20240104,-1092.9475
20240104,-1091.7784
20240104,-1090.2159
20240104,-1091.7081
20240104,-1092.9608
20240104,-1094.4985
20240104,-1095.8448
20240105,-1096.9096
20240105,-1098.0946
20240105,-1096.5078
20240105,-1097.6593
20240105,-1096.2589
20240105,-1094.9376
20240105,-1093.1919
20240105,-1091.3286
20240105,-1092.4891
20240105,-1093.6693
20240105,-1094.8532
20240105,-1096.1625
20240105,-1094.8286
20240105,-1096.7083
20240105,-1095.5696
20240105,-1097.2462
20240105,-1094.9684
20240105,-1094.2438
20240105,-1095.6815
20240105,-1096.8233
20240105,-1095.8473
20240105,-1097.0457
20240105,-1098.1413
20240105,-1099.5458
20240105,-1098.1546
20240105,-1099.3898
20240105,-1097.6986
20240105,-1097.0023
20240105,-1098.8497
20240105,-1100.3251
20240105,-1101.4346
20240105,-1102.6262
20240108,-1100.7871
20240108,-1101.8808
20240108,-1103.1536
20240108,-1104.306
20240108,-1105.5673
20240108,-1103.5333
20240108,-1104.6257
20240108,-1105.7709
20240108,-1106.9128
20240108,-1108.3578
20240108,-1107.124
20240108,-1105.5895
20240108,-1103.3312
20240108,-1104.734
20240108,-1106.0511
20240108,-1105.021
20240108,-1106.2211
20240108,-1107.7871
20240108,-1109.0899
20240108,-1107.7156
20240108,-1109.0728
20240108,-1107.9276
20240108,-1106.8726
20240108,-1108.2553
20240108,-1109.9749
20240108,-1111.056
20240108,-1112.367
20240108,-1111.2127
20240108,-1112.962
20240108,-1111.6276
20240108,-1110.2378
20240109,-1111.3407
20240109,-1112.5393
20240109,-1113.8219
20240109,-1115.4483
20240109,-1116.6405
20240109,-1115.0421
20240109,-1116.4234
20240109,-1114.7983
20240109,-1115.8911
20240109,-1114.8786
20240109,-1116.2004
20240109,-1114.5701
20240109,-1112.5623
20240109,-1114.1176
20240109,-1115.2428
20240109,-1116.7353
20240109,-1115.3024
20240109,-1116.6073
20240109,-1117.8939
20240109,-1119.2636
20240109,-1120.4642
20240109,-1122.0855
20240109,-1123.358
20240109,-1124.6183
20240109,-1126.1838
20240109,-1125.2764
20240109,-1123.6468
20240109,-1122.1513
20240109,-1123.8425
20240109,-1124.9415
20240109,-1126.4139
20240109,-1124.9166
20240110,-1126.3946
20240110,-1127.5004
20240110,-1128.5666
20240110,-1129.7437
20240110,-1130.9539
20240110,-1132.1959
20240110,-1133.6212
20240110,-1132.0359
20240110,-1133.2725
20240110,-1134.3691
20240110,-1132.9614
20240110,-1134.1801
20240110,-1132.9078
20240110,-1134.3596
20240110,-1135.6729
20240110,-1136.7538
20240110,-1138.0947
20240110,-1139.4772
20240110,-1138.547
20240110,-1139.682
20240110,-1138.7205
20240110,-1139.835
20240110,-1141.6559
20240110,-1142.937
20240110,-1141.714
20240110,-1140.5378
20240110,-1139.3905
20240110,-1140.804
20240110,-1139.5658
20240110,-1138.6285
20240110,-1137.0067
20240110,-1138.3282
20240111,-1139.4279
20240111,-1140.5736
20240111,-1138.6791
20240111,-1140.0751
20240111,-1141.1481
20240111,-1139.2912
20240111,-1140.3992
20240111,-1141.5409
20240111,-1142.6571
20240111,-1143.68
20240111,-1144.8412
20240111,-1146.3296
20240111,-1144.8562
20240111,-1143.4475
20240111,-1144.612
20240111,-1143.2987
20240111,-1142.4
20240111,-1143.6523
20240111,-1145.0024
20240111,-1143.6145
20240111,-1144.7703
20240111,-1143.1682
20240111,-1141.6103
20240111,-1140.4051
20240111,-1139.0286
20240111,-1140.426
20240111,-1138.4959
20240111,-1139.8769
20240111,-1137.676
20240111,-1136.5097
20240111,-1138.2847
20240111,-1139.5135
20240112,-1140.8181
20240112,-1138.6983
20240112,-1139.7992
20240112,-1140.9179
20240112,-1141.9589
20240112,-1140.2998
20240112,-1141.4316
20240112,-1142.5837
20240112,-1141.473
20240112,-1142.6112
20240112,-1141.119
20240112,-1142.3394
20240112,-1143.591
20240112,-1142.1906
20240112,-1139.1998
20240112,-1140.7452
20240112,-1142.2393
20240112,-1140.7027
20240112,-1142.1616
20240112,-1143.4848
20240112,-1148.0888
20240112,-1147.3738
20240112,-1146.0722
20240112,-1147.5447
20240112,-1145.5258
20240112,-1147.0486
20240112,-1146.1053
20240112,-1144.5441
20240112,-1145.7814
20240112,-1141.9692
20240112,-1143.2125
20240112,-1141.5164
20240116,-1139.6151
20240116,-1137.7979
20240116,-1135.9253
20240116,-1137.2457
20240116,-1138.4623
20240116,-1136.7997
20240116,-1135.9735
20240116,-1137.0341
20240116,-1138.236
20240116,-1139.3716
20240116,-1140.4759
20240116,-1139.1715
20240116,-1137.2742
20240116,-1138.5056
20240116,-1137.0676
20240116,-1138.2589
20240116,-1139.4258
20240116,-1137.8583
20240116,-1139.0729
20240116,-1137.7033
20240116,-1135.9769
20240116,-1137.3542
20240116,-1135.4697
20240116,-1136.6636
20240116,-1138.681
20240116,-1137.8662
20240116,-1138.9854
20240116,-1137.4029
20240116,-1138.7184
20240116,-1139.9978
20240116,-1138.6638
20240116,-1139.9538
20240117,-1141.0284
20240117,-1138.8746
20240117,-1137.4074
20240117,-1138.7211
20240117,-1139.8165
20240117,-1140.975
20240117,-1142.0799
20240117,-1143.2289
20240117,-1144.3026
20240117,-1145.5135
20240117,-1144.2341
20240117,-1145.414
20240117,-1146.4885
20240117,-1144.7645
20240117,-1146.0068
20240117,-1147.2393
20240117,-1145.9622
20240117,-1144.4856
20240117,-1145.7398
20240117,-1147.1055
20240117,-1148.4818
20240117,-1147.1853
20240117,-1145.5887
20240117,-1146.855
20240117,-1145.3108
20240117,-1144.077
20240117,-1142.3149
20240117,-1140.9727
20240117,-1142.2779
20240117,-1140.8703
20240117,-1139.4657
20240117,-1140.9251
20240118,-1142.0547
20240118,-1143.1979
20240118,-1144.2642
20240118,-1142.5766
20240118,-1140.1487
20240118,-1141.3001
20240118,-1139.6659
20240118,-1138.14
20240118,-1139.3501
20240118,-1137.6489
20240118,-1136.101
20240118,-1137.3255
20240118,-1138.4736
20240118,-1136.9176
20240118,-1135.6372
20240118,-1137.354
20240118,-1138.4943
20240118,-1140.0021
20240118,-1141.5101
20240118,-1140.4214
20240118,-1140.0916
20240118,-1141.9967
20240118,-1143.2259
20240118,-1144.4406
20240118,-1145.525
20240118,-1146.7179
20240118,-1147.9769
20240118,-1149.2731
20240118,-1148.6559
20240118,-1147.5151
20240118,-1148.7335
20240118,-1147.4341
20240119,-1148.4805
20240119,-1146.7457
20240119,-1148.0846
20240119,-1149.1238
20240119,-1150.3473
20240119,-1151.6699
20240119,-1152.9209
20240119,-1151.2262
20240119,-1152.5093
20240119,-1153.9836
20240119,-1155.2925
20240119,-1156.4684
20240119,-1155.4787
20240119,-1157.0135
20240119,-1155.945
20240119,-1157.1122
20240119,-1158.5268
20240119,-1157.2088
20240119,-1158.4297
20240119,-1157.4246
20240119,-1156.62
20240119,-1157.8548
20240119,-1159.1467
20240119,-1157.8098
20240119,-1159.0458
20240119,-1160.3183
20240119,-1161.543
20240119,-1159.8258
20240119,-1161.0687
20240119,-1159.4532
20240119,-1160.7827
20240119,-1161.9124
20240122,-1163.0917
20240122,-1164.1627
20240122,-1162.7558
20240122,-1163.8851
20240122,-1164.9484
20240122,-1166.1155
20240122,-1167.1778
20240122,-1168.3015
20240122,-1169.462
20240122,-1168.8982
20240122,-1170.8271
20240122,-1169.4334
20240122,-1170.5073
20240122,-1171.6686
20240122,-1172.8866
20240122,-1174.1033
20240122,-1175.5852
20240122,-1174.537
20240122,-1172.8381
20240122,-1174.4631
20240122,-1175.8786
20240122,-1177.1633
20240122,-1178.2385
20240122,-1176.7867
20240122,-1178.1497
20240122,-1176.9958
20240122,-1175.6319
20240122,-1176.8552
20240122,-1178.1383
20240122,-1179.5252
20240122,-1178.22
20240122,-1177.7123
20240123,-1178.8263
20240123,-1177.0087
20240123,-1178.1092
20240123,-1179.3008
20240123,-1180.4164
20240123,-1181.5297
20240123,-1182.7462
20240123,-1183.979
20240123,-1185.0468
20240123,-1183.9764
20240123,-1182.07
20240123,-1183.6042
20240123,-1184.8988
20240123,-1186.1116
20240123,-1186.1717
20240123,-1187.6092
20240123,-1186.6492
20240123,-1187.9967
20240123,-1189.2713
20240123,-1190.963
20240123,-1189.1528
20240123,-1190.8416
20240123,-1192.0964
20240123,-1193.54
20240123,-1195.6185
20240123,-1197.6153
20240123,-1199.0906
20240123,-1198.4071
20240123,-1196.5484
20240123,-1195.3597
20240123,-1196.6539
20240123,-1198.5873
20240124,-1197.2362
20240124,-1198.3464
20240124,-1199.5594
20240124,-1200.6678
20240124,-1201.7709
20240124,-1202.9168
20240124,-1201.1298
20240124,-1202.3358
20240124,-1203.515
20240124,-1201.5969
20240124,-1202.7307
20240124,-1203.9183
20240124,-1205.4287
20240124,-1206.5363
20240124,-1204.8456
20240124,-1203.6443
20240124,-1202.6128
20240124,-1203.8814
20240124,-1205.113
20240124,-1203.8179
20240124,-1202.3048
20240124,-1200.9431
20240124,-1202.3145
20240124,-1200.8091
20240124,-1202.4389
20240124,-1200.982
20240124,-1202.2234
20240124,-1200.8394
20240124,-1202.011
20240124,-1200.455
20240124,-1202.1895
20240124,-1203.6719
20240125,-1204.7872
20240125,-1203.0092
20240125,-1204.0926
20240125,-1205.2284
20240125,-1204.1661
20240125,-1205.4802
20240125,-1204.0622
20240125,-1205.5183
20240125,-1206.6418
20240125,-1207.7741
20240125,-1208.9296
20240125,-1206.1483
20240125,-1207.319
20240125,-1208.6286
20240125,-1209.7548
20240125,-1209.0052
20240125,-1210.1545
20240125,-1211.3452
20240125,-1212.5205
20240125,-1214.2766
20240125,-1215.3885
20240125,-1216.521
20240125,-1217.7263
20240125,-1218.9139
20240125,-1220.0069
20240125,-1221.07
20240125,-1222.3167
20240125,-1223.641
20240125,-1222.8206
20240125,-1220.8152
20240125,-1220.3109
20240125,-1222.1293
20240126,-1220.2568
20240126,-1218.878
20240126,-1220.0238
20240126,-1218.1617
20240126,-1219.3741
20240126,-1220.7083
20240126,-1221.8157
20240126,-1223.3094
20240126,-1222.3142
20240126,-1223.5173
20240126,-1224.7099
20240126,-1225.9734
20240126,-1224.2504
20240126,-1225.5303
20240126,-1226.7522
20240126,-1228.0002
20240126,-1225.9952
20240126,-1227.3213
20240126,-1226.1046
20240126,-1225.0764
20240126,-1226.2619
20240126,-1227.3343
20240126,-1225.9467
20240126,-1227.3714
20240126,-1228.5466
20240126,-1229.9287
20240126,-1229.2577
20240126,-1230.5262
20240126,-1231.7777
20240126,-1233.0591
20240126,-1232.1581
20240126,-1230.4902
20240129,-1231.7049
20240129,-1230.15
20240129,-1231.2666
20240129,-1232.4674
20240129,-1233.7054
20240129,-1235.2365
20240129,-1236.4929
20240129,-1237.774
20240129,-1236.5256
20240129,-1237.5929
20240129,-1238.6616
20240129,-1239.9236
20240129,-1241.2361
20240129,-1242.6125
20240129,-1243.8342
20240129,-1245.0587
20240129,-1246.338
20240129,-1245.6343
20240129,-1246.8768
20240129,-1246.4511
20240129,-1247.695
20240129,-1249.3124
20240129,-1248.736
20240129,-1250.1478
20240129,-1249.0578
20240129,-1250.4477
20240129,-1249.009
20240129,-1250.4638
20240129,-1251.5355
20240129,-1249.3343
20240129,-1248.3986
20240129,-1249.7151
20240130,-1248.4614
20240130,-1246.8895
20240130,-1245.238
20240130,-1243.5224
20240130,-1244.7247
20240130,-1243.0418
20240130,-1244.2577
20240130,-1242.2631
20240130,-1243.6637
20240130,-1241.8306
20240130,-1242.8999
20240130,-1244.3035
20240130,-1242.9401
20240130,-1244.0307
20240130,-1245.1974
20240130,-1246.4451
20240130,-1247.6564
20240130,-1248.9089
20240130,-1247.5453
20240130,-1248.8064
20240130,-1250.2719
20240130,-1251.7883
20240130,-1253.0145
20240130,-1254.3023
20240130,-1255.5945
20240130,-1254.9152
20240130,-1256.211
20240130,-1257.7191
20240130,-1257.4162
20240130,-1258.7124
20240130,-1259.9211
20240131,-1260.9807
20240131,-1262.0227
20240131,-1263.2
20240131,-1264.2292
20240131,-1265.5503
20240131,-1266.7662
20240131,-1265.5395
20240131,-1263.9526
20240131,-1265.0966
20240131,-1266.2192
20240131,-1267.4792
20240131,-1265.6848
20240131,-1263.8885
20240131,-1264.9577
20240131,-1266.3553
20240131,-1267.5909
20240131,-1269.0813
20240131,-1270.2973
20240131,-1268.9987
20240131,-1266.4249
20240131,-1265.698
20240131,-1264.4773
20240131,-1265.742
20240131,-1266.9245
20240131,-1268.551
20240131,-1269.8137
20240131,-1268.937
20240131,-1267.6016
20240131,-1265.5989
20240131,-1266.6984
20240131,-1267.7997
20240131,-1268.8816
20240201,-1269.9955
20240201,-1271.14
20240201,-1269.6336
20240201,-1267.588
20240201,-1268.7047
20240201,-1269.8789
20240201,-1271.3612
20240201,-1269.63
20240201,-1268.3016
20240201,-1266.2204
20240201,-1267.3004
20240201,-1265.9372
20240201,-1267.1068
20240201,-1268.29
20240201,-1266.6741
20240201,-1268.2996
20240201,-1265.3776
20240201,-1266.7393
20240201,-1265.5361
20240201,-1264.0067
20240201,-1265.1897
20240201,-1266.2441
20240201,-1267.4191
20240201,-1265.6864
20240201,-1267.0284
20240201,-1268.6754
20240201,-1269.8786
20240201,-1268.9599
20240201,-1270.0527
20240201,-1271.3324
20240201,-1269.7199
20240201,-1268.2841
20240202,-1269.3712
20240202,-1270.4181
20240202,-1268.0248
20240202,-1269.1268
20240202,-1267.4412
20240202,-1265.6866
20240202,-1266.7352
20240202,-1267.8953
20240202,-1269.0813
20240202,-1270.3272
20240202,-1268.9522
20240202,-1270.5436
20240202,-1268.7695
20240202,-1269.9373
20240202,-1271.0895
20240202,-1269.9598
20240202,-1268.4807
20240202,-1269.6298
20240202,-1270.9911
20240202,-1269.2498
20240202,-1270.7059
20240202,-1271.9146
20240202,-1270.4671
20240202,-1271.611
20240202,-1270.0494
20240202,-1266.9547
20240202,-1268.2128
20240202,-1269.4461
20240202,-1270.6726
20240202,-1271.8487
20240202,-1270.4024
20240202,-1269.257
20240205,-1270.2927
20240205,-1268.6482
20240205,-1269.732
20240205,-1271.1189
20240205,-1272.2869
20240205,-1273.3817
20240205,-1274.4406
20240205,-1275.9298
20240205,-1274.4382
20240205,-1275.7072
20240205,-1276.8733
20240205,-1278.3917
20240205,-1279.6086
20240205,-1280.8465
20240205,-1282.0771
20240205,-1283.217
20240205,-1284.3668
20240205,-1285.5474
20240205,-1284.0522
20240205,-1282.695
20240205,-1284.1164
20240205,-1285.2467
20240205,-1286.4397
20240205,-1288.187
20240205,-1289.4013
20240205,-1290.5903
20240205,-1291.978
20240205,-1293.2122
20240205,-1291.9516
20240205,-1293.4661
20240205,-1294.668
20240205,-1296.0195
20240206,-1297.0753
20240206,-1295.6922
20240206,-1296.8888
20240206,-1297.9919
20240206,-1299.046
20240206,-1297.5875
20240206,-1295.6956
20240206,-1296.8964
20240206,-1295.1669
20240206,-1296.3244
20240206,-1297.4825
20240206,-1298.612
20240206,-1297.1029
20240206,-1298.2828
20240206,-1299.5507
20240206,-1301.0752
20240206,-1302.2433
20240206,-1300.9789
20240206,-1302.2432
20240206,-1300.4534
20240206,-1301.6139
20240206,-1302.8366
20240206,-1304.3103
20240206,-1305.5639
20240206,-1306.8447
20240206,-1308.9758
20240206,-1307.2334
20240206,-1306.1366
20240206,-1307.4445
20240206,-1305.6753
20240206,-1306.9233
20240206,-1308.4097
20240207,-1306.5442
20240207,-1307.6952
20240207,-1305.805
20240207,-1304.6862
20240207,-1303.2657
20240207,-1301.5381
20240207,-1302.7859
20240207,-1301.2013
20240207,-1302.2732
20240207,-1303.551
20240207,-1304.715
20240207,-1306.1623
20240207,-1304.6655
20240207,-1305.8019
20240207,-1307.3632
20240207,-1308.7325
20240207,-1307.1075
20240207,-1308.7223
20240207,-1307.4653
20240207,-1306.5988
20240207,-1304.8677
20240207,-1306.0647
20240207,-1307.5799
20240207,-1308.7422
20240207,-1306.9247
20240207,-1308.1003
20240207,-1309.2317
20240207,-1310.6551
20240207,-1311.9045
20240207,-1310.0041
20240207,-1312.3544
20240207,-1313.6939
20240208,-1314.7931
20240208,-1316.0068
20240208,-1317.4191
20240208,-1315.6143
20240208,-1317.4283
20240208,-1316.1034
20240208,-1317.4697
20240208,-1318.7143
20240208,-1319.9751
20240208,-1321.2117
20240208,-1322.4067
20240208,-1320.7628
20240208,-1322.0816
20240208,-1321.2275
20240208,-1322.6423
20240208,-1323.8304
20240208,-1325.0097
20240208,-1326.6244
20240208,-1327.7113
20240208,-1329.5105
20240208,-1330.7705
20240208,-1331.9232
20240208,-1333.1439
20240208,-1334.2633
20240208,-1335.3677
20240208,-1334.3212
20240208,-1335.4981
20240208,-1336.872
20240208,-1338.2257
20240208,-1339.5154
20240208,-1340.6609
20240208,-1341.8873
20240209,-1339.5123
20240209,-1340.7556
20240209,-1338.9376
20240209,-1340.5349
20240209,-1341.6882
20240209,-1340.0763
20240209,-1341.1811
20240209,-1342.4354
20240209,-1340.7842
20240209,-1342.0289
20240209,-1343.118
20240209,-1344.4915
20240209,-1346.3656
20240209,-1344.1439
20240209,-1345.3412
20240209,-1346.5128
20240209,-1348.1726
20240209,-1346.8145
20240209,-1345.3289
20240209,-1344.7249
20240209,-1345.9444
20240209,-1347.1804
20240209,-1348.552
20240209,-1349.8607
20240209,-1351.2529
20240209,-1353.3681
20240209,-1352.3601
20240209,-1353.7849
20240209,-1352.5415
20240209,-1353.8183
20240209,-1355.2236
20240209,-1354.0494
20240212,-1355.2693
20240212,-1356.3847
20240212,-1357.4994
20240212,-1358.6853
20240212,-1359.8183
20240212,-1361.0816
20240212,-1362.2985
20240212,-1360.7398
20240212,-1361.8002
20240212,-1363.1221
20240212,-1364.421
20240212,-1362.9226
20240212,-1364.0831
20240212,-1362.7013
20240212,-1363.9908
20240212,-1365.1336
20240212,-1366.6391
20240212,-1369.0663
20240212,-1368.0597
20240212,-1369.3704
20240212,-1370.7468
20240212,-1372.0847
20240212,-1370.8884
20240212,-1372.0702
20240212,-1373.4581
20240212,-1374.565
20240212,-1373.5563
20240212,-1374.6657
20240212,-1375.8165
20240212,-1376.9518
20240212,-1378.293
20240212,-1379.5425
20240213,-1380.6039
20240213,-1378.7356
20240213,-1379.8342
20240213,-1381.3175
20240213,-1379.1317
20240213,-1380.3353
20240213,-1381.3988
20240213,-1382.5481
20240213,-1383.6166
20240213,-1384.8015
20240213,-1386.0309
20240213,-1387.3513
20240213,-1386.2248
20240213,-1388.4831
20240213,-1389.7062
20240213,-1388.5688
20240213,-1387.191
20240213,-1388.4283
20240213,-1389.5725
20240213,-1390.847
20240213,-1392.0168
20240213,-1390.2201
20240213,-1391.7027
20240213,-1390.586
20240213,-1392.2119
20240213,-1393.4648
20240213,-1394.7438
20240213,-1396.1664
20240213,-1397.5592
20240213,-1398.8405
20240213,-1397.472
20240213,-1398.6116
20240214,-1399.9047
20240214,-1397.6859
20240214,-1395.7625
20240214,-1396.8892
20240214,-1395.1598
20240214,-1396.4247
20240214,-1395.0916
20240214,-1392.8123
20240214,-1394.001
20240214,-1392.2117
20240214,-1393.2961
20240214,-1394.5391
20240214,-1392.6438
20240214,-1391.527
20240214,-1392.7814
20240214,-1393.9532
20240214,-1395.3749
20240214,-1396.5138
20240214,-1397.7981
20240214,-1396.4295
20240214,-1397.6492
20240214,-1396.2916
20240214,-1397.6158
20240214,-1398.9228
20240214,-1400.1298
20240214,-1399.3561
20240214,-1397.9236
20240214,-1396.1027
20240214,-1394.1277
20240214,-1395.3702
20240214,-1393.8354
20240214,-1395.344
20240215,-1396.5428
20240215,-1394.6302
20240215,-1395.69
20240215,-1394.0556
20240215,-1395.4698
20240215,-1393.9354
20240215,-1395.5148
20240215,-1396.58
20240215,-1398.8752
20240215,-1397.9413
20240215,-1399.2316
20240215,-1400.457
20240215,-1401.6445
20240215,-1400.0768
20240215,-1398.3118
20240215,-1396.58
20240215,-1397.7565
20240215,-1399.0742
20240215,-1397.646
20240215,-1399.0738
20240215,-1400.2775
20240215,-1401.4931
20240215,-1399.8558
20240215,-1398.5189
20240215,-1395.5204
20240215,-1396.7861
20240215,-1397.8468
20240215,-1399.5527
20240215,-1400.7754
20240215,-1402.0998
20240215,-1400.7818
20240215,-1401.9547
20240216,-1400.295
20240216,-1398.9427
20240216,-1397.4244
20240216,-1398.5483
20240216,-1399.663
20240216,-1400.932
20240216,-1402.2235
20240216,-1403.3545
20240216,-1405.0258
20240216,-1406.2809
20240216,-1405.1086
20240216,-1406.3772
20240216,-1408.1044
20240216,-1409.3602
20240216,-1410.9319
20240216,-1409.7676
20240216,-1410.9355
20240216,-1411.9738
20240216,-1413.2006
20240216,-1414.394
20240216,-1417.1009
20240216,-1418.4839
20240216,-1419.8417
20240216,-1418.3699
20240216,-1419.7123
20240216,-1421.0614
20240216,-1422.3613
20240216,-1420.7454
20240216,-1422.2809
20240216,-1423.561
20240216,-1424.6598
20240220,-1425.7244
20240220,-1426.8284
20240220,-1425.2757
20240220,-1426.3645
20240220,-1425.4589
20240220,-1426.5844
20240220,-1425.1724
20240220,-1423.1139
20240220,-1424.1664
20240220,-1426.3002
20240220,-1427.4344
20240220,-1428.5152
20240220,-1429.7083
20240220,-1431.1336
20240220,-1432.2484
20240220,-1433.9128
20240220,-1435.1324
20240220,-1433.3495
20240220,-1434.4066
20240220,-1435.6723
20240220,-1436.9453
20240220,-1438.1404
20240220,-1440.2404
20240220,-1438.9295
20240220,-1438.2697
20240220,-1439.5072
20240220,-1440.6068
20240220,-1442.3806
20240220,-1443.5894
20240220,-1444.8274
20240220,-1442.7763
20240220,-1444.1136
20240221,-1445.1829
20240221,-1443.4887
20240221,-1444.5845
20240221,-1445.8146
20240221,-1446.9995
20240221,-1448.1802
20240221,-1449.3691
20240221,-1447.7229
20240221,-1448.8368
20240221,-1450.0122
20240221,-1451.2437
20240221,-1449.5347
20240221,-1450.745
20240221,-1452.5949
20240221,-1451.9019
20240221,-1453.6205
20240221,-1451.9662
20240221,-1453.6814
20240221,-1455.14
20240221,-1456.3792
20240221,-1457.8192
20240221,-1456.5033
20240221,-1455.2757
20240221,-1453.3256
20240221,-1451.9037
20240221,-1453.0963
20240221,-1454.2536
20240221,-1455.4677
20240221,-1454.5343
20240221,-1452.6901
20240221,-1454.043
20240221,-1455.2646
20240222,-1456.3671
20240222,-1457.4408
20240222,-1458.5614
20240222,-1459.8517
20240222,-1461.0752
20240222,-1462.2564
20240222,-1463.4548
20240222,-1461.9533
20240222,-1463.0507
20240222,-1464.682
20240222,-1465.9429
20240222,-1465.1125
20240222,-1464.1338
20240222,-1465.3411
20240222,-1466.4995
20240222,-1467.8116
20240222,-1469.1138
20240222,-1470.6799
20240222,-1487.6006
20240222,-1486.874
20240222,-1484.8454
20240222,-1486.4343
20240222,-1487.6892
20240222,-1486.2131
20240222,-1487.3132
20240222,-1488.5904
20240222,-1489.8122
20240222,-1491.0182
20240222,-1492.228
20240222,-1490.6272
20240222,-1488.9778
20240222,-1490.1038
20240223,-1491.3212
20240223,-1492.4183
20240223,-1493.5466
20240223,-1491.7693
20240223,-1492.8511
20240223,-1494.1994
20240223,-1495.303
20240223,-1496.4003
20240223,-1497.5522
20240223,-1496.0856
20240223,-1497.1891
20240223,-1498.5288
20240223,-1499.7725
20240223,-1498.1806
20240223,-1497.0684
20240223,-1498.4534
20240223,-1499.6096
20240223,-1497.866
20240223,-1499.0321
20240223,-1500.7042
20240223,-1501.806
20240223,-1502.9934
20240223,-1504.4564
20240223,-1506.0131
20240223,-1505.013
20240223,-1506.5137
20240223,-1507.7365
20240223,-1506.7305
20240223,-1507.9229
20240223,-1509.0461
20240223,-1510.1557
20240223,-1511.4829
20240226,-1512.5735
20240226,-1513.7036
20240226,-1514.8131
20240226,-1516.1403
20240226,-1517.2851
20240226,-1515.7205
20240226,-1518.4539
20240226,-1517.0448
20240226,-1515.5213
20240226,-1516.878
20240226,-1517.9693
20240226,-1519.1677
20240226,-1520.2583
20240226,-1517.3143
20240226,-1518.6306
20240226,-1518.1058
20240226,-1519.3991
20240226,-1520.8263
20240226,-1522.2154
20240226,-1523.3931
20240226,-1524.6082
20240226,-1522.9634
20240226,-1522.2915
20240226,-1520.3802
20240226,-1518.8341
20240226,-1517.4657
20240226,-1518.6652
20240226,-1519.8793
20240226,-1521.1488
20240226,-1522.5588
20240226,-1523.9436
20240226,-1522.8998
20240227,-1521.1797
20240227,-1522.3815
20240227,-1523.6083
20240227,-1524.854
20240227,-1525.9415
20240227,-1527.1578
20240227,-1525.6773
20240227,-1526.9377
20240227,-1525.4495
20240227,-1526.6305
20240227,-1527.8393
20240227,-1529.1147
20240227,-1530.32
20240227,-1531.554
20240227,-1532.907
20240227,-1532.1895
20240227,-1533.4189
20240227,-1532.0641
20240227,-1533.4927
20240227,-1535.4333
20240227,-1536.6729
20240227,-1538.161
20240227,-1539.8432
20240227,-1540.9932
20240227,-1539.2863
20240227,-1540.9159
20240227,-1542.1484
20240227,-1540.3883
20240227,-1541.5685
20240227,-1542.6857
20240227,-1544.0195
20240227,-1545.3359
20240228,-1546.5853
20240228,-1547.7089
20240228,-1549.0406
20240228,-1550.3292
20240228,-1551.3952
20240228,-1552.5626
20240228,-1550.5223
20240228,-1551.9438
20240228,-1553.3186
20240228,-1554.4862
20240228,-1555.5763
20240228,-1553.7158
20240228,-1554.939
20240228,-1556.0588
20240228,-1557.3475
20240228,-1558.5094
20240228,-1559.9548
20240228,-1561.1006
20240228,-1562.5586
20240228,-1563.8794
20240228,-1565.1178
20240228,-1563.91
20240228,-1566.1967
20240228,-1564.7756
20240228,-1566.0188
20240228,-1568.0809
20240228,-1569.4124
20240228,-1570.5645
20240228,-1569.6559
20240228,-1570.9469
20240228,-1570.1
20240228,-1569.0656
20240229,-1570.1887
20240229,-1571.5121
20240229,-1570.1135
20240229,-1568.0475
20240229,-1567.3799
20240229,-1568.5412
20240229,-1569.7329
20240229,-1570.8922
20240229,-1571.9666
20240229,-1573.0762
20240229,-1574.1339
20240229,-1575.2891
20240229,-1574.2432
20240229,-1573.581
20240229,-1574.845
20240229,-1576.3593
20240229,-1574.8231
20240229,-1575.9263
20240229,-1577.0422
20240229,-1575.7477
20240229,-1574.2241
20240229,-1575.516
20240229,-1576.9424
20240229,-1575.3332
20240229,-1576.7806
20240229,-1578.1277
20240229,-1579.4166
20240229,-1580.7587
20240229,-1579.3574
20240229,-1580.9856
20240229,-1579.3412
20240229,-1578.1052
20240301,-1576.2671
20240301,-1577.4212
20240301,-1575.4332
20240301,-1576.5618
20240301,-1577.9264
20240301,-1579.1361
20240301,-1580.3303
20240301,-1578.9399
20240301,-1580.137
20240301,-1581.3948
20240301,-1579.6106
20240301,-1578.3028
20240301,-1576.478
20240301,-1578.0092
20240301,-1579.1543
20240301,-1578.0748
20240301,-1579.3062
20240301,-1577.6067
20240301,-1578.8726
20240301,-1580.0766
20240301,-1581.409
20240301,-1580.0265
20240301,-1578.0146
20240301,-1576.3371
20240301,-1575.5195
20240301,-1576.6956
20240301,-1577.966
20240301,-1579.1348
20240301,-1580.3486
20240301,-1579.9663
20240301,-1579.1076
20240301,-1575.9023
20240304,-1576.9636
20240304,-1578.1642
20240304,-1579.2504
20240304,-1580.3831
20240304,-1578.5706
20240304,-1579.8681
20240304,-1581.3111
20240304,-1582.4514
20240304,-1583.5787
20240304,-1584.8167
20240304,-1586.1127
20240304,-1584.4165
20240304,-1583.0116
20240304,-1584.144
20240304,-1580.7121
20240304,-1581.9708
20240304,-1580.4893
20240304,-1581.5833
20240304,-1582.8224
20240304,-1582.485
20240304,-1584.022
20240304,-1585.0655
20240304,-1586.3456
20240304,-1585.336
20240304,-1586.5464
20240304,-1587.6753
20240304,-1588.986
20240304,-1587.6176
20240304,-1586.4162
20240304,-1587.6452
20240304,-1586.4846
20240304,-1585.6175
20240305,-1586.6968
20240305,-1584.8962
20240305,-1585.9645
20240305,-1587.0552
20240305,-1588.2168
20240305,-1589.4203
20240305,-1590.5051
20240305,-1591.6332
20240305,-1593.0515
20240305,-1594.153
20240305,-1592.5556
20240305,-1591.0346
20240305,-1592.1543
20240305,-1593.3669
20240305,-1591.7191
20240305,-1589.9176
20240305,-1590.95
20240305,-1593.0843
20240305,-1594.4607
20240305,-1595.6246
20240305,-1596.7525
20240305,-1597.9249
20240305,-1596.1799
20240305,-1597.5118
20240305,-1596.0048
20240305,-1597.5883
20240305,-1596.2957
20240305,-1595.046
20240305,-1596.6996
20240305,-1594.8925
20240305,-1596.2328
20240305,-1597.5714
20240306,-1596.0502
20240306,-1597.1061
20240306,-1598.3361
20240306,-1599.4282
20240306,-1596.2917
20240306,-1597.6287
20240306,-1598.7349
20240306,-1599.8324
20240306,-1601.0002
20240306,-1602.2091
20240306,-1603.3139
20240306,-1601.2562
20240306,-1600.2679
20240306,-1599.6072
20240306,-1598.7069
20240306,-1596.9928
20240306,-1595.3338
20240306,-1596.6926
20240306,-1598.0613
20240306,-1596.7951
20240306,-1598.0356
20240306,-1599.2443
20240306,-1600.344
20240306,-1601.4639
20240306,-1602.6984
20240306,-1603.7858
20240306,-1602.2243
20240306,-1603.2892
20240306,-1604.4698
20240306,-1605.9069
20240306,-1604.4976
20240307,-1602.5284
20240307,-1600.9078
20240307,-1602.028
20240307,-1600.0636
20240307,-1601.3246
20240307,-1602.6714
20240307,-1603.7623
20240307,-1604.8297
20240307,-1605.9491
20240307,-1607.3751
20240307,-1608.5876
20240307,-1609.9029
20240307,-1611.016
20240307,-1612.2878
20240307,-1610.8175
20240307,-1608.8904
20240307,-1607.0411
20240307,-1608.2472
20240307,-1609.4747
20240307,-1611.0683
20240307,-1612.3622
20240307,-1613.8913
20240307,-1612.4071
20240307,-1611.6055
20240307,-1612.737
20240307,-1610.8879
20240307,-1612.032
20240307,-1611.1034
20240307,-1609.201
20240307,-1610.5428
20240307,-1611.9203
20240307,-1609.7211
20240308,-1608.116
20240308,-1607.1774
20240308,-1605.187
20240308,-1602.8362
20240308,-1604.4174
20240308,-1605.4782
20240308,-1606.6736
20240308,-1604.9425
20240308,-1606.0797
20240308,-1607.4537
20240308,-1608.6486
20240308,-1609.8584
20240308,-1610.9722
20240308,-1608.8161
20240308,-1609.982
20240308,-1611.1323
20240308,-1612.171
20240308,-1613.4886
20240308,-1612.1701
20240308,-1613.5546
20240308,-1614.8974
20240308,-1616.0538
20240308,-1617.1971
20240308,-1618.3172
20240308,-1616.5517
20240308,-1617.7672
20240308,-1618.9877
20240308,-1620.0948
20240308,-1618.9712
20240308,-1620.067
20240308,-1621.2507
20240308,-1622.3517
20240311,-1623.5602
20240311,-1624.6785
20240311,-1622.7863
20240311,-1621.4419
20240311,-1619.804
20240311,-1617.9611
20240311,-1619.1415
20240311,-1620.1926
20240311,-1621.2425
20240311,-1619.4368
20240311,-1620.6026
20240311,-1621.6607
20240311,-1622.7599
20240311,-1623.9339
20240311,-1625.0526
20240311,-1626.3231
20240311,-1628.1881
20240311,-1625.0647
20240311,-1623.3998
20240311,-1624.6979
20240311,-1626.4992
20240311,-1627.6166
20240311,-1628.8163
20240311,-1627.7344
20240311,-1626.3133
20240311,-1627.5246
20240311,-1628.7608
20240311,-1626.7026
20240311,-1628.5952
20240311,-1629.8163
20240311,-1631.3912
20240311,-1632.6525
20240312,-1633.77
20240312,-1634.9448
20240312,-1635.9703
20240312,-1637.047
20240312,-1638.4586
20240312,-1639.6794
20240312,-1638.1153
20240312,-1639.4827
20240312,-1638.1231
20240312,-1639.4063
20240312,-1638.5976
20240312,-1639.6726
20240312,-1640.8379
20240312,-1640.6542
20240312,-1639.5412
20240312,-1638.466
20240312,-1639.5842
20240312,-1637.9786
20240312,-1639.1587
20240312,-1637.7177
20240312,-1635.9709
20240312,-1634.3425
20240312,-1633.6544
20240312,-1632.5028
20240312,-1633.7363
20240312,-1634.963
20240312,-1633.5567
20240312,-1632.3072
20240312,-1630.7868
20240312,-1631.9766
20240312,-1630.1235
20240312,-1629.6545
20240313,-1628.227
20240313,-1629.7794
20240313,-1628.237
20240313,-1626.2932
20240313,-1624.7339
20240313,-1625.8854
20240313,-1627.249
20240313,-1628.3797
20240313,-1629.712
20240313,-1630.8012
20240313,-1632.0558
20240313,-1633.0946
20240313,-1634.3471
20240313,-1635.5132
20240313,-1634.2255
20240313,-1635.3771
20240313,-1634.354
20240313,-1635.681
20240313,-1636.7887
20240313,-1638.1666
20240313,-1639.5874
20240313,-1639.1812
20240313,-1638.2423
20240313,-1639.4683
20240313,-1637.6494
20240313,-1638.9863
20240313,-1638.0246
20240313,-1636.7055
20240313,-1637.9536
20240313,-1639.4947
20240313,-1638.182
20240313,-1639.5452
20240314,-1640.6778
20240314,-1641.7731
20240314,-1642.8472
20240314,-1643.9634
20240314,-1645.1852
20240314,-1646.4028
20240314,-1647.5199
20240314,-1645.9688
20240314,-1647.0765
20240314,-1648.4646
20240314,-1646.5141
20240314,-1647.8139
20240314,-1646.6404
20240314,-1647.8722
20240314,-1646.2502
20240314,-1647.4002
20240314,-1648.5258
20240314,-1650.2289
20240314,-1651.4708
20240314,-1652.6902
20240314,-1653.8436
20240314,-1652.3414
20240314,-1653.7914
20240314,-1654.9948
20240314,-1656.9571
20240314,-1658.122
20240314,-1659.1812
20240314,-1660.2182
20240314,-1661.3187
20240314,-1662.5327
20240314,-1663.6795
20240315,-1664.7204
20240315,-1665.8449
20240315,-1666.9359
20240315,-1668.2672
20240315,-1669.4765
20240315,-1667.8413
20240315,-1669.1782
20240315,-1667.3582
20240315,-1666.0319
20240315,-1667.3839
20240315,-1665.8083
20240315,-1666.9484
20240315,-1665.4089
20240315,-1666.6948
20240315,-1668.2138
20240315,-1669.401
20240315,-1670.5665
20240315,-1671.6778
20240315,-1672.8248
20240315,-1674.1298
20240315,-1675.2412
20240315,-1673.8676
20240315,-1672.5517
20240315,-1669.5596
20240315,-1670.8324
20240315,-1669.8745
20240315,-1668.0969
20240315,-1669.3161
20240315,-1670.9139
20240315,-1669.4838
20240315,-1670.7471
20240315,-1672.8219
20240318,-1671.0319
20240318,-1672.2228
20240318,-1673.2795
20240318,-1671.3837
20240318,-1672.4663
20240318,-1673.5835
20240318,-1670.505
20240318,-1668.5835
20240318,-1669.7292
20240318,-1667.8746
20240318,-1666.4337
20240318,-1665.0706
20240318,-1663.8918
20240318,-1665.0617
20240318,-1664.4764
20240318,-1666.1442
20240318,-1667.7966
20240318,-1666.0323
20240318,-1667.27
20240318,-1665.6899
20240318,-1666.894
20240318,-1665.9332
20240318,-1667.1552
20240318,-1669.0544
20240318,-1670.322
20240318,-1671.6072
20240318,-1673.0631
20240318,-1671.8424
20240318,-1673.2241
20240318,-1674.467
20240318,-1675.5979
20240319,-1676.7504
20240319,-1674.9444
20240319,-1676.0633
20240319,-1677.2119
20240319,-1678.3443
20240319,-1679.4605
20240319,-1678.5829
20240319,-1677.166
20240319,-1675.9769
20240319,-1674.1287
20240319,-1675.4629
20240319,-1676.7199
20240319,-1675.5813
20240319,-1677.1435
20240319,-1678.2906
20240319,-1676.5843
20240319,-1674.8015
20240319,-1673.4127
20240319,-1672.2873
20240319,-1670.9358
20240319,-1671.982
20240319,-1673.1391
20240319,-1674.2553
20240319,-1675.3492
20240319,-1674.6794
20240319,-1676.1623
20240319,-1678.3731
20240319,-1679.5281
20240319,-1678.5816
20240319,-1679.9447
20240319,-1681.1517
20240320,-1682.2849
20240320,-1683.3657
20240320,-1681.9289
20240320,-1683.1773
20240320,-1684.4233
20240320,-1683.0125
20240320,-1684.4537
20240320,-1683.1078
20240320,-1684.3803
20240320,-1685.6213
20240320,-1684.5279
20240320,-1677.4143
20240320,-1678.6622
20240320,-1680.212
20240320,-1681.9261
20240320,-1683.3178
20240320,-1684.7953
20240320,-1686.4926
20240320,-1687.7982
20240320,-1688.9847
20240320,-1690.0442
20240320,-1691.1369
20240320,-1690.3173
20240320,-1691.5457
20240320,-1690.8327
20240320,-1692.0422
20240320,-1690.4754
20240320,-1691.611
20240320,-1692.6779
20240320,-1693.7327
20240320,-1694.7987
20240320,-1696.0348
20240321,-1697.2003
20240321,-1698.2308
20240321,-1699.3493
20240321,-1697.9772
20240321,-1699.0396
20240321,-1700.2002
20240321,-1701.3003
20240321,-1699.5178
20240321,-1700.6653
20240321,-1699.0435
20240321,-1697.2343
20240321,-1698.4358
20240321,-1699.564
20240321,-1700.7357
20240321,-1701.917
20240321,-1703.0054
20240321,-1704.2679
20240321,-1705.6165
20240321,-1707.3658
20240321,-1708.7634
20240321,-1709.8654
20240321,-1707.0526
20240321,-1706.5599
20240321,-1705.0691
20240321,-1706.1175
20240321,-1707.2602
20240321,-1705.8588
20240321,-1706.9585
20240321,-1708.1011
20240321,-1709.4704
20240321,-1711.0885
20240321,-1712.3746
20240322,-1713.4737
20240322,-1714.6368
20240322,-1713.1008
20240322,-1714.2204
20240322,-1713.0367
20240322,-1712.0297
20240322,-1713.106
20240322,-1714.6177
20240322,-1712.314
20240322,-1713.4718
20240322,-1712.3946
20240322,-1713.5557
20240322,-1712.8656
20240322,-1711.7121
20240322,-1713.2765
20240322,-1711.7937
20240322,-1710.4032
20240322,-1711.8112
20240322,-1710.8508
20240322,-1712.0261
20240322,-1710.912
20240322,-1709.7619
20240322,-1710.9298
20240322,-1712.3491
20240322,-1710.455
20240322,-1709.1622
20240322,-1708.3662
20240322,-1706.4383
20240322,-1707.8002
20240322,-1708.8571
20240322,-1710.2062
20240325,-1708.2252
20240325,-1706.5784
20240325,-1707.6372
20240325,-1708.6612
20240325,-1710.0145
20240325,-1711.5457
20240325,-1712.7021
20240325,-1713.8887
20240325,-1713.1137
20240325,-1711.93
20240325,-1713.2736
20240325,-1714.4767
20240325,-1715.6957
20240325,-1716.9312
20240325,-1718.0602
20240325,-1719.7079
20240325,-1721.3192
20240325,-1722.4883
20240325,-1720.5498
20240325,-1721.8495
20240325,-1723.2326
20240325,-1724.6248
20240325,-1725.9199
20240325,-1725.4158
20240325,-1726.5725
20240325,-1727.8637
20240325,-1729.31
20240325,-1728.5452
20240325,-1730.3115
20240325,-1732.0935
20240325,-1732.0101
20240325,-1733.1323
20240326,-1731.8524
20240326,-1733.0239
20240326,-1734.4314
20240326,-1735.6996
20240326,-1736.8056
20240326,-1738.4965
20240326,-1739.7176
20240326,-1740.9819
20240326,-1742.0741
20240326,-1740.9458
20240326,-1742.5535
20240326,-1743.9543
20240326,-1743.1131
20240326,-1744.3987
20240326,-1742.6433
20240326,-1741.2166
20240326,-1742.3405
20240326,-1740.356
20240326,-1741.4516
20240326,-1742.6224
20240326,-1741.7998
20240326,-1741.6913
20240326,-1742.7438
20240326,-1744.0629
20240326,-1745.28
20240326,-1746.7866
20240326,-1745.7697
20240326,-1747.309
20240326,-1745.9954
20240326,-1747.8279
20240326,-1749.1825
20240326,-1750.4155
20240327,-1748.5599
20240327,-1749.6344
20240327,-1750.8012
20240327,-1751.9431
20240327,-1753.383
20240327,-1754.5813
20240327,-1755.9029
20240327,-1754.328
20240327,-1755.439
20240327,-1753.9057
20240327,-1752.117
20240327,-1753.1907
20240327,-1754.6692
20240327,-1755.8989
20240327,-1757.2072
20240327,-1755.3753
20240327,-1756.795
20240327,-1758.21
20240327,-1757.945
20240327,-1759.7258
20240327,-1760.8542
20240327,-1760.5321
20240327,-1758.0935
20240327,-1763.2161
20240327,-1761.4328
20240327,-1762.7729
20240327,-1761.5856
20240327,-1762.9159
20240327,-1764.0576
20240327,-1765.3727
20240327,-1766.9166
20240327,-1768.2062
20240328,-1769.2727
20240328,-1770.4575
20240328,-1768.4581
20240328,-1769.6239
20240328,-1767.2951
20240328,-1765.8881
20240328,-1764.2558
20240328,-1762.5347
20240328,-1761.7818
20240328,-1760.2337
20240328,-1761.4023
20240328,-1762.7282
20240328,-1763.8644
20240328,-1765.5349
20240328,-1766.6789
20240328,-1765.456
20240328,-1766.7838
20240328,-1768.2682
20240328,-1769.4341
20240328,-1770.6378
20240328,-1769.1754
20240328,-1767.8458
20240328,-1769.3129
20240328,-1770.7195
20240328,-1769.0574
20240328,-1768.154
20240328,-1769.6073
20240328,-1770.8914
20240328,-1772.1262
20240328,-1773.2524
20240328,-1774.7077
20240328,-1773.8812
20240401,-1771.0974
20240401,-1772.4776
20240401,-1771.2573
20240401,-1772.4382
20240401,-1773.594
20240401,-1774.6911
20240401,-1773.0877
20240401,-1774.2979
20240401,-1775.3661
20240401,-1776.594
20240401,-1777.8008
20240401,-1779.0941
20240401,-1780.6239
20240401,-1782.0522
20240401,-1783.4177
20240401,-1782.2566
20240401,-1783.4019
20240401,-1784.6224
20240401,-1785.7508
20240401,-1784.9665
20240401,-1786.4029
20240401,-1788.1282
20240401,-1789.9824
20240401,-1791.3525
20240401,-1793.2416
20240401,-1794.6849
20240401,-1795.9371
20240401,-1796.999
20240401,-1798.5249
20240401,-1797.274
20240401,-1795.4191
20240402,-1793.6378
20240402,-1794.6899
20240402,-1793.1974
20240402,-1794.3945
20240402,-1795.4975
20240402,-1793.5299
20240402,-1794.6743
20240402,-1792.9314
20240402,-1794.1205
20240402,-1792.3234
20240402,-1793.5408
20240402,-1794.7447
20240402,-1796.0981
20240402,-1794.7426
20240402,-1795.8726
20240402,-1793.478
20240402,-1792.0811
20240402,-1791.6061
20240402,-1790.3322
20240402,-1791.8789
20240402,-1793.1644
20240402,-1794.7169
20240402,-1795.9071
20240402,-1797.2962
20240402,-1798.5697
20240402,-1800.2711
20240402,-1799.1561
20240402,-1800.4929
20240402,-1798.569
20240402,-1799.6645
20240402,-1798.35
20240402,-1797.1577
20240403,-1798.2115
20240403,-1797.093
20240403,-1795.4331
20240403,-1796.4973
20240403,-1795.0718
20240403,-1796.3319
20240403,-1795.1864
20240403,-1796.5016
20240403,-1797.7583
20240403,-1796.4959
20240403,-1797.7674
20240403,-1796.1485
20240403,-1794.8445
20240403,-1793.0994
20240403,-1791.0246
20240403,-1789.5974
20240403,-1790.8775
20240403,-1792.1916
20240403,-1793.3992
20240403,-1794.4666
20240403,-1793.1974
20240403,-1794.5328
20240403,-1793.7526
20240403,-1795.1663
20240403,-1797.0899
20240403,-1795.9083
20240403,-1795.364
20240403,-1797.2004
20240403,-1798.5274
20240403,-1797.3081
20240403,-1796.239
20240403,-1797.7656
20240404,-1798.8385
20240404,-1797.1137
20240404,-1798.3377
20240404,-1799.4051
20240404,-1797.5668
20240404,-1798.7325
20240404,-1797.3898
20240404,-1798.6109
20240404,-1799.8349
20240404,-1798.2633
20240404,-1799.4008
20240404,-1797.6445
20240404,-1799.8598
20240404,-1798.4645
20240404,-1799.8732
20240404,-1801.1017
20240404,-1802.4571
20240404,-1803.787
20240404,-1803.2697
20240404,-1804.3552
20240404,-1803.9224
20240404,-1802.8697
20240404,-1804.3125
20240404,-1805.4326
20240404,-1804.1847
20240404,-1805.4006
20240404,-1803.955
20240404,-1805.2733
20240404,-1806.4416
20240404,-1805.1659
20240404,-1806.563
20240405,-1807.6594
20240405,-1808.7511
20240405,-1809.8924
20240405,-1811.0263
20240405,-1812.1206
20240405,-1813.1914
20240405,-1814.8791
20240405,-1813.2967
20240405,-1814.4911
20240405,-1815.5937
20240405,-1816.7511
20240405,-1817.89
20240405,-1819.1304
20240405,-1817.7985
20240405,-1819.5444
20240405,-1820.6908
20240405,-1822.4502
20240405,-1823.5603
20240405,-1824.8157
20240405,-1826.0757
20240405,-1827.1299
20240405,-1825.4749
20240405,-1824.2488
20240405,-1825.4358
20240405,-1826.5227
20240405,-1827.6964
20240405,-1828.8034
20240405,-1829.927
20240405,-1831.0675
20240405,-1832.2089
20240405,-1830.7035
20240408,-1828.7921
20240408,-1829.9165
20240408,-1830.974
20240408,-1832.4783
20240408,-1833.6375
20240408,-1832.1993
20240408,-1833.2837
20240408,-1834.5724
20240408,-1835.8772
20240408,-1834.2734
20240408,-1832.0426
20240408,-1833.9096
20240408,-1832.6928
20240408,-1834.0646
20240408,-1832.6029
20240408,-1834.0926
20240408,-1835.5436
20240408,-1836.893
20240408,-1838.0139
20240408,-1837.4138
20240408,-1838.4692
20240408,-1840.3487
20240408,-1841.862
20240408,-1840.2069
20240408,-1841.6053
20240408,-1843.0604
20240408,-1844.296
20240408,-1843.8103
20240408,-1845.1724
20240408,-1846.4248
20240408,-1845.3349
20240408,-1844.8063
20240409,-1842.8968
20240409,-1844.0648
20240409,-1845.3243
20240409,-1843.9347
20240409,-1845.2785
20240409,-1846.4291
20240409,-1847.6156
20240409,-1848.736
20240409,-1849.9348
20240409,-1848.5849
20240409,-1846.6928
20240409,-1847.9832
20240409,-1846.2311
20240409,-1844.5119
20240409,-1845.6985
20240409,-1847.0815
20240409,-1848.2271
20240409,-1849.4097
20240409,-1850.6045
20240409,-1849.1072
20240409,-1847.6992
20240409,-1846.5894
20240409,-1847.9332
20240409,-1846.4173
20240409,-1844.0623
20240409,-1845.6026
20240409,-1846.8139
20240409,-1848.384
20240409,-1849.5547
20240409,-1848.3864
20240409,-1847.8632
20240409,-1849.2401
20240410,-1850.3354
20240410,-1851.3682
20240410,-1852.4113
20240410,-1850.1178
20240410,-1851.2822
20240410,-1849.3107
20240410,-1850.4672
20240410,-1851.6235
20240410,-1850.3069
20240410,-1852.128
20240410,-1853.4302
20240410,-1854.6057
20240410,-1855.8137
20240410,-1854.7356
20240410,-1856.0506
20240410,-1857.2636
20240410,-1858.4047
20240410,-1857.1401
20240410,-1858.569
20240410,-1859.8853
20240410,-1860.9847
20240410,-1862.127
20240410,-1860.6062
20240410,-1861.7435
20240410,-1862.9039
20240410,-1864.5897
20240410,-1865.7388
20240410,-1867.1118
20240410,-1865.1579
20240410,-1866.3239
20240410,-1864.6031
20240410,-1863.5725
20240411,-1864.7319
20240411,-1862.9393
20240411,-1864.0358
20240411,-1865.0943
20240411,-1866.3288
20240411,-1867.4529
20240411,-1865.4736
20240411,-1863.5156
20240411,-1864.5649
20240411,-1863.7207
20240411,-1864.953
20240411,-1866.0586
20240411,-1864.7684
20240411,-1863.175
20240411,-1862.1007
20240411,-1863.665
20240411,-1864.8955
20240411,-1866.1463
20240411,-1867.5122
20240411,-1868.8882
20240411,-1870.1219
20240411,-1868.6221
20240411,-1869.7823
20240411,-1871.0208
20240411,-1872.1663
20240411,-1873.3634
20240411,-1874.4933
20240411,-1872.9196
20240411,-1872.3299
20240411,-1873.4989
20240411,-1875.0786
20240411,-1876.4071
20240412,-1874.6015
20240412,-1875.6545
20240412,-1876.7549
20240412,-1874.9217
20240412,-1871.2783
20240412,-1869.3139
20240412,-1870.477
20240412,-1869.2088
20240412,-1867.3489
20240412,-1865.2657
20240412,-1866.4316
20240412,-1867.8091
20240412,-1869.0077
20240412,-1870.193
20240412,-1868.8051
20240412,-1867.0746
20240412,-1865.9306
20240412,-1863.3398
20240412,-1864.5264
20240412,-1865.6343
20240412,-1866.8553
20240412,-1865.3426
20240412,-1866.5743
20240412,-1867.7834
20240412,-1868.9597
20240412,-1870.2851
20240412,-1868.4766
20240412,-1866.9254
20240412,-1865.439
20240412,-1866.7295
20240412,-1865.4295
20240412,-1866.4588
20240415,-1864.5683
20240415,-1865.6393
20240415,-1866.7535
20240415,-1868.093
20240415,-1866.5673
20240415,-1865.3656
20240415,-1864.5288
20240415,-1862.9592
20240415,-1864.0832
20240415,-1865.5953
20240415,-1866.6745
20240415,-1867.832
20240415,-1866.401
20240415,-1865.2344
20240415,-1866.3846
20240415,-1867.7288
20240415,-1868.953
20240415,-1870.1296
20240415,-1868.567
20240415,-1869.6248
20240415,-1870.8727
20240415,-1871.9871
20240415,-1873.2296
20240415,-1874.2909
20240415,-1875.365
20240415,-1876.5072
20240415,-1872.7797
20240415,-1873.8931
20240415,-1875.0256
20240415,-1873.4694
20240415,-1874.717
20240415,-1873.4629
20240416,-1874.5259
20240416,-1875.6085
20240416,-1876.7293
20240416,-1875.1186
20240416,-1876.2635
20240416,-1877.462
20240416,-1878.8055
20240416,-1879.9387
20240416,-1881.3774
20240416,-1882.5088
20240416,-1880.846
20240416,-1882.0129
20240416,-1879.298
20240416,-1880.4712
20240416,-1881.648
20240416,-1880.5093
20240416,-1881.704
20240416,-1883.0612
20240416,-1882.1068
20240416,-1880.609
20240416,-1881.8846
20240416,-1882.9563
20240416,-1881.2425
20240416,-1879.4448
20240416,-1877.3145
20240416,-1878.4382
20240416,-1879.8527
20240416,-1881.0396
20240416,-1879.5262
20240416,-1878.0341
20240416,-1879.1802
20240416,-1880.3587
20240417,-1881.4299
20240417,-1882.4921
20240417,-1883.6378
20240417,-1884.6601
20240417,-1883.0904
20240417,-1884.2026
20240417,-1885.2857
20240417,-1886.5154
20240417,-1885.5836
20240417,-1886.6617
20240417,-1887.8064
20240417,-1888.9945
20240417,-1887.2813
20240417,-1888.3738
20240417,-1887.0403
20240417,-1885.4054
20240417,-1883.7195
20240417,-1884.8956
20240417,-1886.1131
20240417,-1887.2
20240417,-1888.318
20240417,-1886.6722
20240417,-1884.814
20240417,-1886.0904
20240417,-1887.609
20240417,-1889.0861
20240417,-1890.2431
20240417,-1891.4969
20240417,-1889.9311
20240417,-1891.0938
20240417,-1892.229
20240417,-1890.9983
20240418,-1889.5184
20240418,-1890.6585
20240418,-1891.7635
20240418,-1892.89
20240418,-1893.966
20240418,-1895.1249
20240418,-1896.3018
20240418,-1897.4723
20240418,-1898.8031
20240418,-1897.5882
20240418,-1898.7792
20240418,-1900.3061
20240418,-1901.4193
20240418,-1899.9113
20240418,-1901.0037
20240418,-1902.1805
20240418,-1903.3349
20240418,-1901.8002
20240418,-1900.4507
20240418,-1901.5655
20240418,-1902.7724
20240418,-1900.297
20240418,-1898.9021
20240418,-1897.682
20240418,-1896.8571
20240418,-1895.4204
20240418,-1894.1521
20240418,-1893.0371
20240418,-1894.098
20240418,-1892.914
20240418,-1894.2961
20240418,-1895.8725
20240419,-1894.0971
20240419,-1895.2381
20240419,-1893.3486
20240419,-1894.464
20240419,-1895.6068
20240419,-1893.7388
20240419,-1894.8041
20240419,-1895.9438
20240419,-1897.1947
20240419,-1895.5914
20240419,-1896.8533
20240419,-1897.9544
20240419,-1899.1174
20240419,-1900.2051
20240419,-1901.3917
20240419,-1899.5676
20240419,-1897.2619
20240419,-1898.7134
20240419,-1899.9332
20240419,-1898.5456
20240419,-1900.0283
20240419,-1901.18
20240419,-1899.6826
20240419,-1900.8792
20240419,-1902.4252
20240419,-1903.6139
20240419,-1904.7402
20240419,-1903.0264
20240419,-1901.2075
20240419,-1902.3679
20240419,-1901.0898
20240419,-1899.1658
20240422,-1900.442
20240422,-1901.5343
20240422,-1899.8036
20240422,-1898.157
20240422,-1896.4148
20240422,-1897.6579
20240422,-1898.8128
20240422,-1897.6806
20240422,-1898.7502
20240422,-1897.6089
20240422,-1898.9422
20240422,-1900.1259
20240422,-1901.2651
20240422,-1899.9076
20240422,-1901.0583
20240422,-1900.166
20240422,-1901.2155
20240422,-1902.4319
20240422,-1903.76
20240422,-1905.0738
20240422,-1906.1998
20240422,-1907.4455
20240422,-1908.5709
20240422,-1909.6641
20240422,-1908.4297
20240422,-1909.6525
20240422,-1910.8402
20240422,-1912.0563
20240422,-1913.355
20240422,-1911.7339
20240422,-1910.4829
20240422,-1908.7722
20240423,-1909.5581
20240423,-1910.6786
20240423,-1908.8796
20240423,-1907.2796
20240423,-1908.381
20240423,-1906.8827
20240423,-1905.8111
20240423,-1907.0036
20240423,-1905.6748
20240423,-1906.9311
20240423,-1905.5516
20240423,-1906.8543
20240423,-1908.0087
20240423,-1909.2632
20240423,-1910.5562
20240423,-1911.7607
20240423,-1912.9187
20240423,-1913.9639
20240423,-1915.0918
20240423,-1913.3109
20240423,-1915.3681
20240423,-1916.9309
20240423,-1918.1503
20240423,-1919.4444
20240423,-1920.5887
20240423,-1921.7593
20240423,-1923.3388
20240423,-1921.7494
20240423,-1922.8471
20240423,-1921.6526
20240423,-1922.9429
20240423,-1924.178
20240424,-1925.1953
20240424,-1926.7411
20240424,-1928.2217
20240424,-1925.5371
20240424,-1926.6521
20240424,-1927.8957
20240424,-1929.1689
20240424,-1930.328
20240424,-1931.5795
20240424,-1930.194
20240424,-1929.1585
20240424,-1930.2086
20240424,-1929.3009
20240424,-1928.5266
20240424,-1929.6351
20240424,-1930.8399
20240424,-1932.2268
20240424,-1931.0356
20240424,-1932.163
20240424,-1931.508
20240424,-1932.7304
20240424,-1934.0948
20240424,-1933.6736
20240424,-1932.1598
20240424,-1931.1865
20240424,-1932.3218
20240424,-1933.5268
20240424,-1934.7464
20240424,-1936.2517
20240424,-1936.0637
20240424,-1934.2756
20240424,-1933.0163
20240425,-1931.5071
20240425,-1929.5481
20240425,-1930.7043
20240425,-1928.8956
20240425,-1930.0232
20240425,-1927.7039
20240425,-1928.7608
20240425,-1929.9572
20240425,-1928.2128
20240425,-1925.8433
20240425,-1926.9453
20240425,-1924.9476
20240425,-1926.0929
20240425,-1927.2229
20240425,-1928.32
20240425,-1929.7977
20240425,-1930.8926
20240425,-1932.0763
20240425,-1933.3864
20240425,-1934.4857
20240425,-1935.8851
20240425,-1934.3358
20240425,-1932.7767
20240425,-1931.2587
20240425,-1930.4335
20240425,-1931.9892
20240425,-1933.3599
20240425,-1934.4397
20240425,-1935.4956
20240425,-1934.1261
20240425,-1932.4742
20240425,-1934.0646
20240426,-1935.164
20240426,-1936.2968
20240426,-1937.4224
20240426,-1938.4868
20240426,-1939.7589
20240426,-1937.9979
20240426,-1939.3819
20240426,-1940.5934
20240426,-1938.6609
20240426,-1939.8843
20240426,-1938.1444
20240426,-1939.3118
20240426,-1940.3898
20240426,-1941.7074
20240426,-1942.8653
20240426,-1944.0343
20240426,-1942.4323
20240426,-1941.3193
20240426,-1940.2455
20240426,-1941.5816
20240426,-1943.2538
20240426,-1944.7204
20240426,-1946.4911
20240426,-1947.6713
20240426,-1945.6759
20240426,-1946.8318
20240426,-1948.0026
20240426,-1947.3456
20240426,-1946.1234
20240426,-1947.4494
20240426,-1948.5513
20240426,-1946.5666
20240429,-1947.6175
20240429,-1948.6886
20240429,-1949.8769
20240429,-1950.9764
20240429,-1949.3665
20240429,-1950.4529
20240429,-1948.2193
20240429,-1949.345
20240429,-1950.6346
20240429,-1951.7254
20240429,-1950.0507
20240429,-1951.4348
20240429,-1949.8975
20240429,-1951.2651
20240429,-1952.5432
20240429,-1953.7548
20240429,-1955.0016
20240429,-1952.9696
20240429,-1951.4748
20240429,-1952.9488
20240429,-1951.8311
20240429,-1951.212
20240429,-1952.3611
20240429,-1951.2901
20240429,-1952.8324
20240429,-1951.2491
20240429,-1948.18
20240429,-1947.3989
20240429,-1949.2268
20240429,-1948.1088
20240429,-1949.1772
20240429,-1950.4797
20240430,-1951.5878
20240430,-1952.6347
20240430,-1953.7482
20240430,-1954.8387
20240430,-1956.0165
20240430,-1957.1287
20240430,-1958.3
20240430,-1956.6915
20240430,-1957.8054
20240430,-1959.1328
20240430,-1960.4635
20240430,-1961.9375
20240430,-1960.4129
20240430,-1961.6553
20240430,-1960.471
20240430,-1960.1287
20240430,-1959.0417
20240430,-1960.4339
20240430,-1958.7656
20240430,-1959.9596
20240430,-1958.4325
20240430,-1959.6151
20240430,-1961.3516
20240430,-1962.5895
20240430,-1960.7753
20240430,-1961.8435
20240430,-1962.9817
20240430,-1964.5748
20240430,-1965.7225
20240430,-1964.2864
20240430,-1962.7865
20240430,-1964.2641
20240501,-1965.3033
20240501,-1966.5564
20240501,-1967.6981
20240501,-1968.7937
20240501,-1969.9511
20240501,-1971.2933
20240501,-1969.8042
20240501,-1968.0268
20240501,-1969.1191
20240501,-1970.4473
20240501,-1968.6935
20240501,-1966.9656
20240501,-1968.082
20240501,-1969.4663
20240501,-1970.9384
20240501,-1972.2008
20240501,-1973.5092
20240501,-1970.6762
20240501,-1971.8889
20240501,-1973.382
20240501,-1971.6472
20240501,-1970.0494
20240501,-1971.4121
20240501,-1970.1968
20240501,-1971.7764
20240501,-1970.2714
20240501,-1971.9862
20240501,-1973.1281
20240501,-1974.6825
20240501,-1975.7874
20240501,-1974.0831
20240501,-1971.5743
20240502,-1972.8504
20240502,-1973.9162
20240502,-1974.9789
20240502,-1976.1515
20240502,-1977.1713
20240502,-1978.2596
20240502,-1979.3579
20240502,-1980.4039
20240502,-1981.4551
20240502,-1977.0364
20240502,-1975.3185
20240502,-1976.3879
20240502,-1974.4868
20240502,-1975.9247
20240502,-1977.111
20240502,-1975.3032
20240502,-1976.5339
20240502,-1977.7542
20240502,-1978.9079
20240502,-1977.5066
20240502,-1978.7258
20240502,-1976.6412
20240502,-1974.6596
20240502,-1976.1888
20240502,-1977.4904
20240502,-1978.8008
20240502,-1979.9989
20240502,-1978.1645
20240502,-1979.3281
20240502,-1980.5757
20240502,-1980.1261
20240502,-1981.3529
20240503,-1979.6515
20240503,-1980.9893
20240503,-1982.0621
20240503,-1980.3476
20240503,-1978.8432
20240503,-1976.6425
20240503,-1975.2628
20240503,-1973.2726
20240503,-1974.8786
20240503,-1971.7003
20240503,-1970.2375
20240503,-1971.3393
20240503,-1972.4354
20240503,-1973.7521
20240503,-1974.9882
20240503,-1976.201
20240503,-1974.2122
20240503,-1975.4983
20240503,-1974.0591
20240503,-1975.8319
20240503,-1977.0471
20240503,-1978.2875
20240503,-1976.8176
20240503,-1978.252
20240503,-1979.3334
20240503,-1980.6945
20240503,-1979.804
20240503,-1982.0605
20240503,-1980.9895
20240503,-1979.2378
20240503,-1978.2669
20240503,-1977.3156
20240506,-1978.7732
20240506,-1979.8871
20240506,-1981.2571
20240506,-1978.9768
20240506,-1980.2705
20240506,-1978.5621
20240506,-1979.6473
20240506,-1977.5829
20240506,-1976.7825
20240506,-1975.9096
20240506,-1974.3588
20240506,-1972.7606
20240506,-1974.0764
20240506,-1975.3254
20240506,-1976.3951
20240506,-1977.7854
20240506,-1979.1002
20240506,-1980.4906
20240506,-1981.7596
20240506,-1982.9641
20240506,-1981.9263
20240506,-1980.6664
20240506,-1981.8551
20240506,-1980.3093
20240506,-1981.6056
20240506,-1982.954
20240506,-1981.9522
20240506,-1983.2935
20240506,-1984.6208
20240506,-1985.885
20240506,-1987.1012
20240506,-1986.2027
20240507,-1987.2454
20240507,-1985.9757
20240507,-1987.0883
20240507,-1988.1679
20240507,-1989.5111
20240507,-1987.5459
20240507,-1986.3539
20240507,-1987.6702
20240507,-1989.0614
20240507,-1987.8277
20240507,-1989.0757
20240507,-1987.9878
20240507,-1986.412
20240507,-1987.6832
20240507,-1988.8475
20240507,-1986.8638
20240507,-1988.1164
20240507,-1989.349
20240507,-1990.9565
20240507,-1992.297
20240507,-1993.4946
20240507,-1994.7622
20240507,-1993.317
20240507,-1992.5689
20240507,-1993.7238
20240507,-1993.2703
20240507,-1994.3681
20240507,-1993.3497
20240507,-1994.8966
20240507,-1996.0835
20240507,-1995.0194
20240507,-1996.4559
20240508,-1997.5816
20240508,-1999.0364
20240508,-1997.5113
20240508,-1998.8425
20240508,-2000.1931
20240508,-2001.3812
20240508,-2002.9168
20240508,-2004.0597
20240508,-2002.5798
20240508,-2000.8239
20240508,-2002.5651
20240508,-2005.0135
20240508,-2003.4359
20240508,-2004.6129
20240508,-2006.2712
20240508,-2006.4654
20240508,-2007.5506
20240508,-2008.7796
20240508,-2010.0804
20240508,-2011.5768
20240508,-2009.6525
20240508,-2008.526
20240508,-2007.6172
20240508,-2008.8476
20240508,-2011.0856
20240508,-2012.2013
20240508,-2013.6631
20240508,-2012.811
20240508,-2014.0544
20240508,-2015.242
20240508,-2012.6802
20240508,-2011.1074
20240509,-2012.2121
20240509,-2013.3693
20240509,-2014.6437
20240509,-2015.8338
20240509,-2016.9763
20240509,-2015.4957
20240509,-2016.6763
20240509,-2017.8213
20240509,-2016.0472
20240509,-2013.4607
20240509,-2010.9538
20240509,-2012.1214
20240509,-2010.3292
20240509,-2011.6017
20240509,-2010.2217
20240509,-2006.633
20240509,-2007.8635
20240509,-2009.4576
20240509,-2011.0047
20240509,-2012.6679
20240509,-2013.8767
20240509,-2015.0533
20240509,-2016.2253
20240509,-2018.0411
20240509,-2019.627
20240509,-2018.8233
20240509,-2017.7852
20240509,-2019.0974
20240509,-2020.5098
20240509,-2019.3609
20240509,-2020.6257
20240509,-2021.8242
20240510,-2022.9023
20240510,-2024.3555
20240510,-2023.349
20240510,-2021.683
20240510,-2022.9338
20240510,-2021.1396
20240510,-2022.4818
20240510,-2023.749
20240510,-2025.0862
20240510,-2026.5893
20240510,-2027.8928
20240510,-2029.1373
20240510,-2030.3029
20240510,-2031.4915
20240510,-2032.8072
20240510,-2031.5434
20240510,-2032.711
20240510,-2034.3514
20240510,-2035.7087
20240510,-2037.1034
20240510,-2038.3767
20240510,-2039.7194
20240510,-2041.6907
20240510,-2043.0357
20240510,-2042.4989
20240510,-2044.0764
20240510,-2042.5555
20240510,-2043.8123
20240510,-2044.8854
20240510,-2047.107
20240510,-2044.7969
20240510,-2046.6616
20240513,-2047.8037
20240513,-2049.1479
20240513,-2050.3519
20240513,-2049.0079
20240513,-2050.2194
20240513,-2051.4697
20240513,-2049.9668
20240513,-2048.1595
20240513,-2047.1999
20240513,-2048.4682
20240513,-2048.1697
20240513,-2049.4456
20240513,-2050.6203
20240513,-2049.7368
20240513,-2048.9838
20240513,-2050.4218
20240513,-2051.5567
20240513,-2052.7321
20240513,-2054.2759
20240513,-2056.1564
20240513,-2057.2987
20240513,-2058.3908
20240513,-2056.8446
20240513,-2058.0404
20240513,-2059.6827
20240513,-2061.0456
20240513,-2062.5594
20240513,-2063.849
20240513,-2062.7137
20240513,-2061.3617
20240513,-2060.3325
20240513,-2058.8914
20240514,-2059.9096
20240514,-2060.9517
20240514,-2060.106
20240514,-2058.3321
20240514,-2059.4864
20240514,-2058.2921
20240514,-2057.0391
20240514,-2055.2728
20240514,-2054.0296
20240514,-2055.2548
20240514,-2054.2234
20240514,-2055.4419
20240514,-2053.9337
20240514,-2055.152
20240514,-2056.451
20240514,-2053.1343
20240514,-2054.5689
20240514,-2053.3369
20240514,-2051.3094
20240514,-2053.0119
20240514,-2054.2257
20240514,-2055.4581
20240514,-2053.9815
20240514,-2056.0169
20240514,-2057.3464
20240514,-2056.826
20240514,-2058.8497
20240514,-2057.1498
20240514,-2058.6966
20240514,-2057.241
20240514,-2058.465
20240514,-2059.6787
20240515,-2057.9968
20240515,-2056.0202
20240515,-2055.0354
20240515,-2056.1378
20240515,-2057.3965
20240515,-2058.6513
20240515,-2059.8017
20240515,-2060.9913
20240515,-2062.1574
20240515,-2063.2518
20240515,-2064.5231
20240515,-2065.8347
20240515,-2067.2882
20240515,-2068.4628
20240515,-2069.6883
20240515,-2070.8914
20240515,-2072.2388
20240515,-2070.8629
20240515,-2072.5318
20240515,-2074.0435
20240515,-2075.5136
20240515,-2076.6676
20240515,-2077.8521
20240515,-2079.1417
20240515,-2080.3879
20240515,-2082.2306
20240515,-2083.6318
20240515,-2082.3234
20240515,-2081.0919
20240515,-2082.8998
20240515,-2084.1294
20240515,-2083.0028
20240516,-2081.2925
20240516,-2082.3772
20240516,-2083.778
20240516,-2082.103
20240516,-2083.3088
20240516,-2084.4505
20240516,-2085.5838
20240516,-2084.913
20240516,-2086.2739
20240516,-2087.5228
20240516,-2085.7499
20240516,-2084.5718
20240516,-2082.8859
20240516,-2081.5837
20240516,-2082.833
20240516,-2084.1282
20240516,-2085.438
20240516,-2084.0302
20240516,-2082.9371
20240516,-2084.2332
20240516,-2085.6037
20240516,-2083.8708
20240516,-2084.9333
20240516,-2086.0754
20240516,-2087.3541
20240516,-2088.74
20240516,-2087.2516
20240516,-2089.0236
20240516,-2090.1813
20240516,-2089.0257
20240516,-2087.5705
20240516,-2086.552
20240517,-2084.8896
20240517,-2085.9857
20240517,-2084.605
20240517,-2086.2044
20240517,-2087.4566
20240517,-2088.4951
20240517,-2089.8116
20240517,-2091.104
20240517,-2092.4006
20240517,-2093.7147
20240517,-2095.0348
20240517,-2096.1801
20240517,-2094.4685
20240517,-2096.6505
20240517,-2097.7851
20240517,-2099.1834
20240517,-2100.4724
20240517,-2101.6392
20240517,-2100.0098
20240517,-2098.8669
20240517,-2100.2803
20240517,-2101.6294
20240517,-2100.4547
20240517,-2099.3321
20240517,-2100.8329
20240517,-2099.2532
20240517,-2098.7644
20240517,-2099.8928
20240517,-2098.4713
20240517,-2097.8582
20240517,-2099.3072
20240517,-2100.5659
20240520,-2101.8471
20240520,-2102.9471
20240520,-2101.0964
20240520,-2099.6953
20240520,-2101.0761
20240520,-2102.3435
20240520,-2103.4612
20240520,-2104.712
20240520,-2105.9756
20240520,-2107.3666
20240520,-2108.9501
20240520,-2110.4125
20240520,-2109.012
20240520,-2110.7922
20240520,-2108.8317
20240520,-2110.0438
20240520,-2111.2592
20240520,-2112.3265
20240520,-2113.5876
20240520,-2115.0305
20240520,-2114.5332
20240520,-2112.6417
20240520,-2114.2315
20240520,-2115.3385
20240520,-2124.4626
20240520,-2125.8198
20240520,-2127.1083
20240520,-2128.2523
20240520,-2129.7121
20240520,-2128.3373
20240520,-2130.0486
20240520,-2131.3933
20240521,-2129.596
20240521,-2130.8375
20240521,-2129.2398
20240521,-2130.4851
20240521,-2132.1697
20240521,-2133.4524
20240521,-2134.6378
20240521,-2136.0513
20240521,-2134.8081
20240521,-2136.0356
20240521,-2137.4013
20240521,-2135.9059
20240521,-2137.3856
20240521,-2138.7737
20240521,-2137.0347
20240521,-2138.2625
20240521,-2136.9535
20240521,-2138.3884
20240521,-2141.6809
20240521,-2142.9133
20240521,-2141.8478
20240521,-2139.6544
20240521,-2140.7274
20240521,-2142.4179
20240521,-2140.7409
20240521,-2141.9493
20240521,-2143.2111
20240521,-2144.8805
20240521,-2143.4855
20240521,-2144.8991
20240521,-2146.3791
20240521,-2148.6151
20240522,-2149.7059
20240522,-2148.1834
20240522,-2147.1952
20240522,-2145.1606
20240522,-2146.2308
20240522,-2147.454
20240522,-2148.6347
20240522,-2149.9664
20240522,-2151.2024
20240522,-2152.4308
20240522,-2153.5319
20240522,-2151.893
20240522,-2153.2993
20240522,-2152.1342
20240522,-2153.4534
20240522,-2151.7693
20240522,-2150.8536
20240522,-2149.8129
20240522,-2147.2634
20240522,-2145.5837
20240522,-2147.1965
20240522,-2146.7661
20240522,-2148.0806
20240522,-2147.7052
20240522,-2146.8436
20240522,-2148.0147
20240522,-2149.1513
20240522,-2150.5917
20240522,-2148.7291
20240522,-2149.7759
20240522,-2150.8856
20240522,-2152.1107
20240523,-2150.4494
20240523,-2151.5985
20240523,-2152.6643
20240523,-2153.7661
20240523,-2154.8835
20240523,-2156.0682
20240523,-2157.4607
20240523,-2158.5681
20240523,-2157.0848
20240523,-2155.3082
20240523,-2156.5505
20240523,-2157.8699
20240523,-2155.9728
20240523,-2154.5343
20240523,-2155.7995
20240523,-2154.4495
20240523,-2153.0768
20240523,-2154.7031
20240523,-2153.3192
20240523,-2151.8461
20240523,-2153.0174
20240523,-2154.195
20240523,-2153.0233
20240523,-2154.1911
20240523,-2155.417
20240523,-2156.7394
20240523,-2157.8823
20240523,-2159.1448
20240523,-2158.1469
20240523,-2159.1953
20240523,-2160.3439
20240523,-2161.5434
20240524,-2162.613
20240524,-2163.6831
20240524,-2164.908
20240524,-2163.2962
20240524,-2159.0812
20240524,-2160.1454
20240524,-2158.1662
20240524,-2159.3401
20240524,-2160.5347
20240524,-2159.2751
20240524,-2157.8604
20240524,-2156.2724
20240524,-2157.3851
20240524,-2158.5335
20240524,-2157.5515
20240524,-2156.1236
20240524,-2157.534
20240524,-2156.8104
20240524,-2157.9922
20240524,-2159.4683
20240524,-2160.7478
20240524,-2162.7962
20240524,-2164.0961
20240524,-2165.2487
20240524,-2167.2337
20240524,-2168.5208
20240524,-2167.4782
20240524,-2168.9496
20240524,-2168.2594
20240524,-2167.1615
20240524,-2166.1747
20240524,-2167.551
20240528,-2168.7837
20240528,-2169.8925
20240528,-2171.2061
20240528,-2172.5228
20240528,-2173.5974
20240528,-2174.7385
20240528,-2175.9551
20240528,-2174.4979
20240528,-2175.7642
20240528,-2177.371
20240528,-2178.5745
20240528,-2179.6828
20240528,-2178.1815
20240528,-2179.5971
20240528,-2180.7527
20240528,-2182.0806
20240528,-2183.4125
20240528,-2184.731
20240528,-2186.0373
20240528,-2187.4117
20240528,-2188.6122
20240528,-2189.8177
20240528,-2191.1795
20240528,-2189.6125
20240528,-2187.6326
20240528,-2189.5918
20240528,-2190.7378
20240528,-2191.9984
20240528,-2191.2492
20240528,-2192.6589
20240528,-2193.9303
20240528,-2195.0838
20240529,-2196.2204
20240529,-2194.2918
20240529,-2195.4533
20240529,-2196.6716
20240529,-2197.8613
20240529,-2199.0147
20240529,-2200.0823
20240529,-2201.2776
20240529,-2202.5761
20240529,-2204.0621
20240529,-2205.3568
20240529,-2206.5968
20240529,-2208.1829
20240529,-2209.5016
20240529,-2210.67
20240529,-2209.8352
20240529,-2208.3536
20240529,-2209.4912
20240529,-2210.7883
20240529,-2212.1558
20240529,-2211.1548
20240529,-2212.7878
20240529,-2210.9227
20240529,-2212.1085
20240529,-2211.3854
20240529,-2209.8184
20240529,-2211.2244
20240529,-2212.6203
20240529,-2210.7104
20240529,-2212.1358
20240529,-2213.3866
20240529,-2214.6169
20240530,-2213.3956
20240530,-2214.6159
20240530,-2215.6691
20240530,-2214.0733
20240530,-2212.22
20240530,-2210.7184
20240530,-2211.8385
20240530,-2210.4421
20240530,-2211.9058
20240530,-2212.9402
20240530,-2212.0208
20240530,-2213.2547
20240530,-2212.3501
20240530,-2213.521
20240530,-2212.4028
20240530,-2214.1442
20240530,-2212.6983
20240530,-2214.0977
20240530,-2215.3441
20240530,-2216.4714
20240530,-2217.7822
20240530,-2216.3752
20240530,-2217.6947
20240530,-2218.8738
20240530,-2218.1731
20240530,-2219.4205
20240530,-2220.5879
20240530,-2221.7758
20240530,-2223.0923
20240530,-2224.444
20240530,-2226.3028
20240530,-2224.7995
20240531,-2225.9536
20240531,-2224.0647
20240531,-2222.3475
20240531,-2223.7348
20240531,-2224.8865
20240531,-2225.946
20240531,-2224.3883
20240531,-2222.709
20240531,-2223.8478
20240531,-2225.4485
20240531,-2226.5508
20240531,-2227.6596
20240531,-2228.8191
20240531,-2230.0533
20240531,-2231.1007
20240531,-2232.262
20240531,-2233.4533
20240531,-2232.0992
20240531,-2230.849
20240531,-2232.0728
20240531,-2230.8737
20240531,-2232.2952
20240531,-2233.7714
20240531,-2232.0538
20240531,-2233.1495
20240531,-2234.4973
20240531,-2235.6767
20240531,-2234.3641
20240531,-2233.0986
20240531,-2231.2856
20240531,-2232.5381
20240531,-2234.2485
20240603,-2235.2949
20240603,-2232.9206
20240603,-2234.0569
20240603,-2231.6861
20240603,-2232.8721
20240603,-2234.2137
20240603,-2232.381
20240603,-2233.6258
20240603,-2234.8863
20240603,-2236.016
20240603,-2237.1028
20240603,-2238.2053
20240603,-2239.5516
20240603,-2240.6877
20240603,-2241.7974
20240603,-2240.3456
20240603,-2241.4504
20240603,-2239.5176
20240603,-2238.0111
20240603,-2239.0922
20240603,-2237.5074
20240603,-2238.7655
20240603,-2239.9301
20240603,-2238.3871
20240603,-2239.5996
20240603,-2240.7745
20240603,-2241.9218
20240603,-2241.0416
20240603,-2242.5757
20240603,-2241.353
20240603,-2240.288
20240603,-2241.4656
20240604,-2242.6125
20240604,-2243.6729
20240604,-2244.9339
20240604,-2244.7374
20240604,-2243.0159
20240604,-2244.2141
20240604,-2245.3663
20240604,-2243.8671
20240604,-2244.9911
20240604,-2246.0818
20240604,-2247.283
20240604,-2248.4579
20240604,-2249.5967
20240604,-2250.8668
20240604,-2252.2925
20240604,-2251.5234
20240604,-2252.9387
20240604,-2254.4698
20240604,-2252.7591
20240604,-2254.0685
20240604,-2255.2388
20240604,-2256.526
20240604,-2258.3105
20240604,-2259.8268
20240604,-2258.2792
20240604,-2259.4819
20240604,-2260.6329
20240604,-2261.8436
20240604,-2263.7257
20240604,-2265.1013
20240604,-2266.2344
20240604,-2267.9093
20240605,-2266.0475
20240605,-2265.0046
20240605,-2263.3333
20240605,-2264.4516
20240605,-2265.8288
20240605,-2264.1183
20240605,-2265.5113
20240605,-2264.1861
20240605,-2262.7261
20240605,-2263.9779
20240605,-2265.173
20240605,-2263.6213
20240605,-2264.9243
20240605,-2266.3343
20240605,-2266.117
20240605,-2267.3096
20240605,-2268.4308
20240605,-2266.315
20240605,-2267.5832
20240605,-2268.7857
20240605,-2270.8622
20240605,-2272.0854
20240605,-2273.2583
20240605,-2274.4075
20240605,-2273.6503
20240605,-2272.6847
20240605,-2274.0491
20240605,-2275.3398
20240605,-2276.7471
20240605,-2277.9847
20240605,-2279.4179
20240605,-2277.6289
20240606,-2278.6682
20240606,-2279.7706
20240606,-2281.048
20240606,-2282.218
20240606,-2283.3559
20240606,-2281.7304
20240606,-2282.9709
20240606,-2284.0134
20240606,-2285.2089
20240606,-2286.3408
20240606,-2287.814
20240606,-2286.3388
20240606,-2287.4473
20240606,-2285.7
20240606,-2287.0997
20240606,-2288.3766
20240606,-2286.8923
20240606,-2288.2056
20240606,-2290.0092
20240606,-2291.1886
20240606,-2292.5376
20240606,-2293.82
20240606,-2295.0348
20240606,-2293.6725
20240606,-2294.9522
20240606,-2296.3183
20240606,-2297.6975
20240606,-2298.9556
20240606,-2300.2713
20240606,-2301.4055
20240606,-2302.6061
20240606,-2303.8042
20240607,-2304.8949
20240607,-2303.57
20240607,-2302.5114
20240607,-2302.0636
20240607,-2303.2102
20240607,-2301.4937
20240607,-2299.8757
20240607,-2298.806
20240607,-2297.4316
20240607,-2295.494
20240607,-2296.9028
20240607,-2298.0603
20240607,-2295.9831
20240607,-2297.6428
20240607,-2296.1811
20240607,-2297.4971
20240607,-2298.6308
20240607,-2299.8238
20240607,-2301.1272
20240607,-2300.0311
20240607,-2301.7405
20240607,-2302.9355
20240607,-2304.0785
20240607,-2305.3575
20240607,-2306.6428
20240607,-2308.1698
20240607,-2306.7605
20240607,-2307.93
20240607,-2308.9704
20240607,-2310.7617
20240607,-2309.413
20240607,-2307.7311
20240610,-2308.8078
20240610,-2307.6502
20240610,-2306.0513
20240610,-2304.1581
20240610,-2305.4813
20240610,-2306.7233
20240610,-2307.819
20240610,-2306.0921
20240610,-2307.3351
20240610,-2306.0754
20240610,-2307.3991
20240610,-2308.6955
20240610,-2309.9455
20240610,-2308.334
20240610,-2309.8103
20240610,-2308.6337
20240610,-2309.8393
20240610,-2308.6893
20240610,-2307.5721
20240610,-2308.7512
20240610,-2306.788
20240610,-2308.4517
20240610,-2309.7531
20240610,-2309.2973
20240610,-2308.9932
20240610,-2308.4412
20240610,-2307.1401
20240610,-2308.9644
20240610,-2310.2299
20240610,-2309.9369
20240610,-2308.1114
20240610,-2309.7695
20240611,-2310.9026
20240611,-2312.0178
20240611,-2313.0984
20240611,-2314.1678
20240611,-2315.3905
20240611,-2316.5557
20240611,-2315.2257
20240611,-2313.8617
20240611,-2315.1947
20240611,-2316.4005
20240611,-2317.5174
20240611,-2315.452
20240611,-2316.5494
20240611,-2317.734
20240611,-2318.8161
20240611,-2317.8681
20240611,-2319.2615
20240611,-2320.4478
20240611,-2318.2437
20240611,-2317.0579
20240611,-2318.171
20240611,-2319.4846
20240611,-2318.5126
20240611,-2317.1704
20240611,-2316.3007
20240611,-2316.3199
20240611,-2314.3735
20240611,-2315.6438
20240611,-2316.8884
20240611,-2318.0832
20240611,-2316.7976
20240611,-2317.977
20240612,-2316.1034
20240612,-2317.1504
20240612,-2318.3267
20240612,-2319.4287
20240612,-2317.7607
20240612,-2316.0259
20240612,-2317.1216
20240612,-2315.2656
20240612,-2313.4207
20240612,-2314.5738
20240612,-2315.8452
20240612,-2317.4529
20240612,-2315.6597
20240612,-2316.7594
20240612,-2317.8996
20240612,-2318.9989
20240612,-2320.0442
20240612,-2318.9956
20240612,-2317.6073
20240612,-2318.8699
20240612,-2317.7105
20240612,-2316.1527
20240612,-2314.2306
20240612,-2315.3344
20240612,-2313.3284
20240612,-2314.847
20240612,-2316.4769
20240612,-2317.7606
20240612,-2318.9527
20240612,-2320.2336
20240612,-2321.4611
20240612,-2322.5663
20240613,-2323.7608
20240613,-2324.788
20240613,-2325.9366
20240613,-2327.0017
20240613,-2324.9438
20240613,-2326.1607
20240613,-2327.251
20240613,-2328.3972
20240613,-2329.5765
20240613,-2330.7616
20240613,-2329.3624
20240613,-2327.7937
20240613,-2325.6639
20240613,-2326.854
20240613,-2325.0534
20240613,-2326.2473
20240613,-2327.5862
20240613,-2328.8465
20240613,-2329.9476
20240613,-2331.0447
20240613,-2332.3746
20240613,-2333.5513
20240613,-2335.287
20240613,-2337.405
20240613,-2335.75
20240613,-2337.6749
20240613,-2339.6783
20240613,-2338.3441
20240613,-2338.2999
20240613,-2339.5573
20240613,-2338.6056
20240614,-2339.6891
20240614,-2340.729
20240614,-2341.9457
20240614,-2343.0777
20240614,-2341.9511
20240614,-2343.0697
20240614,-2344.1627
20240614,-2345.5805
20240614,-2347.04
20240614,-2348.2761
20240614,-2349.4311
20240614,-2350.5327
20240614,-2352.1257
20240614,-2353.5396
20240614,-2352.018
20240614,-2353.2954
20240614,-2352.1082
20240614,-2351.3419
20240614,-2349.7534
20240614,-2351.1821
20240614,-2352.4478
20240614,-2351.0311
20240614,-2352.1571
20240614,-2353.3335
20240614,-2354.5841
20240614,-2355.7008
20240614,-2357.2591
20240614,-2358.5067
20240614,-2359.775
20240614,-2361.0669
20240614,-2359.7565
20240614,-2361.0815
20240617,-2359.4766
20240617,-2360.6709
20240617,-2361.894
20240617,-2362.9292
20240617,-2361.0212
20240617,-2362.2193
20240617,-2354.8049
20240617,-2355.9021
20240617,-2356.975
20240617,-2358.5682
20240617,-2359.7974
20240617,-2360.919
20240617,-2359.7809
20240617,-2358.6596
20240617,-2359.9099
20240617,-2361.2388
20240617,-2362.7708
20240617,-2363.9847
20240617,-2363.0276
20240617,-2361.6175
20240617,-2360.6771
20240617,-2359.5393
20240617,-2360.6697
20240617,-2359.1583
20240617,-2360.8692
20240617,-2362.3174
20240617,-2363.605
20240617,-2364.7665
20240617,-2365.8489
20240617,-2367.0909
20240617,-2368.2637
20240618,-2366.4686
20240618,-2367.6053
20240618,-2368.8492
20240618,-2366.6898
20240618,-2367.7197
20240618,-2365.7507
20240618,-2364.2307
20240618,-2365.4734
20240618,-2363.79
20240618,-2365.2733
20240618,-2363.6822
20240618,-2364.8871
20240618,-2363.3859
20240618,-2364.4918
20240618,-2363.0858
20240618,-2364.3343
20240618,-2363.2775
20240618,-2362.3053
20240618,-2363.7636
20240618,-2364.9751
20240618,-2366.3744
20240618,-2364.5444
20240618,-2362.903
20240618,-2364.0165
20240618,-2365.093
20240618,-2363.9953
20240618,-2365.7195
20240618,-2366.8863
20240618,-2368.4203
20240618,-2369.6058
20240618,-2370.7198
20240618,-2371.9042
20240620,-2373.0216
20240620,-2374.355
20240620,-2371.1495
20240620,-2369.8663
20240620,-2371.0111
20240620,-2372.3483
20240620,-2370.7883
20240620,-2371.8865
20240620,-2373.3106
20240620,-2374.5083
20240620,-2375.644
20240620,-2376.7656
20240620,-2378.2077
20240620,-2379.7098
20240620,-2378.7276
20240620,-2377.3642
20240620,-2378.5529
20240620,-2380.0432
20240620,-2381.1324
20240620,-2380.0786
20240620,-2381.1415
20240620,-2382.2755
20240620,-2383.4837
20240620,-2381.9904
20240620,-2383.1647
20240620,-2384.33
20240620,-2385.9722
20240620,-2387.5986
20240620,-2388.7242
20240620,-2389.8945
20240620,-2391.1635
20240620,-2389.6387
20240621,-2388.0257
20240621,-2389.1402
20240621,-2387.3865
20240621,-2385.4878
20240621,-2386.6112
20240621,-2387.6876
20240621,-2386.7239
20240621,-2385.4918
20240621,-2386.6928
20240621,-2388.0023
20240621,-2389.0934
20240621,-2390.392
20240621,-2393.7027
20240621,-2394.9389
20240621,-2393.5933
20240621,-2394.7081
20240621,-2396.1149
20240621,-2397.3437
20240621,-2398.4321
20240621,-2395.9076
20240621,-2397.0904
20240621,-2398.1706
20240621,-2396.606
20240621,-2394.9814
20240621,-2396.421
20240621,-2395.7404
20240621,-2394.5195
20240621,-2395.8414
20240621,-2397.4349
20240621,-2398.6094
20240621,-2397.1275
20240621,-2398.4753
20240624,-2399.6606
20240624,-2397.8628
20240624,-2398.983
20240624,-2400.0478
20240624,-2401.1747
20240624,-2402.2512
20240624,-2403.5806
20240624,-2404.8334
20240624,-2405.976
20240624,-2407.0826
20240624,-2405.3973
20240624,-2406.8178
20240624,-2404.9525
20240624,-2406.1204
20240624,-2407.4278
20240624,-2408.5091
20240624,-2409.9922
20240624,-2411.1844
20240624,-2412.4924
20240624,-2411.9976
20240624,-2413.0811
20240624,-2414.297
20240624,-2415.5397
20240624,-2414.1103
20240624,-2415.7944
20240624,-2417.1364
20240624,-2416.358
20240624,-2417.4715
20240624,-2418.8013
20240624,-2420.0055
20240624,-2419.11
20240625,-2417.4883
20240625,-2418.662
20240625,-2416.667
20240625,-2417.7366
20240625,-2418.8817
20240625,-2417.8767
20240625,-2419.2044
20240625,-2420.3353
20240625,-2421.7582
20240625,-2420.4188
20240625,-2421.6149
20240625,-2420.69
20240625,-2421.9047
20240625,-2423.0176
20240625,-2424.5589
20240625,-2425.7623
20240625,-2427.2843
20240625,-2428.4228
20240625,-2427.1639
20240625,-2426.3311
20240625,-2427.6917
20240625,-2423.9529
20240625,-2425.1599
20240625,-2426.5446
20240625,-2425.1583
20240625,-2426.2734
20240625,-2427.5735
20240625,-2428.7008
20240625,-2430.0989
20240625,-2428.809
20240625,-2429.9464
20240625,-2431.3118
20240626,-2429.6208
20240626,-2430.7351
20240626,-2432.0407
20240626,-2430.8903
20240626,-2431.9614
20240626,-2429.6748
20240626,-2428.6148
20240626,-2427.2185
20240626,-2428.3264
20240626,-2427.9616
20240626,-2429.0768
20240626,-2427.0671
20240626,-2428.2314
20240626,-2427.1785
20240626,-2425.4244
20240626,-2424.9096
20240626,-2423.0252
20240626,-2424.1227
20240626,-2425.3148
20240626,-2426.4729
20240626,-2424.7544
20240626,-2426.4596
20240626,-2424.4993
20240626,-2423.1463
20240626,-2424.2656
20240626,-2422.4998
20240626,-2423.952
20240626,-2425.276
20240626,-2423.7922
20240626,-2428.0078
20240626,-2426.1953
20240627,-2427.2613
20240627,-2428.3102
20240627,-2426.7773
20240627,-2422.6943
20240627,-2420.3495
20240627,-2421.4345
20240627,-2422.5132
20240627,-2423.6093
20240627,-2424.8039
20240627,-2425.9275
20240627,-2427.2417
20240627,-2424.8822
20240627,-2425.9555
20240627,-2424.0894
20240627,-2422.4561
20240627,-2421.6013
20240627,-2420.6913
20240627,-2419.0473
20240627,-2417.1278
20240627,-2418.8965
20240627,-2421.51
20240627,-2419.9025
20240627,-2418.2036
20240627,-2419.3335
20240627,-2420.6168
20240627,-2419.8365
20240627,-2421.7383
20240627,-2423.8632
20240627,-2422.6857
20240627,-2424.3112
20240627,-2425.5127
20240627,-2426.7709
20240628,-2424.9748
20240628,-2423.0081
20240628,-2424.0626
20240628,-2422.3625
20240628,-2423.4493
20240628,-2424.5864
20240628,-2425.7593
20240628,-2423.8644
20240628,-2422.187
20240628,-2421.206
20240628,-2422.4225
20240628,-2423.7899
20240628,-2422.7285
20240628,-2424.0661
20240628,-2422.4056
20240628,-2423.5968
20240628,-2423.5744
20240628,-2424.8618
20240628,-2423.4388
20240628,-2424.6325
20240628,-2426.1149
20240628,-2427.2614
20240628,-2428.3917
20240628,-2429.5829
20240628,-2428.7735
20240628,-2430.0722
20240628,-2431.1744
20240628,-2432.3801
20240628,-2433.8121
20240628,-2432.1857
20240628,-2433.6154
20240628,-2431.9068
20240701,-2433.0126
20240701,-2431.2241
20240701,-2432.3131
20240701,-2433.7099
20240701,-2434.8107
20240701,-2435.8719
20240701,-2437.0845
20240701,-2438.1541
20240701,-2439.2215
20240701,-2441.0416
20240701,-2442.4954
20240701,-2441.2681
20240701,-2442.6085
20240701,-2441.3286
20240701,-2442.6559
20240701,-2443.8696
20240701,-2445.2433
20240701,-2446.6353
20240701,-2444.4906
20240701,-2445.5762
20240701,-2446.6921
20240701,-2447.9346
20240701,-2449.2502
20240701,-2450.9454
20240701,-2452.091
20240701,-2453.4077
20240701,-2454.5895
20240701,-2453.6966
20240701,-2452.2323
20240701,-2453.2989
20240701,-2455.1946
20240701,-2456.7176
20240702,-2457.8354
20240702,-2458.9691
20240702,-2456.8372
20240702,-2458.1903
20240702,-2459.5313
20240702,-2460.5664
20240702,-2458.7541
20240702,-2460.0743
20240702,-2458.1373
20240702,-2459.3681
20240702,-2458.1563
20240702,-2460.2886
20240702,-2461.3927
20240702,-2462.5753
20240702,-2463.8052
20240702,-2464.9289
20240702,-2466.2238
20240702,-2467.9373
20240702,-2469.0694
20240702,-2470.1618
20240702,-2468.9607
20240702,-2470.3613
20240702,-2469.1075
20240702,-2470.3903
20240702,-2468.6207
20240702,-2467.3342
20240702,-2468.8096
20240702,-2470.228
20240702,-2471.5801
20240702,-2470.4808
20240702,-2471.9199
20240702,-2473.7292
20240703,-2472.3929
20240703,-2470.61
20240703,-2471.8129
20240703,-2472.9016
20240703,-2470.9965
20240703,-2472.3374
20240703,-2473.546
20240703,-2474.6767
20240703,-2475.7698
20240703,-2477.1229
20240703,-2478.1784
20240703,-2475.2354
20240703,-2474.4891
20240703,-2475.637
20240703,-2475.1596
20240703,-2476.3764
20240703,-2477.5636
20240703,-2475.5644
20240703,-2476.7668
20240703,-2475.8121
20240703,-2477.4623
20240703,-2476.0067
20240705,-2474.5893
20240705,-2475.6955
20240705,-2476.7593
20240705,-2475.0345
20240705,-2473.4564
20240705,-2471.5967
20240705,-2472.7182
20240705,-2473.908
20240705,-2472.5936
20240705,-2474.0982
20240705,-2475.3919
20240705,-2473.8038
20240705,-2475.0684
20240705,-2473.4422
20240705,-2472.8451
20240705,-2471.0419
20240705,-2470.0031
20240705,-2468.3581
20240705,-2466.5888
20240705,-2467.8421
20240705,-2469.4509
20240705,-2470.7276
20240705,-2472.5969
20240705,-2471.313
20240705,-2469.7541
20240705,-2467.8989
20240705,-2467.1557
20240705,-2468.4135
20240705,-2467.9233
20240705,-2465.4947
20240705,-2466.9297
20240708,-2468.182
20240708,-2467.2205
20240708,-2465.377
20240708,-2466.6297
20240708,-2465.4075
20240708,-2466.798
20240708,-2465.4444
20240708,-2466.764
20240708,-2465.3558
20240708,-2466.6403
20240708,-2467.9338
20240708,-2469.2181
20240708,-2470.4528
20240708,-2471.5331
20240708,-2472.9182
20240708,-2474.3865
20240708,-2475.8441
20240708,-2474.5025
20240708,-2473.2517
20240708,-2474.3797
20240708,-2476.0275
20240708,-2477.2075
20240708,-2478.6587
20240708,-2479.8539
20240708,-2481.0222
20240708,-2479.4122
20240708,-2478.3822
20240708,-2480.5109
20240708,-2481.6846
20240708,-2482.7597
20240708,-2484.4772
20240708,-2485.8256
20240709,-2484.3699
20240709,-2485.4376
20240709,-2486.5086
20240709,-2487.674
20240709,-2488.8553
20240709,-2490.0527
20240709,-2491.3668
20240709,-2492.9967
20240709,-2494.0735
20240709,-2492.5386
20240709,-2493.8479
20240709,-2492.5156
20240709,-2493.6774
20240709,-2495.0996
20240709,-2496.7182
20240709,-2495.4826
20240709,-2493.733
20240709,-2491.8488
20240709,-2493.1691
20240709,-2494.3189
20240709,-2495.5653
20240709,-2496.7612
20240709,-2495.3831
20240709,-2496.9201
20240709,-2498.3317
20240709,-2499.5807
20240709,-2500.7721
20240709,-2501.8539
20240709,-2503.1178
20240709,-2501.4807
20240709,-2503.2735
20240709,-2504.6502
20240710,-2503.5011
20240710,-2504.6077
20240710,-2503.2327
20240710,-2504.3632
20240710,-2505.9194
20240710,-2506.978
20240710,-2508.1793
20240710,-2509.7393
20240710,-2508.3693
20240710,-2510.0076
20240710,-2509.8593
20240710,-2510.9484
20240710,-2512.1726
20240710,-2513.2349
20240710,-2514.7892
20240710,-2516.1044
20240710,-2517.2521
20240710,-2518.6495
20240710,-2517.3635
20240710,-2518.5916
20240710,-2519.7837
20240710,-2520.9928
20240710,-2522.1288
20240710,-2523.4823
20240710,-2524.7435
20240710,-2526.2228
20240710,-2523.9399
20240710,-2525.3326
20240710,-2526.6335
20240710,-2527.9822
20240710,-2529.2253
20240710,-2530.8955
20240711,-2529.3817
20240711,-2528.0684
20240711,-2526.3055
20240711,-2524.4994
20240711,-2525.8749
20240711,-2527.2924
20240711,-2528.5195
20240711,-2529.7209
20240711,-2527.6613
20240711,-2525.7869
20240711,-2523.9926
20240711,-2522.4902
20240711,-2523.6473
20240711,-2524.7169
20240711,-2526.0683
20240711,-2524.5285
20240711,-2525.8595
20240711,-2526.959
20240711,-2528.3817
20240711,-2529.5504
20240711,-2530.7164
20240711,-2529.1546
20240711,-2530.5374
20240711,-2531.7035
20240711,-2532.883
20240711,-2534.0101
20240711,-2532.9195
20240711,-2531.8882
20240711,-2529.9145
20240711,-2531.2447
20240711,-2529.9194
20240711,-2528.7932
20240712,-2526.9705
20240712,-2525.2114
20240712,-2526.3255
20240712,-2527.3493
20240712,-2525.7062
20240712,-2524.8963
20240712,-2526.4808
20240712,-2527.5681
20240712,-2525.5934
20240712,-2526.7073
20240712,-2523.9256
20240712,-2520.6621
20240712,-2521.855
20240712,-2520.8724
20240712,-2522.2996
20240712,-2523.4313
20240712,-2525.1022
20240712,-2526.1998
20240712,-2527.3073
20240712,-2526.3931
20240712,-2527.5019
20240712,-2528.7266
20240712,-2529.911
20240712,-2528.1498
20240712,-2527.6708
20240712,-2526.4674
20240712,-2525.7843
20240712,-2527.0401
20240712,-2525.5722
20240712,-2526.786
20240712,-2527.9825
20240712,-2529.2252
20240715,-2530.2932
20240715,-2528.6556
20240715,-2529.7365
20240715,-2528.2948
20240715,-2526.6451
20240715,-2528.0163
20240715,-2529.1259
20240715,-2527.6233
20240715,-2525.9795
20240715,-2527.2962
20240715,-2528.8752
20240715,-2527.4744
20240715,-2525.1975
20240715,-2526.3325
20240715,-2527.4108
20240715,-2528.5152
20240715,-2526.8197
20240715,-2527.8784
20240715,-2529.0549
20240715,-2530.1859
20240715,-2531.8282
20240715,-2532.9735
20240715,-2531.2647
20240715,-2532.3614
20240715,-2530.5933
20240715,-2532.0686
20240715,-2530.3635
20240715,-2531.4056
20240715,-2532.6134
20240715,-2531.3532
20240715,-2530.7873
20240715,-2532.0587
20240716,-2529.7227
20240716,-2530.7787
20240716,-2531.9864
20240716,-2530.1142
20240716,-2531.1763
20240716,-2529.8435
20240716,-2528.2225
20240716,-2529.5104
20240716,-2531.0733
20240716,-2529.6916
20240716,-2528.0046
20240716,-2529.1557
20240716,-2527.7256
20240716,-2528.9319
20240716,-2530.2417
20240716,-2529.0603
20240716,-2527.8323
20240716,-2526.3626
20240716,-2527.4763
20240716,-2528.6019
20240716,-2526.9855
20240716,-2528.3817
20240716,-2529.5007
20240716,-2528.1271
20240716,-2529.2573
20240716,-2527.1526
20240716,-2528.3649
20240716,-2527.5184
20240716,-2528.5917
20240716,-2526.7405
20240716,-2525.1737
20240716,-2526.4972
20240717,-2524.8653
20240717,-2523.3894
20240717,-2521.8109
20240717,-2522.97
20240717,-2524.0564
20240717,-2525.1155
20240717,-2523.3684
20240717,-2521.3008
20240717,-2519.6826
20240717,-2518.0872
20240717,-2519.1751
20240717,-2520.413
20240717,-2521.554
20240717,-2523.1482
20240717,-2524.3121
20240717,-2525.5824
20240717,-2526.7497
20240717,-2527.7903
20240717,-2526.9502
20240717,-2528.1711
20240717,-2529.3809
20240717,-2527.5165
20240717,-2528.6798
20240717,-2529.9779
20240717,-2529.4973
20240717,-2527.6972
20240717,-2528.8551
20240717,-2526.902
20240717,-2524.7884
20240717,-2523.1467
20240717,-2524.6599
20240717,-2525.7531
20240718,-2523.9502
20240718,-2525.0733
20240718,-2526.3027
20240718,-2525.6016
20240718,-2526.7338
20240718,-2527.8423
20240718,-2528.9801
20240718,-2527.1819
20240718,-2528.2798
20240718,-2529.3389
20240718,-2527.766
20240718,-2526.1733
20240718,-2523.5676
20240718,-2525.1657
20240718,-2523.8327
20240718,-2524.9817
20240718,-2523.3131
20240718,-2521.8635
20240718,-2523.0374
20240718,-2521.4556
20240718,-2520.2849
20240718,-2521.8958
20240718,-2522.9999
20240718,-2524.0745
20240718,-2525.3278
20240718,-2526.539
20240718,-2527.6661
20240718,-2528.9548
20240718,-2527.9953
20240718,-2526.8869
20240718,-2527.9797
20240718,-2529.0531
20240719,-2526.8392
20240719,-2527.8954
20240719,-2527.0678
20240719,-2528.1912
20240719,-2529.3467
20240719,-2527.1593
20240719,-2525.0827
20240719,-2526.2608
20240719,-2527.3885
20240719,-2525.6948
20240719,-2526.8693
20240719,-2528.2133
20240719,-2529.417
20240719,-2530.5157
20240719,-2531.6631
20240719,-2529.7096
20240719,-2531.1814
20240719,-2532.2187
20240719,-2533.5094
20240719,-2532.2328
20240719,-2533.7035
20240719,-2534.7943
20240719,-2533.3397
20240719,-2534.5423
20240719,-2533.0906
20240719,-2531.7195
20240719,-2532.8866
20240719,-2534.5663
20240719,-2535.7861
20240719,-2536.8808
20240719,-2538.1247
20240719,-2539.5654
20240722,-2537.7948
20240722,-2536.3369
20240722,-2534.1238
20240722,-2532.6903
20240722,-2533.8705
20240722,-2531.9317
20240722,-2532.9745
20240722,-2531.3629
20240722,-2532.4561
20240722,-2533.5889
20240722,-2531.0649
20240722,-2530.0281
20240722,-2531.0962
20240722,-2529.2564
20240722,-2527.7619
20240722,-2528.9802
20240722,-2527.0793
20240722,-2525.5275
20240722,-2526.6484
20240722,-2528.2908
20240722,-2529.5726
20240722,-2530.7595
20240722,-2532.1892
20240722,-2533.4985
20240722,-2534.8263
20240722,-2532.3282
20240722,-2533.4478
20240722,-2534.6526
20240722,-2536.4428
20240722,-2537.6855
20240722,-2538.8655
20240722,-2537.4095
20240723,-2538.4699
20240723,-2539.5514
20240723,-2540.7469
20240723,-2542.2809
20240723,-2543.4641
20240723,-2544.5707
20240723,-2545.7817
20240723,-2544.3939
20240723,-2545.5145
20240723,-2543.7166
20240723,-2545.0323
20240723,-2543.7489
20240723,-2545.0175
20240723,-2546.4872
20240723,-2547.6052
20240723,-2548.6932
20240723,-2549.9347
20240723,-2551.5949
20240723,-2552.8213
20240723,-2550.6938
20240723,-2548.0391
20240723,-2549.4539
20240723,-2550.6659
20240723,-2549.7221
20240723,-2550.9135
20240723,-2549.3955
20240723,-2550.5851
20240723,-2551.6927
20240723,-2553.1001
20240723,-2554.2814
20240723,-2553.367
20240723,-2554.5192
20240724,-2555.5817
20240724,-2556.8212
20240724,-2555.4834
20240724,-2556.5696
20240724,-2554.6766
20240724,-2556.0098
20240724,-2557.1359
20240724,-2558.2934
20240724,-2559.5338
20240724,-2560.6744
20240724,-2559.2608
20240724,-2561.2119
20240724,-2562.3287
20240724,-2563.4885
20240724,-2564.6421
20240724,-2563.1062
20240724,-2561.45
20240724,-2562.6544
20240724,-2563.8236
20240724,-2562.2204
20240724,-2563.4369
20240724,-2564.7463
20240724,-2566.0441
20240724,-2567.1294
20240724,-2565.6074
20240724,-2566.9737
20240724,-2565.4936
20240724,-2566.6992
20240724,-2565.3199
20240724,-2559.4565
20240724,-2558.0115
20240724,-2556.6625
20240725,-2555.1393
20240725,-2556.2137
20240725,-2557.4733
20240725,-2554.9591
20240725,-2552.9525
20240725,-2554.0002
20240725,-2555.2167
20240725,-2556.2572
20240725,-2554.5017
20240725,-2552.8095
20240725,-2553.9618
20240725,-2555.0891
20240725,-2554.0446
20240725,-2555.2655
20240725,-2553.571
20240725,-2554.8361
20240725,-2556.0859
20240725,-2557.1391
20240725,-2558.2578
20240725,-2556.5758
20240725,-2557.6409
20240725,-2558.7148
20240725,-2560.2772
20240725,-2561.3949
20240725,-2563.1848
20240725,-2560.9703
20240725,-2562.071
20240725,-2560.8709
20240725,-2561.9548
20240725,-2563.0039
20240725,-2564.106
20240725,-2562.0348
20240726,-2560.0233
20240726,-2561.2344
20240726,-2559.4952
20240726,-2560.5296
20240726,-2558.5636
20240726,-2559.6153
20240726,-2560.9336
20240726,-2562.024
20240726,-2563.0836
20240726,-2560.8186
20240726,-2561.894
20240726,-2563.7607
20240726,-2564.9324
20240726,-2563.2021
20240726,-2561.6804
20240726,-2562.9301
20240726,-2564.0247
20240726,-2565.4823
20240726,-2566.6464
20240726,-2564.8374
20240726,-2565.9239
20240726,-2567.5348
20240726,-2569.0056
20240726,-2570.3105
20240726,-2571.4681
20240726,-2570.0989
20240726,-2568.4553
20240726,-2569.5709
20240726,-2570.8676
20240726,-2572.0315
20240726,-2573.2008
20240726,-2574.3763
20240729,-2572.7201
20240729,-2571.1754
20240729,-2572.282
20240729,-2573.6449
20240729,-2574.7209
20240729,-2572.8833
20240729,-2574.2293
20240729,-2575.3062
20240729,-2576.4306
20240729,-2577.7155
20240729,-2578.8329
20240729,-2580.6671
20240729,-2581.7451
20240729,-2582.9094
20240729,-2584.1715
20240729,-2582.4566
20240729,-2583.582
20240729,-2584.7934
20240729,-2585.9626
20240729,-2587.7975
20240729,-2589.4231
20240729,-2590.5706
20240729,-2589.2078
20240729,-2590.378
20240729,-2588.9518
20240729,-2587.8073
20240729,-2589.2169
20240729,-2590.5273
20240729,-2591.7623
20240729,-2592.9485
20240729,-2594.2167
20240729,-2592.2897
20240730,-2593.4626
20240730,-2594.5449
20240730,-2595.6003
20240730,-2596.6828
20240730,-2594.7866
20240730,-2596.1656
20240730,-2594.1824
20240730,-2592.4007
20240730,-2590.6255
20240730,-2591.8071
20240730,-2593.1177
20240730,-2591.4287
20240730,-2592.5516
20240730,-2593.677
20240730,-2594.7663
20240730,-2595.8976
20240730,-2596.9569
20240730,-2595.4156
20240730,-2594.245
20240730,-2595.6083
20240730,-2593.6715
20240730,-2592.3867
20240730,-2593.4609
20240730,-2594.6151
20240730,-2596.1371
20240730,-2597.4925
20240730,-2598.6998
20240730,-2600.1231
20240730,-2601.3396
20240730,-2602.4147
20240730,-2600.6031
20240731,-2601.69
20240731,-2602.7584
20240731,-2604.0826
20240731,-2602.2674
20240731,-2600.6801
20240731,-2601.8541
20240731,-2602.8984
20240731,-2604.0664
20240731,-2602.6888
20240731,-2601.4426
20240731,-2599.446
20240731,-2598.3697
20240731,-2596.4205
20240731,-2594.4098
20240731,-2595.5562
20240731,-2593.7471
20240731,-2594.8462
20240731,-2596.0031
20240731,-2594.3495
20240731,-2595.4815
20240731,-2596.6385
20240731,-2598.111
20240731,-2596.4782
20240731,-2597.8288
20240731,-2599.0536
20240731,-2597.5951
20240731,-2615.8817
20240731,-2614.2722
20240731,-2615.725
20240731,-2617.0891
20240731,-2618.2394
20240731,-2619.3156
20240801,-2617.8496
20240801,-2615.6263
20240801,-2616.8411
20240801,-2617.8842
20240801,-2619.0556
20240801,-2620.105
20240801,-2618.3679
20240801,-2619.7652
20240801,-2618.0209
20240801,-2616.2031
20240801,-2617.3171
20240801,-2618.3943
20240801,-2619.537
20240801,-2620.6472
20240801,-2621.8488
20240801,-2622.9302
20240801,-2623.9765
20240801,-2625.3997
20240801,-2622.6402
20240801,-2620.7183
20240801,-2622.0925
20240801,-2623.3795
20240801,-2621.2425
20240801,-2622.3205
20240801,-2620.608
20240801,-2621.8172
20240801,-2622.9077
20240801,-2623.9668
20240801,-2622.2825
20240801,-2623.4622
20240801,-2624.6175
20240801,-2625.9411
20240802,-2627.0213
20240802,-2628.1506
20240802,-2626.4086
20240802,-2627.4412
20240802,-2625.2541
20240802,-2623.5572
20240802,-2621.6825
20240802,-2622.887
20240802,-2624.0721
20240802,-2625.1188
20240802,-2626.1978
20240802,-2624.9531
20240802,-2626.026
20240802,-2624.3923
20240802,-2625.4231
20240802,-2626.4932
20240802,-2627.7895
20240802,-2629.0913
20240802,-2627.7698
20240802,-2628.9428
20240802,-2630.1356
20240802,-2631.2165
20240802,-2632.5979
20240802,-2630.7126
20240802,-2631.8792
20240802,-2633.0217
20240802,-2634.1105
20240802,-2635.2258
20240802,-2636.4424
20240802,-2637.6108
20240802,-2638.6863
20240802,-2639.7868
20240805,-2640.9064
20240805,-2641.0206
20240805,-2639.0711
20240805,-2640.1008
20240805,-2641.1204
20240805,-2639.1588
20240805,-2640.3883
20240805,-2638.5178
20240805,-2639.7064
20240805,-2637.8897
20240805,-2639.0006
20240805,-2637.1499
20240805,-2635.0278
20240805,-2636.0745
20240805,-2637.2685
20240805,-2638.2955
20240805,-2639.3392
20240805,-2637.5869
20240805,-2635.6674
20240805,-2634.0652
20240805,-2632.1421
20240805,-2633.2184
20240805,-2634.3388
20240805,-2635.4828
20240805,-2636.6162
20240805,-2637.7562
20240805,-2638.8365
20240805,-2639.9368
20240805,-2641.3486
20240805,-2639.5258
20240805,-2640.7789
20240805,-2639.7931
20240806,-2638.3096
20240806,-2636.3531
20240806,-2637.372
20240806,-2638.4298
20240806,-2639.6505
20240806,-2640.7335
20240806,-2638.89
20240806,-2636.9118
20240806,-2635.0328
20240806,-2633.2292
20240806,-2634.4715
20240806,-2635.5757
20240806,-2633.5966
20240806,-2634.7699
20240806,-2633.0445
20240806,-2631.3061
20240806,-2629.1736
20240806,-2630.3746
20240806,-2628.6379
20240806,-2629.7229
20240806,-2630.8584
20240806,-2632.2743
20240806,-2633.3577
20240806,-2631.6344
20240806,-2632.7729
20240806,-2633.9703
20240806,-2635.4197
20240806,-2636.9305
20240806,-2638.0827
20240806,-2639.2168
20240806,-2637.6032
20240806,-2636.6569
20240807,-2634.6578
20240807,-2632.6529
20240807,-2633.7525
20240807,-2634.81
20240807,-2635.864
20240807,-2634.1514
20240807,-2635.247
20240807,-2634.0859
20240807,-2632.207
20240807,-2633.725
20240807,-2635.1117
20240807,-2636.2325
20240807,-2637.3298
20240807,-2636.0014
20240807,-2634.1655
20240807,-2635.3247
20240807,-2636.4559
20240807,-2637.6242
20240807,-2636.3852
20240807,-2634.4369
20240807,-2635.5214
20240807,-2636.6281
20240807,-2637.6908
20240807,-2639.0516
20240807,-2636.875
20240807,-2638.1732
20240807,-2639.5973
20240807,-2640.68
20240807,-2638.9765
20240807,-2637.3449
20240807,-2635.7325
20240807,-2633.8508
20240808,-2634.9209
20240808,-2635.9829
20240808,-2637.0515
20240808,-2638.3446
20240808,-2639.7143
20240808,-2640.8879
20240808,-2642.0831
20240808,-2640.2145
20240808,-2638.6136
20240808,-2640.0112
20240808,-2641.1623
20240808,-2642.2609
20240808,-2643.3113
20240808,-2642.2041
20240808,-2640.6314
20240808,-2638.9944
20240808,-2638.0666
20240808,-2639.3679
20240808,-2637.7221
20240808,-2638.8187
20240808,-2639.9071
20240808,-2638.3246
20240808,-2639.5638
20240808,-2640.6494
20240808,-2641.8122
20240808,-2640.3362
20240808,-2641.5908
20240808,-2642.7275
20240808,-2641.1178
20240808,-2642.2353
20240808,-2643.3463
20240808,-2644.4642
20240809,-2642.2116
20240809,-2643.2862
20240809,-2641.6388
20240809,-2640.6488
20240809,-2638.993
20240809,-2640.0724
20240809,-2641.2281
20240809,-2642.2892
20240809,-2640.6513
20240809,-2641.8568
20240809,-2640.7313
20240809,-2639.196
20240809,-2640.2914
20240809,-2638.5446
20240809,-2637.0046
20240809,-2638.14
20240809,-2639.2438
20240809,-2640.3978
20240809,-2641.5489
20240809,-2640.7048
20240809,-2639.2081
20240809,-2637.8997
20240809,-2639.0184
20240809,-2638.2906
20240809,-2639.8481
20240809,-2641.0144
20240809,-2642.1862
20240809,-2640.5669
20240809,-2642.0524
20240809,-2643.2375
20240809,-2642.1987
20240809,-2640.3155
20240812,-2641.4341
20240812,-2639.8997
20240812,-2641.0
20240812,-2642.1851
20240812,-2640.61
20240812,-2639.2033
20240812,-2640.2864
20240812,-2639.9701
20240812,-2641.0324
20240812,-2642.5304
20240812,-2640.9008
20240812,-2641.9687
20240812,-2643.3761
20240812,-2644.6329
20240812,-2645.8237
20240812,-2646.9514
20240812,-2645.503
20240812,-2646.582
20240812,-2645.8862
20240812,-2647.0415
20240812,-2645.795
20240812,-2647.0379
20240812,-2648.1492
20240812,-2649.4007
20240812,-2650.5489
20240812,-2651.9016
20240812,-2650.548
20240812,-2648.756
20240812,-2647.1039
20240812,-2648.6607
20240812,-2649.8285
20240812,-2648.5309
20240813,-2649.6169
20240813,-2647.6769
20240813,-2648.7206
20240813,-2646.9573
20240813,-2648.1049
20240813,-2649.1616
20240813,-2650.2789
20240813,-2647.6675
20240813,-2646.1261
20240813,-2647.3278
20240813,-2648.6633
20240813,-2649.8448
20240813,-2648.4074
20240813,-2646.647
20240813,-2647.9227
20240813,-2649.0879
20240813,-2647.6966
20240813,-2648.8572
20240813,-2647.1048
20240813,-2648.6944
20240813,-2647.1515
20240813,-2648.2925
20240813,-2645.5969
20240813,-2645.1867
20240813,-2646.5097
20240813,-2647.607
20240813,-2646.0353
20240813,-2647.0894
20240813,-2648.253
20240813,-2646.7843
20240813,-2646.3236
20240813,-2647.641
20240814,-2645.5205
20240814,-2643.8175
20240814,-2644.8658
20240814,-2645.9169
20240814,-2647.2113
20240814,-2648.6452
20240814,-2646.9041
20240814,-2648.1325
20240814,-2649.2042
20240814,-2647.6815
20240814,-2648.7839
20240814,-2647.2111
20240814,-2648.2998
20240814,-2649.4964
20240814,-2650.7269
20240814,-2652.3227
20240814,-2653.4065
20240814,-2654.6698
20240814,-2653.0852
20240814,-2654.3529
20240814,-2655.5986
20240814,-2657.0424
20240814,-2658.5108
20240814,-2660.0315
20240814,-2657.5037
20240814,-2658.8978
20240814,-2656.6962
20240814,-2655.3591
20240814,-2657.2078
20240814,-2655.6126
20240814,-2656.9026
20240815,-2658.0454
20240815,-2659.1798
20240815,-2657.2472
20240815,-2658.4824
20240815,-2659.5402
20240815,-2660.6644
20240815,-2658.9228
20240815,-2657.0083
20240815,-2656.0986
20240815,-2657.3285
20240815,-2658.6325
20240815,-2659.7939
20240815,-2661.0064
20240815,-2662.2136
20240815,-2660.4751
20240815,-2659.48
20240815,-2660.785
20240815,-2662.0329
20240815,-2660.372
20240815,-2661.5124
20240815,-2662.6842
20240815,-2663.7799
20240815,-2665.229
20240815,-2666.5739
20240815,-2668.4387
20240815,-2669.7961
20240815,-2670.9264
20240815,-2669.5394
20240815,-2670.7477
20240815,-2672.0216
20240815,-2673.1786
20240815,-2672.3676
20240816,-2670.6496
20240816,-2668.8638
20240816,-2667.1987
20240816,-2665.6718
20240816,-2666.8607
20240816,-2665.5098
20240816,-2664.2167
20240816,-2663.1168
20240816,-2661.6504
20240816,-2662.7815
20240816,-2664.3644
20240816,-2665.5501
20240816,-2666.8321
20240816,-2668.0198
20240816,-2666.035
20240816,-2664.4324
20240816,-2665.6824
20240816,-2666.9286
20240816,-2665.2522
20240816,-2666.7552
20240816,-2668.78
20240816,-2669.915
20240816,-2671.1471
20240816,-2672.5849
20240816,-2673.9896
20240816,-2672.5179
20240816,-2671.0447
20240816,-2672.2801
20240816,-2671.5415
20240816,-2672.7579
20240816,-2674.2032
20240816,-2675.503
20240819,-2676.5827
20240819,-2678.2178
20240819,-2679.3451
20240819,-2677.6097
20240819,-2678.7773
20240819,-2679.8124
20240819,-2680.8928
20240819,-2679.3831
20240819,-2680.53
20240819,-2681.8308
20240819,-2683.1174
20240819,-2684.2586
20240819,-2685.4525
20240819,-2686.63
20240819,-2685.8195
20240819,-2687.0217
20240819,-2688.1511
20240819,-2689.3988
20240819,-2690.726
20240819,-2691.8581
20240819,-2693.0622
20240819,-2694.4035
20240819,-2693.2623
20240819,-2694.4171
20240819,-2691.9728
20240819,-2691.2155
20240819,-2689.9381
20240819,-2688.7464
20240819,-2687.0968
20240819,-2688.6749
20240819,-2687.4769
20240819,-2686.2603
20240820,-2684.3084
20240820,-2685.4029
20240820,-2683.6449
20240820,-2684.8973
20240820,-2686.1503
20240820,-2687.3104
20240820,-2688.4472
20240820,-2689.5705
20240820,-2687.8395
20240820,-2685.9691
20240820,-2687.2384
20240820,-2685.6896
20240820,-2686.8188
20240820,-2685.5203
20240820,-2687.0443
20240820,-2688.3157
20240820,-2689.6437
20240820,-2691.3628
20240820,-2692.5302
20240820,-2693.6033
20240820,-2694.7302
20240820,-2696.054
20240820,-2697.2761
20240820,-2698.8455
20240820,-2700.1103
20240820,-2701.4347
20240820,-2702.599
20240820,-2703.8899
20240820,-2705.4262
20240820,-2705.1107
20240820,-2706.2817
20240820,-2705.4418
20240821,-2706.5518
20240821,-2704.6167
20240821,-2703.1158
20240821,-2701.6272
20240821,-2702.7501
20240821,-2700.6391
20240821,-2699.4104
20240821,-2700.5842
20240821,-2701.6541
20240821,-2702.7485
20240821,-2701.5367
20240821,-2699.2544
20240821,-2697.8203
20240821,-2699.0173
20240821,-2697.6997
20240821,-2696.3581
20240821,-2694.5653
20240821,-2695.8747
20240821,-2695.4377
20240821,-2696.5883
20240821,-2698.6887
20240821,-2699.9992
20240821,-2701.2636
20240821,-2699.6321
20240821,-2701.0507
20240821,-2699.59
20240821,-2700.9628
20240821,-2699.8556
20240821,-2698.1034
20240821,-2699.4261
20240821,-2700.6654
20240822,-2698.4665
20240822,-2696.7453
20240822,-2697.8828
20240822,-2699.0258
20240822,-2700.1542
20240822,-2701.3796
20240822,-2702.9191
20240822,-2704.1948
20240822,-2705.242
20240822,-2706.3181
20240822,-2704.3153
20240822,-2702.7633
20240822,-2704.1538
20240822,-2705.6021
20240822,-2704.2491
20240822,-2702.8134
20240822,-2700.9715
20240822,-2702.0952
20240822,-2703.3939
20240822,-2704.643
20240822,-2705.758
20240822,-2706.8656
20240822,-2708.0053
20240822,-2707.3916
20240822,-2708.5334
20240822,-2709.8013
20240822,-2711.0058
20240822,-2712.1396
20240822,-2713.4053
20240822,-2715.1047
20240822,-2716.4681
20240822,-2717.8375
20240823,-2715.7938
20240823,-2716.8411
20240823,-2715.7017
20240823,-2716.8447
20240823,-2714.6677
20240823,-2715.7227
20240823,-2713.9557
20240823,-2715.2434
20240823,-2716.8334
20240823,-2717.9486
20240823,-2719.27
20240823,-2717.4275
20240823,-2718.568
20240823,-2716.767
20240823,-2717.8563
20240823,-2719.0329
20240823,-2720.1568
20240823,-2721.242
20240823,-2722.4917
20240823,-2723.7292
20240823,-2721.7707
20240823,-2722.9184
20240823,-2724.2808
20240823,-2725.6164
20240823,-2726.7429
20240823,-2727.9054
20240823,-2729.5739
20240823,-2728.3395
20240823,-2727.3928
20240823,-2728.7204
20240823,-2727.3129
20240823,-2728.6462
20240826,-2730.1687
20240826,-2731.2626
20240826,-2732.4022
20240826,-2733.7395
20240826,-2734.9733
20240826,-2736.1393
20240826,-2737.2071
20240826,-2738.3375
20240826,-2739.3808
20240826,-2737.4623
20240826,-2736.6578
20240826,-2733.8942
20240826,-2735.1951
20240826,-2736.3291
20240826,-2734.5038
20240826,-2735.5991
20240826,-2736.7064
20240826,-2737.812
20240826,-2739.0301
20240826,-2737.2892
20240826,-2735.9071
20240826,-2737.5887
20240826,-2736.2342
20240826,-2735.4895
20240826,-2734.1631
20240826,-2735.4348
20240826,-2736.7361
20240826,-2737.9228
20240826,-2739.1445
20240826,-2740.5912
20240826,-2742.1323
20240826,-2740.3876
20240827,-2739.7785
20240827,-2740.8351
20240827,-2739.1697
20240827,-2740.3065
20240827,-2741.4196
20240827,-2742.4914
20240827,-2743.9784
20240827,-2742.034
20240827,-2743.238
20240827,-2744.5831
20240827,-2745.6669
20240827,-2746.8579
20240827,-2745.1971
20240827,-2746.4051
20240827,-2747.8362
20240827,-2748.9015
20240827,-2745.6111
20240827,-2747.1616
20240827,-2748.8306
20240827,-2747.8719
20240827,-2749.1997
20240827,-2750.4396
20240827,-2751.5832
20240827,-2753.2206
20240827,-2754.4338
20240827,-2756.5863
20240827,-2758.0306
20240827,-2759.2623
20240827,-2760.5045
20240827,-2761.8334
20240827,-2763.1582
20240827,-2764.6187
20240828,-2765.7125
20240828,-2766.7663
20240828,-2765.1962
20240828,-2766.3134
20240828,-2764.6502
20240828,-2765.7419
20240828,-2767.5117
20240828,-2769.3112
20240828,-2770.4885
20240828,-2771.76
20240828,-2773.1423
20240828,-2774.4741
20240828,-2772.8617
20240828,-2774.0439
20240828,-2772.6139
20240828,-2770.9155
20240828,-2772.0818
20240828,-2773.6856
20240828,-2774.783
20240828,-2775.9941
20240828,-2777.1828
20240828,-2778.365
20240828,-2779.4528
20240828,-2780.6951
20240828,-2781.8556
20240828,-2782.9503
20240828,-2784.2375
20240828,-2785.3888
20240828,-2784.0894
20240828,-2782.6444
20240828,-2783.7811
20240828,-2784.8554
20240829,-2783.0178
20240829,-2784.0613
20240829,-2785.2939
20240829,-2786.3816
20240829,-2784.9443
20240829,-2786.0256
20240829,-2787.078
20240829,-2788.2974
20240829,-2789.4227
20240829,-2787.9087
20240829,-2786.1856
20240829,-2784.5524
20240829,-2785.7522
20240829,-2786.9865
20240829,-2785.7664
20240829,-2787.3695
20240829,-2785.8924
20240829,-2787.1457
20240829,-2788.2333
20240829,-2789.3478
20240829,-2790.7899
20240829,-2791.9053
20240829,-2793.0369
20240829,-2794.4197
20240829,-2793.0186
20240829,-2794.3139
20240829,-2793.6642
20240829,-2794.7947
20240829,-2793.7392
20240829,-2794.8802
20240829,-2795.9819
20240829,-2794.489
20240830,-2793.0236
20240830,-2791.8087
20240830,-2792.9002
20240830,-2791.5911
20240830,-2792.8259
20240830,-2793.8996
20240830,-2792.3387
20240830,-2793.3972
20240830,-2794.5416
20240830,-2792.2762
20240830,-2790.5603
20240830,-2788.8666
20240830,-2788.0299
20240830,-2789.163
20240830,-2786.9325
20240830,-2786.5404
20240830,-2787.7826
20240830,-2785.6796
20240830,-2784.0831
20240830,-2785.3786
20240830,-2786.7003
20240830,-2788.3002
20240830,-2789.4266
20240830,-2788.7088
20240830,-2786.9968
20240830,-2788.479
20240830,-2787.1854
20240830,-2788.4791
20240830,-2789.735
20240830,-2789.4159
20240830,-2790.6235
20240903,-2788.8749
20240903,-2789.9621
20240903,-2788.1358
20240903,-2786.0897
20240903,-2787.1492
20240903,-2788.3745
20240903,-2786.8853
20240903,-2788.0236
20240903,-2789.3609
20240903,-2787.9492
20240903,-2789.1461
20240903,-2787.5211
20240903,-2788.8684
20240903,-2790.0502
20240903,-2788.9608
20240903,-2790.0884
20240903,-2788.711
20240903,-2789.9595
20240903,-2791.0261
20240903,-2789.4567
20240903,-2787.8037
20240903,-2789.3936
20240903,-2788.0568
20240903,-2789.3937
20240903,-2790.8606
20240903,-2792.0652
20240903,-2793.1916
20240903,-2794.365
20240903,-2792.4869
20240903,-2793.5909
20240903,-2791.7215
20240903,-2793.0566
20240904,-2794.25
20240904,-2795.3234
20240904,-2796.3688
20240904,-2794.4955
20240904,-2795.5833
20240904,-2796.7269
20240904,-2797.8423
20240904,-2795.899
20240904,-2794.0443
20240904,-2795.2214
20240904,-2793.5172
20240904,-2792.496
20240904,-2793.8298
20240904,-2791.828
20240904,-2793.0569
20240904,-2792.0571
20240904,-2793.4309
20240904,-2795.257
20240904,-2797.2868
20240904,-2796.1039
20240904,-2797.1987
20240904,-2796.0973
20240904,-2793.978
20240904,-2795.0943
20240904,-2796.5492
20240904,-2798.6777
20240904,-2797.0723
20240904,-2798.3869
20240904,-2799.9423
20240904,-2801.263
20240904,-2799.9789
20240904,-2801.0862
20240905,-2802.2731
20240905,-2800.7267
20240905,-2798.9
20240905,-2799.9988
20240905,-2801.166
20240905,-2802.2401
20240905,-2803.588
20240905,-2804.6261
20240905,-2805.8409
20240905,-2806.9251
20240905,-2808.1427
20240905,-2809.2435
20240905,-2810.3123
20240905,-2811.4205
20240905,-2812.6019
20240905,-2811.0187
20240905,-2812.1185
20240905,-2813.3954
20240905,-2814.496
20240905,-2812.1448
20240905,-2813.2563
20240905,-2814.5017
20240905,-2812.7342
20240905,-2813.8134
20240905,-2815.0544
20240905,-2814.0035
20240905,-2815.2611
20240905,-2816.4637
20240905,-2814.802
20240905,-2816.0625
20240905,-2814.9345
20240905,-2816.1767
20240906,-2817.2459
20240906,-2818.3101
20240906,-2819.3692
20240906,-2820.6093
20240906,-2818.8953
20240906,-2819.9938
20240906,-2821.0833
20240906,-2820.186
20240906,-2819.0898
20240906,-2820.2655
20240906,-2821.4109
20240906,-2822.4887
20240906,-2823.6957
20240906,-2825.1021
20240906,-2826.2391
20240906,-2827.4998
20240906,-2828.5915
20240906,-2829.7089
20240906,-2830.8864
20240906,-2829.1801
20240906,-2827.5747
20240906,-2828.962
20240906,-2830.0514
20240906,-2831.2786
20240906,-2832.8844
20240906,-2834.0195
20240906,-2835.4398
20240906,-2836.5509
20240906,-2837.7199
20240906,-2836.2117
20240906,-2837.5372
20240906,-2838.6946
20240909,-2839.832
20240909,-2837.9486
20240909,-2839.3007
20240909,-2840.6808
20240909,-2842.0102
20240909,-2840.5697
20240909,-2841.7597
20240909,-2842.8535
20240909,-2844.1593
20240909,-2845.257
20240909,-2846.3265
20240909,-2844.6994
20240909,-2843.6219
20240909,-2842.0603
20240909,-2843.2192
20240909,-2844.4866
20240909,-2845.7493
20240909,-2847.2225
20240909,-2848.5536
20240909,-2850.0398
20240909,-2851.1928
20240909,-2849.7948
20240909,-2847.9161
20240909,-2846.2044
20240909,-2847.4238
20240909,-2846.6273
20240909,-2847.7483
20240909,-2848.6361
20240909,-2846.9755
20240909,-2848.131
20240909,-2846.5125
20240910,-2844.6059
20240910,-2842.4501
20240910,-2840.4162
20240910,-2841.4757
20240910,-2842.6521
20240910,-2843.7443
20240910,-2844.8264
20240910,-2842.9213
20240910,-2844.2493
20240910,-2843.1739
20240910,-2841.6287
20240910,-2842.8351
20240910,-2843.8918
20240910,-2845.0927
20240910,-2843.4911
20240910,-2844.58
20240910,-2845.864
20240910,-2844.4622
20240910,-2845.9061
20240910,-2847.0127
20240910,-2848.4562
20240910,-2849.5583
20240910,-2850.9219
20240910,-2852.099
20240910,-2851.6417
20240910,-2852.8763
20240910,-2851.089
20240910,-2849.4242
20240910,-2850.6145
20240910,-2851.829
20240910,-2853.0512
20240911,-2854.1321
20240911,-2855.3277
20240911,-2856.6382
20240911,-2857.7599
20240911,-2858.8682
20240911,-2859.9603
20240911,-2861.1083
20240911,-2862.2032
20240911,-2863.4662
20240911,-2864.5529
20240911,-2865.7468
20240911,-2865.4981
20240911,-2863.7312
20240911,-2861.5714
20240911,-2859.9655
20240911,-2858.7971
20240911,-2859.9148
20240911,-2861.2627
20240911,-2862.3494
20240911,-2863.4634
20240911,-2862.406
20240911,-2860.373
20240911,-2861.4752
20240911,-2862.6213
20240911,-2863.8398
20240911,-2865.1158
20240911,-2866.246
20240911,-2867.4216
20240911,-2865.9034
20240911,-2865.5447
20240911,-2865.1582
20240911,-2866.3422
20240912,-2867.452
20240912,-2868.5413
20240912,-2869.6334
20240912,-2870.6888
20240912,-2871.7278
20240912,-2870.0827
20240912,-2868.3507
20240912,-2869.4222
20240912,-2871.0081
20240912,-2872.1344
20240912,-2873.3364
20240912,-2874.4785
20240912,-2875.6938
20240912,-2873.8512
20240912,-2874.9506
20240912,-2873.2364
20240912,-2874.5179
20240912,-2875.7331
20240912,-2876.8245
20240912,-2878.1465
20240912,-2879.3991
20240912,-2878.4452
20240912,-2879.7184
20240912,-2881.2249
20240912,-2882.4386
20240912,-2884.5098
20240912,-2886.3056
20240912,-2887.6874
20240912,-2888.9948
20240912,-2890.4747
20240912,-2891.8239
20240912,-2890.4544
20240913,-2888.8055
20240913,-2889.9482
20240913,-2891.0028
20240913,-2889.3609
20240913,-2887.8586
20240913,-2888.9257
20240913,-2890.1643
20240913,-2888.9665
20240913,-2890.4984
20240913,-2891.7149
20240913,-2890.0568
20240913,-2891.2853
20240913,-2892.3906
20240913,-2891.8491
20240913,-2893.0298
20240913,-2894.1409
20240913,-2895.3942
20240913,-2896.5887
20240913,-2894.9929
20240913,-2896.4648
20240913,-2897.6134
20240913,-2898.6779
20240913,-2899.8885
20240913,-2901.1751
20240913,-2902.3145
20240913,-2903.533
20240913,-2904.9722
20240913,-2904.4944
20240913,-2905.5995
20240913,-2902.9222
20240913,-2901.2707
20240913,-2899.696
20240916,-2897.8553
20240916,-2898.9062
20240916,-2896.3197
20240916,-2897.6347
20240916,-2898.7044
20240916,-2899.7629
20240916,-2900.9294
20240916,-2902.1552
20240916,-2903.3092
20240916,-2904.4917
20240916,-2905.8035
20240916,-2906.9235
20240916,-2908.0856
20240916,-2909.3422
20240916,-2910.5204
20240916,-2909.195
20240916,-2910.9475
20240916,-2909.2736
20240916,-2907.9622
20240916,-2909.5248
20240916,-2910.6313
20240916,-2909.0001
20240916,-2910.3544
20240916,-2910.0884
20240916,-2911.4361
20240916,-2912.6205
20240916,-2914.0829
20240916,-2915.4293
20240916,-2916.6263
20240916,-2917.9807
20240916,-2919.2465
20240916,-2917.9987
20240917,-2916.2037
20240917,-2914.6509
20240917,-2913.3508
20240917,-2914.4474
20240917,-2915.5919
20240917,-2913.9657
20240917,-2915.1076
20240917,-2916.5638
20240917,-2915.0992
20240917,-2916.6572
20240917,-2917.7119
20240917,-2918.9297
20240917,-2920.0947
20240917,-2918.9365
20240917,-3067.668
20240917,-3068.8251
20240917,-3067.2962
20240917,-3068.4009
20240917,-3066.4368
20240917,-3067.5402
20240917,-3063.7826
20240917,-3065.016
20240917,-3066.2036
20240917,-3067.3348
20240917,-3068.4888
20240917,-3070.1518
20240917,-3068.4917
20240917,-3069.5758
20240917,-3069.0944
20240917,-3070.2519
20240917,-3071.3613
20240918,-3072.3954
20240918,-3073.5012
20240918,-3074.7395
20240918,-3073.1553
20240918,-3074.3118
20240918,-3073.4179
20240918,-3074.6005
20240918,-3075.7258
20240918,-3075.3349
20240918,-3073.8417
20240918,-3075.1255
20240918,-3076.376
20240918,-3077.5515
20240918,-3076.2193
20240918,-3075.7515
20240918,-3077.0598
20240918,-3075.7203
20240918,-3076.8981
20240918,-3078.0915
20240918,-3079.2546
20240918,-3080.4198
20240918,-3080.0354
20240918,-3081.257
20240918,-3082.5914
20240918,-3084.0137
20240918,-3082.7574
20240918,-3084.1215
20240918,-3085.9016
20240918,-3087.2284
20240918,-3088.3261
20240918,-3089.3713
20240918,-3087.7529
20240919,-3088.9007
20240919,-3087.1026
20240919,-3088.1978
20240919,-3089.5782
20240919,-3090.7123
20240919,-3091.7649
20240919,-3090.1052
20240919,-3088.4608
20240919,-3086.0309
20240919,-3084.2319
20240919,-3085.4007
20240919,-3086.6037
20240919,-3087.8206
20240919,-3089.1606
20240919,-3088.0949
20240919,-3089.156
20240919,-3087.518
20240919,-3086.105
20240919,-3087.2243
20240919,-3088.3246
20240919,-3089.4112
20240919,-3090.6775
20240919,-3091.8289
20240919,-3093.0167
20240919,-3094.2668
20240919,-3095.5736
20240919,-3096.7223
20240919,-3098.0262
20240919,-3096.1552
20240919,-3097.6754
20240919,-3099.1109
20240919,-3100.2925
20240920,-3101.3607
20240920,-3099.9957
20240920,-3101.3494
20240920,-3099.3802
20240920,-3100.497
20240920,-3101.7681
20240920,-3102.8703
20240920,-3101.335
20240920,-3099.4978
20240920,-3100.8194
20240920,-3102.4601
20240920,-3103.614
20240920,-3104.6883
20240920,-3103.5288
20240920,-3104.7522
20240920,-3103.2144
20240920,-3104.3004
20240920,-3108.2717
20240920,-3109.4245
20240920,-3110.6373
20240920,-3111.951
20240920,-3110.7926
20240920,-3111.9639
20240920,-3113.1502
20240920,-3114.3664
20240920,-3115.9363
20240920,-3117.2652
20240920,-3118.4866
20240920,-3119.6177
20240920,-3119.1517
20240920,-3117.3422
20240920,-3116.043
20240923,-3114.7193
20240923,-3115.78
20240923,-3116.9424
20240923,-3118.0198
20240923,-3119.1715
20240923,-3117.3861
20240923,-3118.532
20240923,-3116.6795
20240923,-3117.8372
20240923,-3118.9744
20240923,-3120.1458
20240923,-3121.3989
20240923,-3122.6655
20240923,-3121.2979
20240923,-3122.4608
20240923,-3123.6213
20240923,-3125.0268
20240923,-3124.2396
20240923,-3122.0589
20240923,-3120.8389
20240923,-3121.9502
20240923,-3123.2461
20240923,-3122.9098
20240923,-3124.2232
20240923,-3122.0181
20240923,-3123.4079
20240923,-3122.8698
20240923,-3124.4909
20240923,-3125.8158
20240923,-3127.1065
20240923,-3128.3022
20240923,-3129.5346
20240924,-3128.0337
20240924,-3129.2187
20240924,-3127.5069
20240924,-3128.6456
20240924,-3127.017
20240924,-3125.2182
20240924,-3126.5332
20240924,-3124.847
20240924,-3123.5426
20240924,-3124.6941
20240924,-3126.1228
20240924,-3124.5775
20240924,-3125.7924
20240924,-3127.1538
20240924,-3128.3794
20240924,-3129.5408
20240924,-3130.664
20240924,-3128.2523
20240924,-3129.5847
20240924,-3130.7126
20240924,-3132.1774
20240924,-3133.3022
20240924,-3134.5364
20240924,-3135.9753
20240924,-3137.3342
20240924,-3136.0017
20240924,-3134.4838
20240924,-3135.6511
20240924,-3136.9705
20240924,-3138.2414
20240924,-3139.9465
20240925,-3138.1062
20240925,-3139.2081
20240925,-3137.3398
20240925,-3138.4742
20240925,-3139.6118
20240925,-3138.1089
20240925,-3139.3005
20240925,-3139.0106
20240925,-3140.1883
20240925,-3139.1919
20240925,-3140.801
20240925,-3139.9942
20240925,-3141.3158
20240925,-3142.5326
20240925,-3143.8683
20240925,-3145.25
20240925,-3146.4723
20240925,-3147.6306
20240925,-3148.7066
20240925,-3149.8532
20240925,-3148.5467
20240925,-3147.0884
20240925,-3148.3649
20240925,-3149.5707
20240925,-3151.0876
20240925,-3152.3427
20240925,-3153.594
20240925,-3154.7717
20240925,-3153.5966
20240925,-3154.8356
20240925,-3153.2299
20240925,-3151.2115
20240926,-3152.2764
20240926,-3150.5065
20240926,-3148.6168
20240926,-3146.8289
20240926,-3147.9219
20240926,-3146.2598
20240926,-3144.4187
20240926,-3145.7669
20240926,-3146.8372
20240926,-3145.3738
20240926,-3146.6949
20240926,-3148.0927
20240926,-3146.7394
20240926,-3147.9951
20240926,-3149.1728
20240926,-3150.326
20240926,-3151.497
20240926,-3153.1114
20240926,-3152.2198
20240926,-3153.4161
20240926,-3154.6319
20240926,-3155.8641
20240926,-3154.0357
20240926,-3155.1397
20240926,-3156.3443
20240926,-3157.5208
20240926,-3158.7033
20240926,-3159.9142
20240926,-3161.26
20240926,-3162.5746
20240926,-3163.9162
20240926,-3165.1524
20240927,-3166.305
20240927,-3164.17
20240927,-3162.4023
20240927,-3161.1211
20240927,-3162.3788
20240927,-3163.4619
20240927,-3162.8026
20240927,-3163.973
20240927,-3165.3843
20240927,-3166.4961
20240927,-3164.7811
20240927,-3166.1129
20240927,-3167.2996
20240927,-3165.7828
20240927,-3166.9803
20240927,-3165.5291
20240927,-3166.6539
20240927,-3168.0959
20240927,-3169.333
20240927,-3170.5074
20240927,-3171.7583
20240927,-3172.8638
20240927,-3174.1152
20240927,-3175.247
20240927,-3176.4775
20240927,-3175.9595
20240927,-3177.1796
20240927,-3178.2509
20240927,-3175.851
20240927,-3177.0541
20240927,-3178.1878
20240927,-3176.6414
20240930,-3177.9099
20240930,-3176.2233
20240930,-3177.4106
20240930,-3176.1232
20240930,-3174.695
20240930,-3175.7505
20240930,-3177.6558
20240930,-3175.2937
20240930,-3176.4644
20240930,-3177.5273
20240930,-3178.7455
20240930,-3177.5116
20240930,-3176.3891
20240930,-3174.4638
20240930,-3175.7426
20240930,-3177.0467
20240930,-3178.1501
20240930,-3176.5788
20240930,-3177.8466
20240930,-3179.0304
20240930,-3178.2367
20240930,-3179.355
20240930,-3180.9277
20240930,-3182.4384
20240930,-3183.7246
20240930,-3183.1628
20240930,-3184.4133
20240930,-3182.6402
20240930,-3183.7588
20240930,-3184.8931
20240930,-3183.3828
20240930,-3182.5764
20241001,-3183.6497
20241001,-3181.7016
20241001,-3182.9785
20241001,-3184.0535
20241001,-3181.9766
20241001,-3180.8574
20241001,-3181.9583
20241001,-3180.4262
20241001,-3181.6764
20241001,-3182.792
20241001,-3181.3498
20241001,-3182.6623
20241001,-3180.8265
20241001,-3179.0137
20241001,-3177.3468
20241001,-3175.7789
20241001,-3176.9536
20241001,-3175.5053
20241001,-3176.8451
20241001,-3175.2318
20241001,-3172.9621
20241001,-3174.3125
20241001,-3175.3548
20241001,-3176.4578
20241001,-3177.596
20241001,-3178.761
20241001,-3179.9513
20241001,-3181.0849
20241001,-3182.5242
20241001,-3183.6981
20241001,-3181.9514
20241001,-3183.1681
20241002,-3184.2623
20241002,-3185.34
20241002,-3186.4112
20241002,-3184.5238
20241002,-3183.2148
20241002,-3184.4924
20241002,-3183.4095
20241002,-3184.763
20241002,-3185.9134
20241002,-3184.3748
20241002,-3185.6307
20241002,-3186.8325
20241002,-3188.065
20241002,-3186.335
20241002,-3184.1605
20241002,-3182.5043
20241002,-3183.7392
20241002,-3182.4154
20241002,-3183.6017
20241002,-3182.6861
20241002,-3183.8461
20241002,-3186.1741
20241002,-3187.274
20241002,-3185.3597
20241002,-3186.6148
20241002,-3187.9558
20241002,-3189.2721
20241002,-3190.4066
20241002,-3191.9444
20241002,-3193.4989
20241002,-3192.8405
20241003,-3190.8287
20241003,-3191.8834
20241003,-3190.1921
20241003,-3187.8534
20241003,-3186.3972
20241003,-3187.7858
20241003,-3189.0205
20241003,-3186.9351
20241003,-3188.1308
20241003,-3189.4459
20241003,-3190.5839
20241003,-3191.7253
20241003,-3192.9905
20241003,-3194.1127
20241003,-3195.3609
20241003,-3196.6917
20241003,-3194.5373
20241003,-3195.728
20241003,-3196.8458
20241003,-3193.7482
20241003,-3194.8143
20241003,-3195.9805
20241003,-3195.0238
20241003,-3193.4629
20241003,-3194.6951
20241003,-3195.8023
20241003,-3196.9773
20241003,-3195.4655
20241003,-3196.8992
20241003,-3196.2781
20241003,-3195.5311
20241003,-3194.6411
20241004,-3195.7448
20241004,-3196.8176
20241004,-3197.8804
20241004,-3196.3684
20241004,-3197.4334
20241004,-3198.6469
20241004,-3197.1908
20241004,-3195.359
20241004,-3196.5179
20241004,-3197.7355
20241004,-3198.9057
20241004,-3195.6383
20241004,-3196.7201
20241004,-3194.7657
20241004,-3195.9147
20241004,-3197.2987
20241004,-3198.6222
20241004,-3199.8333
20241004,-3198.0703
20241004,-3199.3834
20241004,-3201.2432
20241004,-3202.5713
20241004,-3201.378
20241004,-3202.7372
20241004,-3203.9477
20241004,-3205.247
20241004,-3206.786
20241004,-3208.291
20241004,-3210.3182
20241004,-3211.4979
20241004,-3213.0873
20241007,-3211.2767
20241007,-3212.5925
20241007,-3210.8458
20241007,-3211.9544
20241007,-3213.0819
20241007,-3211.7216
20241007,-3212.9143
20241007,-3213.9719
20241007,-3212.8321
20241007,-3213.9699
20241007,-3216.0868
20241007,-3214.6609
20241007,-3215.7978
20241007,-3217.6543
20241007,-3219.0041
20241007,-3220.4968
20241007,-3218.6892
20241007,-3217.6227
20241007,-3218.7338
20241007,-3220.0243
20241007,-3219.0097
20241007,-3220.3325
20241007,-3218.9524
20241007,-3220.1999
20241007,-3221.6701
20241007,-3222.9137
20241007,-3224.1424
20241007,-3225.3422
20241007,-3224.0144
20241007,-3225.3553
20241007,-3226.5279
20241007,-3227.633
20241008,-3225.5544
20241008,-3226.6398
20241008,-3225.5166
20241008,-3226.6008
20241008,-3227.7191
20241008,-3228.9413
20241008,-3230.1397
20241008,-3227.6036
20241008,-3228.7485
20241008,-3227.1187
20241008,-3228.5396
20241008,-3229.664
20241008,-3230.8817
20241008,-3229.1616
20241008,-3230.2331
20241008,-3231.3667
20241008,-3232.9926
20241008,-3232.2659
20241008,-3233.5413
20241008,-3234.8212
20241008,-3236.8045
20241008,-3237.952
20241008,-3239.301
20241008,-3240.453
20241008,-3239.3607
20241008,-3240.5417
20241008,-3241.8748
20241008,-3243.566
20241008,-3243.2319
20241008,-3244.6125
20241008,-3245.9295
20241008,-3247.0829
20241009,-3245.7829
20241009,-3243.9754
20241009,-3245.0205
20241009,-3246.3154
20241009,-3244.4193
20241009,-3245.5959
20241009,-3246.728
20241009,-3247.8134
20241009,-3249.4423
20241009,-3250.5831
20241009,-3249.2848
20241009,-3248.3645
20241009,-3249.5485
20241009,-3248.086
20241009,-3246.776
20241009,-3248.2121
20241009,-3246.7346
20241009,-3247.859
20241009,-3246.5413
20241009,-3247.6867
20241009,-3248.9188
20241009,-3247.6437
20241009,-3248.9071
20241009,-3247.6158
20241009,-3249.026
20241009,-3247.8177
20241009,-3249.1418
20241009,-3250.4252
20241009,-3249.7578
20241009,-3248.6941
20241009,-3247.1743
20241009,-3248.2727
20241010,-3249.4361
20241010,-3250.5493
20241010,-3251.8477
20241010,-3252.9119
20241010,-3251.5829
20241010,-3252.7308
20241010,-3251.5213
20241010,-3252.731
20241010,-3251.0161
20241010,-3250.1245
20241010,-3251.3432
20241010,-3252.7329
20241010,-3247.6185
20241010,-3245.9186
20241010,-3247.0478
20241010,-3246.2357
20241010,-3247.454
20241010,-3248.5819
20241010,-3247.2033
20241010,-3248.4343
20241010,-3247.1622
20241010,-3248.3256
20241010,-3249.5576
20241010,-3250.6884
20241010,-3251.8224
20241010,-3253.3401
20241010,-3254.6369
20241010,-3253.6029
20241010,-3254.6855
20241010,-3256.3048
20241010,-3257.4924
20241010,-3256.3098
20241011,-3257.4847
20241011,-3255.895
20241011,-3256.9732
20241011,-3258.0541
20241011,-3259.1685
20241011,-3260.4097
20241011,-3261.7741
20241011,-3263.0754
20241011,-3262.5241
20241011,-3261.2012
20241011,-3262.5196
20241011,-3263.8877
20241011,-3265.3884
20241011,-3266.6615
20241011,-3267.9136
20241011,-3269.0631
20241011,-3270.1856
20241011,-3271.6209
20241011,-3270.8239
20241011,-3270.0611
20241011,-3271.2869
20241011,-3272.4993
20241011,-3273.6384
20241011,-3272.4998
20241011,-3273.6554
20241011,-3274.9789
20241011,-3273.6245
20241011,-3272.3892
20241011,-3273.7622
20241011,-3274.9693
20241011,-3276.3754
20241011,-3275.0623
20241014,-3276.1551
20241014,-3277.3342
20241014,-3278.4823
20241014,-3276.8097
20241014,-3278.0213
20241014,-3277.3726
20241014,-3276.2414
20241014,-3277.3849
20241014,-3275.5297
20241014,-3276.6604
20241014,-3278.0691
20241014,-3276.4342
20241014,-3275.653
20241014,-3276.998
20241014,-3278.4474
20241014,-3277.1365
20241014,-3278.8644
20241014,-3280.7019
20241014,-3279.44
20241014,-3280.7187
20241014,-3279.8962
20241014,-3278.9299
20241014,-3282.4674
20241014,-3285.109
20241014,-3286.3847
20241014,-3285.7244
20241014,-3284.4371
20241014,-3283.0959
20241014,-3281.7738
20241014,-3282.9501
20241014,-3281.7824
20241014,-3280.2106
20241015,-3278.0915
20241015,-3279.2128
20241015,-3280.344
20241015,-3278.9926
20241015,-3277.4816
20241015,-3278.5206
20241015,-3277.4521
20241015,-3278.533
20241015,-3276.8839
20241015,-3277.9073
20241015,-3278.9759
20241015,-3280.0522
20241015,-3281.1926
20241015,-3282.2827
20241015,-3280.1507
20241015,-3281.4225
20241015,-3279.9804
20241015,-3281.3132
20241015,-3282.4466
20241015,-3280.8958
20241015,-3280.0239
20241015,-3278.8219
20241015,-3277.3622
20241015,-3278.4883
20241015,-3279.7081
20241015,-3278.7238
20241015,-3279.8412
20241015,-3278.4274
20241015,-3279.6606
20241015,-3278.3107
20241015,-3279.4479
20241015,-3280.7811
20241016,-3281.8619
20241016,-3283.1235
20241016,-3284.198
20241016,-3282.5777
20241016,-3280.7421
20241016,-3281.835
20241016,-3278.8091
20241016,-3280.0531
20241016,-3281.3026
20241016,-3282.4295
20241016,-3283.6914
20241016,-3284.9416
20241016,-3286.1763
20241016,-3287.5764
20241016,-3289.0806
20241016,-3290.335
20241016,-3291.4799
20241016,-3289.8339
20241016,-3291.4476
20241016,-3292.7979
20241016,-3292.8467
20241016,-3291.4034
20241016,-3292.7414
20241016,-3294.0801
20241016,-3292.7331
20241016,-3294.0479
20241016,-3292.0216
20241016,-3291.2501
20241016,-3292.5368
20241016,-3293.8024
20241016,-3294.9609
20241016,-3293.379
20241017,-3291.3832
20241017,-3289.9267
20241017,-3291.0054
20241017,-3292.0725
20241017,-3293.2587
20241017,-3291.6468
20241017,-3292.7917
20241017,-3291.1707
20241017,-3292.3191
20241017,-3293.8765
20241017,-3292.6447
20241017,-3293.8445
20241017,-3292.4395
20241017,-3291.4446
20241017,-3292.7574
20241017,-3290.857
20241017,-3292.2834
20241017,-3290.1599
20241017,-3288.4748
20241017,-3287.1726
20241017,-3288.3994
20241017,-3289.6436
20241017,-3290.932
20241017,-3292.7014
20241017,-3294.2718
20241017,-3295.4796
20241017,-3294.2322
20241017,-3295.388
20241017,-3296.6397
20241017,-3297.8431
20241017,-3296.1258
20241017,-3297.6298
20241018,-3298.6705
20241018,-3299.934
20241018,-3301.0672
20241018,-3302.34
20241018,-3303.7433
20241018,-3304.8163
20241018,-3304.4755
20241018,-3305.7932
20241018,-3306.9632
20241018,-3308.0905
20241018,-3309.3124
20241018,-3307.3396
20241018,-3306.195
20241018,-3303.9379
20241018,-3302.6847
20241018,-3303.9689
20241018,-3305.0215
20241018,-3306.1737
20241018,-3305.408
20241018,-3306.7058
20241018,-3308.0301
20241018,-3309.2101
20241018,-3307.6558
20241018,-3306.1587
20241018,-3305.791
20241018,-3307.364
20241018,-3308.6143
20241018,-3307.333
20241018,-3308.6486
20241018,-3310.1419
20241018,-3308.9613
20241018,-3310.4242
20241021,-3311.5283
20241021,-3312.9237
20241021,-3314.1555
20241021,-3313.1648
20241021,-3314.266
20241021,-3315.4527
20241021,-3316.6948
20241021,-3315.0831
20241021,-3310.4286
20241021,-3311.56
20241021,-3312.6124
20241021,-3311.1026
20241021,-3312.2118
20241021,-3310.8722
20241021,-3312.1582
20241021,-3313.5377
20241021,-3314.8244
20241021,-3316.0961
20241021,-3317.3307
20241021,-3318.58
20241021,-3319.7929
20241021,-3318.6073
20241021,-3317.9217
20241021,-3316.5242
20241021,-3318.0799
20241021,-3316.5034
20241021,-3318.0129
20241021,-3316.966
20241021,-3318.0956
20241021,-3317.1283
20241021,-3318.3198
20241021,-3317.8565
20241022,-3318.9785
20241022,-3320.0448
20241022,-3321.117
20241022,-3322.4074
20241022,-3320.7183
20241022,-3322.1645
20241022,-3320.3192
20241022,-3321.4898
20241022,-3320.0241
20241022,-3318.5665
20241022,-3319.6979
20241022,-3318.5665
20241022,-3319.8814
20241022,-3321.0056
20241022,-3322.6802
20241022,-3321.0938
20241022,-3322.3641
20241022,-3323.6047
20241022,-3320.1702
20241022,-3321.5453
20241022,-3322.7142
20241022,-3321.6209
20241022,-3320.4435
20241022,-3319.0805
20241022,-3317.6575
20241022,-3318.8842
20241022,-3317.5931
20241022,-3318.9232
20241022,-3320.3243
20241022,-3319.1439
20241022,-3320.5653
20241023,-3321.69
20241023,-3319.9144
20241023,-3321.0098
20241023,-3319.4887
20241023,-3320.5617
20241023,-3321.6349
20241023,-3322.7038
20241023,-3323.7922
20241023,-3322.5
20241023,-3323.604
20241023,-3324.8114
20241023,-3326.0628
20241023,-3327.1159
20241023,-3328.5202
20241023,-3327.026
20241023,-3328.178
20241023,-3326.6418
20241023,-3328.0503
20241023,-3329.4179
20241023,-3330.5494
20241023,-3331.6434
20241023,-3332.9909
20241023,-3331.8618
20241023,-3333.0182
20241023,-3334.1307
20241023,-3333.2582
20241023,-3334.4444
20241023,-3333.2373
20241023,-3331.1972
20241023,-3330.2169
20241023,-3331.6175
20241023,-3332.8733
20241024,-3333.9206
20241024,-3331.9029
20241024,-3333.0356
20241024,-3331.5172
20241024,-3330.4827
20241024,-3329.4657
20241024,-3328.1735
20241024,-3329.3338
20241024,-3330.6422
20241024,-3332.0932
20241024,-3330.6657
20241024,-3328.8691
20241024,-3330.01
20241024,-3331.7308
20241024,-3332.873
20241024,-3333.9724
20241024,-3335.3615
20241024,-3333.9522
20241024,-3335.2515
20241024,-3334.7917
20241024,-3336.7726
20241024,-3338.3255
20241024,-3339.6105
20241024,-3340.8101
20241024,-3339.6842
20241024,-3338.351
20241024,-3337.2912
20241024,-3335.5611
20241024,-3337.4451
20241024,-3338.7471
20241024,-3340.2403
20241024,-3341.6375
20241025,-3342.8369
20241025,-3344.038
20241025,-3342.2451
20241025,-3340.6313
20241025,-3341.7464
20241025,-3342.8762
20241025,-3342.2755
20241025,-3341.1692
20241025,-3339.5915
20241025,-3340.8943
20241025,-3339.0383
20241025,-3340.1749
20241025,-3339.9054
20241025,-3341.0711
20241025,-3339.3311
20241025,-3338.3467
20241025,-3337.2537
20241025,-3335.8107
20241025,-3336.9956
20241025,-3338.4837
20241025,-3337.4702
20241025,-3338.7356
20241025,-3339.8134
20241025,-3341.0377
20241025,-3342.3742
20241025,-3343.4871
20241025,-3344.5658
20241025,-3342.8276
20241025,-3343.9891
20241025,-3342.5805
20241025,-3343.7561
20241025,-3345.0219
20241028,-3346.1407
20241028,-3347.2634
20241028,-3348.4151
20241028,-3349.696
20241028,-3350.816
20241028,-3349.293
20241028,-3350.5402
20241028,-3351.6736
20241028,-3348.9078
20241028,-3350.2125
20241028,-3351.4059
20241028,-3349.5786
20241028,-3350.8212
20241028,-3352.0121
20241028,-3350.6012
20241028,-3349.6205
20241028,-3348.0685
20241028,-3349.1575
20241028,-3350.6009
20241028,-3351.8224
20241028,-3353.1153
20241028,-3354.8144
20241028,-3353.1233
20241028,-3355.0945
20241028,-3353.0447
20241028,-3354.4275
20241028,-3353.3126
20241028,-3355.1174
20241028,-3354.231
20241028,-3352.5959
20241028,-3354.1149
20241029,-3355.2565
20241029,-3356.3907
20241029,-3357.6753
20241029,-3358.8025
20241029,-3357.7703
20241029,-3358.9324
20241029,-3357.1188
20241029,-3355.5413
20241029,-3353.553
20241029,-3354.7235
20241029,-3355.8758
20241029,-3357.0656
20241029,-3358.2954
20241029,-3356.576
20241029,-3359.1852
20241029,-3358.6077
20241029,-3360.1412
20241029,-3361.2395
20241029,-3360.2157
20241029,-3361.3802
20241029,-3359.7427
20241029,-3360.9548
20241029,-3358.9529
20241029,-3357.5236
20241029,-3358.5748
20241029,-3356.7405
20241029,-3358.0362
20241029,-3356.7076
20241029,-3358.7352
20241029,-3357.6698
20241029,-3359.0134
20241029,-3360.286
20241030,-3361.3348
20241030,-3362.3848
20241030,-3363.5962
20241030,-3361.9961
20241030,-3360.4185
20241030,-3361.4691
20241030,-3362.6476
20241030,-3363.7474
20241030,-3361.9433
20241030,-3363.3464
20241030,-3364.5703
20241030,-3365.8308
20241030,-3364.3571
20241030,-3365.5537
20241030,-3364.0331
20241030,-3362.5317
20241030,-3363.6617
20241030,-3361.8356
20241030,-3362.999
20241030,-3364.4757
20241030,-3365.5993
20241030,-3367.2145
20241030,-3368.5485
20241030,-3369.683
20241030,-3368.1497
20241030,-3369.7074
20241030,-3368.4735
20241030,-3369.7826
20241030,-3371.2735
20241030,-3372.5226
20241030,-3373.9613
20241030,-3372.8138
20241031,-3373.8782
20241031,-3374.8995
20241031,-3376.193
20241031,-3374.4927
20241031,-3375.5433
20241031,-3373.75
20241031,-3374.8793
20241031,-3373.4192
20241031,-3371.9854
20241031,-3373.3021
20241031,-3372.0309
20241031,-3373.1524
20241031,-3374.2325
20241031,-3375.3435
20241031,-3376.7071
20241031,-3375.2085
20241031,-3373.7371
20241031,-3374.9026
20241031,-3376.4847
20241031,-3377.7379
20241031,-3376.8094
20241031,-3374.5761
20241031,-3373.0775
20241031,-3371.7847
20241031,-3372.9173
20241031,-3374.0994
20241031,-3375.2273
20241031,-3376.5118
20241031,-3375.1903
20241031,-3376.4298
20241031,-3377.6116
20241031,-3375.7385
20241101,-3374.0904
20241101,-3375.2628
20241101,-3376.897
20241101,-3375.1838
20241101,-3373.4988
20241101,-3374.5585
20241101,-3372.6159
20241101,-3373.7391
20241101,-3372.066
20241101,-3373.2298
20241101,-3374.2825
20241101,-3373.2744
20241101,-3372.453
20241101,-3371.0273
20241101,-3369.479
20241101,-3368.7405
20241101,-3369.8881
20241101,-3371.4851
20241101,-3372.6321
20241101,-3373.8447
20241101,-3375.0283
20241101,-3376.1551
20241101,-3373.9338
20241101,-3372.3844
20241101,-3371.837
20241101,-3370.2817
20241101,-3371.3676
20241101,-3372.4948
20241101,-3371.0388
20241101,-3368.7591
20241101,-3369.9948
20241101,-3371.1388
20241104,-3372.1986
20241104,-3370.8896
20241104,-3372.0163
20241104,-3373.1283
20241104,-3374.445
20241104,-3372.7999
20241104,-3370.4465
20241104,-3371.6563
20241104,-3372.7296
20241104,-3371.5086
20241104,-3372.5635
20241104,-3373.8177
20241104,-3372.8599
20241104,-3374.1031
20241104,-3375.2904
20241104,-3373.5
20241104,-3375.0641
20241104,-3376.4032
20241104,-3375.2839
20241104,-3373.9287
20241104,-3375.0837
20241104,-3373.4878
20241104,-3374.8461
20241104,-3376.0046
20241104,-3377.1913
20241104,-3378.5292
20241104,-3379.7758
20241104,-3378.2015
20241104,-3379.4095
20241104,-3380.8128
20241104,-3383.0734
20241104,-3384.2744
20241105,-3385.3214
20241105,-3386.4209
20241105,-3387.5623
20241105,-3388.8323
20241105,-3389.9269
20241105,-3388.4201
20241105,-3387.3236
20241105,-3388.6265
20241105,-3389.9767
20241105,-3391.2988
20241105,-3389.832
20241105,-3391.0904
20241105,-3392.3665
20241105,-3393.6302
20241105,-3394.8274
20241105,-3393.2078
20241105,-3392.4118
20241105,-3393.6464
20241105,-3395.1637
20241105,-3397.008
20241105,-3398.5289
20241105,-3399.7092
20241105,-3400.8911
20241105,-3403.6664
20241105,-3405.0742
20241105,-3406.3114
20241105,-3407.5904
20241105,-3408.7896
20241105,-3410.0592
20241105,-3411.2866
20241105,-3412.4099
20241105,-3413.5641
20241106,-3414.7098
20241106,-3415.981
20241106,-3414.0482
20241106,-3415.3321
20241106,-3416.4806
20241106,-3417.8158
20241106,-3418.9973
20241106,-3420.0988
20241106,-3421.2426
20241106,-3422.3985
20241106,-3423.5518
20241106,-3422.2028
20241106,-3421.4825
20241106,-3422.687
20241106,-3423.7311
20241106,-3424.8442
20241106,-3426.1088
20241106,-3427.5917
20241106,-3426.3093
20241106,-3427.464
20241106,-3428.641
20241106,-3427.039
20241106,-3428.1971
20241106,-3426.5005
20241106,-3427.6218
20241106,-3429.292
20241106,-3430.5816
20241106,-3431.7714
20241106,-3432.9358
20241106,-3434.1531
20241106,-3435.5273
20241106,-3436.7411
20241107,-3437.9064
20241107,-3436.7265
20241107,-3437.7576
20241107,-3439.0396
20241107,-3440.1799
20241107,-3441.4795
20241107,-3439.515
20241107,-3440.5833
20241107,-3441.7178
20241107,-3443.4549
20241107,-3444.6686
20241107,-3445.8402
20241107,-3444.7113
20241107,-3445.9183
20241107,-3447.0624
20241107,-3448.5446
20241107,-3449.7248
20241107,-3450.8855
20241107,-3452.194
20241107,-3453.3616
20241107,-3451.6298
20241107,-3452.9422
20241107,-3452.071
20241107,-3453.3304
20241107,-3454.7195
20241107,-3456.0338
20241107,-3457.2399
20241107,-3455.6228
20241107,-3457.0563
20241107,-3458.5502
20241107,-3459.6521
20241107,-3457.8952
20241108,-3456.0326
20241108,-3454.2608
20241108,-3455.3543
20241108,-3456.5829
20241108,-3454.9594
20241108,-3456.2572
20241108,-3454.8764
20241108,-3456.0735
20241108,-3453.1354
20241108,-3454.2735
20241108,-3452.7507
20241108,-3453.9661
20241108,-3452.3718
20241108,-3451.4552
20241108,-3450.3455
20241108,-3451.4123
20241108,-3452.5813
20241108,-3453.6341
20241108,-3454.8686
20241108,-3456.0422
20241108,-3455.8374
20241108,-3457.1986
20241108,-3458.424
20241108,-3459.6327
20241108,-3458.5159
20241108,-3456.6172
20241108,-3457.765
20241108,-3459.5835
20241108,-3460.9831
20241108,-3462.1791
20241108,-3463.5488
20241108,-3465.2424
20241111,-3463.4186
20241111,-3461.6579
20241111,-3462.7328
20241111,-3464.0665
20241111,-3462.2981
20241111,-3463.6914
20241111,-3465.0485
20241111,-3466.6341
20241111,-3465.7484
20241111,-3467.1501
20241111,-3468.329
20241111,-3466.9402
20241111,-3468.0544
20241111,-3467.2046
20241111,-3468.4473
20241111,-3469.5915
20241111,-3470.8665
20241111,-3472.1961
20241111,-3473.3819
20241111,-3475.1315
20241111,-3476.3593
20241111,-3474.9218
20241111,-3476.1034
20241111,-3477.4487
20241111,-3478.4748
20241111,-3479.7974
20241111,-3481.1747
20241111,-3480.5073
20241111,-3479.2295
20241111,-3480.5712
20241111,-3481.6151
20241111,-3482.9309
20241112,-3484.045
20241112,-3482.7313
20241112,-3481.1742
20241112,-3482.3285
20241112,-3480.3702
20241112,-3481.5657
20241112,-3482.6739
20241112,-3483.8205
20241112,-3485.2357
20241112,-3486.4612
20241112,-3487.7195
20241112,-3488.9083
20241112,-3490.0532
20241112,-3491.1683
20241112,-3492.3198
20241112,-3493.5857
20241112,-3494.7101
20241112,-3496.261
20241112,-3497.4163
20241112,-3498.5153
20241112,-3497.6822
20241112,-3498.7447
20241112,-3499.9137
20241112,-3497.8278
20241112,-3499.1112
20241112,-3500.4067
20241112,-3501.8243
20241112,-3503.3327
20241112,-3504.6169
20241112,-3505.9215
20241112,-3507.1562
20241112,-3508.573
20241113,-3509.6569
20241113,-3510.7694
20241113,-3508.8851
20241113,-3507.0428
20241113,-3505.1887
20241113,-3503.2374
20241113,-3501.4801
20241113,-3502.5054
20241113,-3503.5692
20241113,-3501.684
20241113,-3502.8033
20241113,-3504.0524
20241113,-3505.3404
20241113,-3503.8303
20241113,-3505.1781
20241113,-3506.406
20241113,-3505.4054
20241113,-3504.1473
20241113,-3505.5016
20241113,-3506.7312
20241113,-3508.0046
20241113,-3509.3018
20241113,-3507.5448
20241113,-3508.7276
20241113,-3507.0125
20241113,-3508.6409
20241113,-3510.4256
20241113,-3511.7218
20241113,-3510.46
20241113,-3508.91
20241113,-3510.0482
20241113,-3511.3327
20241114,-3512.3461
20241114,-3510.4809
20241114,-3508.7775
20241114,-3509.9102
20241114,-3510.9955
20241114,-3512.0865
20241114,-3510.4824
20241114,-3511.5853
20241114,-3510.0605
20241114,-3511.3072
20241114,-3513.4426
20241114,-3514.549
20241114,-3515.7031
20241114,-3514.262
20241114,-3513.0068
20241114,-3514.1265
20241114,-3515.2571
20241114,-3516.4912
20241114,-3517.7222
20241114,-3516.1454
20241114,-3513.6746
20241114,-3511.8718
20241114,-3513.2752
20241114,-3514.4839
20241114,-3515.6937
20241114,-3516.8631
20241114,-3518.3568
20241114,-3519.6074
20241114,-3520.8525
20241114,-3522.6438
20241114,-3523.8072
20241114,-3524.8663
20241115,-3522.9014
20241115,-3523.9747
20241115,-3525.0482
20241115,-3526.0746
20241115,-3527.1821
20241115,-3528.4767
20241115,-3529.5828
20241115,-3528.1529
20241115,-3529.3328
20241115,-3530.4443
20241115,-3528.8926
20241115,-3529.9365
20241115,-3528.9441
20241115,-3530.041
20241115,-3528.4149
20241115,-3529.6483
20241115,-3530.9923
20241115,-3532.2822
20241115,-3533.4947
20241115,-3534.9237
20241115,-3536.0161
20241115,-3534.6025
20241115,-3533.4843
20241115,-3531.9607
20241115,-3530.4421
20241115,-3531.5597
20241115,-3532.8385
20241115,-3534.2844
20241115,-3535.666
20241115,-3536.9817
20241115,-3538.1422
20241115,-3539.2309
20241118,-3537.4928
20241118,-3535.898
20241118,-3537.0151
20241118,-3538.0881
20241118,-3536.3002
20241118,-3534.3717
20241118,-3532.627
20241118,-3533.8425
20241118,-3535.1785
20241118,-3536.3369
20241118,-3537.443
20241118,-3538.9556
20241118,-3540.0905
20241118,-3537.9084
20241118,-3539.0755
20241118,-3540.1495
20241118,-3536.7745
20241118,-3538.0664
20241118,-3539.2246
20241118,-3540.4163
20241118,-3541.7691
20241118,-3543.5892
20241118,-3542.173
20241118,-3540.9202
20241118,-3542.3537
20241118,-3543.5723
20241118,-3544.9741
20241118,-3546.5365
20241118,-3547.5711
20241118,-3548.7627
20241118,-3547.864
20241118,-3549.0086
20241119,-3550.0523
20241119,-3551.2524
20241119,-3549.7939
20241119,-3550.8988
20241119,-3552.0937
20241119,-3553.4885
20241119,-3552.2219
20241119,-3553.3688
20241119,-3554.5703
20241119,-3555.8217
20241119,-3557.0113
20241119,-3555.0217
20241119,-3556.5604
20241119,-3555.0214
20241119,-3556.1509
20241119,-3557.3545
20241119,-3558.7025
20241119,-3559.9748
20241119,-3558.6994
20241119,-3560.4454
20241119,-3561.6376
20241119,-3562.9427
20241119,-3564.326
20241119,-3565.9047
20241119,-3567.1218
20241119,-3568.2102
20241119,-3569.4534
20241119,-3570.7256
20241119,-3568.8098
20241119,-3570.076
20241119,-3571.2348
20241119,-3570.3363
20241120,-3571.4193
20241120,-3570.3198
20241120,-3571.3341
20241120,-3569.7852
20241120,-3570.9302
20241120,-3572.05
20241120,-3570.4787
20241120,-3568.7881
20241120,-3569.967
20241120,-3571.1589
20241120,-3572.3215
20241120,-3570.874
20241120,-3572.0085
20241120,-3573.0997
20241120,-3574.4536
20241120,-3575.5312
20241120,-3576.6326
20241120,-3577.959
20241120,-3579.1612
20241120,-3580.3029
20241120,-3581.5491
20241120,-3582.7158
20241120,-3583.9315
20241120,-3585.1984
20241120,-3587.165
20241120,-3588.3005
20241120,-3589.748
20241120,-3590.9975
20241120,-3592.1831
20241120,-3593.2581
20241120,-3592.8804
20241120,-3594.3743
20241121,-3595.4405
20241121,-3593.4751
20241121,-3591.6492
20241121,-3592.9203
20241121,-3591.6721
20241121,-3589.7728
20241121,-3590.9771
20241121,-3589.4421
20241121,-3590.5138
20241121,-3591.7123
20241121,-3590.1587
20241121,-3587.6795
20241121,-3588.9982
20241121,-3590.1256
20241121,-3591.5809
20241121,-3593.1327
20241121,-3594.2835
20241121,-3595.4989
20241121,-3593.7972
20241121,-3595.2014
20241121,-3594.2806
20241121,-3595.485
20241121,-3594.2909
20241121,-3592.7687
20241121,-3594.04
20241121,-3595.1922
20241121,-3596.4569
20241121,-3597.5961
20241121,-3598.7393
20241121,-3597.0005
20241121,-3595.249
20241121,-3596.5708
20241122,-3594.9862
20241122,-3593.5183
20241122,-3594.7445
20241122,-3595.8188
20241122,-3596.9536
20241122,-3595.3579
20241122,-3596.5222
20241122,-3594.6547
20241122,-3592.979
20241122,-3594.0878
20241122,-3593.1183
20241122,-3591.5094
20241122,-3590.803
20241122,-3591.9769
20241122,-3590.6766
20241122,-3591.8643
20241122,-3592.9697
20241122,-3594.1162
20241122,-3595.5575
20241122,-3597.2928
20241122,-3598.5326
20241122,-3599.8787
20241122,-3601.3014
20241122,-3599.8072
20241122,-3601.0978
20241122,-3599.9131
20241122,-3601.3018
20241122,-3602.6854
20241122,-3603.9345
20241122,-3602.3672
20241122,-3601.178
20241122,-3599.844
20241125,-3598.4236
20241125,-3596.7313
20241125,-3595.5484
20241125,-3596.8003
20241125,-3597.9003
20241125,-3596.2383
20241125,-3595.2276
20241125,-3593.6992
20241125,-3592.6403
20241125,-3594.2642
20241125,-3595.4196
20241125,-3596.5434
20241125,-3597.5863
20241125,-3598.8696
20241125,-3599.9904
20241125,-3601.4238
20241125,-3602.538
20241125,-3603.8102
20241125,-3602.0985
20241125,-3600.875
20241125,-3602.0822
20241125,-3600.4941
20241125,-3599.3359
20241125,-3598.2409
20241125,-3597.7186
20241125,-3598.7641
20241125,-3596.9982
20241125,-3598.2251
20241125,-3599.4087
20241125,-3600.5969
20241125,-3600.0617
20241125,-3601.2485
20241126,-3602.3147
20241126,-3603.3712
20241126,-3601.6104
20241126,-3602.7031
20241126,-3603.8246
20241126,-3602.1221
20241126,-3603.394
20241126,-3601.6274
20241126,-3600.4784
20241126,-3601.6292
20241126,-3603.0692
20241126,-3604.1737
20241126,-3605.4789
20241126,-3606.5934
20241126,-3607.7657
20241126,-3609.036
20241126,-3610.2944
20241126,-3609.5005
20241126,-3610.8611
20241126,-3612.0
20241126,-3613.2217
20241126,-3614.3034
20241126,-3615.5705
20241126,-3616.8301
20241126,-3618.0193
20241126,-3619.4952
20241126,-3620.9938
20241126,-3622.6482
20241126,-3623.9132
20241126,-3625.1988
20241126,-3626.5135
20241126,-3627.7028
20241127,-3628.8064
20241127,-3629.866
20241127,-3631.3515
20241127,-3632.4493
20241127,-3630.7209
20241127,-3631.9485
20241127,-3632.983
20241127,-3634.0768
20241127,-3635.2647
20241127,-3636.3958
20241127,-3637.4715
20241127,-3636.3837
20241127,-3637.4175
20241127,-3636.1191
20241127,-3634.7319
20241127,-3635.8573
20241127,-3638.0809
20241127,-3639.6169
20241127,-3640.913
20241127,-3642.1116
20241127,-3640.5003
20241127,-3638.3928
20241127,-3639.6546
20241127,-3641.2819
20241127,-3640.5817
20241127,-3641.8484
20241127,-3643.6487
20241127,-3642.4849
20241127,-3644.0774
20241127,-3645.7104
20241127,-3647.1151
20241127,-3646.4874
20241129,-3647.6902
20241129,-3648.8672
20241129,-3647.2306
20241129,-3648.3418
20241129,-3649.587
20241129,-3651.1075
20241129,-3652.2478
20241129,-3650.7605
20241129,-3651.8945
20241129,-3652.9493
20241129,-3651.4358
20241129,-3649.4716
20241129,-3650.8834
20241129,-3648.8896
20241129,-3650.1144
20241129,-3651.4619
20241129,-3652.6073
20241129,-3653.7933
20241129,-3652.3607
20241202,-3651.1658
20241202,-3649.3488
20241202,-3647.8453
20241202,-3648.9651
20241202,-3650.0093
20241202,-3651.1805
20241202,-3652.2795
20241202,-3653.4241
20241202,-3654.4581
20241202,-3655.6522
20241202,-3653.9704
20241202,-3655.2331
20241202,-3653.5022
20241202,-3654.626
20241202,-3655.8079
20241202,-3654.3367
20241202,-3653.3269
20241202,-3651.9014
20241202,-3653.055
20241202,-3654.1959
20241202,-3652.9577
20241202,-3652.283
20241202,-3653.7305
20241202,-3655.2714
20241202,-3656.4831
20241202,-3657.6984
20241202,-3659.0444
20241202,-3660.9782
20241202,-3662.2733
20241202,-3661.6186
20241202,-3660.1719
20241202,-3662.1126
20241203,-3661.4909
20241203,-3662.5857
20241203,-3661.5196
20241203,-3660.3627
20241203,-3661.5262
20241203,-3662.8271
20241203,-3663.8868
20241203,-3664.9727
20241203,-3666.0764
20241203,-3667.2358
20241203,-3668.3621
20241203,-3666.8484
20241203,-3668.1289
20241203,-3669.2502
20241203,-3667.3036
20241203,-3668.4653
20241203,-3669.9859
20241203,-3671.0343
20241203,-3672.3321
20241203,-3674.0393
20241203,-3673.3215
20241203,-3674.6267
20241203,-3675.9061
20241203,-3675.0769
20241203,-3677.0746
20241203,-3678.2258
20241203,-3679.682
20241203,-3680.9637
20241203,-3682.5026
20241203,-3681.4747
20241203,-3682.8278
20241203,-3684.2119
20241204,-3685.3709
20241204,-3686.4287
20241204,-3685.3464
20241204,-3686.5452
20241204,-3687.6621
20241204,-3685.5104
20241204,-3686.7069
20241204,-3685.5206
20241204,-3689.4375
20241204,-3690.7665
20241204,-3691.8676
20241204,-3693.1538
20241204,-3694.7782
20241204,-3696.4581
20241204,-3697.6434
20241204,-3699.0201
20241204,-3697.0388
20241204,-3698.1761
20241204,-3696.8691
20241204,-3696.053
20241204,-3694.3849
20241204,-3693.0187
20241204,-3694.3356
20241204,-3695.4766
20241204,-3694.062
20241204,-3695.2268
20241204,-3696.512
20241204,-3697.6866
20241204,-3699.2421
20241204,-3700.7386
20241204,-3699.2586
20241204,-3697.9159
20241205,-3698.9678
20241205,-3697.0978
20241205,-3698.2081
20241205,-3699.2446
20241205,-3700.3756
20241205,-3698.4494
20241205,-3697.338
20241205,-3698.4504
20241205,-3699.6038
20241205,-3700.7661
20241205,-3702.3063
20241205,-3703.4181
20241205,-3704.53
20241205,-3702.8343
20241205,-3703.9046
20241205,-3702.3638
20241205,-3703.5843
20241205,-3704.7564
20241205,-3703.6027
20241205,-3702.4033
20241205,-3700.8196
20241205,-3702.2504
20241205,-3701.0684
20241205,-3702.236
20241205,-3703.5072
20241205,-3704.7581
20241205,-3705.9773
20241205,-3707.1815
20241205,-3708.532
20241205,-3709.7484
20241205,-3710.9214
20241205,-3712.3677
20241206,-3713.6111
20241206,-3714.6516
20241206,-3715.867
20241206,-3717.0121
20241206,-3718.1145
20241206,-3716.6904
20241206,-3717.7951
20241206,-3719.1234
20241206,-3720.2891
20241206,-3721.4728
20241206,-3719.7705
20241206,-3720.9809
20241206,-3722.617
20241206,-3723.7388
20241206,-3725.2597
20241206,-3726.4034
20241206,-3727.4964
20241206,-3725.5778
20241206,-3726.7564
20241206,-3727.8987
20241206,-3729.0698
20241206,-3730.3746
20241206,-3729.2529
20241206,-3726.797
20241206,-3727.9191
20241206,-3726.3654
20241206,-3727.4108
20241206,-3729.1106
20241206,-3730.4497
20241206,-3731.6243
20241206,-3730.6779
20241206,-3732.7965
20241209,-3733.8934
20241209,-3734.9567
20241209,-3733.4986
20241209,-3734.7225
20241209,-3732.7906
20241209,-3730.904
20241209,-3729.4513
20241209,-3727.3448
20241209,-3726.0306
20241209,-3727.1357
20241209,-3725.2211
20241209,-3726.7115
20241209,-3725.4545
20241209,-3726.577
20241209,-3727.6341
20241209,-3726.8088
20241209,-3728.0107
20241209,-3727.1821
20241209,-3728.4354
20241209,-3729.5331
20241209,-3730.9617
20241209,-3732.3046
20241209,-3733.9525
20241209,-3735.2209
20241209,-3736.4417
20241209,-3738.022
20241209,-3739.1373
20241209,-3740.6667
20241209,-3741.8212
20241209,-3743.0007
20241209,-3741.9697
20241209,-3743.2361
20241210,-3744.5791
20241210,-3745.7907
20241210,-3747.212
20241210,-3748.3729
20241210,-3746.5413
20241210,-3747.635
20241210,-3748.9575
20241210,-3750.137
20241210,-3751.2499
20241210,-3752.7646
20241210,-3750.888
20241210,-3752.2573
20241210,-3753.3413
20241210,-3754.882
20241210,-3753.3699
20241210,-3754.6887
20241210,-3753.3116
20241210,-3754.6428
20241210,-3755.7502
20241210,-3754.179
20241210,-3755.6255
20241210,-3756.7551
20241210,-3758.142
20241210,-3759.3032
20241210,-3758.1519
20241210,-3759.4039
20241210,-3758.1621
20241210,-3756.3207
20241210,-3755.1061
20241210,-3753.5938
20241210,-3754.7908
20241210,-3753.2813
20241211,-3751.6517
20241211,-3752.7506
20241211,-3753.8127
20241211,-3755.1555
20241211,-3756.606
20241211,-3755.7722
20241211,-3753.6478
20241211,-3751.7863
20241211,-3753.2673
20241211,-3752.9971
20241211,-3754.1445
20241211,-3755.3035
20241211,-3753.587
20241211,-3752.3675
20241211,-3753.6661
20241211,-3755.0507
20241211,-3756.1783
20241211,-3757.7177
20241211,-3758.9359
20241211,-3760.086
20241211,-3761.2806
20241211,-3760.4818
20241211,-3761.8053
20241211,-3762.8914
20241211,-3761.3197
20241211,-3762.7
20241211,-3764.0065
20241211,-3765.1543
20241211,-3763.611
20241211,-3765.0737
20241211,-3766.5751
20241211,-3767.9136
20241212,-3765.9847
20241212,-3764.0658
20241212,-3762.412
20241212,-3763.5778
20241212,-3764.8299
20241212,-3765.9431
20241212,-3767.1312
20241212,-3768.252
20241212,-3769.3267
20241212,-3770.8575
20241212,-3769.0423
20241212,-3770.3241
20241212,-3771.6452
20241212,-3773.4186
20241212,-3774.7112
20241212,-3776.1626
20241212,-3777.428
20241212,-3778.6155
20241212,-3777.711
20241212,-3776.4768
20241212,-3774.9328
20241212,-3773.88
20241212,-3774.9879
20241212,-3773.4323
20241212,-3774.5828
20241212,-3776.3124
20241212,-3777.4061
20241212,-3778.5581
20241212,-3777.5083
20241212,-3778.7232
20241212,-3779.9424
20241212,-3781.1608
20241213,-3782.209
20241213,-3783.4127
20241213,-3784.4541
20241213,-3785.5936
20241213,-3786.758
20241213,-3785.4644
20241213,-3786.6794
20241213,-3785.3312
20241213,-3786.4204
20241213,-3788.1773
20241213,-3786.6057
20241213,-3787.6611
20241213,-3786.059
20241213,-3787.4659
20241213,-3786.9417
20241213,-3785.2572
20241213,-3786.4306
20241213,-3788.2417
20241213,-3786.2129
20241213,-3785.1461
20241213,-3786.2575
20241213,-3784.4233
20241213,-3785.6646
20241213,-3784.8847
20241213,-3786.0513
20241213,-3787.3676
20241213,-3788.519
20241213,-3789.7615
20241213,-3790.9825
20241213,-3789.8599
20241213,-3788.4195
20241213,-3789.6019
20241216,-3790.7916
20241216,-3788.7656
20241216,-3789.9621
20241216,-3791.0503
20241216,-3792.1802
20241216,-3793.2987
20241216,-3794.5254
20241216,-3795.6577
20241216,-3796.7108
20241216,-3794.6912
20241216,-3795.8714
20241216,-3794.8951
20241216,-3796.2556
20241216,-3794.5589
20241216,-3795.7037
20241216,-3797.0887
20241216,-3798.2218
20241216,-3797.8577
20241216,-3799.3144
20241216,-3800.4375
20241216,-3801.5525
20241216,-3802.729
20241216,-3804.0994
20241216,-3803.0929
20241216,-3804.332
20241216,-3805.4667
20241216,-3806.8762
20241216,-3808.4568
20241216,-3807.8843
20241216,-3809.0174
20241216,-3810.2316
20241216,-3811.6966
20241217,-3812.7779
20241217,-3813.9175
20241217,-3812.1387
20241217,-3813.2923
20241217,-3814.5468
20241217,-3815.7194
20241217,-3817.0843
20241217,-3818.2116
20241217,-3819.4432
20241217,-3820.488
20241217,-3821.6065
20241217,-3822.7456
20241217,-3823.9508
20241217,-3825.4426
20241217,-3826.633
20241217,-3827.7703
20241217,-3829.1209
20241217,-3830.5992
20241217,-3830.0203
20241217,-3831.2235
20241217,-3832.2872
20241217,-3833.438
20241217,-3834.5336
20241217,-3833.0059
20241217,-3834.1522
20241217,-3833.0571
20241217,-3834.4523
20241217,-3835.6483
20241217,-3833.671
20241217,-3833.2933
20241217,-3834.5996
20241217,-3833.9561
20241218,-3835.0501
20241218,-3836.1372
20241218,-3834.7382
20241218,-3832.9567
20241218,-3834.0302
20241218,-3831.9259
20241218,-3832.9794
20241218,-3834.0757
20241218,-3835.4588
20241218,-3833.7614
20241218,-3834.89
20241218,-3836.2179
20241218,-3837.4374
20241218,-3836.002
20241218,-3837.3361
20241218,-3838.7296
20241218,-3840.2778
20241218,-3841.4108
20241218,-3840.508
20241218,-3838.0843
20241218,-3839.4167
20241218,-3840.648
20241218,-3841.9148
20241218,-3843.2474
20241218,-3844.3811
20241218,-3842.3088
20241218,-3840.4353
20241218,-3839.6814
20241218,-3837.0336
20241218,-3838.1657
20241218,-3836.5243
20241218,-3837.6101
20241219,-3838.6507
20241219,-3836.9011
20241219,-3834.8402
20241219,-3833.375
20241219,-3834.496
20241219,-3832.8469
20241219,-3833.8916
20241219,-3832.0038
20241219,-3833.0797
20241219,-3831.0448
20241219,-3830.2885
20241219,-3831.4151
20241219,-3832.7932
20241219,-3834.1364
20241219,-3832.5873
20241219,-3833.8556
20241219,-3832.4719
20241219,-3833.5443
20241219,-3834.9857
20241219,-3836.1057
20241219,-3837.2649
20241219,-3838.389
20241219,-3839.4192
20241219,-3840.9674
20241219,-3842.1833
20241219,-3843.3868
20241219,-3842.4776
20241219,-3843.6349
20241219,-3844.791
20241219,-3843.321
20241219,-3841.6468
20241219,-3842.7649
20241220,-3840.7705
20241220,-3839.1652
20241220,-3837.4296
20241220,-3838.4761
20241220,-3839.563
20241220,-3837.8089
20241220,-3839.2198
20241220,-3837.4478
20241220,-3838.6344
20241220,-3837.0273
20241220,-3835.995
20241220,-3837.0578
20241220,-3838.1971
20241220,-3837.3301
20241220,-3838.483
20241220,-3836.7073
20241220,-3837.8842
20241220,-3839.3335
20241220,-3840.4519
20241220,-3841.6219
20241220,-3839.5707
20241220,-3840.7715
20241220,-3841.8444
20241220,-3843.0131
20241220,-3842.0681
20241220,-3843.2666
20241220,-3841.9535
20241220,-3840.4651
20241220,-3839.0439
20241220,-3840.6373
20241220,-3838.8908
20241220,-3840.188
20241223,-3838.5211
20241223,-3837.1883
20241223,-3838.2276
20241223,-3839.2819
20241223,-3840.3598
20241223,-3841.4612
20241223,-3842.7101
20241223,-3840.804
20241223,-3839.5027
20241223,-3840.6237
20241223,-3839.1179
20241223,-3840.3606
20241223,-3838.983
20241223,-3837.9186
20241223,-3838.9935
20241223,-3837.1885
20241223,-3838.416
20241223,-3839.7024
20241223,-3841.0072
20241223,-3842.2176
20241223,-3843.3443
20241223,-3844.6236
20241223,-3843.1142
20241223,-3844.3848
20241223,-3841.4215
20241223,-3843.24
20241223,-3842.0291
20241223,-3843.2691
20241223,-3842.8568
20241223,-3841.1501
20241223,-3842.2426
20241223,-3843.4807
20241224,-3844.5765
20241224,-3845.7042
20241224,-3846.8698
20241224,-3845.4364
20241224,-3846.6194
20241224,-3844.905
20241224,-3842.8401
20241224,-3841.8181
20241224,-3843.1316
20241224,-3844.5809
20241224,-3841.3749
20241224,-3839.386
20241224,-3840.5916
20241224,-3841.7249
20241224,-3840.3987
20241224,-3841.7631
20241224,-3843.4319
20241224,-3844.8901
20241224,-3846.3613
20241224,-3844.8174
20241226,-3845.8891
20241226,-3846.9214
20241226,-3845.4047
20241226,-3843.117
20241226,-3844.452
20241226,-3842.9972
20241226,-3841.5254
20241226,-3842.7438
20241226,-3843.9601
20241226,-3842.4024
20241226,-3843.6069
20241226,-3842.657
20241226,-3843.978
20241226,-3845.7408
20241226,-3847.047
20241226,-3848.4542
20241226,-3849.9816
20241226,-3851.2914
20241226,-3850.1599
20241226,-3851.3374
20241226,-3852.5517
20241226,-3853.6569
20241226,-3854.9603
20241226,-3853.418
20241226,-3851.7768
20241226,-3850.2416
20241226,-3851.6233
20241226,-3853.3983
20241226,-3854.5965
20241226,-3854.3453
20241226,-3853.711
20241226,-3852.5725
20241227,-3850.9088
20241227,-3852.0219
20241227,-3850.2268
20241227,-3851.3057
20241227,-3852.399
20241227,-3853.6117
20241227,-3852.5017
20241227,-3853.5893
20241227,-3855.0386
20241227,-3856.408
20241227,-3855.6382
20241227,-3856.7944
20241227,-3858.2295
20241227,-3856.1454
20241227,-3857.3263
20241227,-3858.4848
20241227,-3857.533
20241227,-3855.7744
20241227,-3854.8675
20241227,-3853.9665
20241227,-3855.0622
20241227,-3856.1264
20241227,-3857.2751
20241227,-3856.3228
20241227,-3852.5212
20241227,-3850.5786
20241227,-3851.8816
20241227,-3853.3614
20241227,-3851.9566
20241227,-3853.033
20241227,-3851.5163
20241227,-3850.3224
20241230,-3848.4074
20241230,-3846.7611
20241230,-3848.1059
20241230,-3846.4368
20241230,-3847.5549
20241230,-3845.9547
20241230,-3844.5886
20241230,-3845.7235
20241230,-3846.9049
20241230,-3844.5169
20241230,-3842.8028
20241230,-3841.2
20241230,-3839.7993
20241230,-3841.0289
20241230,-3842.1558
20241230,-3840.9227
20241230,-3842.0111
20241230,-3843.2548
20241230,-3842.2075
20241230,-3843.5998
20241230,-3845.0415
20241230,-3846.1705
20241230,-3844.9433
20241230,-3846.0273
20241230,-3847.2038
20241230,-3848.3364
20241230,-3849.5315
20241230,-3851.3223
20241230,-3849.3507
20241230,-3850.8163
20241230,-3851.9965
20241231,-3850.1398
20241231,-3851.2206
20241231,-3852.2856
20241231,-3851.6027
20241231,-3852.6804
20241231,-3853.7855
20241231,-3852.3986
20241231,-3853.4427
20241231,-3851.5633
20241231,-3852.655
20241231,-3851.2531
20241231,-3852.5292
20241231,-3853.666
20241231,-3854.9082
20241231,-3856.1694
20241231,-3854.6877
20241231,-3855.8726
20241231,-3857.3562
20241231,-3858.556
20241231,-3857.1649
20241231,-3856.1997
20241231,-3854.5758
20241231,-3856.04
20241231,-3857.7814
20241231,-3855.2865
20241231,-3856.4495
20241231,-3854.9095
20241231,-3856.0209
20241231,-3854.3053
20241231,-3852.4777
20241231,-3853.5287
20241231,-3855.1882
20250102,-3853.7623
20250102,-3854.8768
20250102,-3855.9596
20250102,-3853.9891
20250102,-3851.581
20250102,-3849.3777
20250102,-3850.5014
20250102,-3851.5662
20250102,-3852.6681
20250102,-3853.8676
20250102,-3855.0316
20250102,-3856.5787
20250102,-3857.7557
20250102,-3859.1231
20250102,-3860.2107
20250102,-3861.2798
20250102,-3862.3328
20250102,-3863.419
20250102,-3862.5413
20250102,-3863.8451
20250102,-3865.088
20250102,-3866.3055
20250102,-3867.3372
20250102,-3866.0779
20250102,-3864.2852
20250102,-3865.3898
20250102,-3866.4473
20250102,-3864.7047
20250102,-3865.9834
20250102,-3867.1333
20250102,-3868.269
20250102,-3869.4151
20250103,-3870.4875
20250103,-3871.6273
20250103,-3872.707
20250103,-3873.8102
20250103,-3872.6311
20250103,-3870.7432
20250103,-3869.2202
20250103,-3867.5569
20250103,-3868.7019
20250103,-3867.2897
20250103,-3865.5157
20250103,-3866.6204
20250103,-3865.0236
20250103,-3866.2081
20250103,-3867.3053
20250103,-3868.9508
20250103,-3868.5549
20250103,-3869.6613
20250103,-3867.8763
20250103,-3869.0486
20250103,-3867.3009
20250103,-3868.7057
20250103,-3869.8666
20250103,-3871.053
20250103,-3872.3407
20250103,-3870.6738
20250103,-3869.14
20250103,-3870.767
20250103,-3872.0543
20250103,-3873.3214
20250103,-3871.7493
20250103,-3873.2564
20250106,-3874.4
20250106,-3875.5328
20250106,-3876.7913
20250106,-3877.9908
20250106,-3876.4353
20250106,-3877.5862
20250106,-3878.6695
20250106,-3879.8287
20250106,-3880.9781
20250106,-3882.192
20250106,-3883.2446
20250106,-3884.3332
20250106,-3885.519
20250106,-3886.6853
20250106,-3887.8473
20250106,-3886.5612
20250106,-3884.832
20250106,-3882.8422
20250106,-3883.9654
20250106,-3885.1951
20250106,-3886.2563
20250106,-3887.5715
20250106,-3886.0337
20250106,-3887.1322
20250106,-3888.293
20250106,-3889.8658
20250106,-3888.3575
20250106,-3887.2599
20250106,-3888.4145
20250106,-3889.7743
20250106,-3890.9518
20250106,-3892.0843
20250107,-3893.1536
20250107,-3894.3218
20250107,-3895.5069
20250107,-3896.5639
20250107,-3897.6288
20250107,-3898.6978
20250107,-3897.0722
20250107,-3895.2943
20250107,-3893.2311
20250107,-3894.3515
20250107,-3895.517
20250107,-3894.05
20250107,-3895.1761
20250107,-3896.31
20250107,-3897.7136
20250107,-3896.1096
20250107,-3897.2311
20250107,-3895.7571
20250107,-3896.9125
20250107,-3898.0147
20250107,-3896.5896
20250107,-3895.2589
20250107,-3896.4635
20250107,-3897.7324
20250107,-3899.0196
20250107,-3900.4953
20250107,-3899.4726
20250107,-3897.6842
20250107,-3898.8062
20250107,-3900.2427
20250107,-3901.4741
20250107,-3902.6007
20250108,-3903.6791
20250108,-3904.7641
20250108,-3905.8404
20250108,-3904.0213
20250108,-3905.1035
20250108,-3903.8781
20250108,-3904.9849
20250108,-3906.2359
20250108,-3907.4322
20250108,-3909.0519
20250108,-3910.5506
20250108,-3911.7634
20250108,-3912.9204
20250108,-3911.168
20250108,-3909.1544
20250108,-3910.5251
20250108,-3911.6573
20250108,-3912.8571
20250108,-3913.9191
20250108,-3915.0932
20250108,-3916.2099
20250108,-3917.369
20250108,-3918.5528
20250108,-3919.6378
20250108,-3920.7322
20250108,-3921.8472
20250108,-3920.86
20250108,-3919.1959
20250108,-3920.374
20250108,-3921.6924
20250108,-3922.8443
20250108,-3921.2301
20250110,-3922.2897
20250110,-3923.3247
20250110,-3924.3619
20250110,-3925.4201
20250110,-3926.5499
20250110,-3927.6784
20250110,-3928.7775
20250110,-3929.8752
20250110,-3931.1853
20250110,-3932.2715
20250110,-3933.3164
20250110,-3934.5146
20250110,-3933.2723
20250110,-3934.4015
20250110,-3932.5757
20250110,-3931.5152
20250110,-3932.6219
20250110,-3931.1795
20250110,-3932.6066
20250110,-3931.1014
20250110,-3929.8723
20250110,-3928.0853
20250110,-3929.1402
20250110,-3930.2422
20250110,-3931.2918
20250110,-3932.3834
20250110,-3933.6017
20250110,-3934.7392
20250110,-3935.9368
20250110,-3934.7296
20250110,-3935.917
20250110,-3937.1265
20250113,-3938.1445
20250113,-3939.2073
20250113,-3940.3481
20250113,-3941.5222
20250113,-3942.6008
20250113,-3943.7181
20250113,-3944.797
20250113,-3943.7105
20250113,-3944.7564
20250113,-3945.9762
20250113,-3944.5167
20250113,-3945.655
20250113,-3946.8169
20250113,-3948.3037
20250113,-3949.4831
20250113,-3950.6198
20250113,-3951.8219
20250113,-3953.2866
20250113,-3954.5267
20250113,-3955.6629
20250113,-3954.2334
20250113,-3952.4916
20250113,-3954.0309
20250113,-3952.3323
20250113,-3953.9307
20250113,-3955.0908
20250113,-3956.3359
20250113,-3955.2436
20250113,-3965.1312
20250113,-3966.4135
20250113,-3967.6475
20250113,-3966.6594
20250114,-3964.3919
20250114,-3962.6884
20250114,-3963.7508
20250114,-3965.0417
20250114,-3966.1763
20250114,-3967.6698
20250114,-3969.0895
20250114,-3967.1216
20250114,-3968.4261
20250114,-3969.5562
20250114,-3970.6616
20250114,-3971.761
20250114,-3972.9168
20250114,-3974.2196
20250114,-3975.5398
20250114,-3973.8216
20250114,-3975.3355
20250114,-3973.847
20250114,-3972.6567
20250114,-3973.8888
20250114,-3975.0878
20250114,-3977.002
20250114,-3978.288
20250114,-3979.3748
20250114,-3977.9548
20250114,-3979.2288
20250114,-3980.3788
20250114,-3981.599
20250114,-3982.769
20250114,-3981.2578
20250114,-3982.3083
20250114,-3981.1191
20250115,-3979.6192
20250115,-3977.8617
20250115,-3978.923
20250115,-3980.0681
20250115,-3978.5829
20250115,-3979.7338
20250115,-3980.8445
20250115,-3981.9309
20250115,-3980.2711
20250115,-3981.4496
20250115,-3980.3207
20250115,-3981.4161
20250115,-3982.7363
20250115,-3984.1776
20250115,-3981.9641
20250115,-3980.5499
20250115,-3981.5933
20250115,-3981.2149
20250115,-3979.5218
20250115,-3980.7559
20250115,-3979.713
20250115,-3980.9341
20250115,-3978.6152
20250115,-3976.9442
20250115,-3976.3186
20250115,-3977.5571
20250115,-3978.8464
20250115,-3980.156
20250115,-3978.5481
20250115,-3977.6603
20250115,-3976.5425
20250115,-3977.8425
20250116,-3978.8823
20250116,-3977.296
20250116,-3978.4199
20250116,-3979.4915
20250116,-3977.8698
20250116,-3978.9871
20250116,-3980.1216
20250116,-3979.7889
20250116,-3981.1012
20250116,-3982.2099
20250116,-3983.2852
20250116,-3981.5514
20250116,-3982.8565
20250116,-3983.9708
20250116,-3985.1644
20250116,-3986.3207
20250116,-3987.6917
20250116,-3988.9895
20250116,-3990.2416
20250116,-3988.8133
20250116,-3990.09
20250116,-3991.3078
20250116,-3990.5921
20250116,-3991.8349
20250116,-3992.9499
20250116,-3994.1844
20250116,-3995.396
20250116,-3997.011
20250116,-3995.7724
20250116,-3994.0883
20250116,-3995.3138
20250116,-3997.1061
20250117,-3998.1624
20250117,-3999.1912
20250117,-3997.4173
20250117,-3995.7015
20250117,-3996.7785
20250117,-3997.8884
20250117,-3999.0122
20250117,-3997.4406
20250117,-3995.5223
20250117,-3996.655
20250117,-3994.3328
20250117,-3995.853
20250117,-3997.2403
20250117,-3998.4977
20250117,-3999.7669
20250117,-4001.133
20250117,-3999.5785
20250117,-4001.3979
20250117,-4000.4827
20250117,-4001.7139
20250117,-4002.9411
20250117,-4004.1435
20250117,-4005.2553
20250117,-4003.6806
20250117,-4002.925
20250117,-4001.8366
20250117,-4002.9587
20250117,-4004.1586
20250117,-4005.4623
20250117,-4006.8791
20250117,-4008.3562
20250117,-4009.5173
20250121,-4007.6521
20250121,-4008.8243
20250121,-4009.9063
20250121,-4008.2642
20250121,-4009.4481
20250121,-4010.5317
20250121,-4011.6416
20250121,-4012.8628
20250121,-4014.1002
20250121,-4015.3368
20250121,-4016.3941
20250121,-4017.8246
20250121,-4019.0479
20250121,-4017.2723
20250121,-4018.4336
20250121,-4016.8427
20250121,-4018.0061
20250121,-4017.1555
20250121,-4015.7942
20250121,-4016.9153
20250121,-4015.478
20250121,-4016.6053
20250121,-4017.6546
20250121,-4018.9826
20250121,-4020.378
20250121,-4021.928
20250121,-4020.3264
20250121,-4021.4986
20250121,-4021.3809
20250121,-4019.9029
20250121,-4021.2243
20250121,-4022.6897
20250122,-4023.755
20250122,-4024.829
20250122,-4023.2783
20250122,-4022.0636
20250122,-4023.2189
20250122,-4024.3785
20250122,-4022.707
20250122,-4023.9023
20250122,-4025.0716
20250122,-4023.2599
20250122,-4021.4018
20250122,-4019.7434
20250122,-4018.9573
20250122,-4020.7054
20250122,-4022.0183
20250122,-4023.3351
20250122,-4021.6368
20250122,-4022.8785
20250122,-4021.2289
20250122,-4022.4537
20250122,-4021.3806
20250122,-4022.5415
20250122,-4023.8002
20250122,-4022.6735
20250122,-4024.292
20250122,-4025.4493
20250122,-4026.6099
20250122,-4028.0081
20250122,-4029.4838
20250122,-4028.0551
20250122,-4027.73
20250122,-4028.7807
20250123,-4027.505
20250123,-4025.8957
20250123,-4027.2167
20250123,-4028.2896
20250123,-4029.4202
20250123,-4030.5434
20250123,-4028.7979
20250123,-4027.9456
20250123,-4026.7954
20250123,-4028.0391
20250123,-4026.503
20250123,-4027.9449
20250123,-4029.0771
20250123,-4030.5016
20250123,-4031.6304
20250123,-4033.1356
20250123,-4032.1247
20250123,-4033.2959
20250123,-4034.6248
20250123,-4032.7003
20250123,-4034.0123
20250123,-4035.2163
20250123,-4036.3103
20250123,-4037.5062
20250123,-4038.7243
20250123,-4037.5318
20250123,-4036.1613
20250123,-4037.7553
20250123,-4039.0645
20250123,-4040.2373
20250123,-4041.5597
20250123,-4042.7966
20250124,-4041.0832
20250124,-4042.3999
20250124,-4043.6292
20250124,-4041.8199
20250124,-4043.1836
20250124,-4044.3966
20250124,-4045.4981
20250124,-4045.3168
20250124,-4046.426
20250124,-4047.8441
20250124,-4046.4888
20250124,-4044.966
20250124,-4044.0197
20250124,-4045.1591
20250124,-4044.0308
20250124,-4046.2468
20250124,-4044.9319
20250124,-4043.7452
20250124,-4044.9228
20250124,-4046.0047
20250124,-4047.7879
20250124,-4046.8997
20250124,-4044.8097
20250124,-4045.9787
20250124,-4044.5368
20250124,-4045.8813
20250124,-4044.1857
20250124,-4045.3752
20250124,-4046.4628
20250124,-4047.6932
20250124,-4046.3852
20250124,-4045.1424
20250127,-4046.1678
20250127,-4048.0114
20250127,-4049.0552
20250127,-4050.1263
20250127,-4051.2146
20250127,-4052.3423
20250127,-4053.5052
20250127,-4052.2569
20250127,-4053.3106
20250127,-4051.6312
20250127,-4053.0508
20250127,-4054.1162
20250127,-4055.178
20250127,-4056.2656
20250127,-4057.4609
20250127,-4058.5891
20250127,-4056.8681
20250127,-4055.1504
20250127,-4053.5116
20250127,-4052.5429
20250127,-4054.2045
20250127,-4052.3965
20250127,-4051.1354
20250127,-4052.3822
20250127,-4050.6436
20250127,-4051.7221
20250127,-4053.3253
20250127,-4054.57
20250127,-4056.0211
20250127,-4053.7088
20250127,-4052.2254
20250127,-4050.6139
20250128,-4051.7252
20250128,-4052.8243
20250128,-4053.865
20250128,-4051.9668
20250128,-4053.033
20250128,-4051.6666
20250128,-4050.0126
20250128,-4051.1614
20250128,-4049.4939
20250128,-4050.8552
20250128,-4052.0271
20250128,-4053.1448
20250128,-4054.2223
20250128,-4055.4576
20250128,-4057.1168
20250128,-4058.7512
20250128,-4059.982
20250128,-4059.0566
20250128,-4057.5069
20250128,-4058.7373
20250128,-4060.0392
20250128,-4057.824
20250128,-4059.0855
20250128,-4060.2556
20250128,-4059.9484
20250128,-4058.3214
20250128,-4056.2547
20250128,-4057.5361
20250128,-4055.5777
20250128,-4056.8112
20250128,-4057.9672
20250128,-4059.1058
20250129,-4060.2026
20250129,-4061.2608
20250129,-4062.3953
20250129,-4060.5519
20250129,-4058.8702
20250129,-4060.1705
20250129,-4061.253
20250129,-4062.4538
20250129,-4063.5758
20250129,-4064.9483
20250129,-4066.062
20250129,-4067.1642
20250129,-4068.3525
20250129,-4069.7101
20250129,-4068.3585
20250129,-4069.4395
20250129,-4070.7993
20250129,-4072.2969
20250129,-4073.3968
20250129,-4074.9317
20250129,-4073.9393
20250129,-4072.4465
20250129,-4073.5816
20250129,-4074.7755
20250129,-4074.3226
20250129,-4072.6838
20250129,-4073.7439
20250129,-4071.9953
20250129,-4073.074
20250129,-4074.209
20250129,-4075.6415
20250129,-4073.9971
20250130,-4072.507
20250130,-4070.2116
20250130,-4071.3411
20250130,-4072.5107
20250130,-4071.0266
20250130,-4069.1332
20250130,-4070.1755
20250130,-4071.5204
20250130,-4069.6119
20250130,-4070.6917
20250130,-4071.739
20250130,-4070.7007
20250130,-4068.3723
20250130,-4066.4737
20250130,-4067.5914
20250130,-4066.6794
20250130,-4067.7725
20250130,-4068.9215
20250130,-4070.0006
20250130,-4069.0062
20250130,-4070.16
20250130,-4068.8093
20250130,-4067.395
20250130,-4069.0419
20250130,-4067.9752
20250130,-4067.0392
20250130,-4068.6439
20250130,-4069.9134
20250130,-4071.3087
20250130,-4072.4774
20250130,-4073.9399
20250130,-4073.1433
20250131,-4071.2419
20250131,-4072.5057
20250131,-4073.5596
20250131,-4074.6401
20250131,-4072.9285
20250131,-4071.1376
20250131,-4069.5179
20250131,-4068.0703
20250131,-4069.2625
20250131,-4067.6707
20250131,-4066.0186
20250131,-4064.5094
20250131,-4063.4932
20250131,-4064.9379
20250131,-4062.0046
20250131,-4060.293
20250131,-4061.6384
20250131,-4062.8768
20250131,-4064.0391
20250131,-4063.6125
20250131,-4061.785
20250131,-4060.2181
20250131,-4061.3871
20250131,-4062.4855
20250131,-4061.2878
20250131,-4059.8435
20250131,-4058.3728
20250131,-4056.9419
20250131,-4057.9926
20250131,-4054.4807
20250131,-4055.7806
20250131,-4054.1466
20250203,-4055.2521
20250203,-4056.3628
20250203,-4057.4035
20250203,-4058.4742
20250203,-4059.8432
20250203,-4060.9297
20250203,-4061.9749
20250203,-4063.0234
20250203,-4061.409
20250203,-4062.5641
20250203,-4063.9723
20250203,-4065.3001
20250203,-4066.412
20250203,-4064.6127
20250203,-4065.7632
20250203,-4066.8503
20250203,-4067.997
20250203,-4069.119
20250203,-4070.256
20250203,-4068.789
20250203,-4070.0041
20250203,-4067.0934
20250203,-4068.4235
20250203,-4065.4748
20250203,-4066.6205
20250203,-4067.854
20250203,-4069.0189
20250203,-4070.1687
20250203,-4068.3952
20250203,-4069.5233
20250203,-4070.6126
20250203,-4071.9184
20250204,-4070.0672
20250204,-4068.2743
20250204,-4066.2859
20250204,-4064.9032
20250204,-4066.0408
20250204,-4067.1801
20250204,-4068.2498
20250204,-4069.6814
20250204,-4070.9275
20250204,-4072.1312
20250204,-4071.3098
20250204,-4072.6132
20250204,-4073.7162
20250204,-4074.7826
20250204,-4075.8965
20250204,-4077.1921
20250204,-4075.6567
20250204,-4076.7492
20250204,-4077.9062
20250204,-4076.8563
20250204,-4078.4517
20250204,-4077.3269
20250204,-4078.5263
20250204,-4079.7012
20250204,-4080.8213
20250204,-4082.0918
20250204,-4080.6946
20250204,-4081.9355
20250204,-4080.6854
20250204,-4082.0089
20250204,-4084.2095
20250204,-4085.4303
20250205,-4086.5192
20250205,-4087.7462
20250205,-4089.1601
20250205,-4090.2343
20250205,-4091.4265
20250205,-4092.5401
20250205,-4093.8052
20250205,-4094.9894
20250205,-4096.2334
20250205,-4097.477
20250205,-4095.7783
20250205,-4097.0157
20250205,-4095.4273
20250205,-4097.0378
20250205,-4096.0457
20250205,-4095.2132
20250205,-4093.077
20250205,-4094.4067
20250205,-4095.5131
20250205,-4094.1632
20250205,-4095.2543
20250205,-4094.4891
20250205,-4093.1756
20250205,-4092.0398
20250205,-4093.1263
20250205,-4094.305
20250205,-4096.0009
20250205,-4097.1324
20250205,-4098.3698
20250205,-4099.8635
20250205,-4099.105
20250205,-4100.2238
20250206,-4101.2738
20250206,-4102.3657
20250206,-4100.5073
20250206,-4101.6479
20250206,-4102.7533
20250206,-4102.095
20250206,-4103.3346
20250206,-4104.4381
20250206,-4102.7082
20250206,-4103.7759
20250206,-4105.1269
20250206,-4106.2805
20250206,-4107.5268
20250206,-4105.3846
20250206,-4106.4832
20250206,-4107.553
20250206,-4109.2494
20250206,-4108.6168
20250206,-4109.788
20250206,-4110.9565
20250206,-4112.2396
20250206,-4113.4381
20250206,-4114.6461
20250206,-4116.0169
20250206,-4117.1816
20250206,-4115.8216
20250206,-4116.9757
20250206,-4118.8117
20250206,-4120.104
20250206,-4118.3921
20250206,-4119.6225
20250206,-4118.5158
20250207,-4119.6325
20250207,-4116.7593
20250207,-4117.8278
20250207,-4119.0995
20250207,-4120.1901
20250207,-4121.2907
20250207,-4122.4521
20250207,-4120.614
20250207,-4119.5108
20250207,-4117.5234
20250207,-4116.2513
20250207,-4114.3754
20250207,-4115.6991
20250207,-4116.7638
20250207,-4115.1841
20250207,-4116.3158
20250207,-4117.5683
20250207,-4115.7946
20250207,-4116.8409
20250207,-4117.8839
20250207,-4119.1618
20250207,-4120.3246
20250207,-4118.3997
20250207,-4120.0227
20250207,-4121.2911
20250207,-4122.4569
20250207,-4123.5723
20250207,-4121.81
20250207,-4122.9413
20250207,-4121.4098
20250207,-4122.6372
20250210,-4123.7933
20250210,-4124.8615
20250210,-4123.4246
20250210,-4124.5459
20250210,-4123.3053
20250210,-4124.4557
20250210,-4125.6618
20250210,-4127.1112
20250210,-4128.8843
20250210,-4130.2084
20250210,-4131.2706
20250210,-4132.4003
20250210,-4133.5053
20250210,-4135.0835
20250210,-4136.2055
20250210,-4137.65
20250210,-4143.8442
20250210,-4145.0485
20250210,-4143.7148
20250210,-4144.9757
20250210,-4144.2303
20250210,-4145.4142
20250210,-4146.869
20250210,-4148.1537
20250210,-4149.3843
20250210,-4147.8231
20250210,-4149.0334
20250210,-4147.6025
20250210,-4146.5263
20250210,-4147.8126
20250210,-4146.1006
20250210,-4147.172
20250211,-4148.2686
20250211,-4149.5213
20250211,-4150.6375
20250211,-4152.1584
20250211,-4150.0574
20250211,-4151.294
20250211,-4152.5222
20250211,-4153.5956
20250211,-4154.8337
20250211,-4153.1164
20250211,-4151.89
20250211,-4153.1053
20250211,-4151.1323
20250211,-4149.3865
20250211,-4150.5554
20250211,-4148.7296
20250211,-4146.3871
20250211,-4147.6006
20250211,-4146.5851
20250211,-4147.908
20250211,-4149.1665
20250211,-4148.1648
20250211,-4150.0523
20250211,-4151.2434
20250211,-4153.0381
20250211,-4154.3518
20250211,-4155.6443
20250211,-4156.8576
20250211,-4154.4263
20250211,-4153.5535
20250211,-4151.9072
20250212,-4153.2479
20250212,-4154.3362
20250212,-4152.5358
20250212,-4153.6491
20250212,-4154.7334
20250212,-4152.8906
20250212,-4154.2002
20250212,-4155.3151
20250212,-4156.3644
20250212,-4157.5171
20250212,-4158.6023
20250212,-4159.6703
20250212,-4158.3627
20250212,-4159.5878
20250212,-4160.7185
20250212,-4159.4934
20250212,-4160.7486
20250212,-4159.2722
20250212,-4160.8215
20250212,-4162.0339
20250212,-4163.2049
20250212,-4164.4782
20250212,-4165.9517
20250212,-4167.3959
20250212,-4165.8773
20250212,-4166.9603
20250212,-4164.9102
20250212,-4166.1589
20250212,-4167.8092
20250212,-4169.3318
20250212,-4167.2147
20250212,-4168.3742
20250213,-4169.5296
20250213,-4170.6033
20250213,-4168.7915
20250213,-4170.2268
20250213,-4171.519
20250213,-4172.6907
20250213,-4174.3104
20250213,-4175.5247
20250213,-4176.7416
20250213,-4177.8888
20250213,-4179.0086
20250213,-4180.1138
20250213,-4181.2641
20250213,-4182.411
20250213,-4183.5499
20250213,-4184.6763
20250213,-4183.1885
20250213,-4184.6242
20250213,-4185.7201
20250213,-4186.9139
20250213,-4186.2446
20250213,-4187.5092
20250213,-4188.5973
20250213,-4189.8569
20250213,-4191.0148
20250213,-4189.3688
20250213,-4190.6719
20250213,-4191.7397
20250213,-4193.0519
20250213,-4191.4861
20250213,-4192.6765
20250213,-4193.805
20250214,-4194.9577
20250214,-4196.1394
20250214,-4193.5342
20250214,-4192.2842
20250214,-4192.2151
20250214,-4193.4734
20250214,-4192.3355
20250214,-4193.7748
20250214,-4195.125
20250214,-4193.8218
20250214,-4195.1042
20250214,-4196.1737
20250214,-4194.5806
20250214,-4192.9387
20250214,-4194.5724
20250214,-4195.7529
20250214,-4196.8819
20250214,-4198.3544
20250214,-4195.6439
20250214,-4196.9335
20250214,-4198.2013
20250214,-4196.3577
20250214,-4197.6277
20250214,-4197.2082
20250214,-4196.2602
20250214,-4197.3878
20250214,-4195.9088
20250214,-4194.6291
20250214,-4195.916
20250214,-4197.2577
20250214,-4195.3009
20250214,-4196.6945
20250218,-4195.2587
20250218,-4196.3489
20250218,-4197.5058
20250218,-4198.5719
20250218,-4199.9658
20250218,-4201.1325
20250218,-4199.8109
20250218,-4201.0164
20250218,-4202.1875
20250218,-4200.4905
20250218,-4199.2651
20250218,-4200.4317
20250218,-4198.5615
20250218,-4197.351
20250218,-4198.5618
20250218,-4192.8537
20250218,-4194.1038
20250218,-4192.993
20250218,-4194.1144
20250218,-4195.992
20250218,-4197.1925
20250218,-4198.387
20250218,-4199.6751
20250218,-4199.5441
20250218,-4200.6261
20250218,-4199.3244
20250218,-4200.5889
20250218,-4201.8224
20250218,-4200.6098
20250218,-4199.2672
20250218,-4200.4302
20250218,-4201.6041
20250219,-4202.9065
20250219,-4204.0434
20250219,-4205.1814
20250219,-4203.1251
20250219,-4201.7075
20250219,-4202.7551
20250219,-4203.9658
20250219,-4205.1538
20250219,-4206.2946
20250219,-4207.4978
20250219,-4206.6277
20250219,-4207.7932
20250219,-4209.0548
20250219,-4207.6141
20250219,-4208.8883
20250219,-4210.1982
20250219,-4211.6219
20250219,-4211.1142
20250219,-4209.9954
20250219,-4208.3594
20250219,-4210.7225
20250219,-4209.2313
20250219,-4210.5573
20250219,-4209.1213
20250219,-4208.1173
20250219,-4209.3958
20250219,-4210.6795
20250219,-4209.0774
20250219,-4210.1438
20250219,-4208.5153
20250219,-4209.6789
20250219,-4208.2836
20250220,-4206.3786
20250220,-4207.4966
20250220,-4208.5716
20250220,-4209.658
20250220,-4210.8007
20250220,-4209.545
20250220,-4208.3963
20250220,-4209.5272
20250220,-4210.8296
20250220,-4211.8717
20250220,-4213.1022
20250220,-4214.1588
20250220,-4215.3523
20250220,-4216.6176
20250220,-4217.7894
20250220,-4218.9926
20250220,-4220.133
20250220,-4221.2646
20250220,-4222.6545
20250220,-4224.0935
20250220,-4225.2308
20250220,-4226.3909
20250220,-4224.599
20250220,-4225.845
20250220,-4226.9929
20250220,-4228.1691
20250220,-4229.389
20250220,-4230.7736
20250220,-4232.1018
20250220,-4233.2682
20250220,-4234.3356
20250220,-4233.5087
20250221,-4231.5656
20250221,-4229.9912
20250221,-4231.1001
20250221,-4229.8231
20250221,-4230.9149
20250221,-4228.787
20250221,-4229.9306
20250221,-4231.196
20250221,-4229.2197
20250221,-4230.5086
20250221,-4229.3621
20250221,-4230.5859
20250221,-4231.6817
20250221,-4229.9539
20250221,-4231.5263
20250221,-4232.7143
20250221,-4233.877
20250221,-4235.1498
20250221,-4233.1817
20250221,-4234.3805
20250221,-4235.5539
20250221,-4236.6304
20250221,-4238.2372
20250221,-4239.4699
20250221,-4238.0288
20250221,-4239.1046
20250221,-4240.2357
20250221,-4241.2845
20250221,-4242.4096
20250221,-4240.596
20250221,-4241.6785
20250221,-4239.8599
20250224,-4240.9537
20250224,-4239.0526
20250224,-4240.0934
20250224,-4241.3842
20250224,-4242.5193
20250224,-4243.5991
20250224,-4244.7375
20250224,-4245.8807
20250224,-4247.3336
20250224,-4248.4982
20250224,-4246.8943
20250224,-4248.039
20250224,-4249.4951
20250224,-4247.2979
20250224,-4248.5075
20250224,-4247.4989
20250224,-4248.8019
20250224,-4250.0367
20250224,-4248.3331
20250224,-4245.9119
20250224,-4247.1604
20250224,-4248.4939
20250224,-4249.7681
20250224,-4250.8777
20250224,-4248.1845
20250224,-4249.3195
20250224,-4247.8548
20250224,-4248.9701
20250224,-4250.0527
20250224,-4251.131
20250224,-4252.1887
20250224,-4253.6945
20250225,-4254.8099
20250225,-4255.8704
20250225,-4257.0377
20250225,-4258.1342
20250225,-4259.1672
20250225,-4260.4092
20250225,-4261.6653
20250225,-4262.7217
20250225,-4263.8185
20250225,-4262.3232
20250225,-4260.6006
20250225,-4261.7118
20250225,-4260.0788
20250225,-4258.3615
20250225,-4257.0837
20250225,-4258.1456
20250225,-4259.3129
20250225,-4260.4877
20250225,-4259.5725
20250225,-4256.6428
20250225,-4257.7032
20250225,-4255.8463
20250225,-4256.9175
20250225,-4254.9237
20250225,-4256.0823
20250225,-4257.1899
20250225,-4255.8661
20250225,-4257.0168
20250225,-4255.5014
20250225,-4256.9925
20250225,-4255.389
20250225,-4256.5423
20250226,-4254.8998
20250226,-4253.1983
20250226,-4254.4963
20250226,-4252.8176
20250226,-4250.7529
20250226,-4251.871
20250226,-4252.9654
20250226,-4254.0327
20250226,-4255.1289
20250226,-4256.2242
20250226,-4257.3084
20250226,-4256.0735
20250226,-4254.8351
20250226,-4255.9702
20250226,-4255.1602
20250226,-4256.2674
20250226,-4257.4334
20250226,-4258.9807
20250226,-4260.9348
20250226,-4259.2438
20250226,-4260.4062
20250226,-4258.5539
20250226,-4259.6197
20250226,-4260.8527
20250226,-4261.9708
20250226,-4260.9032
20250226,-4262.0934
20250226,-4260.5149
20250226,-4261.6906
20250226,-4262.8318
20250226,-4263.9804
20250226,-4265.0207
20250227,-4263.5635
20250227,-4264.6491
20250227,-4262.2251
20250227,-4263.3529
20250227,-4261.6574
20250227,-4262.8287
20250227,-4263.8727
20250227,-4265.046
20250227,-4263.3313
20250227,-4264.4521
20250227,-4265.6487
20250227,-4264.3129
20250227,-4262.5824
20250227,-4263.6854
20250227,-4262.2452
20250227,-4263.3064
20250227,-4264.372
20250227,-4262.9627
20250227,-4264.1334
20250227,-4265.2626
20250227,-4264.1356
20250227,-4265.6165
20250227,-4264.6204
20250227,-4263.525
20250227,-4261.8066
20250227,-4263.0116
20250227,-4264.1059
20250227,-4265.1946
20250227,-4266.3213
20250227,-4264.4984
20250227,-4265.6577
20250228,-4266.7573
20250228,-4265.0377
20250228,-4263.4752
20250228,-4264.7284
20250228,-4265.8537
20250228,-4264.3733
20250228,-4265.5612
20250228,-4266.9687
20250228,-4265.4959
20250228,-4266.6942
20250228,-4265.2009
20250228,-4266.346
20250228,-4264.5268
20250228,-4262.8112
20250228,-4263.943
20250228,-4265.0238
20250228,-4266.2948
20250228,-4267.4064
20250228,-4268.5294
20250228,-4269.7112
20250228,-4269.1982
20250228,-4270.365
20250228,-4265.8757
20250228,-4262.943
20250228,-4261.8038
20250228,-4259.8276
20250228,-4261.1434
20250228,-4259.481
20250228,-4260.5655
20250228,-4261.6971
20250228,-4259.8365
20250228,-4261.202
20250303,-4262.2406
20250303,-4263.2766
20250303,-4264.3519
20250303,-4265.4185
20250303,-4266.5036
20250303,-4267.602
20250303,-4268.6761
20250303,-4269.9288
20250303,-4271.0694
20250303,-4272.1909
20250303,-4270.5433
20250303,-4271.6171
20250303,-4272.7475
20250303,-4271.8675
20250303,-4270.5224
20250303,-4271.852
20250303,-4270.2471
20250303,-4271.375
20250303,-4269.4104
20250303,-4268.1682
20250303,-4269.2942
20250303,-4270.3581
20250303,-4271.5975
20250303,-4272.7207
20250303,-4273.7987
20250303,-4274.825
20250303,-4276.0475
20250303,-4277.1245
20250303,-4278.1705
20250303,-4279.5199
20250303,-4280.6632
20250303,-4281.7893
20250304,-4282.8324
20250304,-4283.9083
20250304,-4285.0178
20250304,-4286.0496
20250304,-4287.1114
20250304,-4284.4618
20250304,-4285.7037
20250304,-4286.7466
20250304,-4284.9278
20250304,-4286.0106
20250304,-4287.0538
20250304,-4285.3162
20250304,-4283.5906
20250304,-4284.8299
20250304,-4285.926
20250304,-4287.0221
20250304,-4285.3259
20250304,-4286.4179
20250304,-4287.4931
20250304,-4288.598
20250304,-4286.8414
20250304,-4288.0352
20250304,-4285.9817
20250304,-4287.2657
20250304,-4288.3961
20250304,-4289.54
20250304,-4288.1426
20250304,-4289.3908
20250304,-4290.458
20250304,-4288.8539
20250304,-4287.2454
20250304,-4288.2817
20250305,-4289.319
20250305,-4290.4823
20250305,-4291.5427
20250305,-4289.9539
20250305,-4287.9492
20250305,-4289.0266
20250305,-4285.022
20250305,-4286.061
20250305,-4287.258
20250305,-4288.308
20250305,-4289.4392
20250305,-4288.3007
20250305,-4286.5775
20250305,-4284.8723
20250305,-4285.9587
20250305,-4287.0699
20250305,-4288.2051
20250305,-4286.5572
20250305,-4287.615
20250305,-4288.7624
20250305,-4287.0115
20250305,-4288.237
20250305,-4286.6889
20250305,-4287.8175
20250305,-4288.9009
20250305,-4289.9812
20250305,-4291.12
20250305,-4292.2225
20250305,-4290.4122
20250305,-4291.5568
20250305,-4292.719
20250305,-4293.8757
20250306,-4292.0707
20250306,-4293.1141
20250306,-4294.1719
20250306,-4295.2641
20250306,-4296.3567
20250306,-4297.4592
20250306,-4298.5217
20250306,-4299.5553
20250306,-4297.8465
20250306,-4296.2911
20250306,-4297.516
20250306,-4298.6051
20250306,-4299.6903
20250306,-4298.0592
20250306,-4299.1235
20250306,-4297.6289
20250306,-4298.7446
20250306,-4299.7914
20250306,-4300.919
20250306,-4302.0162
20250306,-4303.2028
20250306,-4304.5208
20250306,-4305.6526
20250306,-4304.1125
20250306,-4305.4277
20250306,-4306.5354
20250306,-4304.7322
20250306,-4305.8458
20250306,-4306.9732
20250306,-4308.1253
20250306,-4309.3433
20250306,-4310.4505
20250307,-4308.5289
20250307,-4309.5925
20250307,-4307.7532
20250307,-4305.6408
20250307,-4306.7125
20250307,-4307.746
20250307,-4308.8182
20250307,-4306.8708
20250307,-4307.932
20250307,-4306.317
20250307,-4304.6524
20250307,-4303.0348
20250307,-4301.06
20250307,-4299.3317
20250307,-4297.6391
20250307,-4298.6814
20250307,-4296.2254
20250307,-4294.5352
20250307,-4292.9535
20250307,-4294.0298
20250307,-4292.2854
20250307,-4290.9932
20250307,-4289.2557
20250307,-4290.3605
20250307,-4287.4432
20250307,-4285.6654
20250307,-4286.7873
20250307,-4287.9566
20250307,-4289.1077
20250307,-4290.1721
20250307,-4287.4331
20250307,-4288.5657
20250310,-4289.6152
20250310,-4290.6949
20250310,-4287.7292
20250310,-4288.9379
20250310,-4290.0725
20250310,-4288.3544
20250310,-4289.3849
20250310,-4290.4666
20250310,-4291.5404
20250310,-4289.5203
20250310,-4290.5944
20250310,-4291.634
20250310,-4292.9089
20250310,-4293.9795
20250310,-4292.4565
20250310,-4293.5388
20250310,-4294.8107
20250310,-4295.9388
20250310,-4297.1587
20250310,-4298.2873
20250310,-4299.3516
20250310,-4300.5578
20250310,-4301.7228
20250310,-4302.819
20250310,-4304.104
20250310,-4302.5138
20250310,-4303.6161
20250310,-4304.6909
20250310,-4305.826
20250310,-4306.93
20250310,-4305.0733
20250310,-4306.2622
20250311,-4304.429
20250311,-4305.4491
20250311,-4303.537
20250311,-4304.6223
20250311,-4305.7037
20250311,-4306.7767
20250311,-4304.9125
20250311,-4305.9941
20250311,-4307.3152
20250311,-4308.6055
20250311,-4307.1824
20250311,-4305.7762
20250311,-4307.036
20250311,-4308.1124
20250311,-4309.236
20250311,-4307.6048
20250311,-4306.4058
20250311,-4304.7769
20250311,-4305.8683
20250311,-4306.9676
20250311,-4308.0856
20250311,-4309.1995
20250311,-4310.3007
20250311,-4311.3628
20250311,-4312.4676
20250311,-4311.2873
20250311,-4312.5279
20250311,-4310.9285
20250311,-4310.0788
20250311,-4311.2012
20250311,-4312.2357
20250311,-4313.318
20250312,-4314.396
20250312,-4315.4405
20250312,-4316.5296
20250312,-4317.6084
20250312,-4318.6744
20250312,-4319.7418
20250312,-4320.8612
20250312,-4318.8498
20250312,-4319.9263
20250312,-4321.1098
20250312,-4322.2194
20250312,-4323.347
20250312,-4321.5683
20250312,-4322.6278
20250312,-4323.8583
20250312,-4321.716
20250312,-4322.8055
20250312,-4323.8761
20250312,-4322.0821
20250312,-4323.5332
20250312,-4324.6066
20250312,-4325.7524
20250312,-4326.9578
20250312,-4326.1752
20250312,-4327.3911
20250312,-4328.6244
20250312,-4329.7264
20250312,-4330.8556
20250312,-4328.8283
20250312,-4329.9568
20250312,-4331.1002
20250312,-4329.3281
20250313,-4327.602
20250313,-4328.6849
20250313,-4329.8653
20250313,-4330.893
20250313,-4331.9769
20250313,-4330.0243
20250313,-4331.1101
20250313,-4332.1708
20250313,-4333.2233
20250313,-4334.3987
20250313,-4335.508
20250313,-4336.5472
20250313,-4334.5356
20250313,-4335.5947
20250313,-4334.1758
20250313,-4333.0175
20250313,-4334.1122
20250313,-4335.2219
20250313,-4336.3521
20250313,-4337.8188
20250313,-4338.9867
20250313,-4340.0717
20250313,-4338.3563
20250313,-4339.4887
20250313,-4339.1266
20250313,-4333.9811
20250313,-4335.2628
20250313,-4336.3917
20250313,-4337.4832
20250313,-4338.6025
20250313,-4337.5695
20250313,-4338.6522
20250314,-4336.4915
20250314,-4337.5786
20250314,-4338.7
20250314,-4336.625
20250314,-4337.707
20250314,-4335.6403
20250314,-4336.8088
20250314,-4337.9285
20250314,-4336.6304
20250314,-4338.047
20250314,-4336.9765
20250314,-4338.165
20250314,-4339.2473
20250314,-4340.7171
20250314,-4341.8077
20250314,-4342.9193
20250314,-4344.0612
20250314,-4345.2329
20250314,-4343.7812
20250314,-4342.1326
20250314,-4343.246
20250314,-4344.311
20250314,-4342.5842
20250314,-4343.9607
20250314,-4345.2544
20250314,-4346.5447
20250314,-4345.289
20250314,-4343.5426
20250314,-4342.675
20250314,-4341.0359
20250314,-4339.4479
20250314,-4340.6408
20250317,-4339.3447
20250317,-4340.4497
20250317,-4338.9762
20250317,-4337.1411
20250317,-4335.6904
20250317,-4336.7866
20250317,-4338.2098
20250317,-4339.3963
20250317,-4340.5063
20250317,-4339.0169
20250317,-4336.6798
20250317,-4337.8905
20250317,-4338.9978
20250317,-4337.3003
20250317,-4338.6377
20250317,-4339.8894
20250317,-4341.0262
20250317,-4339.4841
20250317,-4338.4007
20250317,-4339.5172
20250317,-4340.6533
20250317,-4338.9615
20250317,-4340.4819
20250317,-4341.6726
20250317,-4340.3211
20250317,-4338.6918
20250317,-4339.8595
20250317,-4340.9218
20250317,-4342.1135
20250317,-4340.3654
20250317,-4341.6292
20250317,-4342.9136
20250318,-4341.4023
20250318,-4342.4711
20250318,-4343.5216
20250318,-4344.8033
20250318,-4345.8619
20250318,-4346.9547
20250318,-4345.1495
20250318,-4346.235
20250318,-4344.8595
20250318,-4346.4156
20250318,-4344.4469
20250318,-4345.6283
20250318,-4346.7684
20250318,-4347.8407
20250318,-4349.0807
20250318,-4350.1941
20250318,-4351.3011
20250318,-4349.8331
20250318,-4351.0142
20250318,-4349.3684
20250318,-4347.4124
20250318,-4348.5596
20250318,-4346.9427
20250318,-4345.822
20250318,-4347.1215
20250318,-4349.5967
20250318,-4350.7114
20250318,-4351.8332
20250318,-4353.0085
20250318,-4351.8849
20250318,-4353.0208
20250318,-4350.9607
20250319,-4352.004
20250319,-4353.1168
20250319,-4354.3076
20250319,-4352.8077
20250319,-4353.9287
20250319,-4351.4166
20250319,-4349.624
20250319,-4350.8198
20250319,-4352.2132
20250319,-4350.9888
20250319,-4349.1677
20250319,-4350.3358
20250319,-4349.095
20250319,-4347.4963
20250319,-4348.6109
20250319,-4349.7704
20250319,-4351.0747
20250319,-4349.5582
20250319,-4351.0003
20250319,-4349.3749
20250319,-4350.6438
20250319,-4351.7545
20250319,-4352.9225
20250319,-4351.3476
20250319,-4352.5413
20250319,-4350.9249
20250319,-4349.9752
20250319,-4351.0465
20250319,-4352.1232
20250319,-4353.4806
20250319,-4354.6079
20250319,-4355.9723
20250320,-4357.2435
20250320,-4354.981
20250320,-4354.0089
20250320,-4352.3619
20250320,-4353.4752
20250320,-4351.8407
20250320,-4349.9048
20250320,-4351.0004
20250320,-4352.2338
20250320,-4353.6199
20250320,-4351.7479
20250320,-4353.2275
20250320,-4351.5068
20250320,-4352.684
20250320,-4353.79
20250320,-4354.9393
20250320,-4356.0584
20250320,-4357.1598
20250320,-4358.2895
20250320,-4359.4254
20250320,-4358.0765
20250320,-4356.1109
20250320,-4357.1779
20250320,-4358.5975
20250320,-4359.7677
20250320,-4360.9631
20250320,-4359.6075
20250320,-4360.821
20250320,-4361.8918
20250320,-4363.0617
20250320,-4360.768
20250320,-4360.0449
20250321,-4361.1075
20250321,-4362.2277
20250321,-4363.6753
20250321,-4361.9349
20250321,-4363.0765
20250321,-4361.4844
20250321,-4362.6258
20250321,-4361.0827
20250321,-4362.3027
20250321,-4363.3321
20250321,-4364.4544
20250321,-4365.6107
20250321,-4363.94
20250321,-4365.0012
20250321,-4366.0914
20250321,-4367.2442
20250321,-4368.4906
20250321,-4369.5477
20250321,-4367.8191
20250321,-4368.9831
20250321,-4367.964
20250321,-4366.1929
20250321,-4364.8188
20250321,-4363.0656
20250321,-4364.3859
20250321,-4365.6888
20250321,-4366.944
20250321,-4368.2417
20250321,-4369.9643
20250321,-4371.4863
20250321,-4369.0118
20250321,-4370.1907
20250324,-4371.3234
20250324,-4369.2924
20250324,-4370.5338
20250324,-4369.1969
20250324,-4367.5144
20250324,-4365.7501
20250324,-4366.8244
20250324,-4365.4763
20250324,-4363.7517
20250324,-4362.1688
20250324,-4363.4237
20250324,-4364.5579
20250324,-4366.1375
20250324,-4367.3104
20250324,-4368.4969
20250324,-4366.8679
20250324,-4368.1758
20250324,-4369.4119
20250324,-4370.8247
20250324,-4369.8242
20250324,-4370.9681
20250324,-4372.0611
20250324,-4373.3011
20250324,-4375.0614
20250324,-4376.2437
20250324,-4377.319
20250324,-4378.5335
20250324,-4380.0947
20250324,-4381.2738
20250324,-4380.5303
20250324,-4378.572
20250324,-4377.3262
20250325,-4376.2495
20250325,-4377.4719
20250325,-4375.659
20250325,-4376.8644
20250325,-4378.0097
20250325,-4379.4144
20250325,-4377.1413
20250325,-4378.3189
20250325,-4379.6288
20250325,-4380.8516
20250325,-4382.3853
20250325,-4380.7822
20250325,-4382.1516
20250325,-4380.6942
20250325,-4382.0033
20250325,-4383.1903
20250325,-4384.3305
20250325,-4385.6155
20250325,-4384.3298
20250325,-4385.4992
20250325,-4386.7546
20250325,-4388.0267
20250325,-4386.6346
20250325,-4387.7956
20250325,-4388.8701
20250325,-4387.5549
20250325,-4388.8361
20250325,-4390.1509
20250325,-4391.5946
20250325,-4392.9128
20250325,-4390.6506
20250325,-4389.4138
20250326,-4390.4967
20250326,-4391.6616
20250326,-4392.8155
20250326,-4391.1572
20250326,-4388.6701
20250326,-4387.3814
20250326,-4388.5973
20250326,-4387.3626
20250326,-4388.4445
20250326,-4386.6457
20250326,-4387.9356
20250326,-4386.5335
20250326,-4387.8994
20250326,-4389.0806
20250326,-4387.2699
20250326,-4388.8454
20250326,-4390.4482
20250326,-4391.5725
20250326,-4392.8019
20250326,-4394.0013
20250326,-4395.2925
20250326,-4396.3636
20250326,-4394.6522
20250326,-4395.7062
20250326,-4394.3825
20250326,-4392.886
20250326,-4391.1251
20250326,-4392.3125
20250326,-4393.4599
20250326,-4394.8914
20250326,-4396.4523
20250326,-4397.7217
20250327,-4398.7825
20250327,-4397.1393
20250327,-4398.1973
20250327,-4396.5012
20250327,-4397.8132
20250327,-4398.9341
20250327,-4400.1209
20250327,-4401.1694
20250327,-4402.3453
20250327,-4403.4175
20250327,-4404.5669
20250327,-4403.1735
20250327,-4404.2094
20250327,-4405.524
20250327,-4406.6843
20250327,-4408.0722
20250327,-4409.5681
20250327,-4410.777
20250327,-4411.9212
20250327,-4413.0705
20250327,-4414.3085
20250327,-4415.4241
20250327,-4495.7714
20250327,-4494.5318
20250327,-4495.8918
20250327,-4497.0434
20250327,-4498.4997
20250327,-4499.6553
20250327,-4500.8481
20250327,-4502.0314
20250327,-4503.3136
20250327,-4504.4724
20250328,-4502.7277
20250328,-4503.7774
20250328,-4505.0154
20250328,-4506.0639
20250328,-4504.2829
20250328,-4505.3814
20250328,-4506.5887
20250328,-4504.25
20250328,-4505.3881
20250328,-4506.4907
20250328,-4507.615
20250328,-4508.7512
20250328,-4507.2073
20250328,-4505.7118
20250328,-4504.0468
20250328,-4505.1683
20250328,-4506.3308
20250328,-4505.408
20250328,-4503.9914
20250328,-4505.2681
20250328,-4503.9148
20250328,-4502.1345
20250328,-4500.5572
20250328,-4501.7958
20250328,-4500.3018
20250328,-4498.8621
20250328,-4501.4593
20250328,-4502.5221
20250328,-4503.6573
20250328,-4504.8296
20250328,-4506.0519
20250328,-4507.1118
20250331,-4505.0411
20250331,-4502.9453
20250331,-4503.999
20250331,-4502.0905
20250331,-4503.2919
20250331,-4504.3251
20250331,-4502.5591
20250331,-4500.7645
20250331,-4499.2259
20250331,-4500.3255
20250331,-4501.7917
20250331,-4502.8717
20250331,-4501.0547
20250331,-4503.5056
20250331,-4504.8772
20250331,-4506.0579
20250331,-4504.6558
20250331,-4502.9638
20250331,-4501.778
20250331,-4502.9036
20250331,-4504.0934
20250331,-4505.4791
20250331,-4506.5941
20250331,-4507.9485
20250331,-4506.4107
20250331,-4507.5422
20250331,-4508.8025
20250331,-4506.733
20250331,-4505.7392
20250331,-4506.9764
20250331,-4505.1753
20250331,-4506.3379
20250401,-4507.3884
20250401,-4508.5568
20250401,-4509.7195
20250401,-4507.6269
20250401,-4506.1368
20250401,-4507.2416
20250401,-4508.6499
20250401,-4509.8952
20250401,-4511.0782
20250401,-4512.4683
20250401,-4510.6832
20250401,-4511.746
20250401,-4509.84
20250401,-4511.0548
20250401,-4511.6737
20250401,-4510.108
20250401,-4511.5839
20250401,-4509.7635
20250401,-4508.3745
20250401,-4506.1572
20250401,-4504.5494
20250401,-4506.1301
20250401,-4507.2269
20250401,-4508.7252
20250401,-4510.1927
20250401,-4511.3685
20250401,-4512.4827
20250401,-4513.62
20250401,-4514.8143
20250401,-4515.9805
20250401,-4514.633
20250401,-4513.115
20250402,-4514.218
20250402,-4515.5029
20250402,-4516.8616
20250402,-4515.6491
20250402,-4516.8212
20250402,-4517.9797
20250402,-4516.4975
20250402,-4514.0014
20250402,-4515.1342
20250402,-4516.2906
20250402,-4517.3453
20250402,-4515.6418
20250402,-4516.8819
20250402,-4514.9653
20250402,-4516.0972
20250402,-4514.4085
20250402,-4515.5568
20250402,-4516.6473
20250402,-4517.8175
20250402,-4516.0732
20250402,-4517.1882
20250402,-4518.3456
20250402,-4519.5819
20250402,-4517.7278
20250402,-4518.8854
20250402,-4520.2795
20250402,-4521.4536
20250402,-4519.7844
20250402,-4521.5909
20250402,-4520.2924
20250402,-4519.8298
20250402,-4521.1703
20250403,-4522.2068
20250403,-4520.3292
20250403,-4521.4558
20250403,-4519.1851
20250403,-4520.2266
20250403,-4521.3532
20250403,-4522.4231
20250403,-4523.5089
20250403,-4524.6423
20250403,-4522.7019
20250403,-4520.8372
20250403,-4519.2643
20250403,-4520.3404
20250403,-4521.471
20250403,-4522.6241
20250403,-4523.7265
20250403,-4524.8095
20250403,-4523.4318
20250403,-4524.6256
20250403,-4525.7128
20250403,-4526.8523
20250403,-4527.899
20250403,-4529.0569
20250403,-4530.174
20250403,-4527.6229
20250403,-4528.7803
20250403,-4529.9283
20250403,-4528.4299
20250403,-4529.6045
20250403,-4530.7481
20250403,-4529.0007
20250403,-4530.1151
20250404,-4531.1618
20250404,-4532.1999
20250404,-4533.2297
20250404,-4534.3364
20250404,-4532.4852
20250404,-4533.6313
20250404,-4532.148
20250404,-4530.3646
20250404,-4528.5563
20250404,-4526.5793
20250404,-4527.6103
20250404,-4528.7461
20250404,-4527.2846
20250404,-4528.34
20250404,-4529.3981
20250404,-4530.4693
20250404,-4528.8659
20250404,-4529.9224
20250404,-4527.7594
20250404,-4526.2214
20250404,-4527.3184
20250404,-4528.38
20250404,-4529.4473
20250404,-4530.5412
20250404,-4531.5872
20250404,-4532.6484
20250404,-4533.7064
20250404,-4534.7933
20250404,-4535.8776
20250404,-4537.0006
20250404,-4538.0614
20250404,-4539.1129
20250407,-4540.1344
20250407,-4541.186
20250407,-4542.231
20250407,-4543.2693
20250407,-4544.2906
20250407,-4542.3332
20250407,-4543.3518
20250407,-4544.3835
20250407,-4542.5118
20250407,-4543.5744
20250407,-4541.6895
20250407,-4539.505
20250407,-4537.5516
20250407,-4538.5969
20250407,-4539.6417
20250407,-4540.7677
20250407,-4538.6955
20250407,-4539.7244
20250407,-4540.7634
20250407,-4538.6028
20250407,-4539.6468
20250407,-4538.7687
20250407,-4539.7933
20250407,-4540.833
20250407,-4541.8718
20250407,-4542.9863
20250407,-4544.0312
20250407,-4545.0638
20250407,-4546.0963
20250407,-4547.1327
20250407,-4545.091
20250407,-4546.1835
20250408,-4544.2905
20250408,-4545.3216
20250408,-4546.3737
20250408,-4544.7854
20250408,-4543.0748
20250408,-4541.3728
20250408,-4542.439
20250408,-4540.1919
20250408,-4541.2802
20250408,-4542.361
20250408,-4543.4251
20250408,-4544.482
20250408,-4546.2433
20250408,-4547.3948
20250408,-4548.5098
20250408,-4549.6768
20250408,-4550.7248
20250408,-4551.7704
20250408,-4552.8007
20250408,-4553.8633
20250408,-4554.9151
20250408,-4555.9507
20250408,-4553.9191
20250408,-4554.9739
20250408,-4556.0866
20250408,-4554.1943
20250408,-4555.2647
20250408,-4553.4438
20250408,-4554.5128
20250408,-4555.6108
20250408,-4556.7432
20250408,-4557.815
20250409,-4558.8355
20250409,-4559.8563
20250409,-4560.9221
20250409,-4558.8886
20250409,-4559.9303
20250409,-4560.9791
20250409,-4562.0233
20250409,-4560.2704
20250409,-4558.6121
20250409,-4559.6846
20250409,-4560.7389
20250409,-4558.4649
20250409,-4559.5394
20250409,-4557.7721
20250409,-4558.9907
20250409,-4560.0539
20250409,-4561.1275
20250409,-4562.3005
20250409,-4563.44
20250409,-4564.5238
20250409,-4562.3601
20250409,-4560.6835
20250409,-4561.7005
20250409,-4559.7602
20250409,-4560.7737
20250409,-4561.8146
20250409,-4559.7965
20250409,-4557.8508
20250409,-4558.8694
20250409,-4556.9635
20250409,-4558.0229
20250409,-4559.0449
20250410,-4557.2644
20250410,-4558.2927
20250410,-4559.3415
20250410,-4556.9685
20250410,-4558.0421
20250410,-4559.1932
20250410,-4560.2297
20250410,-4558.4975
20250410,-4559.6223
20250410,-4560.7044
20250410,-4561.7803
20250410,-4562.8379
20250410,-4563.9137
20250410,-4564.9836
20250410,-4566.0187
20250410,-4563.8094
20250410,-4564.8389
20250410,-4565.8852
20250410,-4566.9218
20250410,-4565.0241
20250410,-4566.1435
20250410,-4567.1838
20250410,-4565.2614
20250410,-4566.2856
20250410,-4567.3433
20250410,-4568.3895
20250410,-4569.5034
20250410,-4567.1286
20250410,-4568.1712
20250410,-4569.2129
20250410,-4567.9968
20250410,-4566.1679
20250411,-4567.2162
20250411,-4565.1702
20250411,-4566.2988
20250411,-4564.2851
20250411,-4565.3178
20250411,-4566.4504
20250411,-4567.5389
20250411,-4568.694
20250411,-4566.8177
20250411,-4565.3189
20250411,-4566.3559
20250411,-4567.4216
20250411,-4565.5635
20250411,-4566.8301
20250411,-4567.9058
20250411,-4568.9752
20250411,-4570.0566
20250411,-4571.1255
20250411,-4569.4092
20250411,-4570.4995
20250411,-4571.566
20250411,-4572.6434
20250411,-4573.6891
20250411,-4574.7964
20250411,-4575.8772
20250411,-4576.9866
20250411,-4578.0494
20250411,-4579.2059
20250411,-4580.3372
20250411,-4581.4152
20250411,-4582.4984
20250411,-4583.7293
20250414,-4584.8316
20250414,-4582.6862
20250414,-4581.0252
20250414,-4582.1249
20250414,-4583.222
20250414,-4584.386
20250414,-4582.4051
20250414,-4580.5468
20250414,-4581.6185
20250414,-4582.75
20250414,-4581.0815
20250414,-4579.14
20250414,-4577.8423
20250414,-4579.1015
20250414,-4577.5853
20250414,-4578.6702
20250414,-4579.9128
20250414,-4581.0107
20250414,-4582.0562
20250414,-4583.1463
20250414,-4581.0925
20250414,-4582.1736
20250414,-4580.2299
20250414,-4581.2954
20250414,-4582.3883
20250414,-4580.3598
20250414,-4578.7539
20250414,-4579.9058
20250414,-4581.0111
20250414,-4579.2558
20250414,-4580.3341
20250414,-4581.3966
20250415,-4582.447
20250415,-4580.4857
20250415,-4581.529
20250415,-4579.4602
20250415,-4577.6074
20250415,-4578.658
20250415,-4579.8369
20250415,-4578.5012
20250415,-4576.5139
20250415,-4577.6605
20250415,-4575.9434
20250415,-4573.8866
20250415,-4572.3513
20250415,-4573.5197
20250415,-4574.6203
20250415,-4575.8163
20250415,-4576.9555
20250415,-4578.0672
20250415,-4576.1938
20250415,-4574.7521
20250415,-4575.8639
20250415,-4577.2068
20250415,-4575.8239
20250415,-4577.0046
20250415,-4578.1761
20250415,-4576.6748
20250415,-4578.0048
20250415,-4576.21
20250415,-4574.3111
20250415,-4575.4431
20250415,-4576.5664
20250415,-4577.6761
20250416,-4578.7108
20250416,-4579.9059
20250416,-4581.0331
20250416,-4582.1419
20250416,-4583.2286
20250416,-4584.424
20250416,-4585.7231
20250416,-4584.6852
20250416,-4585.7736
20250416,-4586.9059
20250416,-4585.1271
20250416,-4583.7017
20250416,-4584.8648
20250416,-4586.0438
20250416,-4587.1395
20250416,-4585.3891
20250416,-4586.5008
20250416,-4584.4593
20250416,-4582.6033
20250416,-4583.7464
20250416,-4582.741
20250416,-4580.9354
20250416,-4582.0927
20250416,-4583.2479
20250416,-4584.4561
20250416,-4582.8687
20250416,-4581.2078
20250416,-4579.2939
20250416,-4574.0592
20250416,-4575.3755
20250416,-4573.6353
20250416,-4574.7446
20250417,-4575.787
20250417,-4576.8263
20250417,-4577.949
20250417,-4579.0258
20250417,-4580.1002
20250417,-4578.4999
20250417,-4576.6022
20250417,-4577.9093
20250417,-4576.4099
20250417,-4574.1226
20250417,-4575.1708
20250417,-4576.2782
20250417,-4577.4532
20250417,-4578.5722
20250417,-4579.6718
20250417,-4578.2465
20250417,-4579.3106
20250417,-4580.4643
20250417,-4581.6107
20250417,-4582.8399
20250417,-4584.1852
20250417,-4582.4439
20250417,-4580.5166
20250417,-4581.8873
20250417,-4580.3346
20250417,-4581.5495
20250417,-4579.4229
20250417,-4577.4723
20250417,-4578.6133
20250417,-4579.7178
20250417,-4580.8169
20250417,-4579.0809
20250421,-4577.493
20250421,-4575.7686
20250421,-4574.0472
20250421,-4575.0993
20250421,-4576.2466
20250421,-4574.2663
20250421,-4572.9158
20250421,-4574.0971
20250421,-4575.2616
20250421,-4576.6156
20250421,-4575.5961
20250421,-4576.8437
20250421,-4575.4128
20250421,-4574.1779
20250421,-4572.3374
20250421,-4573.4566
20250421,-4574.6342
20250421,-4573.0375
20250421,-4574.1539
20250421,-4572.6621
20250421,-4573.7534
20250421,-4571.7381
20250421,-4572.8804
20250421,-4574.5695
20250421,-4575.687
20250421,-4574.3325
20250421,-4575.5365
20250421,-4576.6411
20250421,-4577.7884
20250421,-4579.1153
20250421,-4580.2414
20250421,-4578.4474
20250422,-4579.5008
20250422,-4580.5346
20250422,-4581.7322
20250422,-4580.1281
20250422,-4581.2668
20250422,-4582.4805
20250422,-4583.7529
20250422,-4584.9241
20250422,-4586.3509
20250422,-4587.5292
20250422,-4588.6753
20250422,-4589.8711
20250422,-4588.3459
20250422,-4589.418
20250422,-4590.526
20250422,-4588.7301
20250422,-4589.8234
20250422,-4590.9581
20250422,-4589.1381
20250422,-4587.6593
20250422,-4589.0948
20250422,-4590.2636
20250422,-4588.9369
20250422,-4590.059
20250422,-4591.2852
20250422,-4592.4904
20250422,-4593.6879
20250422,-4594.8866
20250422,-4593.2572
20250422,-4594.384
20250422,-4592.4312
20250422,-4594.0392
20250423,-4592.1186
20250423,-4593.1555
20250423,-4594.1798
20250423,-4592.2806
20250423,-4593.3259
20250423,-4594.3804
20250423,-4592.5607
20250423,-4590.9751
20250423,-4592.0001
20250423,-4593.0671
20250423,-4594.1569
20250423,-4592.6966
20250423,-4590.9435
20250423,-4592.0705
20250423,-4593.0922
20250423,-4594.1477
20250423,-4592.3108
20250423,-4590.683
20250423,-4591.7971
20250423,-4592.8964
20250423,-4593.9957
20250423,-4595.0795
20250423,-4593.3639
20250423,-4594.4768
20250423,-4595.5388
20250423,-4596.9595
20250423,-4598.0438
20250423,-4596.1061
20250423,-4597.207
20250423,-4595.3834
20250423,-4596.4256
20250423,-4597.5724
20250424,-4598.7635
20250424,-4599.8045
20250424,-4598.2158
20250424,-4599.2971
20250424,-4600.3908
20250424,-4598.6998
20250424,-4595.8366
20250424,-4597.0198
20250424,-4594.9147
20250424,-4596.2033
20250424,-4597.348
20250424,-4598.4802
20250424,-4599.6569
20250424,-4600.8151
20250424,-4601.9384
20250424,-4603.1748
20250424,-4601.3566
20250424,-4602.464
20250424,-4603.5966
20250424,-4604.7662
20250424,-4603.4883
20250424,-4604.6184
20250424,-4605.7738
20250424,-4606.8467
20250424,-4604.876
20250424,-4606.3916
20250424,-4604.5286
20250424,-4605.7759
20250424,-4604.5872
20250424,-4603.1112
20250424,-4604.289
20250424,-4602.9373
20250425,-4601.0944
20250425,-4599.1832
20250425,-4600.2694
20250425,-4601.3272
20250425,-4602.4584
20250425,-4603.572
20250425,-4601.674
20250425,-4599.4768
20250425,-4600.5723
20250425,-4601.9128
20250425,-4603.3266
20250425,-4604.7873
20250425,-4606.2898
20250425,-4607.3335
20250425,-4608.556
20250425,-4609.6444
20250425,-4607.9983
20250425,-4609.2081
20250425,-4610.8287
20250425,-4609.1642
20250425,-4610.3243
20250425,-4608.5766
20250425,-4609.8664
20250425,-4610.9728
20250425,-4612.0602
20250425,-4613.2705
20250425,-4614.7338
20250425,-4615.9424
20250425,-4617.4777
20250425,-4618.5998
20250425,-4619.9613
20250425,-4621.1664
20250428,-4622.2406
20250428,-4620.7204
20250428,-4621.905
20250428,-4620.279
20250428,-4621.6345
20250428,-4619.3937
20250428,-4620.5103
20250428,-4618.5294
20250428,-4617.3985
20250428,-4618.5007
20250428,-4619.6972
20250428,-4620.8905
20250428,-4621.9855
20250428,-4623.118
20250428,-4621.9088
20250428,-4623.0769
20250428,-4624.4554
20250428,-4625.8522
20250428,-4626.9755
20250428,-4628.2887
20250428,-4630.0236
20250428,-4628.2347
20250428,-4629.3334
20250428,-4628.0024
20250428,-4629.3077
20250428,-4630.4808
20250428,-4631.6867
20250428,-4632.7923
20250428,-4633.8638
20250428,-4634.965
20250428,-4636.2571
20250428,-4637.4517
20250429,-4638.52
20250429,-4639.6444
20250429,-4640.7079
20250429,-4639.305
20250429,-4640.5141
20250429,-4638.9971
20250429,-4640.0967
20250429,-4641.2992
20250429,-4642.4331
20250429,-4643.5409
20250429,-4644.7083
20250429,-4645.8763
20250429,-4647.0426
20250429,-4648.6479
20250429,-4650.173
20250429,-4651.3272
20250429,-4649.5394
20250429,-4650.7808
20250429,-4651.967
20250429,-4650.0239
20250429,-4648.9226
20250429,-4650.084
20250429,-4651.3903
20250429,-4652.6032
20250429,-4654.1349
20250429,-4655.4597
20250429,-4656.5354
20250429,-4657.7288
20250429,-4659.32
20250429,-4658.1578
20250429,-4656.9047
20250429,-4655.4879
20250430,-4656.6138
20250430,-4658.1968
20250430,-4659.3579
20250430,-4660.499
20250430,-4658.7625
20250430,-4660.0166
20250430,-4661.309
20250430,-4662.4707
20250430,-4663.8749
20250430,-4665.0802
20250430,-4666.212
20250430,-4667.6808
20250430,-4665.7061
20250430,-4664.2596
20250430,-4665.3915
20250430,-4666.5233
20250430,-4667.6338
20250430,-4668.876
20250430,-4670.0613
20250430,-4669.939
20250430,-4671.1433
20250430,-4669.2131
20250430,-4670.3366
20250430,-4671.5807
20250430,-4669.6943
20250430,-4667.7159
20250430,-4665.9934
20250430,-4664.4403
20250430,-4662.1947
20250430,-4660.4734
20250430,-4661.6273
20250430,-4659.9045
20250501,-4661.0224
20250501,-4658.131
20250501,-4659.2744
20250501,-4660.4067
20250501,-4661.464
20250501,-4662.5871
20250501,-4663.6394
20250501,-4664.7189
20250501,-4665.8785
20250501,-4667.0738
20250501,-4668.4816
20250501,-4666.4107
20250501,-4667.4708
20250501,-4665.6149
20250501,-4666.6996
20250501,-4667.8456
20250501,-4666.4807
20250501,-4667.6236
20250501,-4668.7479
20250501,-4666.5579
20250501,-4667.7593
20250501,-4669.016
20250501,-4670.1681
20250501,-4669.1547
20250501,-4670.3071
20250501,-4668.642
20250501,-4667.5725
20250501,-4668.8427
20250501,-4670.3022
20250501,-4671.8139
20250501,-4673.0325
20250501,-4674.2348
20250502,-4675.3038
20250502,-4676.3562
20250502,-4677.4007
20250502,-4678.5599
20250502,-4679.666
20250502,-4681.0483
20250502,-4682.3419
20250502,-4683.5363
20250502,-4685.4784
20250502,-4686.6347
20250502,-4688.0068
20250502,-4689.0936
20250502,-4690.2548
20250502,-4691.3647
20250502,-4692.4227
20250502,-4693.5631
20250502,-4694.7211
20250502,-4695.9018
20250502,-4697.0806
20250502,-4695.7183
20250502,-4696.8482
20250502,-4695.5825
20250502,-4696.8395
20250502,-4698.073
20250502,-4699.3016
20250502,-4700.9356
20250502,-4702.1995
20250502,-4703.4313
20250502,-4704.6657
20250502,-4703.5071
20250502,-4702.1975
20250505,-4703.287
20250505,-4704.3791
20250505,-4705.5741
20250505,-4706.6386
20250505,-4707.7375
20250505,-4708.8551
20250505,-4709.9195
20250505,-4708.6726
20250505,-4707.5002
20250505,-4708.6658
20250505,-4709.8475
20250505,-4711.2024
20250505,-4712.3743
20250505,-4712.1729
20250505,-4710.5022
20250505,-4711.6702
20250505,-4712.9212
20250505,-4714.9619
20250505,-4713.2839
20250505,-4714.5804
20250505,-4713.4069
20250505,-4712.6299
20250505,-4713.8923
20250505,-4713.8211
20250505,-4712.7642
20250505,-4714.0492
20250505,-4715.2234
20250505,-4716.5193
20250505,-4715.3614
20250505,-4714.259
20250505,-4715.482
20250505,-4716.7985
20250506,-4717.9775
20250506,-4716.0957
20250506,-4717.1839
20250506,-4715.4962
20250506,-4713.6921
20250506,-4714.8966
20250506,-4713.763
20250506,-4714.9618
20250506,-4713.0074
20250506,-4714.0869
20250506,-4715.5996
20250506,-4716.8074
20250506,-4715.6112
20250506,-4716.8329
20250506,-4718.0169
20250506,-4717.6984
20250506,-4717.1462
20250506,-4715.7834
20250506,-4714.4462
20250506,-4712.9881
20250506,-4711.3097
20250506,-4709.3213
20250506,-4710.4838
20250506,-4708.8799
20250506,-4710.0919
20250506,-4711.2436
20250506,-4712.808
20250506,-4711.7062
20250506,-4709.9396
20250506,-4709.0452
20250506,-4707.968
20250506,-4709.1629
20250507,-4710.2075
20250507,-4711.2767
20250507,-4712.4104
20250507,-4713.5599
20250507,-4711.704
20250507,-4712.7289
20250507,-4711.1626
20250507,-4712.7869
20250507,-4713.8992
20250507,-4715.0709
20250507,-4716.3413
20250507,-4717.5291
20250507,-4716.0932
20250507,-4717.2592
20250507,-4718.3544
20250507,-4719.4896
20250507,-4718.7178
20250507,-4716.7041
20250507,-4714.6664
20250507,-4709.7497
20250507,-4710.96
20250507,-4710.0963
20250507,-4711.1994
20250507,-4712.4735
20250507,-4711.5155
20250507,-4712.6002
20250507,-4713.6969
20250507,-4714.8208
20250507,-4713.2214
20250507,-4711.7438
20250507,-4710.8179
20250507,-4712.1132
20250508,-4713.2501
20250508,-4714.707
20250508,-4712.8482
20250508,-4710.171
20250508,-4711.5289
20250508,-4709.6784
20250508,-4708.3684
20250508,-4709.5443
20250508,-4710.6707
20250508,-4709.0364
20250508,-4710.1296
20250508,-4711.4809
20250508,-4712.575
20250508,-4713.6406
20250508,-4714.7848
20250508,-4715.9337
20250508,-4717.0127
20250508,-4718.1887
20250508,-4719.5948
20250508,-4720.8168
20250508,-4722.0298
20250508,-4723.146
20250508,-4724.5974
20250508,-4725.819
20250508,-4726.9704
20250508,-4726.8765
20250508,-4728.0754
20250508,-4729.3674
20250508,-4730.5297
20250508,-4728.9817
20250508,-4730.1482
20250508,-4731.3047
20250509,-4729.5804
20250509,-4730.6796
20250509,-4728.8742
20250509,-4729.9877
20250509,-4731.1095
20250509,-4732.2514
20250509,-4730.9027
20250509,-4729.8911
20250509,-4731.0257
20250509,-4732.1152
20250509,-4733.4127
20250509,-4731.9494
20250509,-4730.8163
20250509,-4731.9769
20250509,-4733.1278
20250509,-4734.5597
20250509,-4735.7775
20250509,-4737.2765
20250509,-4738.4659
20250509,-4736.6973
20250509,-4737.8844
20250509,-4736.2615
20250509,-4737.5366
20250509,-4738.7231
20250509,-4737.3679
20250509,-4735.5641
20250509,-4737.4457
20250509,-4738.7354
20250509,-4740.0898
20250509,-4738.3862
20250509,-4739.4572
20250509,-4738.0582
20250512,-4736.3616
20250512,-4734.3887
20250512,-4732.3884
20250512,-4733.4686
20250512,-4734.512
20250512,-4735.5931
20250512,-4736.6794
20250512,-4737.8199
20250512,-4735.5489
20250512,-4736.7304
20250512,-4737.8893
20250512,-4739.0249
20250512,-4737.5318
20250512,-4739.0289
20250512,-4737.4022
20250512,-4738.5475
20250512,-4740.0369
20250512,-4741.2935
20250512,-4742.4898
20250512,-4743.6429
20250512,-4745.2319
20250512,-4743.5689
20250512,-4746.0672
20250512,-4744.0742
20250512,-4746.2369
20250512,-4744.7761
20250512,-4743.479
20250512,-4744.7087
20250512,-4745.9153
20250512,-4745.1123
20250512,-4746.3208
20250512,-4747.5772
20250513,-4748.625
20250513,-4750.029
20250513,-4751.0977
20250513,-4749.3761
20250513,-4750.5736
20250513,-4748.5407
20250513,-4749.6683
20250513,-4750.7185
20250513,-4752.068
20250513,-4753.248
20250513,-4754.6305
20250513,-4753.6253
20250513,-4754.7826
20250513,-4753.4421
20250513,-4751.9319
20250513,-4753.1058
20250513,-4755.0081
20250513,-4756.0643
20250513,-4754.8412
20250513,-4755.9744
20250513,-4757.1526
20250513,-4756.2764
20250513,-4754.6777
20250513,-4753.4512
20250513,-4751.9073
20250513,-4753.0676
20250513,-4754.2453
20250513,-4755.4265
20250513,-4756.5268
20250513,-4757.8266
20250513,-4756.6554
20250513,-4757.9645
20250514,-4759.2792
20250514,-4760.316
20250514,-4761.4111
20250514,-4762.5852
20250514,-4760.7813
20250514,-4761.9389
20250514,-4760.6354
20250514,-4761.8839
20250514,-4762.9807
20250514,-4764.0182
20250514,-4761.7909
20250514,-4762.9037
20250514,-4764.1167
20250514,-4766.1423
20250514,-4767.3901
20250514,-4768.6412
20250514,-4769.7737
20250514,-4768.9035
20250514,-4770.1135
20250514,-4768.6386
20250514,-4769.8679
20250514,-4768.3746
20250514,-4769.5577
20250514,-4770.7327
20250514,-4769.1251
20250514,-4770.5588
20250514,-4771.7728
20250514,-4771.1642
20250514,-4769.7689
20250514,-4768.1019
20250514,-4769.2572
20250514,-4767.7582
20250515,-4766.1162
20250515,-4767.2271
20250515,-4768.2872
20250515,-4769.523
20250515,-4767.9606
20250515,-4769.1494
20250515,-4770.1944
20250515,-4771.3603
20250515,-4772.7937
20250515,-4770.3552
20250515,-4771.4241
20250515,-4769.5364
20250515,-4770.7296
20250515,-4772.0777
20250515,-4770.4366
20250515,-4771.7211
20250515,-4769.9055
20250515,-4771.203
20250515,-4772.3267
20250515,-4773.4718
20250515,-4771.3206
20250515,-4769.9881
20250515,-4771.5171
20250515,-4772.9366
20250515,-4774.1782
20250515,-4775.4867
20250515,-4774.7124
20250515,-4773.836
20250515,-4774.9845
20250515,-4776.1743
20250515,-4777.3279
20250515,-4776.3537
20250516,-4774.7094
20250516,-4772.852
20250516,-4773.9683
20250516,-4775.2379
20250516,-4776.3235
20250516,-4777.4766
20250516,-4778.6028
20250516,-4779.7858
20250516,-4781.0345
20250516,-4782.1407
20250516,-4783.4152
20250516,-4784.517
20250516,-4782.8385
20250516,-4784.0118
20250516,-4785.0596
20250516,-4783.5486
20250516,-4780.333
20250516,-4781.8829
20250516,-4780.1543
20250516,-4781.3325
20250516,-4782.5222
20250516,-4781.4663
20250516,-4780.1551
20250516,-4781.7166
20250516,-4779.7702
20250516,-4781.2942
20250516,-4782.5701
20250516,-4783.8047
20250516,-4782.3322
20250516,-4780.787
20250516,-4779.3394
20250516,-4780.6151
20250519,-4781.699
20250519,-4780.3089
20250519,-4781.5854
20250519,-4782.6886
20250519,-4780.7647
20250519,-4779.7618
20250519,-4779.0559
20250519,-4780.1936
20250519,-4781.3397
20250519,-4780.7358
20250519,-4779.2796
20250519,-4777.6904
20250519,-4778.9087
20250519,-4780.4831
20250519,-4781.6481
20250519,-4782.7296
20250519,-4784.0435
20250519,-4785.251
20250519,-4784.2661
20250519,-4782.8766
20250519,-4784.1512
20250519,-4785.3221
20250519,-4786.5086
20250519,-4787.9784
20250519,-4789.1877
20250519,-4788.0523
20250519,-4789.1311
20250519,-4790.2917
20250519,-4791.5473
20250519,-4792.7162
20250519,-4794.075
20250519,-4795.3641
20250520,-4796.4321
20250520,-4797.9334
20250520,-4796.1182
20250520,-4797.1727
20250520,-4795.5115
20250520,-4794.5235
20250520,-4795.7604
20250520,-4794.2988
20250520,-4795.4404
20250520,-4796.7714
20250520,-4797.9351
20250520,-4799.3207
20250520,-4797.785
20250520,-4798.9406
20250520,-4800.1567
20250520,-4801.2948
20250520,-4802.5562
20250520,-4804.2654
20250520,-4805.5463
20250520,-4803.3853
20250520,-4804.629
20250520,-4802.9151
20250520,-4804.0582
20250520,-4805.5041
20250520,-4807.151
20250520,-4806.6914
20250520,-4807.7969
20250520,-4809.2588
20250520,-4808.7864
20250520,-4809.954
20250520,-4808.6617
20250520,-4809.9078
20250521,-4808.3921
20250521,-4809.5467
20250521,-4807.9285
20250521,-4806.0905
20250521,-4807.1326
20250521,-4808.2603
20250521,-4809.3136
20250521,-4810.4405
20250521,-4812.1004
20250521,-4810.5238
20250521,-4809.0721
20250521,-4810.5013
20250521,-4809.5608
20250521,-4808.0926
20250521,-4809.4086
20250521,-4810.8162
20250521,-4812.6701
20250521,-4813.8077
20250521,-4815.0329
20250521,-4816.5185
20250521,-4817.7307
20250521,-4818.8553
20250521,-4819.9403
20250521,-4818.1449
20250521,-4819.2168
20250521,-4820.2877
20250521,-4821.3805
20250521,-4819.5412
20250521,-4817.9843
20250521,-4819.2041
20250521,-4820.3759
20250521,-4821.5416
20250522,-4822.9426
20250522,-4824.0028
20250522,-4825.1043
20250522,-4826.2064
20250522,-4827.3128
20250522,-4826.1044
20250522,-4827.3908
20250522,-4828.5098
20250522,-4829.5772
20250522,-4830.9126
20250522,-4829.7168
20250522,-4830.8486
20250522,-4831.9766
20250522,-4833.1199
20250522,-4834.3308
20250522,-4832.4334
20250522,-4833.7441
20250522,-4835.0373
20250522,-4833.4296
20250522,-4832.5868
20250522,-4831.5547
20250522,-4833.2412
20250522,-4834.4129
20250522,-4835.5749
20250522,-4834.2226
20250522,-4835.323
20250522,-4836.5064
20250522,-4837.7477
20250522,-4836.6
20250522,-4834.9674
20250522,-4834.0607
20250522,-4835.1881
20250523,-4836.2751
20250523,-4837.5183
20250523,-4838.6138
20250523,-4836.7831
20250523,-4838.081
20250523,-4839.2645
20250523,-4837.8044
20250523,-4835.3732
20250523,-4836.6887
20250523,-4834.9287
20250523,-4833.3875
20250523,-4834.8473
20250523,-4836.104
20250523,-4837.3831
20250523,-4836.2835
20250523,-4837.3619
20250523,-4838.8238
20250523,-4839.9958
20250523,-4841.1693
20250523,-4842.446
20250523,-4841.0386
20250523,-4839.0665
20250523,-4840.2516
20250523,-4842.0773
20250523,-4843.1821
20250523,-4844.3025
20250523,-4843.0781
20250523,-4844.2264
20250523,-4842.364
20250523,-4840.1173
20250523,-4841.2855
20250523,-4842.4382
20250527,-4840.4407
20250527,-4838.6433
20250527,-4836.8965
20250527,-4838.0266
20250527,-4839.1281
20250527,-4840.2527
20250527,-4841.6465
20250527,-4842.8847
20250527,-4841.0355
20250527,-4842.1445
20250527,-4840.7796
20250527,-4839.2078
20250527,-4840.785
20250527,-4842.1069
20250527,-4843.4505
20250527,-4842.0402
20250527,-4840.6492
20250527,-4841.8557
20250527,-4843.5285
20250527,-4841.6597
20250527,-4842.8904
20250527,-4841.1921
20250527,-4842.3985
20250527,-4843.7915
20250527,-4844.9521
20250527,-4846.2813
20250527,-4845.3846
20250527,-4844.2593
20250527,-4842.9463
20250527,-4842.0485
20250527,-4840.5937
20250527,-4841.9509
20250528,-4840.6652
20250528,-4842.0321
20250528,-4840.5875
20250528,-4838.7895
20250528,-4840.0057
20250528,-4838.8834
20250528,-4837.1064
20250528,-4838.5218
20250528,-4839.6287
20250528,-4840.7956
20250528,-4842.5529
20250528,-4843.794
20250528,-4843.2992
20250528,-4844.415
20250528,-4845.8808
20250528,-4847.191
20250528,-4848.4819
20250528,-4849.7359
20250528,-4851.0328
20250528,-4849.591
20250528,-4848.3286
20250528,-4850.1163
20250528,-4848.3304
20250528,-4849.6898
20250528,-4851.0956
20250528,-4852.3567
20250528,-4853.6198
20250528,-4854.9704
20250528,-4853.5041
20250528,-4852.6432
20250528,-4854.2655
20250528,-4853.163
20250529,-4851.459
20250529,-4852.7455
20250529,-4851.5427
20250529,-4852.745
20250529,-4853.8649
20250529,-4854.9376
20250529,-4852.7842
20250529,-4850.8755
20250529,-4852.0708
20250529,-4853.3004
20250529,-4854.7957
20250529,-4856.0726
20250529,-4857.1489
20250529,-4858.2179
20250529,-4859.3076
20250529,-4860.4746
20250529,-4861.6151
20250529,-4862.7699
20250529,-4864.0087
20250529,-4862.2055
20250529,-4863.5037
20250529,-4864.686
20250529,-4865.8763
20250529,-4867.1491
20250529,-4868.3238
20250529,-4869.522
20250529,-4870.619
20250529,-4871.9978
20250529,-4873.4949
20250529,-4874.9916
20250529,-4876.1954
20250530,-4874.2457
20250530,-4875.3901
20250530,-4876.4733
20250530,-4877.6572
20250530,-4876.1702
20250530,-4877.2687
20250530,-4878.4492
20250530,-4876.6617
20250530,-4877.8927
20250530,-4879.08
20250530,-4877.8094
20250530,-4876.1344
20250530,-4874.4764
20250530,-4876.0966
20250530,-4874.376
20250530,-4875.9116
20250530,-4877.2296
20250530,-4878.3073
20250530,-4876.4709
20250530,-4877.5882
20250530,-4875.8524
20250530,-4874.4862
20250530,-4872.5947
20250530,-4870.4595
20250530,-4871.6193
20250530,-4873.0592
20250530,-4870.8453
20250530,-4872.321
20250530,-4874.1647
20250530,-4875.6055
20250530,-4876.8814
20250530,-4878.0839
20250602,-4877.3044
20250602,-4878.3491
20250602,-4879.432
20250602,-4880.5355
20250602,-4881.7157
20250602,-4882.8936
20250602,-4881.1278
20250602,-4882.3292
20250602,-4883.6386
20250602,-4884.9323
20250602,-4886.6401
20250602,-4885.6015
20250602,-4883.8158
20250602,-4885.16
20250602,-4883.2578
20250602,-4884.5781
20250602,-4885.8026
20250602,-4884.8014
20250602,-4886.4276
20250602,-4885.3397
20250602,-4886.6878
20250602,-4888.251
20250602,-4889.4322
20250602,-4888.6339
20250602,-4889.7491
20250602,-4888.0992
20250602,-4886.6558
20250602,-4887.8844
20250602,-4889.1737
20250602,-4889.016
20250602,-4890.3674
20250602,-4891.6655
20250603,-4887.7067
20250603,-4888.8386
20250603,-4890.0128
20250603,-4891.0853
20250603,-4892.4973
20250603,-4894.0178
20250603,-4895.2532
20250603,-4894.1506
20250603,-4895.3119
20250603,-4896.5186
20250603,-4897.6444
20250603,-4898.7206
20250603,-4899.9917
20250603,-4901.3749
20250603,-4899.9666
20250603,-4901.144
20250603,-4899.5802
20250603,-4900.7857
20250603,-4902.0496
20250603,-4900.2612
20250603,-4901.9145
20250603,-4903.6042
20250603,-4901.8545
20250603,-4900.7179
20250603,-4905.5274
20250603,-4904.0503
20250603,-4902.4987
20250603,-4903.6651
20250603,-4904.7855
20250603,-4906.0598
20250603,-4907.3321
20250603,-4908.8474
20250604,-4909.9851
20250604,-4911.1227
20250604,-4912.2295
20250604,-4910.6448
20250604,-4912.0115
20250604,-4913.271
20250604,-4911.5353
20250604,-4912.8115
20250604,-4910.9983
20250604,-4912.6902
20250604,-4913.9491
20250604,-4912.6964
20250604,-4911.511
20250604,-4912.7195
20250604,-4913.9729
20250604,-4915.1687
20250604,-4913.6786
20250604,-4914.7716
20250604,-4915.9599
20250604,-4917.09
20250604,-4913.9386
20250604,-4913.1144
20250604,-4914.308
20250604,-4916.0204
20250604,-4917.2395
20250604,-4918.4913
20250604,-4919.8402
20250604,-4919.9655
20250604,-4922.5579
20250604,-4923.6587
20250604,-4922.1974
20250604,-4920.9604
20250605,-4922.0806
20250605,-4920.4162
20250605,-4917.9298
20250605,-4916.1057
20250605,-4917.2357
20250605,-4918.3853
20250605,-4919.4406
20250605,-4920.5114
20250605,-4917.7191
20250605,-4918.8594
20250605,-4920.0414
20250605,-4918.9624
20250605,-4920.194
20250605,-4921.2738
20250605,-4919.7651
20250605,-4918.4703
20250605,-4916.9958
20250605,-4918.1369
20250605,-4919.4534
20250605,-4920.9102
20250605,-4918.9855
20250605,-4918.543
20250605,-4917.0921
20250605,-4915.8731
20250605,-4913.9938
20250605,-4911.9991
20250605,-4913.1157
20250605,-4914.284
20250605,-4915.819
20250605,-4913.6273
20250605,-4914.7529
20250605,-4913.1419
20250606,-4914.2243
20250606,-4915.341
20250606,-4913.1882
20250606,-4914.4345
20250606,-4915.4738
20250606,-4916.5401
20250606,-4917.7094
20250606,-4918.8999
20250606,-4917.6256
20250606,-4916.0651
20250606,-4917.1825
20250606,-4918.3262
20250606,-4919.4837
20250606,-4918.7732
20250606,-4919.9522
20250606,-4921.0766
20250606,-4919.8672
20250606,-4921.1347
20250606,-4922.3364
20250606,-4923.6012
20250606,-4924.7937
20250606,-4926.0643
20250606,-4927.3364
20250606,-4928.6517
20250606,-4927.7431
20250606,-4929.4893
20250606,-4928.2847
20250606,-4929.4327
20250606,-4930.5512
20250606,-4927.1371
20250606,-4928.3487
20250606,-4929.8214
20250609,-4927.9742
20250609,-4929.0408
20250609,-4927.6512
20250609,-4929.1731
20250609,-4927.7696
20250609,-4928.8793
20250609,-4927.0999
20250609,-4925.3613
20250609,-4924.3209
20250609,-4925.897
20250609,-4924.3856
20250609,-4925.5979
20250609,-4926.6945
20250609,-4927.7747
20250609,-4926.0138
20250609,-4927.6236
20250609,-4926.4061
20250609,-4924.8505
20250609,-4923.2037
20250609,-4924.5982
20250609,-4923.4141
20250609,-4924.6648
20250609,-4925.929
20250609,-4927.0901
20250609,-4925.3688
20250609,-4926.6436
20250609,-4925.2194
20250609,-4926.5918
20250609,-4926.7561
20250609,-4928.1768
20250609,-4929.6201
20250609,-4930.6969
20250610,-4928.8433
20250610,-4929.8673
20250610,-4931.0017
20250610,-4929.1598
20250610,-4930.5395
20250610,-4928.2193
20250610,-4929.3999
20250610,-4930.6776
20250610,-4931.8722
20250610,-4932.9561
20250610,-4934.0905
20250610,-4935.4071
20250610,-4934.2041
20250610,-4932.5645
20250610,-4930.6519
20250610,-4931.7484
20250610,-4933.006
20250610,-4934.1401
20250610,-4931.9836
20250610,-4933.6417
20250610,-4934.971
20250610,-4933.768
20250610,-4934.8651
20250610,-4936.0706
20250610,-4937.3927
20250610,-4938.5735
20250610,-4937.1299
20250610,-4938.4337
20250610,-4939.7709
20250610,-4938.297
20250610,-4936.5057
20250610,-4935.8771
20250611,-4937.0299
20250611,-4938.1437
20250611,-4939.2171
20250611,-4940.6079
20250611,-4941.8719
20250611,-4942.9588
20250611,-4944.1216
20250611,-4942.1378
20250611,-4939.7497
20250611,-4940.9275
20250611,-4939.0432
20250611,-4940.3541
20250611,-4938.5775
20250611,-4937.2611
20250611,-4938.4294
20250611,-4939.7588
20250611,-4940.9338
20250611,-4942.2414
20250611,-4943.4129
20250611,-4941.8084
20250611,-4943.4398
20250611,-4938.9177
20250611,-4940.2261
20250611,-4939.6146
20250611,-4940.9341
20250611,-4942.2254
20250611,-4943.4043
20250611,-4944.7694
20250611,-4945.9526
20250611,-4944.951
20250611,-4943.2785
20250611,-4941.5725
20250612,-4939.5374
20250612,-4940.6426
20250612,-4941.7082
20250612,-4942.9861
20250612,-4944.4758
20250612,-4942.5194
20250612,-4943.7266
20250612,-4942.2881
20250612,-4943.3653
20250612,-4944.5784
20250612,-4942.1424
20250612,-4943.3471
20250612,-4944.418
20250612,-4942.9393
20250612,-4944.1571
20250612,-4945.3047
20250612,-4946.7655
20250612,-4948.1317
20250612,-4949.8262
20250612,-4951.5166
20250612,-4952.7597
20250612,-4954.0096
20250612,-4952.9963
20250612,-4954.14
20250612,-4955.247
20250612,-4953.2757
20250612,-4951.9281
20250612,-4950.7986
20250612,-4952.0339
20250612,-4950.2458
20250612,-4951.628
20250612,-4950.5477
20250613,-4951.5918
20250613,-4952.6884
20250613,-4953.7751
20250613,-4954.9556
20250613,-4953.175
20250613,-4954.3155
20250613,-4952.8301
20250613,-4951.0337
20250613,-4949.3685
20250613,-4950.5681
20250613,-4951.6559
20250613,-4952.8958
20250613,-4954.3015
20250613,-4955.4572
20250613,-4954.4512
20250613,-4955.6226
20250613,-4957.1123
20250613,-4958.2973
20250613,-4956.9898
20250613,-4958.1113
20250613,-4959.2611
20250613,-4960.4012
20250613,-4961.8117
20250613,-4963.012
20250613,-4962.4028
20250613,-4963.8364
20250613,-4964.8997
20250613,-4966.0808
20250613,-4967.4356
20250613,-4966.1767
20250613,-4967.2863
20250613,-4968.4335
20250616,-4966.926
20250616,-4965.2422
20250616,-4966.3324
20250616,-4967.4334
20250616,-4965.9989
20250616,-4967.2293
20250616,-4965.4444
20250616,-4966.5595
20250616,-4967.8277
20250616,-4968.9495
20250616,-4970.4721
20250616,-4971.664
20250616,-4971.2465
20250616,-4972.7031
20250616,-4971.1155
20250616,-4968.1594
20250616,-4969.2465
20250616,-4970.4768
20250616,-4969.3119
20250616,-4970.4916
20250616,-4971.7965
20250616,-4973.2607
20250616,-4974.5615
20250616,-4975.6662
20250616,-4974.812
20250616,-4973.6869
20250616,-4974.8733
20250616,-4976.0293
20250616,-4977.1117
20250616,-4978.3689
20250616,-4979.638
20250616,-4978.7133
20250617,-4977.0593
20250617,-4978.4238
20250617,-4979.5993
20250617,-4980.8623
20250617,-4982.0884
20250617,-4983.1544
20250617,-4984.2446
20250617,-4983.147
20250617,-4984.4957
20250617,-4985.5994
20250617,-4986.8142
20250617,-4985.5362
20250617,-4986.7188
20250617,-4987.883
20250617,-4989.1909
20250617,-4988.5181
20250617,-4990.1626
20250617,-4988.3103
20250617,-4986.8571
20250617,-4985.6188
20250617,-4986.7256
20250617,-4985.308
20250617,-4986.4951
20250617,-4987.589
20250617,-4988.7916
20250617,-4990.0365
20250617,-4991.1848
20250617,-4992.4104
20250617,-4990.7478
20250617,-4992.0443
20250617,-4993.2244
20250618,-4991.6847
20250618,-4990.0227
20250618,-4988.8515
20250618,-4989.9197
20250618,-4991.2904
20250618,-4992.5641
20250618,-4994.1314
20250618,-4992.3337
20250618,-4993.8495
20250618,-4994.9188
20250618,-4993.5059
20250618,-4992.1719
20250618,-4993.47
20250618,-4993.4381
20250618,-4994.6403
20250618,-4995.7785
20250618,-4996.9136
20250618,-4998.234
20250618,-4997.0323
20250618,-4998.2377
20250618,-4997.4268
20250618,-4998.6134
20250618,-4999.8104
20250618,-4998.3999
20250618,-4999.6748
20250618,-5000.9076
20250618,-5002.0267
20250618,-5003.2756
20250618,-5004.4775
20250618,-5002.8519
20250618,-5003.969
20250620,-5005.0666
20250620,-5006.1871
20250620,-5004.2451
20250620,-5005.5465
20250620,-5003.2095
20250620,-5004.302
20250620,-5005.4164
20250620,-5006.5332
20250620,-5004.3401
20250620,-5002.7608
20250620,-5004.0143
20250620,-5005.4402
20250620,-5002.3629
20250620,-5003.4683
20250620,-5004.6073
20250620,-5003.8734
20250620,-5004.957
20250620,-5006.1457
20250620,-5005.0814
20250620,-5003.1992
20250620,-5004.3888
20250620,-5006.0644
20250620,-5007.2306
20250620,-5008.4751
20250620,-5006.9792
20250620,-5008.1994
20250620,-5006.6825
20250620,-5007.8094
20250620,-5008.9591
20250620,-5010.1683
20250620,-5011.5142
20250620,-5012.5831
20250623,-5013.6572
20250623,-5014.8614
20250623,-5013.1008
20250623,-5014.243
20250623,-5012.2561
20250623,-5013.4659
20250623,-5014.5853
20250623,-5015.7549
20250623,-5017.0816
20250623,-5015.4914
20250623,-5016.7214
20250623,-5018.1644
20250623,-5019.3715
20250623,-5020.4911
20250623,-5021.9669
20250623,-5023.0797
20250623,-5024.3774
20250623,-5025.4725
20250623,-5026.5724
20250623,-5025.013
20250623,-5026.1792
20250623,-5024.7109
20250623,-5023.3912
20250623,-5022.4044
20250623,-5020.6182
20250623,-5021.9239
20250623,-5020.3601
20250623,-5021.6029
20250623,-5020.9927
20250623,-5022.1852
20250623,-5023.2696
20250623,-5024.8847
20250624,-5025.9842
20250624,-5027.2939
20250624,-5028.6474
20250624,-5029.6822
20250624,-5031.0824
20250624,-5032.4688
20250624,-5033.5665
20250624,-5034.6014
20250624,-5033.0631
20250624,-5031.4412
20250624,-5030.5084
20250624,-5029.0789
20250624,-5030.2045
20250624,-5031.5228
20250624,-5029.7839
20250624,-5031.0614
20250624,-5032.3086
20250624,-5031.0426
20250624,-5029.5243
20250624,-5030.9028
20250624,-5032.3898
20250624,-5033.7288
20250624,-5032.0492
20250624,-5030.3827
20250624,-5029.1828
20250624,-5030.622
20250624,-5031.872
20250624,-5030.2156
20250624,-5031.4501
20250624,-5032.6647
20250624,-5034.0554
20250624,-5035.5262
20250625,-5033.4573
20250625,-5030.6916
20250625,-5028.5984
20250625,-5029.7168
20250625,-5030.9405
20250625,-5029.5218
20250625,-5030.6637
20250625,-5028.9314
20250625,-5030.1812
20250625,-5031.3211
20250625,-5029.1442
20250625,-5030.3769
20250625,-5031.841
20250625,-5030.1305
20250625,-5031.3192
20250625,-5032.7117
20250625,-5034.0709
20250625,-5035.1662
20250625,-5034.6864
20250625,-5033.0493
20250625,-5031.1747
20250625,-5029.8719
20250625,-5031.0829
20250625,-5032.7811
20250625,-5042.402
20250625,-5040.4703
20250625,-5042.8935
20250625,-5044.139
20250625,-5045.5138
20250625,-5044.4502
20250625,-5043.5392
20250625,-5044.7136
20250626,-5042.5608
20250626,-5044.2355
20250626,-5045.3988
20250626,-5044.1736
20250626,-5045.2258
20250626,-5046.4927
20250626,-5047.715
20250626,-5048.8512
20250626,-5047.0387
20250626,-5048.4561
20250626,-5049.6362
20250626,-5048.684
20250626,-5050.0499
20250626,-5049.0196
20250626,-5050.427
20250626,-5051.5573
20250626,-5052.7603
20250626,-5051.5943
20250626,-5050.4118
20250626,-5049.0005
20250626,-5050.039
20250626,-5051.3408
20250626,-5052.6023
20250626,-5053.7202
20250626,-5055.3359
20250626,-5057.1523
20250626,-5055.5584
20250626,-5053.2936
20250626,-5051.5727
20250626,-5052.7433
20250626,-5052.151
20250626,-5053.5294
20250627,-5051.6346
20250627,-5050.6624
20250627,-5048.741
20250627,-5047.507
20250627,-5048.56
20250627,-5049.598
20250627,-5050.7415
20250627,-5051.8437
20250627,-5050.7643
20250627,-5049.1246
20250627,-5050.3195
20250627,-5048.9736
20250627,-5050.0645
20250627,-5048.4986
20250627,-5049.8139
20250627,-5051.2271
20250627,-5050.552
20250627,-5049.8427
20250627,-5051.0749
20250627,-5052.7345
20250627,-5050.8247
20250627,-5052.0983
20250627,-5053.3161
20250627,-5054.4889
20250627,-5055.7266
20250627,-5056.9185
20250627,-5058.2827
20250627,-5056.744
20250627,-5058.0012
20250627,-5056.5626
20250627,-5055.0581
20250627,-5056.1555
20250630,-5057.2402
20250630,-5058.3659
20250630,-5059.604
20250630,-5057.9987
20250630,-5059.0939
20250630,-5060.4244
20250630,-5061.6366
20250630,-5058.8421
20250630,-5056.5225
20250630,-5058.2647
20250630,-5057.2497
20250630,-5058.429
20250630,-5059.9696
20250630,-5044.8884
20250630,-5046.257
20250630,-5045.0949
20250630,-5043.4574
20250630,-5042.4084
20250630,-5043.5141
20250630,-5044.7716
20250630,-5042.6619
20250630,-5041.2622
20250630,-5039.6495
20250630,-5040.7685
20250630,-5041.993
20250630,-5043.4599
20250630,-5044.7984
20250630,-5046.0933
20250630,-5047.3594
20250630,-5048.8141
20250630,-5050.2248
20250630,-5051.499
20250701,-5052.5257
20250701,-5053.6554
20250701,-5054.7547
20250701,-5052.9614
20250701,-5051.4445
20250701,-5052.5607
20250701,-5050.6902
20250701,-5051.9258
20250701,-5050.2118
20250701,-5051.3614
20250701,-5052.4078
20250701,-5050.7598
20250701,-5049.6867
20250701,-5050.7909
20250701,-5051.9577
20250701,-5053.11
20250701,-5054.2853
20250701,-5055.4975
20250701,-5056.6482
20250701,-5057.9662
20250701,-5059.5719
20250701,-5060.9698
20250701,-5062.1038
20250701,-5063.5559
20250701,-5064.8271
20250701,-5066.3283
20250701,-5067.4632
20250701,-5068.7146
20250701,-5070.119
20250701,-5071.4511
20250701,-5072.6956
20250701,-5071.9136
20250702,-5072.991
20250702,-5074.0515
20250702,-5071.7797
20250702,-5072.8897
20250702,-5074.2013
20250702,-5075.3143
20250702,-5073.2962
20250702,-5071.9084
20250702,-5073.2424
20250702,-5074.3514
20250702,-5073.2102
20250702,-5071.5905
20250702,-5070.1186
20250702,-5068.549
20250702,-5069.7088
20250702,-5071.0397
20250702,-5072.3581
20250702,-5071.558
20250702,-5072.6942
20250702,-5073.8207
20250702,-5072.2497
20250702,-5073.5031
20250702,-5072.4851
20250702,-5074.2288
20250702,-5072.6006
20250702,-5071.4588
20250702,-5069.627
20250702,-5070.7406
20250702,-5069.9582
20250702,-5071.1841
20250702,-5072.5118
20250702,-5073.7831
20250703,-5074.8776
20250703,-5076.0365
20250703,-5077.176
20250703,-5078.2658
20250703,-5079.3229
20250703,-5080.371
20250703,-5081.5774
20250703,-5082.7033
20250703,-5084.197
20250703,-5085.403
20250703,-5086.6173
20250703,-5087.8465
20250703,-5089.0964
20250703,-5087.8222
20250703,-5089.0508
20250703,-5088.1065
20250703,-5086.6011
20250703,-5087.7226
20250703,-5089.0111
20250703,-5090.1205
20250703,-5089.0753
20250707,-5090.2566
20250707,-5091.3651
20250707,-5092.5072
20250707,-5093.6642
20250707,-5094.876
20250707,-5096.1829
20250707,-5097.3155
20250707,-5098.6611
20250707,-5099.8048
20250707,-5101.1529
20250707,-5102.3561
20250707,-5103.8265
20250707,-5105.1211
20250707,-5103.6576
20250707,-5104.796
20250707,-5106.0302
20250707,-5107.1721
20250707,-5108.2867
20250707,-5106.9817
20250707,-5105.5
20250707,-5104.2136
20250707,-5105.9972
20250707,-5107.3595
20250707,-5106.0579
20250707,-5107.3063
20250707,-5108.5762
20250707,-5107.3837
20250707,-5108.6515
20250707,-5109.7732
20250707,-5108.5151
20250707,-5106.6163
20250707,-5104.9664
20250708,-5106.127
20250708,-5107.1893
20250708,-5105.5582
20250708,-5106.879
20250708,-5107.9613
20250708,-5106.4606
20250708,-5109.2501
20250708,-5110.4921
20250708,-5111.5412
20250708,-5112.8131
20250708,-5113.9137
20250708,-5115.1347
20250708,-5116.4521
20250708,-5117.6272
20250708,-5118.9071
20250708,-5117.6768
20250708,-5118.8519
20250708,-5120.174
20250708,-5121.3999
20250708,-5122.7939
20250708,-5124.1216
20250708,-5122.5967
20250708,-5123.8493
20250708,-5124.9728
20250708,-5126.2759
20250708,-5127.5176
20250708,-5126.7368
20250708,-5125.2442
20250708,-5126.3838
20250708,-5127.5433
20250708,-5128.7601
20250708,-5129.9752
20250709,-5131.0373
20250709,-5129.827
20250709,-5130.9891
20250709,-5132.163
20250709,-5133.5458
20250709,-5132.1384
20250709,-5130.6818
20250709,-5131.8341
20250709,-5133.0452
20250709,-5134.2381
20250709,-5135.3946
20250709,-5137.3023
20250709,-5138.5526
20250709,-5139.8051
20250709,-5140.9369
20250709,-5139.3658
20250709,-5140.5064
20250709,-5139.3934
20250709,-5137.3363
20250709,-5138.6035
20250709,-5139.8268
20250709,-5141.0719
20250709,-5142.3129
20250709,-5143.4529
20250709,-5144.5402
20250709,-5145.9576
20250709,-5147.3367
20250709,-5148.7181
20250709,-5149.927
20250709,-5148.5942
20250709,-5147.6772
20250709,-5146.4454
20250710,-5147.5541
20250710,-5146.3682
20250710,-5147.4737
20250710,-5148.6143
20250710,-5149.9438
20250710,-5151.1775
20250710,-5152.3426
20250710,-5153.4712
20250710,-5151.6371
20250710,-5152.9564
20250710,-5151.9323
20250710,-5153.0761
20250710,-5154.4489
20250710,-5155.5857
20250710,-5154.0928
20250710,-5155.2713
20250710,-5156.456
20250710,-5157.8198
20250710,-5156.4119
20250710,-5154.5589
20250710,-5155.8954
20250710,-5154.936
20250710,-5156.7369
20250710,-5158.0634
20250710,-5160.055
20250710,-5161.2409
20250710,-5162.5957
20250710,-5161.2453
20250710,-5162.3993
20250710,-5163.5843
20250710,-5164.9619
20250710,-5166.0479
20250711,-5167.1671
20250711,-5168.3381
20250711,-5166.7204
20250711,-5165.2437
20250711,-5164.2115
20250711,-5162.8655
20250711,-5164.1724
20250711,-5165.2814
20250711,-5166.8431
20250711,-5168.0185
20250711,-5169.1
20250711,-5170.2118
20250711,-5168.8337
20250711,-5170.3888
20250711,-5171.577
20250711,-5170.1939
20250711,-5171.3218
20250711,-5172.374
20250711,-5173.8197
20250711,-5175.0438
20250711,-5176.4161
20250711,-5178.0665
20250711,-5176.3891
20250711,-5175.6745
20250711,-5176.8696
20250711,-5178.0847
20250711,-5179.3484
20250711,-5178.1738
20250711,-5179.4666
20250711,-5180.7302
20250711,-5181.8193
20250714,-5182.8842
20250714,-5184.0141
20250714,-5185.4122
20250714,-5183.564
20250714,-5184.5963
20250714,-5185.7201
20250714,-5186.8272
20250714,-5187.9801
20250714,-5185.8982
20250714,-5184.6515
20250714,-5183.3732
20250714,-5184.4842
20250714,-5182.7923
20250714,-5180.8302
20250714,-5178.8756
20250714,-5180.1053
20250714,-5179.0858
20250714,-5180.3014
20250714,-5182.0039
20250714,-5183.304
20250714,-5181.5642
20250714,-5180.5436
20250714,-5179.6374
20250714,-5181.4628
20250714,-5180.2513
20250714,-5179.6989
20250714,-5178.0483
20250714,-5179.3545
20250714,-5178.8096
20250714,-5180.2266
20250714,-5178.3548
20250714,-5179.6131
20250715,-5180.7273
20250715,-5182.02
20250715,-5183.0828
20250715,-5181.6119
20250715,-5182.7096
20250715,-5183.8214
20250715,-5182.033
20250715,-5183.3053
20250715,-5181.0582
20250715,-5182.1309
20250715,-5183.2471
20250715,-5182.3159
20250715,-5183.5046
20250715,-5186.3309
20250715,-5187.6616
20250715,-5186.0882
20250715,-5187.6558
20250715,-5189.2255
20250715,-5190.4564
20250715,-5191.6145
20250715,-5192.862
20250715,-5194.0938
20250715,-5192.3644
20250715,-5193.6605
20250715,-5194.8821
20250715,-5193.1789
20250715,-5194.8047
20250715,-5193.1953
20250715,-5194.3931
20250715,-5195.5601
20250715,-5194.5203
20250715,-5195.7458
20250716,-5196.8611
20250716,-5195.5392
20250716,-5196.6517
20250716,-5194.6705
20250716,-5195.8284
20250716,-5196.993
20250716,-5198.2365
20250716,-5199.3408
20250716,-5200.4951
20250716,-5201.6332
20250716,-5202.6813
20250716,-5203.7807
20250716,-5205.1464
20250716,-5206.2594
20250716,-5207.4049
20250716,-5208.4364
20250716,-5209.5838
20250716,-5210.6986
20250716,-5209.6818
20250716,-5208.2294
20250716,-5207.1947
20250716,-5205.2818
20250716,-5206.6745
20250716,-5208.0687
20250716,-5209.2387
20250716,-5210.6882
20250716,-5211.8406
20250716,-5210.5542
20250716,-5211.8137
20250716,-5213.1373
20250716,-5211.9878
20250716,-5213.1255
20250717,-5214.191
20250717,-5215.2621
20250717,-5213.3296
20250717,-5214.5589
20250717,-5215.6911
20250717,-5216.8672
20250717,-5218.1973
20250717,-5219.3603
20250717,-5220.9192
20250717,-5219.4644
20250717,-5220.6364
20250717,-5219.2808
20250717,-5217.3418
20250717,-5218.9928
20250717,-5220.424
20250717,-5219.0256
20250717,-5220.2651
20250717,-5221.3968
20250717,-5220.1539
20250717,-5221.2542
20250717,-5222.4769
20250717,-5223.7229
20250717,-5222.2856
20250717,-5223.5768
20250717,-5222.6375
20250717,-5221.6432
20250717,-5219.7531
20250717,-5218.0459
20250717,-5219.469
20250717,-5220.6364
20250717,-5221.8178
20250717,-5220.263
20250718,-5218.549
20250718,-5219.6195
20250718,-5220.8286
20250718,-5221.9321
20250718,-5223.1795
20250718,-5222.1829
20250718,-5223.5501
20250718,-5224.8837
20250718,-5226.032
20250718,-5227.1411
20250718,-5226.3674
20250718,-5227.4967
20250718,-5228.7489
20250718,-5229.7917
20250718,-5228.4351
20250718,-5226.8938
20250718,-5228.0906
20250718,-5229.307
20250718,-5227.5794
20250718,-5228.7476
20250718,-5227.1548
20250718,-5228.6722
20250718,-5227.0655
20250718,-5228.2688
20250718,-5229.575
20250718,-5230.8231
20250718,-5232.0368
20250718,-5233.4072
20250718,-5232.3101
20250718,-5233.6417
20250718,-5235.1883
20250718,-5236.5138
20250721,-5234.6056
20250721,-5235.6936
20250721,-5233.8911
20250721,-5235.1082
20250721,-5236.3038
20250721,-5237.4598
20250721,-5235.5082
20250721,-5234.1177
20250721,-5235.4917
20250721,-5236.7277
20250721,-5233.9741
20250721,-5232.293
20250721,-5233.8387
20250721,-5233.0959
20250721,-5231.5605
20250721,-5232.678
20250721,-5231.4928
20250721,-5232.6646
20250721,-5233.7778
20250721,-5233.124
20250721,-5234.4053
20250721,-5235.6691
20250721,-5236.9413
20250721,-5238.2092
20250721,-5239.7818
20250721,-5240.986
20250721,-5239.1585
20250721,-5237.6973
20250721,-5236.7519
20250721,-5236.1842
20250721,-5235.0092
20250721,-5236.4123
20250722,-5234.4902
20250722,-5232.6076
20250722,-5233.7133
20250722,-5234.7902
20250722,-5236.1131
20250722,-5234.5938
20250722,-5235.8276
20250722,-5234.8206
20250722,-5233.204
20250722,-5231.2881
20250722,-5232.3862
20250722,-5233.6437
20250722,-5234.9207
20250722,-5236.5483
20250722,-5237.8126
20250722,-5236.6253
20250722,-5237.9529
20250722,-5236.346
20250722,-5234.8679
20250722,-5236.1187
20250722,-5237.6049
20250722,-5238.8708
20250722,-5237.5402
20250722,-5238.8625
20250722,-5236.8306
20250722,-5238.1012
20250722,-5239.4999
20250722,-5240.7408
20250722,-5240.273
20250722,-5238.4202
20250722,-5239.8382
20250722,-5241.033
20250723,-5242.0955
20250723,-5240.6855
20250723,-5241.8204
20250723,-5242.8621
20250723,-5244.0131
20250723,-5242.7689
20250723,-5244.0927
20250723,-5245.6778
20250723,-5246.7701
20250723,-5247.9773
20250723,-5249.1387
20250723,-5247.4193
20250723,-5248.5484
20250723,-5246.7745
20250723,-5244.9329
20250723,-5246.183
20250723,-5247.3733
20250723,-5248.4368
20250723,-5249.6059
20250723,-5251.2946
20250723,-5252.9168
20250723,-5252.5267
20250723,-5253.9032
20250723,-5255.0564
20250723,-5253.8593
20250723,-5253.3044
20250723,-5251.4242
20250723,-5252.7578
20250723,-5251.5521
20250723,-5252.7825
20250723,-5254.523
20250723,-5255.7043
20250724,-5254.4724
20250724,-5255.5288
20250724,-5256.771
20250724,-5257.9084
20250724,-5259.0465
20250724,-5260.1775
20250724,-5261.446
20250724,-5262.6495
20250724,-5261.3459
20250724,-5262.5076
20250724,-5263.5803
20250724,-5264.8604
20250724,-5265.9751
20250724,-5264.8809
20250724,-5265.9805
20250724,-5264.031
20250724,-5263.0039
20250724,-5264.1419
20250724,-5265.5282
20250724,-5266.7069
20250724,-5267.8614
20250724,-5266.5169
20250724,-5268.3783
20250724,-5269.9081
20250724,-5271.2366
20250724,-5272.3833
20250724,-5273.6765
20250724,-5275.2045
20250724,-5276.5501
20250724,-5275.21
20250724,-5276.6369
20250724,-5274.9753
20250725,-5276.2592
20250725,-5274.0711
20250725,-5275.133
20250725,-5276.4369
20250725,-5274.7967
20250725,-5275.8918
20250725,-5277.1735
20250725,-5278.368
20250725,-5279.5689
20250725,-5280.7778
20250725,-5281.8903
20250725,-5283.1837
20250725,-5282.1785
20250725,-5281.1259
20250725,-5282.5516
20250725,-5281.197
20250725,-5279.4826
20250725,-5280.7084
20250725,-5282.9417
20250725,-5284.3181
20250725,-5283.4871
20250725,-5284.9305
20250725,-5287.097
20250725,-5285.5124
20250725,-5286.8478
20250725,-5288.0391
20250725,-5289.1227
20250725,-5288.2719
20250725,-5289.5451
20250725,-5290.818
20250725,-5292.0045
20250725,-5290.9352
20250728,-5292.1168
20250728,-5293.5007
20250728,-5294.6194
20250728,-5295.7238
20250728,-5297.3779
20250728,-5295.548
20250728,-5296.774
20250728,-5298.2738
20250728,-5299.6636
20250728,-5298.6607
20250728,-5299.8174
20250728,-5298.7772
20250728,-5297.1417
20250728,-5298.5054
20250728,-5297.2765
20250728,-5295.6306
20250728,-5296.886
20250728,-5298.2397
20250728,-5299.761
20250728,-5298.5307
20250728,-5297.7937
20250728,-5296.5594
20250728,-5298.0148
20250728,-5299.1886
20250728,-5300.3875
20250728,-5298.4704
20250728,-5297.6866
20250728,-5296.4369
20250728,-5294.9747
20250728,-5293.4342
20250728,-5292.4698
20250728,-5294.2858
20250729,-5292.4525
20250729,-5293.5599
20250729,-5294.8757
20250729,-5295.9528
20250729,-5294.2894
20250729,-5295.3984
20250729,-5296.6176
20250729,-5298.4332
20250729,-5296.8827
20250729,-5294.925
20250729,-5296.0004
20250729,-5297.2244
20250729,-5298.2802
20250729,-5299.3815
20250729,-5300.6774
20250729,-5299.2953
20250729,-5297.723
20250729,-5299.0024
20250729,-5300.2892
20250729,-5301.7463
20250729,-5303.3032
20250729,-5304.659
20250729,-5302.6692
20250729,-5301.2526
20250729,-5302.4658
20250729,-5300.9778
20250729,-5302.477
20250729,-5300.7304
20250729,-5301.9994
20250729,-5303.6315
20250729,-5302.5835
20250729,-5303.8668
20250730,-5305.0003
20250730,-5306.3852
20250730,-5307.5018
20250730,-5308.7689
20250730,-5309.9448
20250730,-5308.288
20250730,-5319.0441
20250730,-5318.0676
20250730,-5319.3528
20250730,-5320.5982
20250730,-5319.5518
20250730,-5318.2274
20250730,-5317.1116
20250730,-5318.5912
20250730,-5319.874
20250730,-5320.9641
20250730,-5320.0878
20250730,-5321.4581
20250730,-5322.7042
20250730,-5324.0187
20250730,-5326.0287
20250730,-5327.3501
20250730,-5328.7697
20250730,-5329.9401
20250730,-5331.4158
20250730,-5333.0396
20250730,-5334.115
20250730,-5332.928
20250730,-5333.9985
20250730,-5335.0931
20250730,-5333.5595
20250731,-5334.6465
20250731,-5335.877
20250731,-5336.9641
20250731,-5338.2758
20250731,-5337.0996
20250731,-5338.1575
20250731,-5339.2528
20250731,-5340.3807
20250731,-5341.4803
20250731,-5342.76
20250731,-5344.2416
20250731,-5342.6106
20250731,-5341.1825
20250731,-5342.3244
20250731,-5343.4286
20250731,-5344.7139
20250731,-5346.2373
20250731,-5344.9057
20250731,-5346.1617
20250731,-5344.6514
20250731,-5345.7423
20250731,-5343.5836
20250731,-5344.7567
20250731,-5341.9939
20250731,-5343.3665
20250731,-5341.3746
20250731,-5339.8904
20250731,-5341.0545
20250731,-5339.7341
20250731,-5337.8788
20250731,-5339.0305
20250731,-5340.4955
20250801,-5338.6676
20250801,-5339.6942
20250801,-5340.7445
20250801,-5341.8415
20250801,-5342.9168
20250801,-5344.0048
20250801,-5341.9842
20250801,-5343.0518
20250801,-5341.3117
20250801,-5342.5638
20250801,-5341.1936
20250801,-5342.3128
20250801,-5343.4989
20250801,-5344.6446
20250801,-5345.9199
20250801,-5344.4165
20250801,-5343.8197
20250801,-5343.2468
20250801,-5344.7755
20250801,-5345.8958
20250801,-5347.1305
20250801,-5348.4547
20250801,-5349.5737
20250801,-5350.7491
20250801,-5349.3821
20250801,-5348.0501
20250801,-5349.2631
20250801,-5350.9625
20250801,-5352.0962
20250801,-5353.2409
20250801,-5351.9255
20250801,-5353.0931
20250804,-5354.2077
20250804,-5352.1999
20250804,-5353.2962
20250804,-5354.3947
20250804,-5353.0698
20250804,-5354.2237
20250804,-5355.2856
20250804,-5356.4216
20250804,-5357.6062
20250804,-5356.0161
20250804,-5355.1033
20250804,-5356.1534
20250804,-5357.6368
20250804,-5358.8373
20250804,-5360.1283
20250804,-5361.705
20250804,-5360.4286
20250804,-5361.6786
20250804,-5363.2408
20250804,-5362.5133
20250804,-5364.2245
20250804,-5362.8344
20250804,-5361.478
20250804,-5362.6352
20250804,-5365.1043
20250804,-5366.3275
20250804,-5364.7921
20250804,-5366.1199
20250804,-5364.4164
20250804,-5365.6232
20250804,-5363.9683
20250804,-5365.3299
20250805,-5363.6872
20250805,-5361.8711
20250805,-5360.5366
20250805,-5358.7175
20250805,-5359.8415
20250805,-5358.4448
20250805,-5357.4113
20250805,-5358.6131
20250805,-5356.9467
20250805,-5358.1495
20250805,-5356.1688
20250805,-5354.7648
20250805,-5355.9777
20250805,-5357.0793
20250805,-5358.4823
20250805,-5359.7691
20250805,-5358.4892
20250805,-5359.7664
20250805,-5360.9016
20250805,-5356.1924
20250805,-5357.3986
20250805,-5358.7996
20250805,-5357.6663
20250805,-5358.8348
20250805,-5358.2764
20250805,-5359.377
20250805,-5360.459
20250805,-5361.6714
20250805,-5363.2912
20250805,-5361.6946
20250805,-5362.8392
20250806,-5363.9548
20250806,-5364.9984
20250806,-5363.1005
20250806,-5361.5427
20250806,-5362.7333
20250806,-5363.9443
20250806,-5362.1875
20250806,-5363.5149
20250806,-5362.0811
20250806,-5363.2613
20250806,-5361.3936
20250806,-5359.3721
20250806,-5360.5459
20250806,-5361.9446
20250806,-5360.825
20250806,-5361.8635
20250806,-5360.9021
20250806,-5362.1331
20250806,-5361.2798
20250806,-5362.4352
20250806,-5363.6808
20250806,-5365.1305
20250806,-5363.0224
20250806,-5364.1449
20250806,-5365.2709
20250806,-5366.4906
20250806,-5364.9859
20250806,-5363.2039
20250806,-5364.3916
20250806,-5362.9738
20250806,-5364.2137
20250807,-5365.2657
20250807,-5366.3123
20250807,-5364.6246
20250807,-5365.7264
20250807,-5366.8007
20250807,-5367.9165
20250807,-5369.1325
20250807,-5370.2701
20250807,-5371.4639
20250807,-5372.5865
20250807,-5373.7225
20250807,-5371.786
20250807,-5373.045
20250807,-5374.2456
20250807,-5372.9699
20250807,-5374.6843
20250807,-5375.8128
20250807,-5377.3007
20250807,-5378.5198
20250807,-5377.2228
20250807,-5378.372
20250807,-5379.5692
20250807,-5380.8382
20250807,-5378.519
20250807,-5377.5183
20250807,-5378.8039
20250807,-5380.1523
20250807,-5381.6913
20250807,-5379.763
20250807,-5378.3568
20250807,-5377.9081
20250807,-5376.2681
20250808,-5374.4038
20250808,-5375.5548
20250808,-5373.6479
20250808,-5374.7733
20250808,-5375.9039
20250808,-5377.3366
20250808,-5375.6256
20250808,-5374.0752
20250808,-5375.1593
20250808,-5373.9548
20250808,-5375.0921
20250808,-5376.3501
20250808,-5377.5932
20250808,-5379.0801
20250808,-5377.3546
20250808,-5376.517
20250808,-5377.7632
20250808,-5378.9601
20250808,-5380.2416
20250808,-5381.3067
20250808,-5379.4336
20250808,-5380.862
20250808,-5382.0505
20250808,-5383.5963
20250808,-5384.7825
20250808,-5386.1883
20250808,-5384.4542
20250808,-5383.2941
20250808,-5384.6176
20250808,-5382.4595
20250808,-5383.7885
20250808,-5385.0054
20250811,-5383.2797
20250811,-5384.3526
20250811,-5382.5487
20250811,-5383.7737
20250811,-5384.9241
20250811,-5386.1957
20250811,-5387.316
20250811,-5387.3171
20250811,-5388.3809
20250811,-5389.5415
20250811,-5388.3891
20250811,-5389.7689
20250811,-5391.5382
20250811,-5392.8647
20250811,-5391.4675
20250811,-5389.9884
20250811,-5388.3052
20250811,-5389.7221
20250811,-5390.858
20250811,-5389.2188
20250811,-5390.5575
20250811,-5392.2778
20250811,-5390.2807
20250811,-5391.443
20250811,-5389.8771
20250811,-5387.3148
20250811,-5388.5543
20250811,-5389.7526
20250811,-5391.0752
20250811,-5392.3343
20250811,-5393.5822
20250811,-5392.3977
20250812,-5393.5213
20250812,-5394.657
20250812,-5392.8314
20250812,-5394.1068
20250812,-5395.2829
20250812,-5394.0085
20250812,-5392.4795
20250812,-5390.7624
20250812,-5388.928
20250812,-5387.7928
20250812,-5389.0132
20250812,-5390.0931
20250812,-5391.3732
20250812,-5392.6922
20250812,-5393.7643
20250812,-5394.9435
20250812,-5393.5273
20250812,-5395.257
20250812,-5396.5831
20250812,-5397.7719
20250812,-5397.1009
20250812,-5395.4661
20250812,-5393.8096
20250812,-5395.0899
20250812,-5396.2118
20250812,-5397.8137
20250812,-5399.1314
20250812,-5400.8403
20250812,-5402.0948
20250812,-5403.3354
20250812,-5404.4945
20250812,-5405.7238
20250813,-5406.9869
20250813,-5408.0969
20250813,-5409.1284
20250813,-5407.588
20250813,-5405.7824
20250813,-5404.4239
20250813,-5403.023
20250813,-5404.1306
20250813,-5405.4017
20250813,-5406.5521
20250813,-5407.7714
20250813,-5408.8623
20250813,-5407.2808
20250813,-5405.676
20250813,-5403.7431
20250813,-5405.3524
20250813,-5404.1532
20250813,-5402.6106
20250813,-5400.8284
20250813,-5398.646
20250813,-5399.8807
20250813,-5401.026
20250813,-5402.2081
20250813,-5401.3804
20250813,-5402.5641
20250813,-5401.5106
20250813,-5402.7595
20250813,-5401.1364
20250813,-5402.6268
20250813,-5401.4225
20250813,-5402.7727
20250813,-5403.9953
20250814,-5405.1789
20250814,-5406.2513
20250814,-5407.5858
20250814,-5408.7927
20250814,-5410.0268
20250814,-5407.9321
20250814,-5406.1855
20250814,-5407.3562
20250814,-5408.5533
20250814,-5407.2225
20250814,-5404.7659
20250814,-5405.9534
20250814,-5407.1275
20250814,-5406.2477
20250814,-5404.7101
20250814,-5403.4143
20250814,-5402.3943
20250814,-5403.525
20250814,-5405.0982
20250814,-5406.3002
20250814,-5404.3168
20250814,-5405.4303
20250814,-5406.7399
20250814,-5405.7453
20250814,-5406.8821
20250814,-5408.1327
20250814,-5406.9978
20250814,-5405.3827
20250814,-5406.6938
20250814,-5407.7496
20250814,-5409.0661
20250814,-5410.548
20250815,-5408.8551
20250815,-5409.9276
20250815,-5411.0252
20250815,-5409.9517
20250815,-5408.821
20250815,-5409.8794
20250815,-5410.9636
20250815,-5412.0617
20250815,-5413.2594
20250815,-5411.8741
20250815,-5413.0011
20250815,-5414.599
20250815,-5413.1374
20250815,-5414.2938
20250815,-5415.3983
20250815,-5416.7436
20250815,-5415.2775
20250815,-5416.4161
20250815,-5417.809
20250815,-5416.56
20250815,-5417.7806
20250815,-5416.3498
20250815,-5417.5444
20250815,-5416.357
20250815,-5414.8147
20250815,-5416.1646
20250815,-5417.316
20250815,-5418.4545
20250815,-5417.5444
20250815,-5416.2172
20250815,-5417.5042
20250815,-5419.299
20250818,-5420.3529
20250818,-5421.5258
20250818,-5418.1245
20250818,-5416.3051
20250818,-5417.3865
20250818,-5416.1563
20250818,-5417.4104
20250818,-5416.1413
20250818,-5417.2726
20250818,-5418.3857
20250818,-5419.7665
20250818,-5421.1755
20250818,-5422.3391
20250818,-5420.7229
20250818,-5422.0316
20250818,-5423.5447
20250818,-5424.7554
20250818,-5426.0938
20250818,-5425.0382
20250818,-5423.9808
20250818,-5422.7957
20250818,-5421.9511
20250818,-5423.2043
20250818,-5424.8894
20250818,-5426.2372
20250818,-5427.5543
20250818,-5428.6773
20250818,-5429.9669
20250818,-5431.3069
20250818,-5432.6364
20250818,-5431.4959
20250818,-5432.9149
20250819,-5433.9918
20250819,-5435.2641
20250819,-5433.6585
20250819,-5434.7656
20250819,-5433.0361
20250819,-5434.1267
20250819,-5435.183
20250819,-5436.2977
20250819,-5437.5304
20250819,-5438.7502
20250819,-5437.9674
20250819,-5439.1011
20250819,-5440.184
20250819,-5441.4609
20250819,-5440.1815
20250819,-5438.6583
20250819,-5439.8103
20250819,-5438.1028
20250819,-5439.2874
20250819,-5440.3541
20250819,-5438.4752
20250819,-5439.7602
20250819,-5437.4862
20250819,-5435.593
20250819,-5434.3971
20250819,-5435.6752
20250819,-5436.8948
20250819,-5438.0621
20250819,-5436.2642
20250819,-5435.019
20250819,-5432.7369
20250819,-5433.956
20250820,-5432.1744
20250820,-5433.2172
20250820,-5431.5222
20250820,-5432.6215
20250820,-5433.7019
20250820,-5432.267
20250820,-5433.3388
20250820,-5430.3588
20250820,-5431.5555
20250820,-5432.689
20250820,-5433.9049
20250820,-5435.0799
20250820,-5436.2466
20250820,-5437.6087
20250820,-5436.3393
20250820,-5437.3788
20250820,-5438.5123
20250820,-5437.7727
20250820,-5438.8532
20250820,-5437.0388
20250820,-5435.5807
20250820,-5437.1169
20250820,-5435.6775
20250820,-5437.1618
20250820,-5435.2903
20250820,-5436.6061
20250820,-5437.9571
20250820,-5439.0838
20250820,-5440.2933
20250820,-5439.3888
20250820,-5440.5171
20250820,-5441.6865
20250821,-5442.739
20250821,-5443.8196
20250821,-5444.8729
20250821,-5445.9735
20250821,-5444.4583
20250821,-5445.6421
20250821,-5446.7041
20250821,-5448.2104
20250821,-5446.5838
20250821,-5444.8293
20250821,-5446.043
20250821,-5447.143
20250821,-5448.5083
20250821,-5449.6759
20250821,-5448.3193
20250821,-5449.5915
20250821,-5450.8341
20250821,-5451.9463
20250821,-5453.1554
20250821,-5454.4841
20250821,-5455.8185
20250821,-5456.9701
20250821,-5455.2958
20250821,-5454.0713
20250821,-5452.8736
20250821,-5451.4461
20250821,-5450.154
20250821,-5451.9813
20250821,-5452.0016
20250821,-5450.8234
20250821,-5452.1403
20250822,-5453.2483
20250822,-5454.32
20250822,-5455.3914
20250822,-5456.4912
20250822,-5457.5271
20250822,-5455.9026
20250822,-5457.2617
20250822,-5458.3981
20250822,-5459.5105
20250822,-5458.2927
20250822,-5459.553
20250822,-5457.8365
20250822,-5459.0896
20250822,-5460.3833
20250822,-5461.8711
20250822,-5463.1058
20250822,-5464.3127
20250822,-5465.6065
20250822,-5463.67
20250822,-5464.9968
20250822,-5466.2895
20250822,-5467.5906
20250822,-5466.1989
20250822,-5467.376
20250822,-5468.7004
20250822,-5469.949
20250822,-5472.7853
20250822,-5474.0506
20250822,-5472.9022
20250822,-5471.6866
20250822,-5470.2357
20250822,-5469.8389
20250825,-5470.9142
20250825,-5472.0018
20250825,-5473.2062
20250825,-5474.3396
20250825,-5472.3899
20250825,-5471.0498
20250825,-5472.2448
20250825,-5471.0801
20250825,-5469.0478
20250825,-5470.0915
20250825,-5468.8535
20250825,-5467.8589
20250825,-5465.792
20250825,-5466.9906
20250825,-5468.5764
20250825,-5467.2735
20250825,-5465.4281
20250825,-5464.5236
20250825,-5463.3195
20250825,-5464.4725
20250825,-5465.9754
20250825,-5464.54
20250825,-5465.8468
20250825,-5466.9544
20250825,-5465.4535
20250825,-5466.7693
20250825,-5468.3079
20250825,-5467.252
20250825,-5468.4129
20250825,-5469.7421
20250825,-5471.4464
20250825,-5472.9888
20250826,-5474.1357
20250826,-5475.2329
20250826,-5476.3385
20250826,-5477.4334
20250826,-5478.6017
20250826,-5479.8184
20250826,-5477.9646
20250826,-5479.1265
20250826,-5480.1983
20250826,-5481.3385
20250826,-5479.486
20250826,-5480.7625
20250826,-5482.115
20250826,-5483.3973
20250826,-5484.6946
20250826,-5485.8577
20250826,-5483.9426
20250826,-5482.5748
20250826,-5480.8307
20250826,-5479.6269
20250826,-5481.562
20250826,-5482.9821
20250826,-5481.7398
20250826,-5483.3229
20250826,-5481.9637
20250826,-5481.9416
20250826,-5480.8805
20250826,-5479.8149
20250826,-5481.2075
20250826,-5479.4762
20250826,-5477.0658
20250826,-5478.834
20250827,-5476.9303
20250827,-5478.2423
20250827,-5476.6358
20250827,-5477.7978
20250827,-5478.9375
20250827,-5478.2682
20250827,-5479.3671
20250827,-5480.6339
20250827,-5482.4103
20250827,-5482.1241
20250827,-5483.2398
20250827,-5484.5058
20250827,-5486.0665
20250827,-5487.8771
20250827,-5486.2169
20250827,-5487.3009
20250827,-5486.6607
20250827,-5487.8451
20250827,-5486.266
20250827,-5487.3576
20250827,-5486.2819
20250827,-5485.3062
20250827,-5486.4326
20250827,-5485.6155
20250827,-5487.7272
20250827,-5489.2151
20250827,-5490.5945
20250827,-5491.8784
20250827,-5493.38
20250827,-5494.9311
20250827,-5496.1846
20250827,-5497.6283
20250828,-5498.8172
20250828,-5500.1451
20250828,-5499.0634
20250828,-5500.3849
20250828,-5498.8386
20250828,-5500.0137
20250828,-5501.17
20250828,-5499.1501
20250828,-5496.8317
20250828,-5495.1057
20250828,-5496.5404
20250828,-5495.7028
20250828,-5497.331
20250828,-5498.4891
20250828,-5499.7472
20250828,-5500.9579
20250828,-5502.3562
20250828,-5503.685
20250828,-5504.9893
20250828,-5506.2905
20250828,-5508.3469
20250828,-5507.7377
20250828,-5508.9864
20250828,-5510.1828
20250828,-5509.0462
20250828,-5507.1006
20250828,-5505.453
20250828,-5503.9435
20250828,-5505.2052
20250828,-5506.609
20250828,-5508.0539
20250828,-5509.1907
20250829,-5508.047
20250829,-5509.1415
20250829,-5510.211
20250829,-5511.2944
20250829,-5510.3586
20250829,-5508.5245
20250829,-5506.7803
20250829,-5505.039
20250829,-5503.305
20250829,-5502.1569
20250829,-5503.6493
20250829,-5504.7359
20250829,-5506.2257
20250829,-5507.38
20250829,-5508.492
20250829,-5509.6139
20250829,-5508.5195
20250829,-5506.8782
20250829,-5508.2182
20250829,-5507.0395
20250829,-5508.731
20250829,-5510.2126
20250829,-5511.3842
20250829,-5512.6926
20250829,-5510.7801
20250829,-5512.0655
20250829,-5513.2533
20250829,-5514.5511
20250829,-5516.0584
20250829,-5517.3193
20250829,-5518.752
20250829,-5519.9027
20250902,-5518.2625
20250902,-5519.344
20250902,-5520.5109
20250902,-5521.6738
20250902,-5519.9755
20250902,-5518.3117
20250902,-5516.4455
20250902,-5517.5273
20250902,-5518.7837
20250902,-5520.3645
20250902,-5517.9069
20250902,-5516.2109
20250902,-5517.4596
20250902,-5518.7826
20250902,-5519.8835
20250902,-5521.0699
20250902,-5522.4994
20250902,-5523.7361
20250902,-5521.7012
20250902,-5520.0683
20250902,-5521.1634
20250902,-5522.5831
20250902,-5523.9496
20250902,-5522.3373
20250902,-5523.8946
20250902,-5525.093
20250902,-5526.4376
20250902,-5527.6303
20250902,-5529.0507
20250902,-5527.7988
20250902,-5526.2432
20250902,-5527.7534
20250903,-5528.8926
20250903,-5530.0176
20250903,-5528.5475
20250903,-5529.6359
20250903,-5531.1255
20250903,-5529.3608
20250903,-5530.4316
20250903,-5527.941
20250903,-5529.1968
20250903,-5530.3462
20250903,-5528.8191
20250903,-5530.137
20250903,-5528.4771
20250903,-5526.6183
20250903,-5527.7932
20250903,-5528.916
20250903,-5527.645
20250903,-5528.8185
20250903,-5527.7342
20250903,-5526.7923
20250903,-5525.1938
20250903,-5526.5718
20250903,-5527.685
20250903,-5529.0562
20250903,-5530.2455
20250903,-5531.4559
20250903,-5532.5604
20250903,-5534.4467
20250903,-5535.671
20250903,-5536.8871
20250903,-5538.08
20250903,-5539.3838
20250904,-5540.4725
20250904,-5538.6952
20250904,-5539.7897
20250904,-5541.3667
20250904,-5542.6678
20250904,-5540.9798
20250904,-5542.1312
20250904,-5543.3403
20250904,-5544.6508
20250904,-5546.0575
20250904,-5547.6752
20250904,-5545.5643
20250904,-5546.7858
20250904,-5547.9114
20250904,-5546.6397
20250904,-5545.5546
20250904,-5544.2702
20250904,-5542.5511
20250904,-5543.6718
20250904,-5542.817
20250904,-5544.1175
20250904,-5545.3644
20250904,-5544.6616
20250904,-5546.0601
20250904,-5544.7492
20250904,-5543.1858
20250904,-5542.2429
20250904,-5540.8551
20250904,-5539.7577
20250904,-5540.8813
20250904,-5540.1006
20250905,-5541.1955
20250905,-5539.1318
20250905,-5537.483
20250905,-5535.8374
20250905,-5537.0258
20250905,-5538.2978
20250905,-5536.3564
20250905,-5537.4836
20250905,-5535.5102
20250905,-5536.6047
20250905,-5537.7023
20250905,-5538.8327
20250905,-5539.9169
20250905,-5541.0869
20250905,-5542.2479
20250905,-5543.765
20250905,-5544.951
20250905,-5543.2703
20250905,-5540.9682
20250905,-5542.2149
20250905,-5540.3437
20250905,-5541.568
20250905,-5542.7726
20250905,-5543.8675
20250905,-5545.1068
20250905,-5546.2897
20250905,-5544.8914
20250905,-5544.1879
20250905,-5545.4114
20250905,-5544.5428
20250905,-5542.9562
20250908,-5541.263
20250908,-5539.5845
20250908,-5540.6749
20250908,-5538.8541
20250908,-5537.2623
20250908,-5535.5793
20250908,-5533.9145
20250908,-5535.0064
20250908,-5533.8848
20250908,-5535.0344
20250908,-5533.0576
20250908,-5534.5589
20250908,-5535.7107
20250908,-5536.8771
20250908,-5538.0406
20250908,-5539.2421
20250908,-5540.5909
20250908,-5541.8759
20250908,-5543.4224
20250908,-5541.6954
20250908,-5543.0157
20250908,-5544.4819
20250908,-5545.8222
20250908,-5547.0285
20250908,-5545.3409
20250908,-5543.9184
20250908,-5545.0457
20250908,-5543.8093
20250908,-5544.9165
20250908,-5546.1174
20250908,-5543.9759
20250908,-5545.2042
20250909,-5546.268
20250909,-5547.4013
20250909,-5545.6918
20250909,-5544.4577
20250909,-5545.9986
20250909,-5547.3131
20250909,-5545.9901
20250909,-5547.1822
20250909,-5548.375
20250909,-5549.6566
20250909,-5551.0592
20250909,-5550.4208
20250909,-5548.4344
20250909,-5547.0039
20250909,-5548.1913
20250909,-5549.3584
20250909,-5550.4528
20250909,-5551.5929
20250909,-5552.8263
20250909,-5552.1445
20250909,-5553.4443
20250909,-5554.5516
20250909,-5555.6859
20250909,-5556.8436
20250909,-5558.0769
20250909,-5556.9625
20250909,-5558.2316
20250909,-5559.5477
20250909,-5560.73
20250909,-5556.4458
20250909,-5555.1532
20250910,-5556.2274
20250910,-5557.6006
20250910,-5558.7042
20250910,-5559.7834
20250910,-5560.8595
20250910,-5559.1116
20250910,-5560.2663
20250910,-5561.3838
20250910,-5562.4807
20250910,-5563.8207
20250910,-5564.9579
20250910,-5566.0864
20250910,-5567.2726
20250910,-5565.5108
20250910,-5563.3804
20250910,-5562.3081
20250910,-5563.5535
20250910,-5564.9674
20250910,-5566.0775
20250910,-5567.3541
20250910,-5566.4132
20250910,-5565.0867
20250910,-5566.247
20250910,-5564.7305
20250910,-5566.0373
20250910,-5567.5706
20250910,-5568.9121
20250910,-5570.2777
20250910,-5571.3449
20250910,-5570.0531
20250910,-5571.1502
20250910,-5572.7861
20250911,-5573.8314
20250911,-5574.8893
20250911,-5575.9654
20250911,-5577.0743
20250911,-5574.991
20250911,-5573.7518
20250911,-5571.7033
20250911,-5572.8532
20250911,-5571.1097
20250911,-5572.2481
20250911,-5573.4279
20250911,-5574.541
20250911,-5575.6285
20250911,-5574.4787
20250911,-5575.6097
20250911,-5574.1941
20250911,-5571.9878
20250911,-5573.6045
20250911,-5574.7906
20250911,-5576.0704
20250911,-5577.2527
20250911,-5576.0856
20250911,-5577.7118
20250911,-5579.1395
20250911,-5580.2858
20250911,-5581.526
20250911,-5583.3896
20250911,-5582.3091
20250911,-5581.3476
20250911,-5582.839
20250911,-5581.5628
20250911,-5582.8477
20250912,-5583.9179
20250912,-5585.0226
20250912,-5586.4129
20250912,-5587.6958
20250912,-5588.7319
20250912,-5590.2866
20250912,-5588.9702
20250912,-5587.3387
20250912,-5586.3377
20250912,-5584.5468
20250912,-5583.1907
20250912,-5581.1665
20250912,-5582.3772
20250912,-5584.3649
20250912,-5586.3373
20250912,-5585.3952
20250912,-5586.7485
20250912,-5588.0059
20250912,-5586.2862
20250912,-5587.5292
20250912,-5586.0017
20250912,-5586.1587
20250912,-5587.4697
20250912,-5586.057
20250912,-5587.51
20250912,-5588.8957
20250912,-5590.0666
20250912,-5591.2716
20250912,-5592.7744
20250912,-5593.9455
20250912,-5595.2199
20250912,-5596.4653
20250915,-5595.0
20250915,-5596.0892
20250915,-5594.4644
20250915,-5595.574
20250915,-5594.0026
20250915,-5592.2652
20250915,-5593.5534
20250915,-5594.9399
20250915,-5593.217
20250915,-5591.8181
20250915,-5591.2514
20250915,-5589.7953
20250915,-5588.0496
20250915,-5589.1663
20250915,-5590.4638
20250915,-5591.8597
20250915,-5592.9727
20250915,-5594.2751
20250915,-5595.4133
20250915,-5596.4989
20250915,-5597.5714
20250915,-5595.9237
20250915,-5595.1895
20250915,-5596.7868
20250915,-5597.9073
20250915,-5599.187
20250915,-5601.2662
20250915,-5602.5007
20250915,-5603.8865
20250915,-5603.1147
20250915,-5604.345
20250915,-5603.2348
20250916,-5604.2933
20250916,-5605.344
20250916,-5606.5453
20250916,-5607.6791
20250916,-5608.9469
20250916,-5610.0536
20250916,-5611.2389
20250916,-5612.3877
20250916,-5610.808
20250916,-5612.0523
20250916,-5613.2215
20250916,-5612.2501
20250916,-5610.3343
20250916,-5611.5818
20250916,-5613.0118
20250916,-5614.1795
20250916,-5615.3393
20250916,-5614.4126
20250916,-5615.8214
20250916,-5614.4298
20250916,-5615.6455
20250916,-5614.745
20250916,-5613.4411
20250916,-5614.7739
20250916,-5616.0132
20250916,-5617.1106
20250916,-5618.882
20250916,-5617.6513
20250916,-5618.8507
20250916,-5620.4416
20250916,-5619.2542
20250916,-5620.5722
20250917,-5618.875
20250917,-5617.2837
20250917,-5618.3647
20250917,-5619.4387
20250917,-5620.5694
20250917,-5620.2653
20250917,-5621.4522
20250917,-5622.5388
20250917,-5624.1556
20250917,-5625.8642
20250917,-5624.2809
20250917,-5622.8736
20250917,-5624.3176
20250917,-5622.4481
20250917,-5623.6466
20250917,-5622.152
20250917,-5623.329
20250917,-5624.4595
20250917,-5625.8323
20250917,-5627.0289
20250917,-5626.0027
20250917,-5624.6535
20250917,-5626.3251
20250917,-5627.4802
20250917,-5628.6282
20250917,-5625.048
20250917,-5626.2071
20250917,-5627.26
20250917,-5628.3139
20250917,-5626.438
20250917,-5627.5081
20250918,-5628.6281
20250918,-5626.7114
20250918,-5627.804
20250918,-5628.9227
20250918,-5627.015
20250918,-5626.1197
20250918,-5625.2595
20250918,-5626.3993
20250918,-5627.6203
20250918,-5628.9242
20250918,-5630.0857
20250918,-5628.1366
20250918,-5629.2545
20250918,-5627.7136
20250918,-5625.9891
20250918,-5624.3525
20250918,-5622.0601
20250918,-5620.6001
20250918,-5621.7258
20250918,-5622.8649
20250918,-5621.8653
20250918,-5623.0982
20250918,-5621.5737
20250918,-5622.6993
20250918,-5623.8427
20250918,-5625.2145
20250918,-5623.533
20250918,-5622.2704
20250918,-5623.4969
20250918,-5624.8221
20250918,-5626.0302
20250919,-5627.0905
20250919,-5625.3675
20250919,-5626.4512
20250919,-5624.9357
20250919,-5623.2194
20250919,-5624.3074
20250919,-5625.4314
20250919,-5623.4002
20250919,-5624.9291
20250919,-5626.026
20250919,-5625.1074
20250919,-5626.2416
20250919,-5627.5231
20250919,-5628.5997
20250919,-5627.0492
20250919,-5628.2112
20250919,-5626.6922
20250919,-5627.8146
20250919,-5626.5339
20250919,-5627.6402
20250919,-5628.7911
20250919,-5629.9467
20250919,-5631.6266
20250919,-5630.4225
20250919,-5629.0744
20250919,-5630.2881
20250919,-5628.6672
20250919,-5629.9305
20250919,-5628.225
20250919,-5626.5013
20250919,-5627.9727
20250919,-5629.37
20250922,-5630.4411
20250922,-5628.8798
20250922,-5629.964
20250922,-5631.5213
20250922,-5630.5307
20250922,-5628.6428
20250922,-5630.1481
20250922,-5631.3179
20250922,-5629.6991
20250922,-5630.8018
20250922,-5632.0225
20250922,-5633.0975
20250922,-5634.5052
20250922,-5635.6667
20250922,-5634.7727
20250922,-5635.9192
20250922,-5636.983
20250922,-5638.3815
20250922,-5639.495
20250922,-5641.3841
20250922,-5640.1062
20250922,-5639.0568
20250922,-5640.2933
20250922,-5641.9919
20250922,-5643.2627
20250922,-5641.5965
20250922,-5642.7367
20250922,-5641.4629
20250922,-5642.6604
20250922,-5644.001
20250922,-5645.1205
20250922,-5646.3028
20250923,-5644.449
20250923,-5645.5068
20250923,-5646.7145
20250923,-5645.0485
20250923,-5646.1608
20250923,-5644.1512
20250923,-5645.2304
20250923,-5646.4032
20250923,-5644.3467
20250923,-5645.5667
20250923,-5646.7789
20250923,-5647.8646
20250923,-5646.0832
20250923,-5647.3608
20250923,-5646.4496
20250923,-5644.7621
20250923,-5646.0683
20250923,-5647.1949
20250923,-5648.5977
20250923,-5649.9452
20250923,-5651.2248
20250923,-5649.1986
20250923,-5650.3259
20250923,-5651.5239
20250923,-5652.944
20250923,-5654.0917
20250923,-5655.1643
20250923,-5656.6151
20250923,-5658.2057
20250923,-5659.6496
20250923,-5660.8504
20250924,-5661.9001
20250924,-5662.9477
20250924,-5664.0736
20250924,-5662.3989
20250924,-5663.5035
20250924,-5665.0772
20250924,-5666.2157
20250924,-5667.424
20250924,-5668.5688
20250924,-5667.5461
20250924,-5665.6111
20250924,-5666.8244
20250924,-5664.7354
20250924,-5666.0216
20250924,-5667.1386
20250924,-5665.3097
20250924,-5666.4939
20250924,-5665.1019
20250924,-5666.2441
20250924,-5665.5169
20250924,-5664.5324
20250924,-5663.3948
20250924,-5660.2789
20250924,-5661.5045
20250924,-5662.8137
20250924,-5664.0438
20250924,-5662.6998
20250924,-5663.9017
20250924,-5665.0616
20250924,-5666.3845
20250924,-5667.5126
20250924,-5666.496
20250925,-5664.9938
20250925,-5666.1497
20250925,-5667.5379
20250925,-5668.6531
20250925,-5667.9291
20250925,-5669.0665
20250925,-5670.1775
20250925,-5671.3718
20250925,-5672.6606
20250925,-5673.9237
20250925,-5675.2338
20250925,-5676.3889
20250925,-5674.9944
20250925,-5676.426
20250925,-5677.7151
20250925,-5679.1837
20250925,-5677.9965
20250925,-5676.2528
20250925,-5674.6224
20250925,-5675.8045
20250925,-5674.0373
20250925,-5675.2476
20250925,-5673.2986
20250925,-5671.5866
20250925,-5672.7279
20250925,-5671.4173
20250925,-5674.3046
20250925,-5673.2467
20250925,-5674.3956
20250925,-5675.5118
20250925,-5676.9837
20250925,-5678.0869
20250926,-5676.6903
20250926,-5675.1384
20250926,-5673.4023
20250926,-5672.0548
20250926,-5674.5488
20250926,-5675.6516
20250926,-5676.8227
20250926,-5678.0091
20250926,-5679.1729
20250926,-5680.3982
20250926,-5681.5636
20250926,-5680.8997
20250926,-5679.6684
20250926,-5677.8702
20250926,-5679.3133
20250926,-5680.4971
20250926,-5681.7761
20250926,-5683.1721
20250926,-5681.0659
20250926,-5679.3598
20250926,-5677.5204
20250926,-5679.1275
20250926,-5680.4608
20250926,-5681.7152
20250926,-5683.0174
20250926,-5684.2744
20250926,-5685.4132
20250926,-5686.6173
20250926,-5687.7835
20250926,-5689.436
20250926,-5690.8455
20250926,-5692.0296
20250929,-5690.6678
20250929,-5687.8355
20250929,-5688.9854
20250929,-5687.4853
20250929,-5688.6855
20250929,-5689.8358
20250929,-5688.7074
20250929,-5689.8317
20250929,-5688.1097
20250929,-5689.2192
20250929,-5690.6441
20250929,-5691.7094
20250929,-5685.5902
20250929,-5686.8098
20250929,-5688.0342
20250929,-5689.3519
20250929,-5690.4983
20250929,-5691.7759
20250929,-5693.0096
20250929,-5694.1504
20250929,-5695.4168
20250929,-5694.2093
20250929,-5692.6842
20250929,-5693.9279
20250929,-5693.0315
20250929,-5694.1299
20250929,-5692.5793
20250929,-5694.1873
20250929,-5692.9993
20250929,-5690.5809
20250929,-5692.2027
20250929,-5693.3866
20250930,-5691.8491
20250930,-5693.1019
20250930,-5691.3
20250930,-5692.4518
20250930,-5693.5361
20250930,-5691.6505
20250930,-5692.7395
20250930,-5693.9653
20250930,-5692.5303
20250930,-5694.0504
20250930,-5692.7239
20250930,-5694.1406
20250930,-5695.4338
20250930,-5696.7133
20250930,-5695.6542
20250930,-5696.8903
20250930,-5694.7143
20250930,-5693.2866
20250930,-5694.4887
20250930,-5695.7488
20250930,-5697.1019
20250930,-5698.4078
20250930,-5699.6133
20250930,-5697.7766
20250930,-5698.9896
20250930,-5697.1223
20250930,-5698.6097
20250930,-5699.9032
20250930,-5701.119
20250930,-5699.8954
20250930,-5701.0815
20250930,-5702.2511
20251001,-5703.3084
20251001,-5704.4754
20251001,-5703.097
20251001,-5704.2633
20251001,-5705.4362
20251001,-5706.5295
20251001,-5704.8866
20251001,-5705.9566
20251001,-5707.3655
20251001,-5705.5718
20251001,-5706.7957
20251001,-5707.8777
20251001,-5709.2054
20251001,-5710.3916
20251001,-5711.552
20251001,-5710.2357
20251001,-5711.9714
20251001,-5709.66
20251001,-5710.7414
20251001,-5711.9661
20251001,-5713.2173
20251001,-5711.7959
20251001,-5709.7633
20251001,-5709.5221
20251001,-5710.84
20251001,-5712.4512
20251001,-5713.5393
20251001,-5714.6967
20251001,-5716.022
20251001,-5717.403
20251001,-5718.6857
20251001,-5719.8976
20251002,-5721.2518
20251002,-5722.3833
20251002,-5723.4698
20251002,-5724.9933
20251002,-5726.123
20251002,-5727.6455
20251002,-5728.706
20251002,-5729.8163
20251002,-5730.9785
20251002,-5732.2122
20251002,-5733.2983
20251002,-5731.508
20251002,-5732.7887
20251002,-5733.8748
20251002,-5734.9894
20251002,-5736.1918
20251002,-5737.4541
20251002,-5736.1642
20251002,-5737.573
20251002,-5738.8465
20251002,-5736.9758
20251002,-5738.17
20251002,-5739.2926
20251002,-5740.5581
20251002,-5741.6448
20251002,-5740.3996
20251002,-5741.6079
20251002,-5740.1686
20251002,-5739.8912
20251002,-5741.2903
20251002,-5739.9984
20251002,-5741.1527
20251003,-5742.2086
20251003,-5743.2945
20251003,-5741.1609
20251003,-5742.2639
20251003,-5740.2207
20251003,-5741.384
20251003,-5739.53
20251003,-5740.763
20251003,-5742.0305
20251003,-5743.0792
20251003,-5744.4389
20251003,-5742.8109
20251003,-5744.6308
20251003,-5745.7768
20251003,-5744.1727
20251003,-5745.4579
20251003,-5746.6142
20251003,-5744.9011
20251003,-5746.1973
20251003,-5747.4396
20251003,-5746.4123
20251003,-5747.693
20251003,-5748.8702
20251003,-5750.5914
20251003,-5751.7435
20251003,-5752.8263
20251003,-5751.1989
20251003,-5752.3511
20251003,-5753.8402
20251003,-5754.9449
20251003,-5753.4767
20251003,-5754.7156
20251006,-5752.9357
20251006,-5754.1481
20251006,-5755.3393
20251006,-5753.4452
20251006,-5751.7263
20251006,-5749.6506
20251006,-5747.8775
20251006,-5749.0394
20251006,-5750.2614
20251006,-5748.3936
20251006,-5749.6128
20251006,-5748.7142
20251006,-5750.0426
20251006,-5751.7099
20251006,-5750.5282
20251006,-5751.6776
20251006,-5752.8647
20251006,-5754.137
20251006,-5755.5814
20251006,-5756.7226
20251006,-5757.9394
20251006,-5757.0372
20251006,-5758.1704
20251006,-5756.6398
20251006,-5757.698
20251006,-5756.9056
20251006,-5756.4435
20251006,-5755.1146
20251006,-5756.2451
20251006,-5757.444
20251006,-5758.6687
20251006,-5759.8411
20251007,-5760.9291
20251007,-5758.9579
20251007,-5757.4529
20251007,-5755.7896
20251007,-5754.4657
20251007,-5753.1828
20251007,-5754.2954
20251007,-5755.3463
20251007,-5753.5024
20251007,-5754.5479
20251007,-5753.0069
20251007,-5754.2356
20251007,-5755.3716
20251007,-5756.5346
20251007,-5757.6218
20251007,-5758.6932
20251007,-5759.9063
20251007,-5758.7755
20251007,-5759.8548
20251007,-5761.179
20251007,-5762.4202
20251007,-5763.8746
20251007,-5765.1352
20251007,-5766.2668
20251007,-5765.0013
20251007,-5766.1165
20251007,-5767.448
20251007,-5768.6446
20251007,-5769.8794
20251007,-5771.2956
20251007,-5769.6603
20251007,-5770.8786
20251008,-5771.9716
20251008,-5773.0898
20251008,-5774.2255
20251008,-5775.2682
20251008,-5773.3536
20251008,-5771.7969
20251008,-5773.3399
20251008,-5774.4963
20251008,-5772.6787
20251008,-5773.7875
20251008,-5774.9609
20251008,-5773.0822
20251008,-5774.5125
20251008,-5775.7853
20251008,-5774.8406
20251008,-5776.0681
20251008,-5777.477
20251008,-5776.308
20251008,-5777.5087
20251008,-5777.2605
20251008,-5778.5625
20251008,-5776.6765
20251008,-5775.882
20251008,-5777.1549
20251008,-5778.4291
20251008,-5776.7556
20251008,-5775.7751
20251008,-5774.6561
20251008,-5775.9327
20251008,-5777.0872
20251008,-5778.5638
20251008,-5779.8897
20251009,-5780.9331
20251009,-5781.9981
20251009,-5783.07
20251009,-5784.3257
20251009,-5782.6556
20251009,-5781.3795
20251009,-5782.4853
20251009,-5780.7308
20251009,-5779.0089
20251009,-5780.101
20251009,-5781.3093
20251009,-5782.44
20251009,-5781.2126
20251009,-5782.4171
20251009,-5783.8042
20251009,-5782.3347
20251009,-5783.6602
20251009,-5784.899
20251009,-5783.2754
20251009,-5784.6372
20251009,-5785.8992
20251009,-5784.8634
20251009,-5786.0945
20251009,-5787.3581
20251009,-5785.8544
20251009,-5786.92
20251009,-5788.1526
20251009,-5789.3503
20251009,-5790.4455
20251009,-5791.6277
20251009,-5790.1824
20251009,-5791.2785
20251010,-5789.4859
20251010,-5790.646
20251010,-5791.9299
20251010,-5793.1832
20251010,-5794.2101
20251010,-5795.3803
20251010,-5792.9275
20251010,-5793.9851
20251010,-5795.0202
20251010,-5796.1538
20251010,-5793.2145
20251010,-5794.2839
20251010,-5795.358
20251010,-5792.9918
20251010,-5791.0488
20251010,-5788.4175
20251010,-5789.9617
20251010,-5791.0383
20251010,-5792.1009
20251010,-5793.2194
20251010,-5790.8638
20251010,-5791.9379
20251010,-5793.1119
20251010,-5794.2485
20251010,-5795.3657
20251010,-5796.5757
20251010,-5797.7028
20251010,-5798.8911
20251010,-5800.1027
20251010,-5801.5687
20251010,-5802.8784
20251013,-5803.964
20251013,-5805.0618
20251013,-5806.1161
20251013,-5807.2158
20251013,-5808.3409
20251013,-5809.5639
20251013,-5810.7
20251013,-5811.8912
20251013,-5813.3449
20251013,-5812.5856
20251013,-5813.7118
20251013,-5814.9427
20251013,-5816.0837
20251013,-5817.2516
20251013,-5818.5755
20251013,-5818.0691
20251013,-5816.8393
20251013,-5815.4644
20251013,-5816.696
20251013,-5817.8124
20251013,-5818.8786
20251013,-5817.3492
20251013,-5818.4356
20251013,-5819.711
20251013,-5818.5994
20251013,-5819.7738
20251013,-5818.7326
20251013,-5819.8537
20251013,-5819.1239
20251013,-5820.3614
20251013,-5819.071
20251013,-5820.2354
20251014,-5821.3309
20251014,-5822.4115
20251014,-5820.3428
20251014,-5818.6367
20251014,-5819.7672
20251014,-5820.8527
20251014,-5822.0656
20251014,-5820.6143
20251014,-5818.4731
20251014,-5819.5396
20251014,-5820.6935
20251014,-5821.8645
20251014,-5823.2231
20251014,-5822.4731
20251014,-5823.9347
20251014,-5825.0899
20251014,-5823.5459
20251014,-5819.1382
20251014,-5820.5402
20251014,-5821.6854
20251014,-5822.7566
20251014,-5823.9391
20251014,-5820.3891
20251014,-5818.6147
20251014,-5819.7348
20251014,-5818.0608
20251014,-5816.6036
20251014,-5817.8721
20251014,-5819.1596
20251014,-5820.2738
20251014,-5819.177
20251014,-5820.337
20251015,-5821.3666
20251015,-5822.4759
20251015,-5823.5912
20251015,-5824.844
20251015,-5823.8918
20251015,-5824.9472
20251015,-5826.0024
20251015,-5827.1411
20251015,-5825.559
20251015,-5826.7145
20251015,-5824.8761
20251015,-5822.8505
20251015,-5824.0607
20251015,-5825.203
20251015,-5826.3251
20251015,-5827.9695
20251015,-5829.1571
20251015,-5830.3141
20251015,-5828.8244
20251015,-5829.8857
20251015,-5828.4627
20251015,-5829.5478
20251015,-5828.3495
20251015,-5829.4635
20251015,-5830.9489
20251015,-5832.1092
20251015,-5833.3006
20251015,-5834.4982
20251015,-5832.959
20251015,-5834.2139
20251015,-5835.3096
20251015,-5836.4348
20251016,-5837.4989
20251016,-5838.5461
20251016,-5839.6056
20251016,-5837.9105
20251016,-5839.3989
20251016,-5840.811
20251016,-5841.9548
20251016,-5843.0638
20251016,-5844.1939
20251016,-5842.5426
20251016,-5840.9452
20251016,-5839.5126
20251016,-5840.5922
20251016,-5841.7066
20251016,-5840.0305
20251016,-5838.4737
20251016,-5839.5407
20251016,-5840.6391
20251016,-5838.7809
20251016,-5839.8404
20251016,-5840.9546
20251016,-5839.1509
20251016,-5837.7666
20251016,-5835.9665
20251016,-5837.187
20251016,-5838.3314
20251016,-5836.6532
20251016,-5837.7639
20251016,-5836.1032
20251016,-5837.2111
20251016,-5838.3423
20251016,-5836.5327
20251017,-5834.9742
20251017,-5836.009
20251017,-5833.6446
20251017,-5832.0515
20251017,-5830.2924
20251017,-5831.3816
20251017,-5829.821
20251017,-5828.1675
20251017,-5829.2284
20251017,-5826.9406
20251017,-5823.4352
20251017,-5825.0914
20251017,-5826.26
20251017,-5827.4255
20251017,-5828.6163
20251017,-5826.9591
20251017,-5828.2928
20251017,-5829.3465
20251017,-5827.6647
20251017,-5828.8136
20251017,-5829.8932
20251017,-5831.0338
20251017,-5832.3534
20251017,-5833.5181
20251017,-5834.639
20251017,-5832.8704
20251017,-5834.2028
20251017,-5835.3491
20251017,-5836.8669
20251017,-5838.7102
20251017,-5836.6905
20251017,-5838.1923
20251020,-5836.7267
20251020,-5837.7824
20251020,-5834.4032
20251020,-5835.505
20251020,-5832.0383
20251020,-5833.2385
20251020,-5834.3894
20251020,-5832.7145
20251020,-5833.8597
20251020,-5834.9625
20251020,-5837.2893
20251020,-5835.6045
20251020,-5836.8266
20251020,-5838.1404
20251020,-5837.0074
20251020,-5835.8694
20251020,-5834.519
20251020,-5835.7492
20251020,-5836.9168
20251020,-5836.078
20251020,-5835.1384
20251020,-5836.2579
20251020,-5838.2304
20251020,-5839.4265
20251020,-5841.0702
20251020,-5839.0717
20251020,-5840.5405
20251020,-5838.5937
20251020,-5840.0329
20251020,-5841.211
20251020,-5842.5055
20251020,-5841.7422
20251021,-5842.8474
20251021,-5841.2391
20251021,-5839.5416
20251021,-5837.5909
20251021,-5838.6701
20251021,-5839.8156
20251021,-5841.0306
20251021,-5839.4155
20251021,-5838.2387
20251021,-5839.5287
20251021,-5840.5555
20251021,-5841.9943
20251021,-5843.2544
20251021,-5844.3687
20251021,-5845.5346
20251021,-5846.9159
20251021,-5848.1185
20251021,-5849.9312
20251021,-5848.541
20251021,-5847.0677
20251021,-5848.2116
20251021,-5849.3748
20251021,-5850.502
20251021,-5851.6709
20251021,-5852.825
20251021,-5853.971
20251021,-5855.1928
20251021,-5856.3245
20251021,-5857.4755
20251021,-5858.7059
20251021,-5860.4062
20251021,-5861.6816
20251022,-5859.1791
20251022,-5860.3554
20251022,-5861.3973
20251022,-5862.4683
20251022,-5863.5475
20251022,-5864.7277
20251022,-5865.8792
20251022,-5867.0381
20251022,-5864.9351
20251022,-5866.0005
20251022,-5867.0417
20251022,-5865.2399
20251022,-5866.3145
20251022,-5867.3766
20251022,-5866.2314
20251022,-5865.0964
20251022,-5866.4626
20251022,-5867.571
20251022,-5868.7824
20251022,-5869.9936
20251022,-5871.1444
20251022,-5869.6701
20251022,-5868.021
20251022,-5869.1561
20251022,-5867.6559
20251022,-5868.7964
20251022,-5869.9273
20251022,-5868.1464
20251022,-5869.3148
20251022,-5868.077
20251022,-5866.2601
20251022,-5867.5369
20251023,-5865.7416
20251023,-5866.8334
20251023,-5867.9282
20251023,-5866.2885
20251023,-5867.4133
20251023,-5865.6618
20251023,-5866.718
20251023,-5865.9424
20251023,-5867.2383
20251023,-5865.6381
20251023,-5866.8078
20251023,-5867.9154
20251023,-5869.5189
20251023,-5868.1607
20251023,-5869.2943
20251023,-5870.626
20251023,-5869.5489
20251023,-5870.8
20251023,-5872.0861
20251023,-5870.0595
20251023,-5871.4886
20251023,-5870.0153
20251023,-5871.3171
20251023,-5872.5782
20251023,-5871.3398
20251023,-5870.4767
20251023,-5871.6937
20251023,-5872.8621
20251023,-5874.4104
20251023,-5873.3839
20251023,-5874.6781
20251023,-5876.4032
20251024,-5877.4286
20251024,-5878.5923
20251024,-5879.6753
20251024,-5881.0409
20251024,-5879.2183
20251024,-5877.4273
20251024,-5874.6004
20251024,-5875.7787
20251024,-5876.8384
20251024,-5878.3345
20251024,-5876.5951
20251024,-5875.0977
20251024,-5873.2605
20251024,-5874.4217
20251024,-5875.71
20251024,-5876.9991
20251024,-5875.865
20251024,-5874.6774
20251024,-5873.1566
20251024,-5871.1685
20251024,-5872.3211
20251024,-5874.1161
20251024,-5872.9703
20251024,-5871.6964
20251024,-5869.8414
20251024,-5871.0668
20251024,-5872.303
20251024,-5871.2174
20251024,-5872.9683
20251024,-5874.2194
20251024,-5875.3225
20251024,-5876.4019
20251027,-5877.4329
20251027,-5875.7144
20251027,-5876.8068
20251027,-5877.8542
20251027,-5879.0041
20251027,-5880.085
20251027,-5881.547
20251027,-5880.2319
20251027,-5878.2798
20251027,-5879.4077
20251027,-5880.621
20251027,-5882.0037
20251027,-5883.2985
20251027,-5881.9692
20251027,-5883.1478
20251027,-5884.2306
20251027,-5885.4321
20251027,-5884.0754
20251027,-5885.2549
20251027,-5886.3646
20251027,-5887.6776
20251027,-5886.0553
20251027,-5886.7349
20251027,-5885.3641
20251027,-5887.1461
20251027,-5888.6088
20251027,-5889.6738
20251027,-5888.2635
20251027,-5889.8882
20251027,-5891.286
20251027,-5889.9348
20251027,-5891.2237
20251028,-5889.6561
20251028,-5890.7682
20251028,-5888.2613
20251028,-5885.9512
20251028,-5887.0304
20251028,-5888.1659
20251028,-5889.2603
20251028,-5890.7345
20251028,-5891.9197
20251028,-5890.5603
20251028,-5891.9958
20251028,-5891.0242
20251028,-5892.3821
20251028,-5890.6497
20251028,-5891.7297
20251028,-5893.0213
20251028,-5890.9359
20251028,-5892.0719
20251028,-5889.8023
20251028,-5888.052
20251028,-5889.5394
20251028,-5890.6418
20251028,-5889.1809
20251028,-5890.5077
20251028,-5891.6131
20251028,-5892.6952
20251028,-5890.6065
20251028,-5889.7939
20251028,-5891.2171
20251028,-5892.6949
20251028,-5894.5995
20251028,-5896.054
20251029,-5897.1362
20251029,-5895.6741
20251029,-5897.0399
20251029,-5898.1428
20251029,-5897.4212
20251029,-5898.5443
20251029,-5896.8818
20251029,-5897.9504
20251029,-5896.6104
20251029,-5898.0059
20251029,-5899.0994
20251029,-5898.4205
20251029,-5899.5358
20251029,-5897.9404
20251029,-5899.0229
20251029,-5897.7519
20251029,-5897.0517
20251029,-5895.2638
20251029,-5896.3634
20251029,-5897.5784
20251029,-5899.2186
20251029,-5900.322
20251029,-5899.201
20251029,-5900.525
20251029,-5901.6542
20251029,-5900.2758
20251029,-5901.4453
20251029,-5902.5713
20251029,-5901.3896
20251029,-5902.4622
20251029,-5903.5259
20251030,-5904.565
20251030,-5902.9621
20251030,-5904.0062
20251030,-5905.1968
20251030,-5904.7536
20251030,-5903.0348
20251030,-5901.116
20251030,-5902.3296
20251030,-5900.5188
20251030,-5898.859
20251030,-5899.9943
20251030,-5901.2671
20251030,-5899.5316
20251030,-5900.8655
20251030,-5902.102
20251030,-5901.7024
20251030,-5902.8515
20251030,-5901.3198
20251030,-5900.2491
20251030,-5901.411
20251030,-5902.5755
20251030,-5903.855
20251030,-5905.1202
20251030,-5907.1357
20251030,-5905.336
20251030,-5903.578
20251030,-5904.8186
20251030,-5906.1066
20251030,-5907.2339
20251030,-5908.3332
20251030,-5906.5211
20251030,-5907.8459
20251031,-5908.8977
20251031,-5910.0287
20251031,-5911.1929
20251031,-5912.2577
20251031,-5910.3327
20251031,-5911.6211
20251031,-5912.6999
20251031,-5913.8766
20251031,-5912.7478
20251031,-5913.9844
20251031,-5915.1345
20251031,-5916.4742
20251031,-5917.571
20251031,-5918.7763
20251031,-5919.8994
20251031,-5920.9853
20251031,-5919.3253
20251031,-5920.5088
20251031,-5918.543
20251031,-5919.6073
20251031,-5918.086
20251031,-5919.3009
20251031,-5920.3905
20251031,-5921.4458
20251031,-5922.6066
20251031,-5923.735
20251031,-5924.8509
20251031,-5926.3523
20251031,-5924.8537
20251031,-5925.9983
20251031,-5924.4265
20251031,-5925.6561
20251103,-5923.755
20251103,-5924.8069
20251103,-5925.921
20251103,-5927.0804
20251103,-5928.1716
20251103,-5929.4626
20251103,-5930.5771
20251103,-5928.7303
20251103,-5929.8408
20251103,-5928.2088
20251103,-5929.4535
20251103,-5930.6029
20251103,-5929.3225
20251103,-5927.931
20251103,-5926.1681
20251103,-5924.9462
20251103,-5926.3032
20251103,-5924.7647
20251103,-5923.0421
20251103,-5921.9445
20251103,-5923.1113
20251103,-5921.3835
20251103,-5922.7542
20251103,-5921.1705
20251103,-5919.5948
20251103,-5920.7056
20251103,-5919.4225
20251103,-5920.6486
20251103,-5921.734
20251103,-5923.0388
20251103,-5924.1044
20251103,-5923.464
20251104,-5924.577
20251104,-5925.6238
20251104,-5924.1787
20251104,-5925.2744
20251104,-5926.3421
20251104,-5927.4204
20251104,-5928.5644
20251104,-5929.9948
20251104,-5931.2109
20251104,-5932.2829
20251104,-5930.6871
20251104,-5931.8494
20251104,-5932.972
20251104,-5934.3326
20251104,-5935.4589
20251104,-5934.3862
20251104,-5932.8885
20251104,-5934.0161
20251104,-5933.0781
20251104,-5934.3409
20251104,-5935.3983
20251104,-5936.4737
20251104,-5937.6097
20251104,-5938.8002
20251104,-5940.0197
20251104,-5938.3174
20251104,-5939.4639
20251104,-5940.6478
20251104,-5938.7328
20251104,-5937.0064
20251104,-5938.0919
20251104,-5935.6129
20251105,-5936.7078
20251105,-5937.7404
20251105,-5938.7799
20251105,-5939.8141
20251105,-5940.8919
20251105,-5941.9898
20251105,-5943.1221
20251105,-5944.2336
20251105,-5945.675
20251105,-5946.8172
20251105,-5947.8836
20251105,-5945.8568
20251105,-5943.205
20251105,-5944.393
20251105,-5945.5369
20251105,-5946.8706
20251105,-5948.0069
20251105,-5949.1169
20251105,-5947.5361
20251105,-5949.0082
20251105,-5950.2728
20251105,-5949.0868
20251105,-5950.2026
20251105,-5951.6063
20251105,-5949.9566
20251105,-5951.2451
20251105,-5952.4781
20251105,-5953.6179
20251105,-5952.7581
20251105,-5954.4417
20251105,-5955.8404
20251105,-5957.1008
20251106,-5958.2091
20251106,-5956.3791
20251106,-5957.4442
20251106,-5958.6522
20251106,-5959.7119
20251106,-5961.0271
20251106,-5962.0909
20251106,-5963.2286
20251106,-5964.4494
20251106,-5965.563
20251106,-5966.6611
20251106,-5967.7307
20251106,-5966.4373
20251106,-5967.6106
20251106,-5968.8837
20251106,-5969.9739
20251106,-5971.2535
20251106,-5969.26
20251106,-5966.9534
20251106,-5968.009
20251106,-5966.389
20251106,-5964.5995
20251106,-5962.381
20251106,-5963.4793
20251106,-5964.5911
20251106,-5965.7547
20251106,-5963.4202
20251106,-5964.8571
20251106,-5966.0457
20251106,-5967.2433
20251106,-5965.7335
20251106,-5966.9476
20251107,-5967.9842
20251107,-5969.058
20251107,-5967.0988
20251107,-5964.9127
20251107,-5963.495
20251107,-5964.698
20251107,-5962.7592
20251107,-5963.8845
20251107,-5962.4709
20251107,-5963.6281
20251107,-5964.685
20251107,-5965.7399
20251107,-5964.0672
20251107,-5962.9723
20251107,-5964.1619
20251107,-5965.2966
20251107,-5963.684
20251107,-5961.799
20251107,-5962.9528
20251107,-5964.0454
20251107,-5962.4
20251107,-5963.5574
20251107,-5964.8377
20251107,-5962.8962
20251107,-5959.0093
20251107,-5960.2262
20251107,-5961.2988
20251107,-5962.382
20251107,-5963.6404
20251107,-5964.9026
20251107,-5966.0391
20251107,-5963.6765
20251110,-5964.8231
20251110,-5966.0413
20251110,-5967.081
20251110,-5965.1991
20251110,-5966.2528
20251110,-5967.3319
20251110,-5968.5032
20251110,-5966.797
20251110,-5968.1892
20251110,-5969.3634
20251110,-5970.4662
20251110,-5971.7331
20251110,-5972.8857
20251110,-5974.0639
20251110,-5975.3597
20251110,-5973.5351
20251110,-5974.7444
20251110,-5972.8572
20251110,-5974.0952
20251110,-5975.1803
20251110,-5973.7391
20251110,-5974.9181
20251110,-5976.1122
20251110,-5977.6945
20251110,-5976.5752
20251110,-5977.905
20251110,-5979.5686
20251110,-5980.7056
20251110,-5981.8935
20251110,-5983.2252
20251110,-5981.1248
20251110,-5979.6161
20251111,-5980.6484
20251111,-5981.7005
20251111,-5979.7311
20251111,-5980.7778
20251111,-5981.869
20251111,-5983.024
20251111,-5984.1631
20251111,-5985.227
20251111,-5986.3429
20251111,-5984.6392
20251111,-5983.3632
20251111,-5984.4757
20251111,-5983.0963
20251111,-5984.5394
20251111,-5985.7515
20251111,-5986.8344
20251111,-5988.1769
20251111,-5986.7497
20251111,-5988.2749
20251111,-5989.4537
20251111,-5990.68
20251111,-5991.9273
20251111,-5990.5126
20251111,-5991.7558
20251111,-5990.3052
20251111,-5991.966
20251111,-5993.1161
20251111,-5994.3156
20251111,-5993.625
20251111,-5994.8835
20251111,-5993.6596
20251111,-5995.0555
20251112,-5993.2918
20251112,-5994.3771
20251112,-5992.5064
20251112,-5990.753
20251112,-5991.9321
20251112,-5993.0696
20251112,-5994.1159
20251112,-5992.7074
20251112,-5993.9897
20251112,-5995.0652
20251112,-5993.531
20251112,-5994.6999
20251112,-5993.0048
20251112,-5994.1898
20251112,-5993.107
20251112,-5994.1809
20251112,-5992.6864
20251112,-5993.9617
20251112,-5995.0648
20251112,-5996.1884
20251112,-5997.4493
20251112,-5995.6515
20251112,-5997.0373
20251112,-5998.2343
20251112,-5999.4945
20251112,-5998.4426
20251112,-5999.8224
20251112,-5999.094
20251112,-6000.2424
20251112,-5998.468
20251112,-5999.5775
20251112,-6000.682
20251113,-6001.7946
20251113,-5999.9072
20251113,-5997.9954
20251113,-5999.0632
20251113,-5997.1586
20251113,-5995.3229
20251113,-5993.4131
20251113,-5991.6888
20251113,-5992.8198
20251113,-5994.2592
20251113,-5995.4923
20251113,-5996.5429
20251113,-5995.8212
20251113,-5994.4351
20251113,-5995.6648
20251113,-5996.7295
20251113,-5997.8287
20251113,-5998.945
20251113,-6000.1843
20251113,-6001.2918
20251113,-6002.3531
20251113,-6001.2025
20251113,-5999.0669
20251113,-6000.2292
20251113,-6001.3265
20251113,-6000.0949
20251113,-6001.1488
20251113,-6002.2975
20251113,-6000.605
20251113,-6001.8141
20251113,-6002.9742
20251113,-6001.6791
20251114,-6002.7172
20251114,-6003.8062
20251114,-6004.8506
20251114,-6005.9004
20251114,-6007.0021
20251114,-6005.2888
20251114,-6006.4264
20251114,-6004.6056
20251114,-6003.0375
20251114,-6001.1919
20251114,-6002.3299
20251114,-6003.4468
20251114,-6001.7936
20251114,-6002.9114
20251114,-6001.5496
20251114,-6000.396
20251114,-5998.5721
20251114,-5999.7352
20251114,-6000.8491
20251114,-6001.9289
20251114,-6003.3433
20251114,-6004.4924
20251114,-6005.6044
20251114,-6003.9696
20251114,-6002.1452
20251114,-6003.4524
20251114,-6004.8792
20251114,-6006.2795
20251114,-6007.3666
20251114,-6008.4379
20251114,-6009.6099
20251114,-6011.0214
20251117,-6012.1554
20251117,-6013.3726
20251117,-6011.3706
20251117,-6012.4081
20251117,-6013.4652
20251117,-6012.0061
20251117,-6013.0629
20251117,-6014.1195
20251117,-6015.2304
20251117,-6016.2794
20251117,-6014.2092
20251117,-6012.7242
20251117,-6013.8394
20251117,-6015.2993
20251117,-6016.4641
20251117,-6015.2953
20251117,-6016.4485
20251117,-6017.8572
20251117,-6019.033
20251117,-6020.2738
20251117,-6018.6991
20251117,-6019.8757
20251117,-6021.1151
20251117,-6019.6944
20251117,-6017.9862
20251117,-6019.0425
20251117,-6020.3954
20251117,-6021.5629
20251117,-6020.0739
20251117,-6021.2115
20251117,-6019.6256
20251117,-6018.24
20251118,-6019.3257
20251118,-6017.3141
20251118,-6015.6744
20251118,-6016.6988
20251118,-6015.3173
20251118,-6016.3499
20251118,-6017.4452
20251118,-6015.5868
20251118,-6016.9816
20251118,-6018.1034
20251118,-6016.2871
20251118,-6014.0828
20251118,-6015.1443
20251118,-6016.2566
20251118,-6017.3201
20251118,-6016.0597
20251118,-6017.4001
20251118,-6018.4844
20251118,-6019.6027
20251118,-6020.6556
20251118,-6021.7389
20251118,-6022.8551
20251118,-6021.0922
20251118,-6022.4318
20251118,-6020.812
20251118,-6019.7156
20251118,-6020.8726
20251118,-6022.0276
20251118,-6020.3288
20251118,-6021.5892
20251118,-6022.9843
20251118,-6024.1772
20251119,-6025.3956
20251119,-6023.535
20251119,-6024.7121
20251119,-6025.7639
20251119,-6026.826
20251119,-6027.946
20251119,-6029.026
20251119,-6027.2531
20251119,-6028.4454
20251119,-6029.5251
20251119,-6027.7006
20251119,-6028.8872
20251119,-6029.9923
20251119,-6028.3183
20251119,-6029.3684
20251119,-6027.6204
20251119,-6028.7676
20251119,-6029.8105
20251119,-6027.8868
20251119,-6029.2389
20251119,-6030.3265
20251119,-6031.3896
20251119,-6032.5162
20251119,-6033.7468
20251119,-6034.8296
20251119,-6035.9829
20251119,-6034.9045
20251119,-6036.0158
20251119,-6037.2045
20251119,-6038.3698
20251119,-6036.9011
20251119,-6037.9902
20251120,-6039.0281
20251120,-6040.1828
20251120,-6038.4418
20251120,-6039.5425
20251120,-6040.589
20251120,-6039.2897
20251120,-6037.5585
20251120,-6035.7751
20251120,-6036.9717
20251120,-6038.106
20251120,-6036.2653
20251120,-6037.3254
20251120,-6038.3533
20251120,-6039.4013
20251120,-6040.4588
20251120,-6041.693
20251120,-6042.877
20251120,-6038.6855
20251120,-6037.0791
20251120,-6038.1207
20251120,-6039.1704
20251120,-6040.3406
20251120,-6041.5423
20251120,-6042.6125
20251120,-6043.7284
20251120,-6042.1296
20251120,-6043.2043
20251120,-6044.3752
20251120,-6045.4762
20251120,-6046.5276
20251120,-6047.589
20251120,-6048.6851
20251121,-6049.7369
20251121,-6047.8956
20251121,-6049.0361
20251121,-6050.0858
20251121,-6051.1635
20251121,-6052.2819
20251121,-6050.5819
20251121,-6051.6236
20251121,-6052.6707
20251121,-6051.5729
20251121,-6052.6458
20251121,-6050.9448
20251121,-6049.3644
20251121,-6050.6216
20251121,-6048.8709
20251121,-6049.9278
20251121,-6051.0131
20251121,-6052.0668
20251121,-6053.133
20251121,-6054.5497
20251121,-6055.6435
20251121,-6056.7443
20251121,-6058.1122
20251121,-6059.1722
20251121,-6060.3342
20251121,-6061.473
20251121,-6059.9046
20251121,-6060.9671
20251121,-6062.1591
20251121,-6063.3081
20251121,-6064.4965
20251121,-6065.5974
20251124,-6066.6289
20251124,-6064.85
20251124,-6065.9446
20251124,-6064.4371
20251124,-6065.4999
20251124,-6066.6028
20251124,-6064.9513
20251124,-6066.0152
20251124,-6064.5131
20251124,-6065.745
20251124,-6064.0955
20251124,-6065.317
20251124,-6063.7025
20251124,-6062.2136
20251124,-6060.6773
20251124,-6059.0875
20251124,-6057.1717
20251124,-6058.248
20251124,-6059.571
20251124,-6061.0777
20251124,-6062.3421
20251124,-6061.0665
20251124,-6062.5156
20251124,-6063.7798
20251124,-6065.0448
20251124,-6066.1385
20251124,-6067.2517
20251124,-6068.4244
20251124,-6069.9805
20251124,-6071.1326
20251124,-6069.3085
20251124,-6067.6731
20251125,-6068.7472
20251125,-6069.8075
20251125,-6070.8572
20251125,-6069.2682
20251125,-6070.4305
20251125,-6071.4977
20251125,-6072.5389
20251125,-6073.7379
20251125,-6074.8102
20251125,-6075.8805
20251125,-6074.6012
20251125,-6075.7824
20251125,-6077.2057
20251125,-6078.38
20251125,-6079.6665
20251125,-6080.7917
20251125,-6082.0535
20251125,-6083.1583
20251125,-6084.4198
20251125,-6082.0163
20251125,-6083.3043
20251125,-6081.7608
20251125,-6080.4386
20251125,-6079.3115
20251125,-6080.6578
20251125,-6081.7386
20251125,-6082.8364
20251125,-6084.6661
20251125,-6085.7676
20251125,-6087.031
20251125,-6086.2524
20251125,-6085.2743
20251126,-6086.3065
20251126,-6087.394
20251126,-6088.4403
20251126,-6089.6548
20251126,-6090.7537
20251126,-6091.8406
20251126,-6090.2252
20251126,-6088.6911
20251126,-6089.756
20251126,-6091.3544
20251126,-6092.4407
20251126,-6091.0027
20251126,-6088.1404
20251126,-6089.4542
20251126,-6090.6356
20251126,-6091.8224
20251126,-6090.973
20251126,-6092.3511
20251126,-6093.8753
20251126,-6092.7644
20251126,-6094.1451
20251126,-6092.578
20251126,-6091.2491
20251126,-6089.8426
20251126,-6091.0097
20251126,-6089.7548
20251126,-6088.4327
20251126,-6086.7708
20251126,-6087.9932
20251126,-6086.4691
20251126,-6087.5863
20251126,-6088.8674
20251128,-6089.9441
20251128,-6091.1153
20251128,-6092.2559
20251128,-6093.605
20251128,-6094.7149
20251128,-6097.19
20251128,-6098.4015
20251128,-6099.5091
20251128,-6100.767
20251128,-6098.9498
20251128,-6100.0116
20251128,-6101.2469
20251128,-6102.5229
20251128,-6103.6277
20251128,-6104.9129
20251128,-6106.2916
20251128,-6104.7803
20251128,-6105.47
20251201,-6106.8428
20251201,-6103.2604
20251201,-6104.6224
20251201,-6105.6898
20251201,-6106.8696
20251201,-6105.1485
20251201,-6103.6452
20251201,-6101.7349
20251201,-6103.017
20251201,-6101.2549
20251201,-6102.5757
20251201,-6103.7368
20251201,-6105.4032
20251201,-6103.7266
20251201,-6102.4054
20251201,-6103.4823
20251201,-6104.7958
20251201,-6102.9634
20251201,-6104.2259
20251201,-6101.7761
20251201,-6100.4436
20251201,-6101.5499
20251201,-6102.9554
20251201,-6101.1515
20251201,-6102.3557
20251201,-6101.0377
20251201,-6102.4349
20251201,-6101.0622
20251201,-6102.3074
20251201,-6100.7241
20251201,-6101.8245
20251201,-6102.9163
20251202,-6101.027
20251202,-6102.1434
20251202,-6103.1844
20251202,-6104.3806
20251202,-6105.5347
20251202,-6104.0388
20251202,-6105.3122
20251202,-6103.4129
20251202,-6104.5609
20251202,-6105.6499
20251202,-6104.1464
20251202,-6105.2722
20251202,-6106.5684
20251202,-6107.7435
20251202,-6108.8356
20251202,-6110.0332
20251202,-6111.37
20251202,-6112.565
20251202,-6113.7002
20251202,-6114.944
20251202,-6113.4488
20251202,-6115.2456
20251202,-6116.4484
20251202,-6118.002
20251202,-6116.3693
20251202,-6117.4922
20251202,-6118.6791
20251202,-6117.3612
20251202,-6118.6094
20251202,-6117.9271
20251202,-6116.356
20251202,-6117.5599
20251203,-6118.6014
20251203,-6116.5418
20251203,-6117.8635
20251203,-6119.1376
20251203,-6120.2282
20251203,-6121.3037
20251203,-6122.359
20251203,-6123.5852
20251203,-6124.7319
20251203,-6125.9052
20251203,-6127.1062
20251203,-6128.4352
20251203,-6129.6269
20251203,-6131.022
20251203,-6129.5663
20251203,-6130.6831
20251203,-6132.0532
20251203,-6133.2902
20251203,-6134.4401
20251203,-6132.9134
20251203,-6134.1112
20251203,-6132.4346
20251203,-6133.6179
20251203,-6132.1872
20251203,-6133.3801
20251203,-6134.7731
20251203,-6133.2928
20251203,-6132.1877
20251203,-6131.3542
20251203,-6132.5196
20251203,-6133.9729
20251203,-6135.5015
20251204,-6136.5731
20251204,-6137.6511
20251204,-6138.7365
20251204,-6137.1969
20251204,-6138.4184
20251204,-6139.5044
20251204,-6140.5823
20251204,-6141.6702
20251204,-6143.3473
20251204,-6145.0638
20251204,-6146.2714
20251204,-6147.6194
20251204,-6146.2298
20251204,-6147.4555
20251204,-6148.6769
20251204,-6149.9644
20251204,-6151.1131
20251204,-6152.3749
20251204,-6153.6215
20251204,-6154.8551
20251204,-6156.0118
20251204,-6157.1472
20251204,-6158.2361
20251204,-6159.5177
20251204,-6160.8761
20251204,-6162.1607
20251204,-6160.8541
20251204,-6159.7481
20251204,-6158.0431
20251204,-6159.1882
20251204,-6160.5643
20251204,-6161.82
20251205,-6162.9049
20251205,-6163.9871
20251205,-6165.1467
20251205,-6166.1793
20251205,-6164.5641
20251205,-6165.7517
20251205,-6164.023
20251205,-6165.1198
20251205,-6163.3377
20251205,-6164.4958
20251205,-6165.6829
20251205,-6164.5615
20251205,-6165.7547
20251205,-6166.9982
20251205,-6168.2317
20251205,-6169.7887
20251205,-6170.9228
20251205,-6170.0331
20251205,-6171.2006
20251205,-6172.3881
20251205,-6173.5061
20251205,-6172.6051
20251205,-6170.3146
20251205,-6169.2126
20251205,-6167.9325
20251205,-6169.0975
20251205,-6170.2663
20251205,-6171.6197
20251205,-6170.51
20251205,-6169.1607
20251205,-6170.4498
20251205,-6169.3371
20251208,-6170.37
20251208,-6171.5782
20251208,-6172.6936
20251208,-6173.7983
20251208,-6174.9228
20251208,-6175.9919
20251208,-6177.2606
20251208,-6178.4519
20251208,-6176.7795
20251208,-6174.8978
20251208,-6173.276
20251208,-6171.1692
20251208,-6172.3768
20251208,-6171.0813
20251208,-6172.295
20251208,-6173.856
20251208,-6172.2463
20251208,-6170.2232
20251208,-6171.3105
20251208,-6172.598
20251208,-6173.7174
20251208,-6175.5224
20251208,-6176.6863
20251208,-6175.5823
20251208,-6174.0309
20251208,-6172.71
20251208,-6173.9942
20251208,-6175.13
20251208,-6176.4339
20251208,-6177.7528
20251208,-6179.077
20251208,-6177.5162
20251209,-6178.5661
20251209,-6176.9735
20251209,-6178.0337
20251209,-6179.2829
20251209,-6180.4018
20251209,-6181.5554
20251209,-6182.7602
20251209,-6183.9108
20251209,-6185.0136
20251209,-6183.6002
20251209,-6182.1899
20251209,-6180.4507
20251209,-6181.6232
20251209,-6180.6142
20251209,-6181.8769
20251209,-6180.3464
20251209,-6181.5626
20251209,-6182.8206
20251209,-6184.2985
20251209,-6182.7432
20251209,-6183.9914
20251209,-6182.6801
20251209,-6183.8067
20251209,-6182.1101
20251209,-6183.3107
20251209,-6184.4183
20251209,-6185.5973
20251209,-6187.2625
20251209,-6188.9287
20251209,-6190.6392
20251209,-6191.9106
20251209,-6193.1285
20251210,-6194.1658
20251210,-6195.2457
20251210,-6196.5671
20251210,-6197.6314
20251210,-6196.2008
20251210,-6197.2937
20251210,-6195.6457
20251210,-6196.7557
20251210,-6197.9408
20251210,-6199.0357
20251210,-6197.7171
20251210,-6199.147
20251210,-6200.3587
20251210,-6201.4483
20251210,-6202.6333
20251210,-6204.0086
20251210,-6202.3368
20251210,-6200.0266
20251210,-6201.2707
20251210,-6200.3743
20251210,-6199.0552
20251210,-6200.2337
20251210,-6199.2054
20251210,-6200.4103
20251210,-6201.703
20251210,-6202.8015
20251210,-6203.9193
20251210,-6205.1542
20251210,-6206.3149
20251210,-6207.4021
20251210,-6205.706
20251210,-6206.7427
20251211,-6204.9591
20251211,-6206.0112
20251211,-6204.1666
20251211,-6205.2783
20251211,-6206.3632
20251211,-6204.1759
20251211,-6205.3495
20251211,-6203.0427
20251211,-6204.1942
20251211,-6202.5383
20251211,-6203.8403
20251211,-6204.9766
20251211,-6206.2615
20251211,-6204.8554
20251211,-6205.9783
20251211,-6207.3528
20251211,-6205.9122
20251211,-6204.3463
20251211,-6202.5805
20251211,-6203.8205
20251211,-6202.0511
20251211,-6200.2921
20251211,-6201.6079
20251211,-6200.5062
20251211,-6201.7147
20251211,-6200.2412
20251211,-6201.4788
20251211,-6202.6736
20251211,-6201.0141
20251211,-6202.3097
20251211,-6201.4263
20251211,-6202.5854
20251212,-6201.0395
20251212,-6202.2014
20251212,-6203.3222
20251212,-6201.7757
20251212,-6202.9043
20251212,-6200.8811
20251212,-6202.2128
20251212,-6200.5616
20251212,-6198.8803
20251212,-6200.323
20251212,-6198.9833
20251212,-6200.211
20251212,-6198.2075
20251212,-6199.2751
20251212,-6200.3357
20251212,-6201.5415
20251212,-6202.7574
20251212,-6203.8813
20251212,-6204.9979
20251212,-6206.176
20251212,-6207.5568
20251212,-6208.8456
20251212,-6207.3951
20251212,-6205.8737
20251212,-6204.2758
20251212,-6201.7517
20251212,-6202.9561
20251212,-6201.2785
20251212,-6199.6074
20251212,-6200.686
20251212,-6199.035
20251212,-6200.3891
20251215,-6198.5083
20251215,-6196.6961
20251215,-6195.1369
20251215,-6196.2537
20251215,-6197.402
20251215,-6198.5634
20251215,-6197.1745
20251215,-6198.3393
20251215,-6199.5625
20251215,-6198.2292
20251215,-6199.6696
20251215,-6197.9661
20251215,-6199.3035
20251215,-6197.6917
20251215,-6198.8326
20251215,-6199.9329
20251215,-6201.053
20251215,-6202.2663
20251215,-6203.6496
20251215,-6204.8133
20251215,-6205.9778
20251215,-6207.1151
20251215,-6208.3526
20251215,-6210.1302
20251215,-6211.5673
20251215,-6212.8695
20251215,-6214.0402
20251215,-6215.15
20251215,-6216.2834
20251215,-6214.5363
20251215,-6212.5186
20251215,-6213.7288
20251216,-6211.6926
20251216,-6212.7441
20251216,-6210.7099
20251216,-6211.8509
20251216,-6210.2505
20251216,-6208.0521
20251216,-6206.1261
20251216,-6204.4446
20251216,-6203.0377
20251216,-6201.6477
20251216,-6202.7257
20251216,-6201.329
20251216,-6202.3842
20251216,-6203.614
20251216,-6204.8232
20251216,-6203.3679
20251216,-6204.5505
20251216,-6203.0931
20251216,-6204.2467
20251216,-6205.6145
20251216,-6204.2475
20251216,-6202.8544
20251216,-6203.9629
20251216,-6205.5665
20251216,-6206.7671
20251216,-6208.0161
20251216,-6209.1809
20251216,-6210.509
20251216,-6211.7186
20251216,-6210.3367
20251216,-6211.5023
20251216,-6210.7518
20251217,-6211.8013
20251217,-6212.8966
20251217,-6213.9615
20251217,-6215.0001
20251217,-6216.2219
20251217,-6214.5181
20251217,-6212.7024
20251217,-6213.7673
20251217,-6215.0539
20251217,-6216.2533
20251217,-6217.2961
20251217,-6218.3853
20251217,-6216.965
20251217,-6218.3529
20251217,-6219.5173
20251217,-6220.6633
20251217,-6222.0998
20251217,-6223.1829
20251217,-6224.3399
20251217,-6225.5477
20251217,-6226.6988
20251217,-6228.0761
20251217,-6225.6129
20251217,-6226.795
20251217,-6225.1805
20251217,-6223.7809
20251217,-6224.9016
20251217,-6226.085
20251217,-6227.2417
20251217,-6225.6982
20251217,-6226.915
20251217,-6224.7841
20251218,-6225.8393
20251218,-6223.8086
20251218,-6222.0201
20251218,-6223.0594
20251218,-6224.1145
20251218,-6225.2825
20251218,-6223.232
20251218,-6221.7454
20251218,-6222.9084
20251218,-6224.1286
20251218,-6225.3115
20251218,-6226.3686
20251218,-6227.5592
20251218,-6228.7886
20251218,-6225.7755
20251218,-6226.9296
20251218,-6228.2802
20251218,-6226.6143
20251218,-6227.7843
20251218,-6229.1817
20251218,-6230.4491
20251218,-6231.6401
20251218,-6230.2135
20251218,-6228.6717
20251218,-6229.9593
20251218,-6228.2559
20251218,-6229.4288
20251218,-6231.0437
20251218,-6232.2231
20251218,-6231.6364
20251218,-6232.9267
20251218,-6234.0585
20251219,-6235.0887
20251219,-6236.1518
20251219,-6237.3408
20251219,-6238.4924
20251219,-6240.0064
20251219,-6241.1523
20251219,-6242.2699
20251219,-6240.6424
20251219,-6242.0306
20251219,-6243.2463
20251219,-6244.3566
20251219,-6242.7642
20251219,-6243.9698
20251219,-6242.4087
20251219,-6243.7399
20251219,-6241.2986
20251219,-6239.982
20251219,-6241.0375
20251219,-6242.1818
20251219,-6243.4283
20251219,-6244.533
20251219,-6245.8354
20251219,-6247.1577
20251219,-6245.7568
20251219,-6243.7561
20251219,-6244.9924
20251219,-6241.1199
20251219,-6242.3727
20251219,-6243.9554
20251219,-6245.3745
20251219,-6246.4989
20251219,-6247.8538
20251222,-6248.971
20251222,-6247.1226
20251222,-6245.8091
20251222,-6246.981
20251222,-6248.0466
20251222,-6246.002
20251222,-6247.0759
20251222,-6245.7283
20251222,-6247.0619
20251222,-6248.3959
20251222,-6249.6306
20251222,-6250.7609
20251222,-6249.5591
20251222,-6250.8768
20251222,-6249.7024
20251222,-6247.9665
20251222,-6246.6878
20251222,-6245.2508
20251222,-6246.4556
20251222,-6247.8547
20251222,-6249.261
20251222,-6250.9106
20251222,-6252.0522
20251222,-6253.2455
20251222,-6254.4524
20251222,-6253.1809
20251222,-6251.8327
20251222,-6250.8192
20251222,-6249.4339
20251222,-6247.7942
20251222,-6249.0249
20251222,-6250.4707
20251223,-6251.5987
20251223,-6249.8835
20251223,-6247.9703
20251223,-6249.064
20251223,-6250.2026
20251223,-6248.6262
20251223,-6249.7279
20251223,-6250.871
20251223,-6249.6002
20251223,-6250.6976
20251223,-6251.8124
20251223,-6253.1688
20251223,-6251.8746
20251223,-6253.257
20251223,-6254.6849
20251223,-6253.2898
20251223,-6254.7498
20251223,-6256.8218
20251223,-6256.0641
20251223,-6257.2518
20251223,-6255.6591
20251223,-6254.794
20251223,-6254.0121
20251223,-6255.3519
20251223,-6254.04
20251223,-6255.2499
20251223,-6253.723
20251223,-6254.9951
20251223,-6256.574
20251223,-6258.1144
20251223,-6259.8105
20251223,-6261.4418
20251224,-6262.6239
20251224,-6263.7034
20251224,-6264.9489
20251224,-6263.8025
20251224,-6262.4321
20251224,-6263.6344
20251224,-6264.9576
20251224,-6266.1274
20251224,-6267.3097
20251224,-6268.7721
20251224,-6270.1248
20251224,-6271.2439
20251224,-6273.0583
20251224,-6274.379
20251224,-6275.7102
20251224,-6276.9216
20251224,-6278.4181
20251224,-6279.8644
20251224,-6282.295
20251224,-6283.5256
20251226,-6284.6393
20251226,-6281.6882
20251226,-6282.7674
20251226,-6281.4954
20251226,-6280.3404
20251226,-6281.6085
20251226,-6282.852
20251226,-6283.9407
20251226,-6285.5593
20251226,-6283.9074
20251226,-6285.1016
20251226,-6286.5585
20251226,-6285.8314
20251226,-6284.8036
20251226,-6283.6725
20251226,-6284.8802
20251226,-6286.2089
20251226,-6287.6541
20251226,-6289.453
20251226,-6290.9525
20251226,-6292.4141
20251226,-6293.9702
20251226,-6292.9439
20251226,-6294.1829
20251226,-6295.5104
20251226,-6292.6261
20251226,-6291.7623
20251226,-6292.9917
20251226,-6294.4501
20251226,-6295.729
20251226,-6296.8436
20251226,-6298.7058
20251229,-6299.7656
20251229,-6298.4575
20251229,-6299.7182
20251229,-6297.839
20251229,-6299.2094
20251229,-6297.3859
20251229,-6295.0082
20251229,-6296.1158
20251229,-6297.375
20251229,-6295.7779
20251229,-6294.4999
20251229,-6296.0459
20251229,-6297.2276
20251229,-6295.3551
20251229,-6296.5597
20251229,-6295.0584
20251229,-6296.2723
20251229,-6295.3098
20251229,-6293.878
20251229,-6295.1048
20251229,-6294.2703
20251229,-6296.2639
20251229,-6295.2911
20251229,-6296.5991
20251229,-6297.953
20251229,-6296.4363
20251229,-6295.7263
20251229,-6297.0871
20251229,-6298.5727
20251229,-6299.7154
20251229,-6298.4219
20251229,-6299.8895
20251230,-6298.1895
20251230,-6299.9242
20251230,-6301.1515
20251230,-6299.672
20251230,-6298.3619
20251230,-6299.4329
20251230,-6300.6413
20251230,-6298.8435
20251230,-6300.0331
20251230,-6301.2195
20251230,-6302.8133
20251230,-6301.8748
20251230,-6303.0692
20251230,-6304.387
20251230,-6305.9688
20251230,-6307.2546
20251230,-6308.3776
20251230,-6309.9143
20251230,-6311.6879
20251230,-6312.9476
20251230,-6314.3829
20251230,-6315.9502
20251230,-6317.3592
20251230,-6319.2291
20251230,-6320.6057
20251230,-6320.0549
20251230,-6321.4852
20251230,-6320.5511
20251230,-6321.9472
20251230,-6320.9218
20251230,-6322.1093
20251230,-6323.3672
20251231,-6324.4878
20251231,-6326.5881
20251231,-6325.0873
20251231,-6326.1831
20251231,-6327.2502
20251231,-6326.5846
20251231,-6325.3675
20251231,-6326.7551
20251231,-6325.6446
20251231,-6326.9398
20251231,-6328.3242
20251231,-6329.5475
20251231,-6328.5784
20251231,-6330.3445
20251231,-6331.6332
20251231,-6332.9388
20251231,-6334.2726
20251231,-6335.6948
20251231,-6334.6012
20251231,-6335.9988
20251231,-6337.2169
20251231,-6335.6018
20251231,-6336.8872
20251231,-6335.1859
20251231,-6336.3376
20251231,-6337.5978
20251231,-6336.5761
20251231,-6337.8601
20251231,-6336.6918
20251231,-6338.1382
20251231,-6336.6581
20251231,-6337.8338
20260102,-6338.9268
20260102,-6340.02
20260102,-6341.1878
20260102,-6342.2766
20260102,-6343.4403
20260102,-6344.8167
20260102,-6343.2421
20260102,-6341.556
20260102,-6342.7071
20260102,-6343.7917
20260102,-6344.9037
20260102,-6343.0042
20260102,-6344.225
20260102,-6345.4627
20260102,-6346.7968
20260102,-6347.886
20260102,-6349.1565
20260102,-6348.398
20260102,-6350.1588
20260102,-6348.8938
20260102,-6350.3287
20260102,-6351.6807
20260102,-6350.8568
20260102,-6350.1309
20260102,-6347.6211
20260102,-6345.7371
20260102,-6346.8392
20260102,-6348.0069
20260102,-6346.2904
20260102,-6347.4841
20260102,-6348.6442
20260102,-6346.8529
20260105,-6347.9752
20260105,-6346.4331
20260105,-6347.6568
20260105,-6348.7815
20260105,-6349.8674
20260105,-6347.4309
20260105,-6345.738
20260105,-6346.8565
20260105,-6348.2544
20260105,-6349.4284
20260105,-6350.6176
20260105,-6349.0679
20260105,-6350.1848
20260105,-6348.4265
20260105,-6349.6981
20260105,-6350.9113
20260105,-6349.2518
20260105,-6350.5168
20260105,-6351.9039
20260105,-6353.2259
20260105,-6354.3577
20260105,-6352.5923
20260105,-6354.0947
20260105,-6355.434
20260105,-6356.5624
20260105,-6357.833
20260105,-6359.0527
20260105,-6360.1645
20260105,-6359.3927
20260105,-6357.5627
20260105,-6358.8452
20260105,-6357.268
20260106,-6358.3122
20260106,-6359.35
20260106,-6360.4039
20260106,-6358.7577
20260106,-6359.8645
20260106,-6361.1448
20260106,-6359.3732
20260106,-6357.4925
20260106,-6355.3054
20260106,-6356.444
20260106,-6354.4641
20260106,-6356.1583
20260106,-6357.3123
20260106,-6358.669
20260106,-6359.8501
20260106,-6361.2122
20260106,-6362.4852
20260106,-6363.6901
20260106,-6362.7849
20260106,-6361.5268
20260106,-6362.8653
20260106,-6361.5013
20260106,-6359.9857
20260106,-6361.1609
20260106,-6362.3046
20260106,-6363.6683
20260106,-6364.7755
20260106,-6365.8936
20260106,-6365.0261
20260106,-6366.2948
20260106,-6364.2977
20260106,-6365.8877
20260107,-6364.2498
20260107,-6365.2979
20260107,-6366.452
20260107,-6367.5533
20260107,-6368.6038
20260107,-6369.8797
20260107,-6371.0873
20260107,-6369.2289
20260107,-6367.6722
20260107,-6365.9901
20260107,-6364.3013
20260107,-6365.4166
20260107,-6363.8836
20260107,-6365.2018
20260107,-6366.3274
20260107,-6364.8421
20260107,-6366.1364
20260107,-6364.6446
20260107,-6363.0719
20260107,-6364.4587
20260107,-6365.8674
20260107,-6366.98
20260107,-6368.1385
20260107,-6364.931
20260107,-6366.4972
20260107,-6367.759
20260107,-6368.922
20260107,-6370.0045
20260107,-6371.1173
20260107,-6368.9999
20260107,-6368.0287
20260107,-6369.1836
20260108,-6370.2519
20260108,-6371.2955
20260108,-6372.602
20260108,-6373.7931
20260108,-6374.8829
20260108,-6375.9929
20260108,-6377.2129
20260108,-6378.3658
20260108,-6377.1041
20260108,-6378.2452
20260108,-6376.7522
20260108,-6377.8006
20260108,-6378.9249
20260108,-6380.0412
20260108,-6381.1534
20260108,-6382.2501
20260108,-6383.366
20260108,-6384.4582
20260108,-6385.6192
20260108,-6386.8037
20260108,-6385.0713
20260108,-6386.2506
20260108,-6384.5391
20260108,-6385.811
20260108,-6386.9616
20260108,-6388.242
20260108,-6385.6702
20260108,-6386.7449
20260108,-6388.094
20260108,-6390.0431
20260108,-6391.4784
20260108,-6392.6924
20260109,-6393.8251
20260109,-6394.951
20260109,-6393.3772
20260109,-6394.5505
20260109,-6392.9114
20260109,-6394.1569
20260109,-6395.2703
20260109,-6396.4947
20260109,-6398.3902
20260109,-6399.5553
20260109,-6400.678
20260109,-6399.1958
20260109,-6400.3034
20260109,-6398.8329
20260109,-6400.018
20260109,-6399.2393
20260109,-6400.4189
20260109,-6399.3611
20260109,-6397.9088
20260109,-6399.1202
20260109,-6400.4302
20260109,-6401.5168
20260109,-6400.4385
20260109,-6401.5614
20260109,-6402.8357
20260109,-6404.1665
20260109,-6405.2807
20260109,-6403.5621
20260109,-6404.8074
20260109,-6406.0311
20260109,-6404.6331
20260109,-6405.8039
20260112,-6406.8662
20260112,-6407.9816
20260112,-6406.8953
20260112,-6408.3497
20260112,-6406.7553
20260112,-6407.937
20260112,-6409.0262
20260112,-6407.5722
20260112,-6408.6956
20260112,-6407.6143
20260112,-6405.8388
20260112,-6404.3627
20260112,-6405.4744
20260112,-6406.7282
20260112,-6404.6441
20260112,-6405.7884
20260112,-6406.8818
20260112,-6408.5613
20260112,-6409.8591
20260112,-6407.616
20260112,-6406.9385
20260112,-6405.734
20260112,-6403.293
20260112,-6404.4864
20260112,-6405.6212
20260112,-6403.9416
20260112,-6402.933
20260112,-6401.6698
20260112,-6402.8137
20260112,-6401.2284
20260112,-6402.6498
20260112,-6403.951
20260113,-6402.3545
20260113,-6403.4317
20260113,-6404.5173
20260113,-6405.5535
20260113,-6404.1465
20260113,-6401.6833
20260113,-6402.8014
20260113,-6404.0586
20260113,-6405.1763
20260113,-6403.3564
20260113,-6404.522
20260113,-6402.9715
20260113,-6401.9587
20260113,-6400.4828
20260113,-6401.5784
20260113,-6399.7986
20260113,-6397.8858
20260113,-6396.4824
20260113,-6397.7822
20260113,-6396.2193
20260113,-6395.0988
20260113,-6393.5947
20260113,-6394.8945
20260113,-6393.8
20260113,-6394.9712
20260113,-6396.2636
20260113,-6397.4303
20260113,-6398.8221
20260113,-6397.3368
20260113,-6396.0009
20260113,-6397.8021
20260113,-6398.9596
20260114,-6395.8118
20260114,-6396.958
20260114,-6398.0089
20260114,-6396.3871
20260114,-6397.5087
20260114,-6396.0579
20260114,-6394.6585
20260114,-6395.8155
20260114,-6396.8894
20260114,-6395.0582
20260114,-6396.2568
20260114,-6397.5174
20260114,-6396.4264
20260114,-6397.8678
20260114,-6399.0881
20260114,-6400.3139
20260114,-6398.656
20260114,-6396.9489
20260114,-6395.2929
20260114,-6396.3853
20260114,-6397.6851
20260114,-6398.8454
20260114,-6399.9474
20260114,-6401.1758
20260114,-6402.3395
20260114,-6401.1613
20260114,-6402.4576
20260114,-6403.5684
20260114,-6404.7324
20260114,-6403.2929
20260114,-6404.5261
20260114,-6403.2611
20260115,-6404.3803
20260115,-6405.4753
20260115,-6403.82
20260115,-6404.9078
20260115,-6406.3408
20260115,-6404.4955
20260115,-6405.8521
20260115,-6406.9095
20260115,-6404.6187
20260115,-6405.7735
20260115,-6406.8786
20260115,-6407.9655
20260115,-6409.1348
20260115,-6407.5663
20260115,-6408.644
20260115,-6407.1524
20260115,-6406.2612
20260115,-6407.3795
20260115,-6408.6251
20260115,-6407.7012
20260115,-6408.9058
20260115,-6410.2709
20260115,-6411.4178
20260115,-6412.6048
20260115,-6413.7267
20260115,-6412.1785
20260115,-6411.2859
20260115,-6412.4736
20260115,-6410.7688
20260115,-6409.342
20260115,-6408.0818
20260115,-6409.2941
20260116,-6410.5776
20260116,-6411.6125
20260116,-6409.5633
20260116,-6407.6169
20260116,-6408.7761
20260116,-6407.8348
20260116,-6409.0698
20260116,-6410.2336
20260116,-6411.5294
20260116,-6412.6983
20260116,-6411.5117
20260116,-6412.6868
20260116,-6413.9625
20260116,-6415.1712
20260116,-6416.4362
20260116,-6417.7375
20260116,-6418.8947
20260116,-6420.2261
20260116,-6421.3581
20260116,-6422.5822
20260116,-6423.7697
20260116,-6422.257
20260116,-6423.6431
20260116,-6422.0369
20260116,-6423.2353
20260116,-6424.3725
20260116,-6425.7668
20260116,-6426.9292
20260116,-6428.0352
20260116,-6429.1781
20260116,-6430.3684
20260116,-6428.6165
20260120,-6429.663
20260120,-6430.7367
20260120,-6431.7974
20260120,-6430.079
20260120,-6428.6575
20260120,-6426.746
20260120,-6425.0975
20260120,-6423.523
20260120,-6424.6548
20260120,-6423.083
20260120,-6421.7384
20260120,-6422.8841
20260120,-6423.9981
20260120,-6425.1006
20260120,-6426.3183
20260120,-6427.6235
20260120,-6428.7362
20260120,-6430.1983
20260120,-6428.7142
20260120,-6430.374
20260120,-6431.6723
20260120,-6432.9944
20260120,-6434.1604
20260120,-6432.6285
20260120,-6430.8063
20260120,-6428.863
20260120,-6429.9697
20260120,-6431.3336
20260120,-6432.5384
20260120,-6433.7103
20260120,-6432.0759
20260120,-6430.7079
20260121,-6428.7504
20260121,-6429.8791
20260121,-6431.0229
20260121,-6432.0664
20260121,-6427.4176
20260121,-6425.4973
20260121,-6423.8379
20260121,-6422.1394
20260121,-6423.2197
20260121,-6420.9296
20260121,-6419.0007
20260121,-6417.6746
20260121,-6416.3056
20260121,-6417.4514
20260121,-6418.5782
20260121,-6419.8915
20260121,-6420.9922
20260121,-6419.2107
20260121,-6420.7963
20260121,-6419.4642
20260121,-6420.6613
20260121,-6422.0481
20260121,-6420.2807
20260121,-6419.232
20260121,-6417.4737
20260121,-6418.5488
20260121,-6416.9286
20260121,-6418.0352
20260121,-6416.1211
20260121,-6417.2358
20260121,-6415.4
20260121,-6416.5111
20260122,-6414.6891
20260122,-6415.9683
20260122,-6417.0533
20260122,-6418.1658
20260122,-6419.3316
20260122,-6420.4268
20260122,-6418.9034
20260122,-6420.0788
20260122,-6417.9293
20260122,-6416.573
20260122,-6417.7135
20260122,-6418.96
20260122,-6420.068
20260122,-6418.5776
20260122,-6416.8269
20260122,-6415.0544
20260122,-6416.4373
20260122,-6417.5367
20260122,-6416.1875
20260122,-6414.754
20260122,-6413.1237
20260122,-6412.4141
20260122,-6413.8337
20260122,-6412.2578
20260122,-6413.5733
20260122,-6411.7384
20260122,-6412.9476
20260122,-6411.6778
20260122,-6412.8157
20260122,-6413.9353
20260122,-6412.657
20260122,-6413.841
20260123,-6414.9028
20260123,-6415.9539
20260123,-6413.9951
20260123,-6415.0954
20260123,-6413.3361
20260123,-6414.409
20260123,-6412.4819
20260123,-6410.8428
20260123,-6409.0366
20260123,-6410.1044
20260123,-6408.7194
20260123,-6406.9719
20260123,-6408.069
20260123,-6409.1711
20260123,-6410.6065
20260123,-6411.891
20260123,-6413.0546
20260123,-6411.3362
20260123,-6412.4359
20260123,-6411.752
20260123,-6413.0316
20260123,-6414.2333
20260123,-6415.4262
20260123,-6416.511
20260123,-6417.7059
20260123,-6419.1038
20260123,-6417.9962
20260123,-6419.1687
20260123,-6417.7459
20260123,-6419.1153
20260123,-6420.2552
20260123,-6418.7369
20260126,-6417.1793
20260126,-6418.3135
20260126,-6419.6548
20260126,-6420.8211
20260126,-6421.9599
20260126,-6420.7679
20260126,-6422.3168
20260126,-6420.61
20260126,-6418.8223
20260126,-6419.982
20260126,-6421.0819
20260126,-6419.7632
20260126,-6420.9382
20260126,-6422.7172
20260126,-6423.8808
20260126,-6422.3269
20260126,-6421.5031
20260126,-6422.6399
20260126,-6423.8648
20260126,-6425.1604
20260126,-6426.5363
20260126,-6425.0613
20260126,-6426.2152
20260126,-6424.4867
20260126,-6425.7638
20260126,-6427.0548
20260126,-6428.4011
20260126,-6427.2618
20260126,-6428.6193
20260126,-6427.366
20260126,-6428.5831
20260126,-6426.7444
20260127,-6427.9129
20260127,-6426.0066
20260127,-6424.0752
20260127,-6422.662
20260127,-6423.8049
20260127,-6422.3392
20260127,-6423.5356
20260127,-6421.8387
20260127,-6422.9702
20260127,-6424.1206
20260127,-6425.5778
20260127,-6426.7155
20260127,-6428.0667
20260127,-6429.4049
20260127,-6430.702
20260127,-6432.0015
20260127,-6433.1988
20260127,-6434.3282
20260127,-6432.4637
20260127,-6431.6177
20260127,-6432.7521
20260127,-6434.773
20260127,-6433.6483
20260127,-6432.6787
20260127,-6431.5089
20260127,-6432.6249
20260127,-6433.9919
20260127,-6435.2064
20260127,-6436.3785
20260127,-6437.4567
20260127,-6438.665
20260127,-6440.1098
20260128,-6441.1824
20260128,-6442.4171
20260128,-6443.4932
20260128,-6440.4716
20260128,-6441.707
20260128,-6442.8152
20260128,-6443.9561
20260128,-6442.7092
20260128,-6443.8608
20260128,-6445.0292
20260128,-6446.6152
20260128,-6447.8607
20260128,-6446.4256
20260128,-6447.5845
20260128,-6445.6496
20260128,-6443.7545
20260128,-6445.0864
20260128,-6443.0755
20260128,-6441.4475
20260128,-6442.598
20260128,-6440.8399
20260128,-6442.0254
20260128,-6440.6038
20260128,-6439.8682
20260128,-6441.0951
20260128,-6439.9936
20260128,-6441.2234
20260128,-6439.3973
20260128,-6440.86
20260128,-6442.1732
20260128,-6440.8686
20260128,-6438.3082
20260129,-6439.4148
20260129,-6440.49
20260129,-6438.1833
20260129,-6439.3441
20260129,-6440.5656
20260129,-6441.6125
20260129,-6439.7774
20260129,-6440.8498
20260129,-6441.9159
20260129,-6440.0655
20260129,-6438.1653
20260129,-6439.3
20260129,-6437.5384
20260129,-6438.6884
20260129,-6436.6549
20260129,-6437.8284
20260129,-6435.7677
20260129,-6436.8445
20260129,-6437.9429
20260129,-6439.1402
20260129,-6440.2464
20260129,-6441.4974
20260129,-6440.28
20260129,-6438.5152
20260129,-6436.8331
20260129,-6438.4188
20260129,-6439.5604
20260129,-6440.8046
20260129,-6441.9021
20260129,-6443.0856
20260129,-6441.7923
20260129,-6440.1861
20260130,-6438.3799
20260130,-6439.5238
20260130,-6440.6025
20260130,-6438.7532
20260130,-6437.034
20260130,-6435.1831
20260130,-6436.3183
20260130,-6434.0324
20260130,-6435.1805
20260130,-6436.3898
20260130,-6434.6415
20260130,-6435.8294
20260130,-6433.9379
20260130,-6435.0286
20260130,-6436.157
20260130,-6434.7498
20260130,-6435.8397
20260130,-6434.4866
20260130,-6435.6458
20260130,-6436.7857
20260130,-6437.8622
20260130,-6438.9828
20260130,-6440.3969
20260130,-6438.7307
20260130,-6439.9878
20260130,-6438.5825
20260130,-6439.7236
20260130,-6440.8054
20260130,-6441.8921
20260130,-6440.0542
20260130,-6441.2099
20260130,-6442.8579
20260202,-6443.9139
20260202,-6444.9583
20260202,-6446.02
20260202,-6447.1528
20260202,-6448.4108
20260202,-6447.0837
20260202,-6445.4997
20260202,-6446.6693
20260202,-6445.5337
20260202,-6444.2475
20260202,-6445.3812
20260202,-6443.3057
20260202,-6444.3968
20260202,-6442.7403
20260202,-6440.97
20260202,-6439.2872
20260202,-6440.4899
20260202,-6441.6557
20260202,-6443.1353
20260202,-6444.3878
20260202,-6443.1144
20260202,-6441.396
20260202,-6440.1045
20260202,-6438.7305
20260202,-6437.1108
20260202,-6435.8697
20260202,-6437.0707
20260202,-6438.2842
20260202,-6439.6989
20260202,-6441.4813
20260202,-6439.8163
20260202,-6440.9587
20260203,-6439.0168
20260203,-6437.1812
20260203,-6435.0604
20260203,-6436.1886
20260203,-6437.2937
20260203,-6438.3442
20260203,-6439.4831
20260203,-6440.5191
20260203,-6441.618
20260203,-6439.9549
20260203,-6441.0652
20260203,-6442.4813
20260203,-6443.6386
20260203,-6441.7987
20260203,-6439.7651
20260203,-6440.9704
20260203,-6439.6537
20260203,-6440.7455
20260203,-6441.9901
20260203,-6443.1244
20260203,-6444.1797
20260203,-6445.3049
20260203,-6444.1015
20260203,-6445.2851
20260203,-6446.3958
20260203,-6447.5582
20260203,-6448.7255
20260203,-6446.6288
20260203,-6447.7102
20260203,-6445.1109
20260203,-6446.2716
20260203,-6447.4001
20260204,-6445.617
20260204,-6444.4036
20260204,-6445.5898
20260204,-6446.6482
20260204,-6444.8001
20260204,-6445.8823
20260204,-6446.9334
20260204,-6448.1118
20260204,-6446.3021
20260204,-6447.3302
20260204,-6448.3865
20260204,-6449.4362
20260204,-6450.5373
20260204,-6451.575
20260204,-6452.7222
20260204,-6450.9208
20260204,-6452.0095
20260204,-6453.1422
20260204,-6454.347
20260204,-6452.7588
20260204,-6451.0184
20260204,-6452.0925
20260204,-6453.2451
20260204,-6454.3027
20260204,-6455.4252
20260204,-6453.9163
20260204,-6455.1322
20260204,-6453.2497
20260204,-6454.6909
20260204,-6452.6642
20260204,-6453.7976
20260204,-6451.7983
20260205,-6452.894
20260205,-6453.912
20260205,-6451.538
20260205,-6449.6743
20260205,-6447.8323
20260205,-6448.8773
20260205,-6449.9552
20260205,-6448.2505
20260205,-6446.4863
20260205,-6445.2221
20260205,-6446.3443
20260205,-6447.4585
20260205,-6445.5636
20260205,-6446.6134
20260205,-6444.7442
20260205,-6445.8281
20260205,-6446.9603
20260205,-6444.6508
20260205,-6443.0487
20260205,-6444.2103
20260205,-6445.3338
20260205,-6446.3935
20260205,-6444.5514
20260205,-6443.0154
20260205,-6444.1435
20260205,-6442.0762
20260205,-6443.2603
20260205,-6444.3563
20260205,-6442.5656
20260205,-6440.8871
20260205,-6438.4849
20260205,-6439.6726
20260206,-6437.956
20260206,-6438.9911
20260206,-6440.0503
20260206,-6441.14
20260206,-6442.1864
20260206,-6443.3309
20260206,-6444.4363
20260206,-6442.5394
20260206,-6443.6519
20260206,-6444.7139
20260206,-6445.9393
20260206,-6444.8801
20260206,-6442.9948
20260206,-6444.0699
20260206,-6442.2668
20260206,-6443.3862
20260206,-6444.8007
20260206,-6445.8708
20260206,-6447.0532
20260206,-6448.1484
20260206,-6446.662
20260206,-6447.8438
20260206,-6449.2857
20260206,-6450.3802
20260206,-6451.6391
20260206,-6450.2775
20260206,-6448.6888
20260206,-6450.2826
20260206,-6451.4533
20260206,-6449.9429
20260206,-6448.491
20260206,-6447.1736
20260209,-6445.2731
20260209,-6443.3253
20260209,-6444.4774
20260209,-6442.6543
20260209,-6443.7336
20260209,-6442.4081
20260209,-6441.0416
20260209,-6440.0351
20260209,-6438.4569
20260209,-6439.9994
20260209,-6441.4297
20260209,-6442.5691
20260209,-6440.7419
20260209,-6439.8208
20260209,-6440.9408
20260209,-6439.6883
20260209,-6440.9698
20260209,-6439.3614
20260209,-6440.5614
20260209,-6439.234
20260209,-6440.3536
20260209,-6441.5005
20260209,-6439.9638
20260209,-6441.2909
20260209,-6442.6696
20260209,-6444.876
20260209,-6443.2559
20260209,-6441.714
20260209,-6442.8429
20260209,-6444.0405
20260209,-6445.1856
20260209,-6446.527
20260210,-6447.5605
20260210,-6448.7209
20260210,-6447.0791
20260210,-6448.1711
20260210,-6446.4415
20260210,-6444.8241
20260210,-6445.9082
20260210,-6447.0485
20260210,-6448.087
20260210,-6449.1892
20260210,-6450.7455
20260210,-6452.2458
20260210,-6453.345
20260210,-6454.5889
20260210,-6452.7378
20260210,-6453.9612
20260210,-6455.0691
20260210,-6456.1598
20260210,-6454.7531
20260210,-6455.8614
20260210,-6457.0926
20260210,-6458.3011
20260210,-6456.9739
20260210,-6458.6706
20260210,-6459.8206
20260210,-6461.0802
20260210,-6462.3713
20260210,-6460.8986
20260210,-6462.1183
20260210,-6460.3737
20260210,-6461.6876
20260210,-6460.4203
20260211,-6461.497
20260211,-6462.6025
20260211,-6460.882
20260211,-6461.9311
20260211,-6463.0023
20260211,-6464.1316
20260211,-6465.1905
20260211,-6466.2767
20260211,-6464.4359
20260211,-6465.536
20260211,-6466.7553
20260211,-6468.168
20260211,-6465.7786
20260211,-6464.2224
20260211,-6465.3494
20260211,-6463.2984
20260211,-6464.383
20260211,-6462.5927
20260211,-6463.6526
20260211,-6464.7597
20260211,-6465.8594
20260211,-6464.4317
20260211,-6463.0602
20260211,-6460.9745
20260211,-6462.1092
20260211,-6463.3778
20260211,-6464.753
20260211,-6466.0103
20260211,-6467.3045
20260211,-6468.5789
20260211,-6467.7126
20260211,-6468.8758
20260212,-6469.9067
20260212,-6468.0287
20260212,-6469.1179
20260212,-6470.2694
20260212,-6471.3535
20260212,-6472.4247
20260212,-6473.5313
20260212,-6474.6924
20260212,-6475.8112
20260212,-6473.5498
20260212,-6471.8354
20260212,-6473.0239
20260212,-6474.1443
20260212,-6475.4532
20260212,-6476.5025
20260212,-6477.5615
20260212,-6478.6353
20260212,-6479.7584
20260212,-6478.4327
20260212,-6479.5468
20260212,-6480.6646
20260212,-6481.7726
20260212,-6482.8591
20260212,-6484.0633
20260212,-6485.1946
20260212,-6486.4094
20260212,-6487.5099
20260212,-6488.6119
20260212,-6489.9494
20260212,-6491.074
20260212,-6489.5299
20260212,-6490.7871
20260213,-6489.047
20260213,-6486.69
20260213,-6484.8352
20260213,-6486.2019
20260213,-6487.2473
20260213,-6485.5992
20260213,-6486.7001
20260213,-6487.7442
20260213,-6488.843
20260213,-6487.0291
20260213,-6485.6536
20260213,-6484.9256
20260213,-6483.2806
20260213,-6484.3679
20260213,-6482.9321
20260213,-6481.7021
20260213,-6482.8453
20260213,-6481.6095
20260213,-6482.7598
20260213,-6484.0784
20260213,-6482.8802
20260213,-6484.0559
20260213,-6482.5142
20260213,-6483.6077
20260213,-6484.7039
20260213,-6485.8888
20260213,-6487.5526
20260213,-6489.0897
20260213,-6490.3238
20260213,-6491.5304
20260213,-6492.6723
20260213,-6493.8421
20260217,-6494.9158
20260217,-6493.4267
20260217,-6491.5224
20260217,-6492.5618
20260217,-6493.6353
20260217,-6494.6945
20260217,-6495.8358
20260217,-6496.9344
20260217,-6493.9414
20260217,-6495.028
20260217,-6496.1083
20260217,-6495.3993
20260217,-6493.5904
20260217,-6494.7398
20260217,-6495.8821
20260217,-6496.9301
20260217,-6498.0082
20260217,-6499.2108
20260217,-6500.3388
20260217,-6498.597
20260217,-6499.7357
20260217,-6500.85
20260217,-6499.1733
20260217,-6500.2869
20260217,-6498.2348
20260217,-6499.3047
20260217,-6500.5221
20260217,-6501.6317
20260217,-6500.3647
20260217,-6501.5194
20260217,-6499.7453
20260217,-6498.5073
20260218,-6496.7017
20260218,-6494.7179
20260218,-6493.1357
20260218,-6494.289
20260218,-6495.3799
20260218,-6496.575
20260218,-6495.4959
20260218,-6493.8504
20260218,-6495.2624
20260218,-6493.9532
20260218,-6495.3007
20260218,-6492.0406
20260218,-6493.1396
20260218,-6494.2801
20260218,-6492.5812
20260218,-6493.9864
20260218,-6495.221
20260218,-6496.4685
20260218,-6495.1345
20260218,-6493.3737
20260218,-6494.4484
20260218,-6495.6592
20260218,-6493.9808
20260218,-6492.6427
20260218,-6490.8747
20260218,-6492.0984
20260218,-6493.237
20260218,-6494.7675
20260218,-6496.0151
20260218,-6494.3794
20260218,-6495.4913
20260218,-6496.632
20260219,-6497.6714
20260219,-6498.7296
20260219,-6499.8278
20260219,-6500.8864
20260219,-6501.9894
20260219,-6503.0407
20260219,-6501.2102
20260219,-6502.5489
20260219,-6503.6131
20260219,-6502.1293
20260219,-6500.5169
20260219,-6501.5744
20260219,-6499.7457
20260219,-6500.9126
20260219,-6502.0373
20260219,-6500.134
20260219,-6501.2886
20260219,-6502.5879
20260219,-6503.8496
20260219,-6502.454
20260219,-6503.5932
20260219,-6504.7173
20260219,-6503.067
20260219,-6504.1873
20260219,-6505.2915
20260219,-6506.4105
20260219,-6507.6075
20260219,-6508.7544
20260219,-6509.8957
20260219,-6509.0598
20260219,-6507.4157
20260219,-6508.6412
20260220,-6509.7474
20260220,-6507.8461
20260220,-6506.3385
20260220,-6507.3857
20260220,-6505.2948
20260220,-6503.3842
20260220,-6504.4521
20260220,-6505.5213
20260220,-6503.8623
20260220,-6502.1986
20260220,-6500.2844
20260220,-6498.6117
20260220,-6499.7662
20260220,-6497.712
20260220,-6496.0269
20260220,-6493.4488
20260220,-6491.4285
20260220,-6489.8195
20260220,-6491.0893
20260220,-6492.1482
20260220,-6493.471
20260220,-6494.6661
20260220,-6495.7399
20260220,-6494.3733
20260220,-6492.8844
20260220,-6494.0971
20260220,-6495.2881
20260220,-6493.6952
20260220,-6494.9295
20260220,-6493.6739
20260220,-6494.9588
20260220,-6493.4617
20260223,-6494.4949
20260223,-6495.5455
20260223,-6496.6196
20260223,-6497.6999
20260223,-6498.7695
20260223,-6496.8941
20260223,-6498.0193
20260223,-6499.2281
20260223,-6500.3619
20260223,-6498.6016
20260223,-6499.7175
20260223,-6500.773
20260223,-6498.5449
20260223,-6499.7023
20260223,-6500.776
20260223,-6498.9808
20260223,-6500.145
20260223,-6501.3457
20260223,-6502.4911
20260223,-6503.7209
20260223,-6502.6886
20260223,-6503.9058
20260223,-6505.0617
20260223,-6503.3556
20260223,-6504.4618
20260223,-6505.614
20260223,-6506.8142
20260223,-6508.0432
20260223,-6509.4838
20260223,-6510.6167
20260223,-6511.7566
20260223,-6512.8817
20260224,-6511.154
20260224,-6512.2347
20260224,-6513.3875
20260224,-6514.4722
20260224,-6513.5184
20260224,-6511.8313
20260224,-6510.3071
20260224,-6511.4983
20260224,-6512.6455
20260224,-6510.8868
20260224,-6512.3041
20260224,-6510.5646
20260224,-6511.7022
20260224,-6512.9474
20260224,-6511.1404
20260224,-6512.3983
20260224,-6513.9233
20260224,-6512.1361
20260224,-6513.3195
20260224,-6514.4998
20260224,-6515.7304
20260224,-6516.9754
20260224,-6518.1292
20260224,-6519.4496
20260224,-6521.0814
20260224,-6522.4481
20260224,-6523.5521
20260224,-6524.8384
20260224,-6525.9696
20260224,-6523.8106
20260224,-6523.0619
20260224,-6524.2743
20260225,-6525.338
20260225,-6526.4033
20260225,-6527.487
20260225,-6528.5487
20260225,-6529.6845
20260225,-6530.7872
20260225,-6531.9966
20260225,-6530.4277
20260225,-6531.477
20260225,-6532.7348
20260225,-6533.8141
20260225,-6534.8787
20260225,-6536.0741
20260225,-6537.3446
20260225,-6535.5308
20260225,-6537.1008
20260225,-6538.2143
20260225,-6536.6686
20260225,-6537.7818
20260225,-6538.8848
20260225,-6537.6604
20260225,-6538.8251
20260225,-6537.9209
20260225,-6539.1047
20260225,-6540.4111
20260225,-6541.8538
20260225,-6540.1729
20260225,-6538.7305
20260225,-6537.6301
20260225,-6539.0923
20260225,-6537.6059
20260225,-6536.0911
20260226,-6537.1177
20260226,-6538.2079
20260226,-6535.94
20260226,-6534.4591
20260226,-6533.0336
20260226,-6531.1845
20260226,-6532.232
20260226,-6530.3309
20260226,-6528.8922
20260226,-6530.0956
20260226,-6528.3658
20260226,-6526.5486
20260226,-6527.6159
20260226,-6528.7425
20260226,-6526.9251
20260226,-6528.0118
20260226,-6529.2109
20260226,-6527.7289
20260226,-6528.832
20260226,-6526.9024
20260226,-6528.0216
20260226,-6526.7282
20260226,-6525.0338
20260226,-6526.1419
20260226,-6524.3337
20260226,-6525.625
20260226,-6526.7548
20260226,-6528.2301
20260226,-6529.3367
20260226,-6528.3029
20260226,-6529.468
20260226,-6527.9446
20260227,-6525.8417
20260227,-6526.8827
20260227,-6527.9742
20260227,-6529.041
20260227,-6527.1358
20260227,-6525.877
20260227,-6524.0676
20260227,-6522.2427
20260227,-6523.4549
20260227,-6521.4838
20260227,-6522.5805
20260227,-6523.848
20260227,-6525.0923
20260227,-6523.5715
20260227,-6524.8628
20260227,-6525.9709
20260227,-6524.158
20260227,-6521.7649
20260227,-6522.8532
20260227,-6521.1928
20260227,-6519.5853
20260227,-6520.751
20260227,-6521.8745
20260227,-6523.3223
20260227,-6524.506
20260227,-6525.7062
20260227,-6526.872
20260227,-6528.1162
20260227,-6529.3254
20260227,-6530.4951
20260227,-6531.7235
20260227,-6533.1787
20260302,-6534.2427
20260302,-6535.2753
20260302,-6536.3465
20260302,-6534.8569
20260302,-6535.9674
20260302,-6534.2087
20260302,-6535.3684
20260302,-6533.9394
20260302,-6534.9754
20260302,-6536.127
20260302,-6537.3215
20260302,-6538.5382
20260302,-6539.6985
20260302,-6538.9006
20260302,-6540.0048
20260302,-6541.1582
20260302,-6542.3357
20260302,-6543.4372
20260302,-6541.9049
20260302,-6543.0192
20260302,-6541.646
20260302,-6542.9517
20260302,-6541.4971
20260302,-6539.4719
20260302,-6540.5288
20260302,-6541.7229
20260302,-6542.8316
20260302,-6543.9765
20260302,-6542.5605
20260302,-6543.704
20260302,-6544.9183
20260302,-6546.0966
20260303,-6544.4072
20260303,-6545.5366
20260303,-6546.5962
20260303,-6547.6829
20260303,-6545.673
20260303,-6543.4661
20260303,-6544.5395
20260303,-6545.5842
20260303,-6546.6664
20260303,-6547.8227
20260303,-6545.9878
20260303,-6544.3786
20260303,-6545.4248
20260303,-6546.5113
20260303,-6547.6261
20260303,-6545.8302
20260303,-6546.9717
20260303,-6545.3124
20260303,-6543.5936
20260303,-6544.8627
20260303,-6543.1493
20260303,-6544.2061
20260303,-6545.4916
20260303,-6546.6229
20260303,-6547.7146
20260303,-6548.7924
20260303,-6547.3823
20260303,-6546.174
20260303,-6547.3204
20260303,-6548.7885
20260303,-6549.8947
20260303,-6551.0607
20260304,-6549.3154
20260304,-6547.4537
20260304,-6548.4981
20260304,-6549.9862
20260304,-6551.2004
20260304,-6552.2796
20260304,-6553.3977
20260304,-6551.6795
20260304,-6552.7966
20260304,-6553.9098
20260304,-6555.0295
20260304,-6556.2004
20260304,-6557.3307
20260304,-6555.8857
20260304,-6554.5348
20260304,-6553.1536
20260304,-6554.3517
20260304,-6552.585
20260304,-6551.6314
20260304,-6552.7953
20260304,-6554.0759
20260304,-6555.3062
20260304,-6556.4695
20260304,-6557.5686
20260304,-6559.3195
20260304,-6560.4554
20260304,-6559.0617
20260304,-6560.3356
20260304,-6558.5747
20260304,-6557.5204
20260304,-6556.3161
20260304,-6557.5535
20260305,-6558.6185
20260305,-6559.6695
20260305,-6560.7325
20260305,-6558.8906
20260305,-6559.986
20260305,-6561.085
20260305,-6562.1721
20260305,-6560.4505
20260305,-6559.209
20260305,-6557.4087
20260305,-6555.1126
20260305,-6556.1843
20260305,-6557.4782
20260305,-6558.7698
20260305,-6557.0493
20260305,-6555.7222
20260305,-6556.7758
20260305,-6555.0896
20260305,-6554.0714
20260305,-6555.136
20260305,-6556.3522
20260305,-6557.6235
20260305,-6559.1056
20260305,-6557.479
20260305,-6558.6446
20260305,-6559.7505
20260305,-6558.2765
20260305,-6559.4294
20260305,-6557.7595
20260305,-6558.9024
20260305,-6556.9726
20260305,-6558.0805
20260306,-6556.1225
20260306,-6557.2241
20260306,-6558.3688
20260306,-6556.8482
20260306,-6557.9531
20260306,-6559.0496
20260306,-6557.7621
20260306,-6556.6422
20260306,-6554.9989
20260306,-6556.1339
20260306,-6557.2343
20260306,-6558.304
20260306,-6559.4644
20260306,-6557.7837
20260306,-6559.0698
20260306,-6560.1632
20260306,-6561.2652
20260306,-6559.4688
20260306,-6557.9752
20260306,-6559.1723
20260306,-6557.3152
20260306,-6555.8025
20260306,-6554.5211
20260306,-6555.5748
20260306,-6556.8681
20260306,-6557.9542
20260306,-6559.0181
20260306,-6557.2085
20260306,-6558.2619
20260306,-6559.4091
20260306,-6557.9812
20260306,-6556.6043
20260309,-6557.6462
20260309,-6556.0075
20260309,-6554.0895
20260309,-6555.1351
20260309,-6556.2059
20260309,-6557.2775
20260309,-6555.6958
20260309,-6556.773
20260309,-6557.8178
20260309,-6558.9232
20260309,-6560.0488
20260309,-6558.1697
20260309,-6556.8605
20260309,-6557.9683
20260309,-6556.5128
20260309,-6557.6826
20260309,-6558.911
20260309,-6560.2063
20260309,-6561.4287
20260309,-6562.4894
20260309,-6563.6766
20260309,-6565.0946
20260309,-6566.2503
20260309,-6567.3881
20260309,-6565.8861
20260309,-6564.6265
20260309,-6563.7346
20260309,-6562.0507
20260309,-6563.2216
20260309,-6561.249
20260309,-6562.3846
20260309,-6563.5869
20260310,-6561.9105
20260310,-6560.0998
20260310,-6561.2566
20260310,-6559.4802
20260310,-6557.8141
20260310,-6558.8893
20260310,-6560.0463
20260310,-6561.1797
20260310,-6562.3631
20260310,-6563.4481
20260310,-6564.612
20260310,-6565.7272
20260310,-6566.868
20260310,-6568.0448
20260310,-6566.4193
20260310,-6567.4723
20260310,-6566.5694
20260310,-6564.3898
20260310,-6562.8151
20260310,-6563.9631
20260310,-6565.1522
20260310,-6563.6102
20260310,-6562.2621
20260310,-6563.3473
20260310,-6564.5335
20260310,-6565.6738
20260310,-6564.8289
20260310,-6565.8915
20260310,-6563.8054
20260310,-6564.8727
20260310,-6565.9972
20260310,-6567.156
20260311,-6565.3863
20260311,-6566.4493
20260311,-6567.5367
20260311,-6565.6698
20260311,-6563.9415
20260311,-6565.0239
20260311,-6566.242
20260311,-6567.3155
20260311,-6568.4245
20260311,-6569.5948
20260311,-6567.9422
20260311,-6569.1046
20260311,-6567.0541
20260311,-6568.248
20260311,-6566.6579
20260311,-6567.9806
20260311,-6567.1049
20260311,-6565.0838
20260311,-6566.551
20260311,-6565.2389
20260311,-6564.5448
20260311,-6565.6397
20260311,-6563.662
20260311,-6564.7738
20260311,-6563.2066
20260311,-6561.5048
20260311,-6562.9619
20260311,-6561.7811
20260311,-6562.9264
20260311,-6564.0398
20260311,-6565.1322
20260311,-6563.3142
20260312,-6564.3874
20260312,-6562.6076
20260312,-6563.6742
20260312,-6564.7845
20260312,-6565.8624
20260312,-6567.132
20260312,-6568.2166
20260312,-6569.3503
20260312,-6570.4837
20260312,-6568.7685
20260312,-6567.0432
20260312,-6568.1642
20260312,-6569.2978
20260312,-6570.4013
20260312,-6568.994
20260312,-6567.8226
20260312,-6568.9527
20260312,-6570.0589
20260312,-6568.3701
20260312,-6566.5366
20260312,-6567.6925
20260312,-6566.2816
20260312,-6564.319
20260312,-6562.3184
20260312,-6563.5346
20260312,-6561.8346
20260312,-6560.2391
20260312,-6561.3867
20260312,-6559.6984
20260312,-6560.9192
20260312,-6562.3227
20260312,-6563.4568
20260313,-6564.5445
20260313,-6565.6238
20260313,-6563.6301
20260313,-6564.7049
20260313,-6562.7296
20260313,-6563.7723
20260313,-6564.9427
20260313,-6563.8705
20260313,-6564.9568
20260313,-6566.0325
20260313,-6564.1314
20260313,-6565.2393
20260313,-6563.5967
20260313,-6562.3186
20260313,-6563.5711
20260313,-6561.7977
20260313,-6560.2148
20260313,-6561.3131
20260313,-6562.5079
20260313,-6563.7875
20260313,-6562.7902
20260313,-6563.9299
20260313,-6565.039
20260313,-6566.1856
20260313,-6564.6286
20260313,-6565.8076
20260313,-6567.2105
20260313,-6566.416
20260313,-6564.9242
20260313,-6566.3458
20260313,-6565.3712
20260313,-6566.6028
20260316,-6567.7203
20260316,-6568.7713
20260316,-6569.8565
20260316,-6568.0745
20260316,-6566.5097
20260316,-6564.8245
20260316,-6563.1282
20260316,-6564.2919
20260316,-6562.348
20260316,-6560.4478
20260316,-6561.7289
20260316,-6562.8952
20260316,-6564.3615
20260316,-6565.4998
20260316,-6564.1841
20260316,-6562.0512
20260316,-6561.0271
20260316,-6562.1803
20260316,-6560.9693
20260316,-6559.3777
20260316,-6560.5351
20260316,-6558.7754
20260316,-6559.9295
20260316,-6561.049
20260316,-6562.1459
20260316,-6563.2746
20260316,-6564.3377
20260316,-6565.5741
20260316,-6564.1576
20260316,-6565.2326
20260316,-6564.3637
20260316,-6565.6038
20260317,-6566.6499
20260317,-6564.8197
20260317,-6565.9266
20260317,-6566.9796
20260317,-6565.4449
20260317,-6564.1684
20260317,-6562.2542
20260317,-6563.4549
20260317,-6564.5435
20260317,-6561.3656
20260317,-6562.5172
20260317,-6560.9009
20260317,-6559.2809
20260317,-6560.4554
20260317,-6561.7015
20260317,-6562.8519
20260317,-6563.96
20260317,-6565.2454
20260317,-6563.6694
20260317,-6562.0505
20260317,-6563.4153
20260317,-6564.5
20260317,-6565.7203
20260317,-6566.8203
20260317,-6568.0085
20260317,-6569.4697
20260317,-6570.6377
20260317,-6569.0799
20260317,-6570.3313
20260317,-6571.8513
20260317,-6573.0894
20260317,-6571.56
20260318,-6572.6461
20260318,-6573.7013
20260318,-6571.9507
20260318,-6573.0845
20260318,-6574.2776
20260318,-6575.375
20260318,-6573.5865
20260318,-6574.7486
20260318,-6575.8086
20260318,-6576.9573
20260318,-6578.013
20260318,-6579.2167
20260318,-6577.4929
20260318,-6576.2436
20260318,-6577.4497
20260318,-6576.1862
20260318,-6577.4273
20260318,-6575.6627
20260318,-6574.262
20260318,-6575.4283
20260318,-6573.932
20260318,-6572.4606
20260318,-6573.5982
20260318,-6571.6333
20260318,-6570.3412
20260318,-6571.5256
20260318,-6570.1214
20260318,-6571.2282
20260318,-6570.0918
20260318,-6568.7379
20260318,-6569.9028
20260318,-6571.0154
20260319,-6572.1496
20260319,-6570.2839
20260319,-6571.3957
20260319,-6570.1074
20260319,-6568.3918
20260319,-6565.577
20260319,-6566.7
20260319,-6567.8473
20260319,-6568.9229
20260319,-6570.0547
20260319,-6567.9538
20260319,-6569.1712
20260319,-6566.9137
20260319,-6565.2371
20260319,-6566.3007
20260319,-6567.3987
20260319,-6568.5088
20260319,-6566.1966
20260319,-6567.2907
20260319,-6568.6756
20260319,-6567.1718
20260319,-6568.3131
20260319,-6566.7375
20260319,-6565.1236
20260319,-6566.2468
20260319,-6564.7379
20260319,-6565.9443
20260319,-6567.3174
20260319,-6568.7305
20260319,-6567.2772
20260319,-6568.3495
20260319,-6566.8314
20260320,-6565.005
20260320,-6563.1607
20260320,-6564.2641
20260320,-6562.6811
20260320,-6561.1651
20260320,-6562.2996
20260320,-6560.6545
20260320,-6561.7218
20260320,-6562.2053
20260320,-6559.9306
20260320,-6561.1114
20260320,-6562.2433
20260320,-6563.3516
20260320,-6561.8319
20260320,-6562.9365
20260320,-6564.1511
20260320,-6562.8054
20260320,-6560.8451
20260320,-6561.9379
20260320,-6563.0073
20260320,-6562.0325
20260320,-6563.2411
20260320,-6561.3309
20260320,-6560.2746
20260320,-6561.3948
20260320,-6558.6281
20260320,-6560.0253
20260320,-6561.3445
20260320,-6562.495
20260320,-6563.6526
20260320,-6564.8472
20260320,-6566.0839
20260323,-6567.1187
20260323,-6565.3335
20260323,-6563.4262
20260323,-6564.5906
20260323,-6562.7016
20260323,-6560.9369
20260323,-6559.8747
20260323,-6558.1237
20260323,-6556.581
20260323,-6557.7975
20260323,-6556.157
20260323,-6557.3564
20260323,-6555.5235
20260323,-6556.6478
20260323,-6557.8026
20260323,-6555.5996
20260323,-6553.8155
20260323,-6552.3666
20260323,-6553.4685
20260323,-6554.5819
20260323,-6555.6891
20260323,-6556.8171
20260323,-6558.0577
20260323,-6559.1873
20260323,-6560.4181
20260323,-6558.8232
20260323,-6559.922
20260323,-6561.1053
20260323,-6559.5421
20260323,-6557.8609
20260323,-6559.1218
20260323,-6560.2402
20260324,-6561.2762
20260324,-6562.3844
20260324,-6563.4369
20260324,-6564.5318
20260324,-6563.0303
20260324,-6564.1328
20260324,-6565.2144
20260324,-6566.3064
20260324,-6564.5679
20260324,-6562.6692
20260324,-6563.7105
20260324,-6561.2896
20260324,-6559.2306
20260324,-6560.4051
20260324,-6561.5266
20260324,-6562.7326
20260324,-6563.897
20260324,-6564.9895
20260324,-6566.1914
20260324,-6564.4808
20260324,-6563.5629
20260324,-6564.9186
20260324,-6562.9866
20260324,-6564.0693
20260324,-6565.1309
20260324,-6566.2897
20260324,-6567.4053
20260324,-6568.6825
20260324,-6569.8334
20260324,-6570.9345
20260324,-6571.9981
20260324,-6570.2518
20260325,-6568.5727
20260325,-6566.8162
20260325,-6567.8587
20260325,-6566.0766
20260325,-6564.5235
20260325,-6565.6176
20260325,-6564.1404
20260325,-6565.2125
20260325,-6566.3511
20260325,-6564.5039
20260325,-6565.6061
20260325,-6566.9456
20260325,-6568.0975
20260325,-6569.249
20260325,-6566.7453
20260325,-6567.8946
20260325,-6566.2806
20260325,-6564.563
20260325,-6566.1161
20260325,-6567.2097
20260325,-6568.3725
20260325,-6568.0995
20260325,-6566.5107
20260325,-6564.1907
20260325,-6565.3777
20260325,-6566.5373
20260325,-6567.6342
20260325,-6568.7381
20260325,-6567.161
20260325,-6568.341
20260325,-6569.6389
20260325,-6568.6477
20260326,-6567.1467
20260326,-6568.1952
20260326,-6566.3629
20260326,-6567.4395
20260326,-6568.5711
20260326,-6569.6748
20260326,-6568.1597
20260326,-6569.3201
20260326,-6570.6061
20260326,-6571.7139
20260326,-6569.687
20260326,-6570.8408
20260326,-6569.4879
20260326,-6570.6222
20260326,-6571.7543
20260326,-6570.5479
20260326,-6571.661
20260326,-6572.7917
20260326,-6573.9864
20260326,-6575.1204
20260326,-6576.3613
20260326,-6577.5466
20260326,-6575.7149
20260326,-6577.3806
20260326,-6575.7678
20260326,-6574.3303
20260326,-6572.4956
20260326,-6573.5585
20260326,-6574.7658
20260326,-6575.9218
20260326,-6577.0424
20260326,-6578.2409
20260327,-6579.3841
20260327,-6580.5684
20260327,-6581.6775
20260327,-6579.9763
20260327,-6581.106
20260327,-6582.1999
20260327,-6583.3185
20260327,-6584.4531
20260327,-6585.6951
20260327,-6583.699
20260327,-6584.8738
20260327,-6583.5099
20260327,-6584.6565
20260327,-6585.7337
20260327,-6586.9129
20260327,-6587.9729
20260327,-6589.1073
20260327,-6587.3294
20260327,-6585.2966
20260327,-6583.1513
20260327,-6581.6012
20260327,-6582.7595
20260327,-6581.4575
20260327,-6582.6028
20260327,-6583.7241
20260327,-6585.0045
20260327,-6583.4734
20260327,-6584.6426
20260327,-6583.2614
20260327,-6581.6092
20260327,-6582.7198
20260327,-6583.9019
20260330,-6585.0073
20260330,-6586.1227
20260330,-6587.1891
20260330,-6585.0573
20260330,-6583.1397
20260330,-6584.2183
20260330,-6585.3957
20260330,-6583.4751
20260330,-6584.5413
20260330,-6582.9178
20260330,-6581.3023
20260330,-6582.5064
20260330,-6583.6572
20260330,-6584.7771
20260330,-6586.082
20260330,-6584.1818
20260330,-6582.6436
20260330,-6583.8723
20260330,-6585.0707
20260330,-6583.3219
20260330,-6581.1783
20260330,-6579.0921
20260330,-6580.2133
20260330,-6578.3389
20260330,-6579.4942
20260330,-6580.6793
20260330,-6581.8386
20260330,-6583.0755
20260330,-6584.5226
20260330,-6585.6606
20260330,-6584.4226
20260330,-6582.7605
20260331,-6580.9147
20260331,-6582.0803
20260331,-6583.1367
20260331,-6581.4922
20260331,-6579.2808
20260331,-6580.3878
20260331,-6581.5774
20260331,-6582.7634
20260331,-6583.7971
20260331,-6581.7393
20260331,-6582.8481
20260331,-6581.2118
20260331,-6582.3042
20260331,-6583.5929
20260331,-6581.9436
20260331,-6583.0383
20260331,-6584.209
20260331,-6585.3679
20260331,-6586.4697
20260331,-6587.555
20260331,-6585.487
20260331,-6586.5443
20260331,-6584.7414
20260331,-6585.7953
20260331,-6586.9446
20260331,-6588.1103
20260331,-6586.3703
20260331,-6584.7415
20260331,-6583.0465
20260331,-6584.2982
20260331,-6582.7987
20260331,-6583.9447
20260401,-6582.219
20260401,-6583.3038
20260401,-6582.1977
20260401,-6583.2555
20260401,-6584.4054
20260401,-6582.4242
20260401,-6583.5877
20260401,-6584.6314
20260401,-6582.8704
20260401,-6581.1536
20260401,-6579.0167
20260401,-6577.3862
20260401,-6576.0474
20260401,-6577.1741
20260401,-6578.3086
20260401,-6576.5445
20260401,-6575.1605
20260401,-6576.4557
20260401,-6575.102
20260401,-6576.3446
20260401,-6574.8353
20260401,-6573.9138
20260401,-6572.9894
20260401,-6574.2205
20260401,-6575.5586
20260401,-6576.8105
20260401,-6578.2384
20260401,-6579.3589
20260401,-6577.5189
20260401,-6575.7686
20260401,-6574.1328
20260401,-6575.3001
20260402,-6576.3898
20260402,-6577.524
20260402,-6573.6795
20260402,-6574.73
20260402,-6575.7505
20260402,-6576.8341
20260402,-6575.3609
20260402,-6576.4489
20260402,-6577.6867
20260402,-6576.0065
20260402,-6577.1575
20260402,-6578.3239
20260402,-6579.4766
20260402,-6577.8509
20260402,-6578.9547
20260402,-6580.1717
20260402,-6581.3955
20260402,-6582.5594
20260402,-6581.3978
20260402,-6582.6933
20260402,-6580.5769
20260402,-6581.7696
20260402,-6583.0371
20260402,-6584.1664
20260402,-6585.4777
20260402,-6586.7734
20260402,-6587.8799
20260402,-6589.3077
20260402,-6588.0004
20260402,-6589.1822
20260402,-6590.3483
20260402,-6591.5236
20260406,-6589.6146
20260406,-6590.6705
20260406,-6591.6982
20260406,-6589.3721
20260406,-6590.5943
20260406,-6588.7007
20260406,-6586.7052
20260406,-6585.0452
20260406,-6586.222
20260406,-6587.4917
20260406,-6588.7767
20260406,-6589.9716
20260406,-6588.9135
20260406,-6590.0753
20260406,-6588.0113
20260406,-6589.1599
20260406,-6587.7395
20260406,-6586.1171
20260406,-6587.2734
20260406,-6588.4838
20260406,-6589.6656
20260406,-6590.8787
20260406,-6592.0432
20260406,-6593.3731
20260406,-6594.5009
20260406,-6595.6607
20260406,-6597.0304
20260406,-6598.2026
20260406,-6599.616
20260406,-6600.7926
20260406,-6601.9385
20260406,-6600.5771
20260407,-6601.6603
20260407,-6602.7548
20260407,-6603.8833
20260407,-6605.0536
20260407,-6603.1917
20260407,-6604.3047
20260407,-6605.3982
20260407,-6603.44
20260407,-6604.6342
20260407,-6605.7022
20260407,-6606.8455
20260407,-6604.7305
20260407,-6605.8775
20260407,-6607.0534
20260407,-6603.734
20260407,-6601.625
20260407,-6602.865
20260407,-6603.935
20260407,-6605.0311
20260407,-6606.1062
20260407,-6607.2207
20260407,-6608.4119
20260407,-6607.2791
20260407,-6608.3615
20260407,-6606.9993
20260407,-6608.475
20260407,-6609.5882
20260407,-6610.7119
20260407,-6611.9334
20260407,-6613.1126
20260407,-6614.466
20260407,-6615.5403
20260408,-6616.7846
20260408,-6617.8139
20260408,-6618.8467
20260408,-6619.9626
20260408,-6621.1098
20260408,-6622.2397
20260408,-6623.2957
20260408,-6624.3652
20260408,-6625.5037
20260408,-6626.7122
20260408,-6624.8847
20260408,-6623.2499
20260408,-6624.527
20260408,-6625.7347
20260408,-6624.6131
20260408,-6623.2131
20260408,-6621.5483
20260408,-6620.2077
20260408,-6618.6037
20260408,-6616.8987
20260408,-6615.8084
20260408,-6616.8674
20260408,-6618.0929
20260408,-6619.3145
20260408,-6620.6337
20260408,-6621.9448
20260408,-6623.0393
20260408,-6624.1532
20260408,-6625.2716
20260408,-6626.5091
20260408,-6625.1659
20260408,-6626.5001
20260409,-6627.5496
20260409,-6628.6643
20260409,-6629.7345
20260409,-6630.9327
20260409,-6632.0638
20260409,-6630.9094
20260409,-6632.0361
20260409,-6630.4355
20260409,-6631.6221
20260409,-6632.7536
20260409,-6630.9025
20260409,-6627.784
20260409,-6628.8594
20260409,-6630.2521
20260409,-6631.3612
20260409,-6630.1196
20260409,-6631.4313
20260409,-6630.0513
20260409,-6631.2815
20260409,-6632.625
20260409,-6634.1737
20260409,-6632.7755
20260409,-6634.0102
20260409,-6635.0979
20260409,-6633.4869
20260409,-6632.1975
20260409,-6631.0735
20260409,-6629.4083
20260409,-6630.5317
20260409,-6631.6603
20260409,-6632.7474
20260409,-6633.8407
20260410,-6632.0072
20260410,-6633.0835
20260410,-6634.3087
20260410,-6635.5317
20260410,-6636.6817
20260410,-6638.011
20260410,-6636.225
20260410,-6637.3422
20260410,-6635.6401
20260410,-6636.8041
20260410,-6634.6619
20260410,-6633.1175
20260410,-6634.3456
20260410,-6635.6346
20260410,-6634.0885
20260410,-6635.2011
20260410,-6636.2939
20260410,-6637.3864
20260410,-6638.5346
20260410,-6639.8229
20260410,-6641.0518
20260410,-6639.3899
20260410,-6638.359
20260410,-6639.5627
20260410,-6638.1771
20260410,-6639.2974
20260410,-6638.08
20260410,-6639.2286
20260410,-6637.7392
20260410,-6635.9735
20260410,-6637.3742
20260410,-6636.7379
20260413,-6637.7827
20260413,-6636.0005
20260413,-6637.1224
20260413,-6635.5707
20260413,-6636.7945
20260413,-6635.1192
20260413,-6633.2217
20260413,-6631.8073
20260413,-6633.0435
20260413,-6634.191
20260413,-6635.3474
20260413,-6636.6018
20260413,-6637.7478
20260413,-6638.954
20260413,-6640.0705
20260413,-6641.2557
20260413,-6639.5039
20260413,-6637.9143
20260413,-6636.8086
20260413,-6637.9985
20260413,-6636.187
20260413,-6637.7017
20260413,-6638.9986
20260413,-6640.263
20260413,-6641.4975
20260413,-6642.644
20260413,-6640.7566
20260413,-6641.9019
20260413,-6641.0368
20260413,-6639.5026
20260413,-6640.8099
20260413,-6642.2543
20260414,-6643.2969
20260414,-6644.3507
20260414,-6645.5369
20260414,-6643.4126
20260414,-6644.4748
20260414,-6645.6719
20260414,-6646.7454
20260414,-6645.5764
20260414,-6646.6305
20260414,-6647.7686
20260414,-6646.3172
20260414,-6644.5906
20260414,-6643.4901
20260414,-6641.6398
20260414,-6640.3727
20260414,-6638.917
20260414,-6637.9987
20260414,-6639.2352
20260414,-6640.3624
20260414,-6641.5872
20260414,-6639.6813
20260414,-6640.8956
20260414,-6642.1757
20260414,-6640.6361
20260414,-6642.1163
20260414,-6643.2291
20260414,-6644.5895
20260414,-6642.827
20260414,-6643.9451
20260414,-6641.9989
20260414,-6640.5816
20260414,-6641.9053
20260415,-6640.2336
20260415,-6641.3014
20260415,-6642.3663
20260415,-6640.8958
20260415,-6639.2104
20260415,-6637.3743
20260415,-6635.6178
20260415,-6636.8327
20260415,-6638.077
20260415,-6639.2193
20260415,-6640.4077
20260415,-6641.6102
20260415,-6642.7019
20260415,-6640.7924
20260415,-6642.0972
20260415,-6643.3983
20260415,-6644.6308
20260415,-6645.8495
20260415,-6647.4467
20260415,-6645.7203
20260415,-6646.7797
20260415,-6648.0603
20260415,-6649.2456
20260415,-6648.5629
20260415,-6649.8322
20260415,-6650.9248
20260415,-6652.0591
20260415,-6653.1211
20260415,-6654.4289
20260415,-6653.3512
20260415,-6652.0088
20260415,-6653.6617
20260416,-6652.0441
20260416,-6653.1039
20260416,-6654.1489
20260416,-6652.3239
20260416,-6650.5895
20260416,-6649.249
20260416,-6647.5178
20260416,-6648.5952
20260416,-6650.0082
20260416,-6651.2292
20260416,-6649.9158
20260416,-6648.2617
20260416,-6647.0712
20260416,-6646.3381
20260416,-6647.3966
20260416,-6648.7957
20260416,-6650.0359
20260416,-6651.2752
20260416,-6652.5765
20260416,-6653.7513
20260416,-6651.5892
20260416,-6653.0261
20260416,-6651.2573
20260416,-6649.6831
20260416,-6651.4309
20260416,-6649.4685
20260416,-6650.5357
20260416,-6651.7499
20260416,-6650.3844
20260416,-6651.9058
20260416,-6653.2452
20260416,-6654.6315
20260417,-6655.7452
20260417,-6657.0544
20260417,-6658.5877
20260417,-6656.5524
20260417,-6654.8286
20260417,-6656.0052
20260417,-6657.1306
20260417,-6658.2717
20260417,-6659.4041
20260417,-6658.092
20260417,-6659.441
20260417,-6660.5894
20260417,-6661.8814
20260417,-6663.1065
20260417,-6664.2923
20260417,-6665.4792
20260417,-6663.8385
20260417,-6662.1643
20260417,-6663.3902
20260417,-6662.1621
20260417,-6663.2126
20260417,-6664.2903
20260417,-6665.5433
20260417,-6664.2941
20260417,-6662.4704
20260417,-6660.6774
20260417,-6661.8388
20260417,-6663.0478
20260417,-6664.1472
20260417,-6665.3007
20260417,-6663.9082
20260417,-6665.2713
20260420,-6666.3372
20260420,-6664.4038
20260420,-6665.5733
20260420,-6666.6171
20260420,-6664.6157
20260420,-6662.6573
20260420,-6660.882
20260420,-6662.0307
20260420,-6663.0979
20260420,-6664.2124
20260420,-6665.5221
20260420,-6666.7206
20260420,-6668.0832
20260420,-6666.9003
20260420,-6668.5357
20260420,-6669.7823
20260420,-6671.0579
20260420,-6672.1958
20260420,-6673.4718
20260420,-6674.6323
20260420,-6675.9987
20260420,-6674.5953
20260420,-6673.4926
20260420,-6674.5839
20260420,-6675.8955
20260420,-6677.078
20260420,-6678.1796
20260420,-6677.3283
20260420,-6678.6358
20260420,-6676.9511
20260420,-6675.6144
20260420,-6676.8728
20260421,-6677.9746
20260421,-6679.0287
20260421,-6677.0672
20260421,-6678.2739
20260421,-6679.3782
20260421,-6680.6069
20260421,-6681.8044
20260421,-6682.9965
20260421,-6681.4544
20260421,-6682.5678
20260421,-6683.6531
20260421,-6684.9357
20260421,-6686.1979
20260421,-6685.768
20260421,-6686.8223
20260421,-6687.9118
20260421,-6685.6942
20260421,-6686.8018
20260421,-6685.6459
20260421,-6686.7648
20260421,-6685.2611
20260421,-6686.3763
20260421,-6687.6244
20260421,-6689.0021
20260421,-6687.7428
20260421,-6688.9208
20260421,-6690.1753
20260421,-6689.3056
20260421,-6690.6614
20260421,-6691.8906
20260421,-6693.1
20260421,-6694.3378
20260422,-6695.5573
20260422,-6696.603
20260422,-6694.5407
20260422,-6695.6185
20260422,-6696.7012
20260422,-6697.8179
20260422,-6698.8571
20260422,-6697.3916
20260422,-6698.593
20260422,-6699.8112
20260422,-6697.0274
20260422,-6698.6936
20260422,-6697.0544
20260422,-6694.7984
20260422,-6696.0398
20260422,-6697.2598
20260422,-6695.4102
20260422,-6693.5966
20260422,-6694.8178
20260422,-6696.3453
20260422,-6694.6244
20260422,-6695.9519
20260422,-6697.309
20260422,-6695.9291
20260422,-6697.3184
20260422,-6695.5826
20260422,-6696.9455
20260422,-6698.4596
20260422,-6700.268
20260422,-6701.5636
20260422,-6700.5986
20260422,-6699.5115
20260423,-6700.6577
20260423,-6701.6966
20260423,-6702.8523
20260423,-6704.2783
20260423,-6705.3561
20260423,-6703.9928
20260423,-6705.2123
20260423,-6706.5666
20260423,-6708.1834
20260423,-6709.4007
20260423,-6710.5045
20260423,-6708.7822
20260423,-6707.4409
20260423,-6708.5044
20260423,-6706.5308
20260423,-6707.5927
20260423,-6708.8013
20260423,-6709.9921
20260423,-6711.0496
20260423,-6709.2092
20260423,-6707.4091
20260423,-6706.0016
20260423,-6704.2077
20260423,-6705.3253
20260423,-6703.7291
20260423,-6704.8217
20260423,-6705.9374
20260423,-6707.0613
20260423,-6708.2051
20260423,-6707.0106
20260423,-6708.1418
20260423,-6709.3395
20260424,-6707.6831
20260424,-6706.1357
20260424,-6704.352
20260424,-6702.5209
20260424,-6703.855
20260424,-6702.7234
20260424,-6702.0332
20260424,-6703.1852
20260424,-6704.4022
20260424,-6705.4505
20260424,-6706.583
20260424,-6707.6907
20260424,-6709.0106
20260424,-6710.0709
20260424,-6711.1538
20260424,-6709.408
20260424,-6710.4761
20260424,-6711.6114
20260424,-6712.7071
20260424,-6713.749
20260424,-6714.892
20260424,-6716.1324
20260424,-6717.2154
20260424,-6718.5171
20260424,-6717.5673
20260424,-6715.7691
20260424,-6714.9122
20260424,-6716.1346
20260424,-6717.4576
20260424,-6717.1189
20260424,-6715.483
20260424,-6716.91
20260427,-6717.9458
20260427,-6714.6083
20260427,-6712.6938
20260427,-6713.7197
20260427,-6714.8378
20260427,-6715.8993
20260427,-6713.822
20260427,-6715.0182
20260427,-6716.0751
20260427,-6717.2545
20260427,-6718.3756
20260427,-6719.4451
20260427,-6720.5627
20260427,-6719.7753
20260427,-6720.9341
20260427,-6719.4435
20260427,-6720.5901
20260427,-6722.1949
20260427,-6720.3643
20260427,-6718.8996
20260427,-6720.013
20260427,-6718.2678
20260427,-6719.7408
20260427,-6721.1847
20260427,-6722.7406
20260427,-6723.9624
20260427,-6723.0435
20260427,-6724.423
20260427,-6725.7228
20260427,-6727.2752
20260427,-6725.9818
20260427,-6727.1157
20260428,-6725.3573
20260428,-6726.4654
20260428,-6727.5281
20260428,-6725.7479
20260428,-6726.7809
20260428,-6727.8995
20260428,-6729.0179
20260428,-6730.231
20260428,-6731.5901
20260428,-6732.6821
20260428,-6733.8949
20260428,-6732.1709
20260428,-6733.2516
20260428,-6731.8925
20260428,-6730.0484
20260428,-6731.2593
20260428,-6728.7305
20260428,-6729.9887
20260428,-6729.3386
20260428,-6727.0752
20260428,-6728.1975
20260428,-6726.6276
20260428,-6725.0384
20260428,-6726.3562
20260428,-6724.5355
20260428,-6726.0977
20260428,-6727.2779
20260428,-6725.9085
20260428,-6724.2137
20260428,-6723.0569
20260428,-6724.2839
20260428,-6723.0694
20260429,-6721.7832
20260429,-6722.9349
20260429,-6724.0832
20260429,-6725.1623
20260429,-6726.3136
20260429,-6727.4164
20260429,-6728.5085
20260429,-6726.5756
20260429,-6724.9386
20260429,-6726.0416
20260429,-6727.2258
20260429,-6728.6544
20260429,-6729.9276
20260429,-6731.0681
20260429,-6732.1732
20260429,-6730.4146
20260429,-6731.6647
20260429,-6732.7364
20260429,-6733.8624
20260429,-6732.58
20260429,-6733.7715
20260429,-6734.8585
20260429,-6733.5078
20260429,-6733.4278
20260429,-6732.6083
20260429,-6733.832
20260429,-6734.9062
20260429,-6733.3318
20260429,-6734.6544
20260429,-6733.6443
20260429,-6734.8982
20260429,-6733.21
20260430,-6734.2358
20260430,-6732.5742
20260430,-6731.127
20260430,-6732.2236
20260430,-6733.2964
20260430,-6734.4993
20260430,-6735.7417
20260430,-6737.1967
20260430,-6738.3433
20260430,-6739.4183
20260430,-6740.5965
20260430,-6739.2984
20260430,-6740.3761
20260430,-6741.4857
20260430,-6742.7567
20260430,-6743.8589
20260430,-6741.7975
20260430,-6743.1957
20260430,-6744.7871
20260430,-6746.1041
20260430,-6747.3436
20260430,-6748.5307
20260430,-6749.6341
20260430,-6751.2307
20260430,-6752.3257
20260430,-6753.3851
20260430,-6754.533
20260430,-6755.704
20260430,-6756.8153
20260430,-6755.2786
20260430,-6756.3587
20260430,-6757.6964
20260501,-6758.798
20260501,-6756.9067
20260501,-6758.0034
20260501,-6755.8044
20260501,-6753.9579
20260501,-6752.0743
20260501,-6753.5518
20260501,-6754.6298
20260501,-6755.6931
20260501,-6755.1498
20260501,-6753.3308
20260501,-6754.519
20260501,-6755.7598
20260501,-6756.8627
20260501,-6757.9493
20260501,-6759.0989
20260501,-6758.0126
20260501,-6759.124
20260501,-6760.2792
20260501,-6761.3579
20260501,-6762.598
20260501,-6760.3387
20260501,-6762.1975
20260501,-6763.4598
20260501,-6764.5766
20260501,-6765.8951
20260501,-6767.6057
20260501,-6768.7375
20260501,-6766.9987
20260501,-6765.7475
20260501,-6766.9988
20260501,-6765.4116
20260504,-6763.5038
20260504,-6764.5979
20260504,-6765.6444
20260504,-6763.8342
20260504,-6764.9147
20260504,-6763.1698
20260504,-6759.1327
20260504,-6760.1951
20260504,-6758.1645
20260504,-6756.404
20260504,-6754.2334
20260504,-6755.3278
20260504,-6756.5474
20260504,-6757.714
20260504,-6755.8411
20260504,-6756.9203
20260504,-6758.0676
20260504,-6759.1228
20260504,-6760.3027
20260504,-6761.4101
20260504,-6762.6958
20260504,-6764.0848
20260504,-6765.281
20260504,-6766.4463
20260504,-6767.5556
20260504,-6768.7972
20260504,-6767.0674
20260504,-6766.1511
20260504,-6767.4809
20260504,-6769.2461
20260504,-6767.9764
20260504,-6769.3266
20260505,-6770.3538
20260505,-6771.3894
20260505,-6772.4251
20260505,-6773.5504
20260505,-6774.9817
20260505,-6776.4916
20260505,-6774.6125
20260505,-6776.0104
20260505,-6777.2492
20260505,-6778.4296
20260505,-6779.5136
20260505,-6780.7917
20260505,-6779.0252
20260505,-6780.1956
20260505,-6781.4898
20260505,-6780.4246
20260505,-6781.5463
20260505,-6780.4712
20260505,-6781.6153
20260505,-6780.6822
20260505,-6781.8856
20260505,-6783.0003
20260505,-6784.5226
20260505,-6785.6987
20260505,-6786.9701
20260505,-6788.1668
20260505,-6789.5825
20260505,-6790.7364
20260505,-6792.0927
20260505,-6793.7919
20260505,-6792.601
20260505,-6790.8676
20260506,-6791.9296
20260506,-6792.9726
20260506,-6794.0373
20260506,-6795.0774
20260506,-6796.1065
20260506,-6794.2542
20260506,-6795.4265
20260506,-6796.5394
20260506,-6794.7035
20260506,-6795.736
20260506,-6796.9687
20260506,-6795.7066
20260506,-6796.8104
20260506,-6798.0548
20260506,-6796.4452
20260506,-6795.0977
20260506,-6793.9829
20260506,-6795.5346
20260506,-6793.8264
20260506,-6795.0275
20260506,-6796.4925
20260506,-6797.6618
20260506,-6796.8031
20260506,-6795.4742
20260506,-6796.8756
20260506,-6796.2792
20260506,-6797.5398
20260506,-6795.7182
20260506,-6797.0169
20260506,-6795.1924
20260506,-6796.3378
20260506,-6797.4551
20260507,-6795.5651
20260507,-6793.7048
20260507,-6794.7322
20260507,-6793.6093
20260507,-6794.6689
20260507,-6793.2446
20260507,-6794.3381
20260507,-6792.8227
20260507,-6791.3955
20260507,-6792.5634
20260507,-6790.6526
20260507,-6789.0005
20260507,-6790.2068
20260507,-6788.1888
20260507,-6786.9943
20260507,-6788.1602
20260507,-6789.3493
20260507,-6790.4264
20260507,-6791.5316
20260507,-6789.798
20260507,-6790.8645
20260507,-6791.9602
20260507,-6793.0524
20260507,-6791.3557
20260507,-6792.4691
20260507,-6794.1386
20260507,-6792.6249
20260507,-6791.3839
20260507,-6789.474
20260507,-6788.0023
20260507,-6786.8003
20260507,-6785.24
20260508,-6786.3814
20260508,-6784.1005
20260508,-6785.1883
20260508,-6786.2864
20260508,-6787.4664
20260508,-6788.6595
20260508,-6787.1521
20260508,-6788.9225
20260508,-6786.9581
20260508,-6785.5305
20260508,-6786.72
20260508,-6783.3338
20260508,-6782.4735
20260508,-6783.7228
20260508,-6782.1245
20260508,-6780.6681
20260508,-6781.703
20260508,-6780.5889
20260508,-6781.6943
20260508,-6779.2286
20260508,-6780.3811
20260508,-6781.5615
20260508,-6782.6779
20260508,-6780.7045
20260508,-6781.7741
20260508,-6782.949
20260508,-6781.7722
20260508,-6777.7972
20260508,-6776.2626
20260508,-6777.529
20260508,-6778.7288
20260508,-6779.9754
20260511,-6781.1057
20260511,-6782.2372
20260511,-6783.3905
20260511,-6784.4205
20260511,-6782.5291
20260511,-6783.559
20260511,-6781.9549
20260511,-6783.0278
20260511,-6784.149
20260511,-6782.3696
20260511,-6783.6887
20260511,-6784.7231
20260511,-6785.8638
20260511,-6784.2992
20260511,-6785.3994
20260511,-6786.8774
20260511,-6785.0174
20260511,-6786.0555
20260511,-6787.2138
20260511,-6788.3197
20260511,-6789.4369
20260511,-6790.5813
20260511,-6789.1041
20260511,-6787.3904
20260511,-6788.5173
20260511,-6789.6426
20260511,-6788.7244
20260511,-6790.3321
20260511,-6791.6653
20260511,-6792.7409
20260511,-6794.0016
20260511,-6795.3165
20260512,-6796.5221
20260512,-6797.538
20260512,-6798.6114
20260512,-6799.668
20260512,-6800.6973
20260512,-6801.817
20260512,-6802.8964
20260512,-6804.0383
20260512,-6801.9468
20260512,-6803.0014
20260512,-6804.1996
20260512,-6805.3426
20260512,-6806.6839
20260512,-6807.9053
20260512,-6808.9803
20260512,-6810.1556
20260512,-6811.3525
20260512,-6810.0658
20260512,-6808.8308
20260512,-6809.8822
20260512,-6810.9845
20260512,-6810.0619
20260512,-6811.2336
20260512,-6809.7978
20260512,-6811.0319
20260512,-6812.0733
20260512,-6813.2427
20260512,-6814.3043
20260512,-6815.7165
20260512,-6816.9461
20260512,-6818.5948
20260512,-6819.8165
20260513,-6820.8354
20260513,-6819.0261
20260513,-6817.2232
20260513,-6818.3198
20260513,-6816.6896
20260513,-6817.7283
20260513,-6818.8232
20260513,-6817.2212
20260513,-6818.3146
20260513,-6819.3579
20260513,-6817.5929
20260513,-6818.9279
20260513,-6820.1603
20260513,-6818.6528
20260513,-6819.7912
20260513,-6820.9187
20260513,-6822.1703
20260513,-6823.4106
20260513,-6824.6328
20260513,-6823.0251
20260513,-6821.119
20260513,-6822.2287
20260513,-6820.5404
20260513,-6819.8094
20260513,-6820.9386
20260513,-6822.4012
20260513,-6823.5369
20260513,-6822.6087
20260513,-6821.2748
20260513,-6822.7773
20260513,-6823.8879
20260513,-6824.9779
20260514,-6826.0137
20260514,-6827.04
20260514,-6825.3106
20260514,-6826.3903
20260514,-6827.512
20260514,-6826.3874
20260514,-6827.4751
20260514,-6825.9877
20260514,-6827.0389
20260514,-6828.2288
20260514,-6829.672
20260514,-6830.8089
20260514,-6832.2042
20260514,-6830.5924
20260514,-6831.6385
20260514,-6830.0982
20260514,-6829.0428
20260514,-6827.2262
20260514,-6825.7982
20260514,-6826.9159
20260514,-6828.1261
20260514,-6829.4974
20260514,-6828.0803
20260514,-6829.1381
20260514,-6830.3078
20260514,-6828.6655
20260514,-6830.0372
20260514,-6831.2559
20260514,-6832.3712
20260514,-6830.6451
20260514,-6831.8637
20260514,-6833.205
20260515,-6834.3628
20260515,-6835.4176
20260515,-6833.6762
20260515,-6832.498
20260515,-6833.6496
20260515,-6834.7276
20260515,-6835.7681
20260515,-6836.8757
20260515,-6838.0123
20260515,-6839.1255
20260515,-6837.5207
20260515,-6838.5613
20260515,-6836.5946
20260515,-6834.8602
20260515,-6836.105
20260515,-6837.318
20260515,-6838.3832
20260515,-6839.5347
20260515,-6840.6536
20260515,-6842.3918
20260515,-6841.9136
20260515,-6843.046
20260515,-6844.3981
20260515,-6845.5169
20260515,-6846.6081
20260515,-6847.695
20260515,-6848.8721
20260515,-6847.0529
20260515,-6848.2509
20260515,-6849.3557
20260515,-6850.7441
20260515,-6851.8747
20260518,-6850.0692
20260518,-6851.1412
20260518,-6849.4771
20260518,-6850.5644
20260518,-6849.1121
20260518,-6850.2335
20260518,-6851.4637
20260518,-6849.8343
20260518,-6851.068
20260518,-6850.0047
20260518,-6851.2486
20260518,-6849.1919
20260518,-6847.4955
20260518,-6848.6151
20260518,-6849.6847
20260518,-6850.8169
20260518,-6848.9398
20260518,-6850.2237
20260518,-6851.2907
20260518,-6849.8426
20260518,-6851.3451
20260518,-6849.623
20260518,-6850.8172
20260518,-6848.9973
20260518,-6847.101
20260518,-6845.2844
20260518,-6843.8546
20260518,-6844.9326
20260518,-6843.4986
20260518,-6844.6124
20260518,-6845.859
20260518,-6846.9231
20260519,-6847.9682
20260519,-6846.0498
20260519,-6844.0712
20260519,-6842.8011
20260519,-6843.8525
20260519,-6844.9458
20260519,-6846.0868
20260519,-6847.2982
20260519,-6848.406
20260519,-6849.5119
20260519,-6850.6773
20260519,-6851.8757
20260519,-6850.6827
20260519,-6849.1585
20260519,-6847.2871
20260519,-6848.5309
20260519,-6847.7359
20260519,-6848.87
20260519,-6849.9863
20260519,-6851.2029
20260519,-6852.4284
20260519,-6853.6722
20260519,-6850.6821
20260519,-6849.5626
20260519,-6848.082
20260519,-6846.7581
20260519,-6845.3487
20260519,-6846.4223
20260519,-6847.5366
20260519,-6848.7195
20260519,-6850.0299
20260519,-6848.3198
20260520,-6849.436
20260520,-6847.2358
20260520,-6843.1361
20260520,-6844.3858
20260520,-6845.5056
20260520,-6846.5744
20260520,-6847.682
20260520,-6846.1375
20260520,-6845.104
20260520,-6843.4937
20260520,-6842.3817
20260520,-6843.6317
20260520,-6844.8591
20260520,-6845.988
20260520,-6847.1406
20260520,-6848.2928
20260520,-6849.4046
20260520,-6850.6809
20260520,-6848.793
20260520,-6847.5992
20260520,-6848.6479
20260520,-6849.7347
20260520,-6848.8106
20260520,-6847.622
20260520,-6845.9452
20260520,-6844.3966
20260520,-6845.5199
20260520,-6846.638
20260520,-6844.5057
20260520,-6845.745
20260520,-6844.0918
20260520,-6845.2079
20260521,-6846.2893
20260521,-6844.4455
20260521,-6845.5162
20260521,-6843.1547
20260521,-6844.2407
20260521,-6845.347
20260521,-6846.5099
20260521,-6847.6521
20260521,-6846.4315
20260521,-6843.7597
20260521,-6844.876
20260521,-6845.9777
20260521,-6847.1042
20260521,-6848.2391
20260521,-6846.8628
20260521,-6847.9315
20260521,-6846.7631
20260521,-6847.9649
20260521,-6849.2307
20260521,-6848.1643
20260521,-6845.9929
20260521,-6847.1522
20260521,-6848.3667
20260521,-6849.536
20260521,-6850.6308
20260521,-6848.7742
20260521,-6847.075
20260521,-6845.423
20260521,-6846.547
20260521,-6847.6411
20260521,-6848.7109
20260521,-6849.8402
20260522,-6848.1123
20260522,-6849.1547
20260522,-6847.4922
20260522,-6848.6655
20260522,-6849.7882
20260522,-6851.2051
20260522,-6852.3552
20260522,-6853.4749
20260522,-6854.9432
20260522,-6853.2615
20260522,-6854.5746
20260522,-6855.7663
20260522,-6856.9088
20260522,-6858.0402
20260522,-6859.3643
20260522,-6860.5605
20260522,-6858.8284
20260522,-6859.9297
20260522,-6858.3918
20260522,-6859.623
20260522,-6860.6857
20260522,-6862.2602
20260522,-6863.4997
20260522,-6861.6554
20260522,-6860.0795
20260522,-6861.2699
20260522,-6859.4928
20260522,-6860.9746
20260522,-6859.5776
20260522,-6860.7032
20260522,-6861.9904
20260522,-6863.5534
20260526,-6864.6073
20260526,-6865.7689
20260526,-6864.1413
20260526,-6865.1878
20260526,-6866.3981
20260526,-6864.5364
20260526,-6862.9369
20260526,-6864.0761
20260526,-6862.9991
20260526,-6861.0707
20260526,-6859.3044
20260526,-6857.3722
20260526,-6858.4694
20260526,-6857.0153
20260526,-6855.7037
20260526,-6857.1174
20260526,-6855.6294
20260526,-6856.6793
20260526,-6857.8251
20260526,-6858.9736
20260526,-6860.2946
20260526,-6856.9395
20260526,-6858.1442
20260526,-6859.4682
20260526,-6860.5519
20260526,-6861.6793
20260526,-6860.1122
20260526,-6861.5726
20260526,-6862.757
20260526,-6864.1432
20260526,-6865.434
20260526,-6866.6235
20260527,-6867.7598
20260527,-6865.5096
20260527,-6866.5525
20260527,-6867.7213
20260527,-6868.8794
20260527,-6869.9338
20260527,-6868.2326
20260527,-6869.2521
20260527,-6870.3381
20260527,-6871.5765
20260527,-6872.6911
20260527,-6873.772
20260527,-6874.8622
20260527,-6873.2705
20260527,-6874.3528
20260527,-6875.491
20260527,-6873.8855
20260527,-6874.9714
20260527,-6876.2567
20260527,-6877.4258
20260527,-6878.5401
20260527,-6877.2709
20260527,-6878.3836
20260527,-6879.5486
20260527,-6880.6207
20260527,-6881.7854
20260527,-6880.0862
20260527,-6878.7822
20260527,-6880.0653
20260527,-6878.2875
20260527,-6879.3738
20260527,-6881.1382
20260528,-6879.4653
20260528,-6877.7907
20260528,-6876.1179
20260528,-6877.1641
20260528,-6875.2876
20260528,-6873.428
20260528,-6874.6547
20260528,-6875.7405
20260528,-6873.7955
20260528,-6875.0804
20260528,-6876.2736
20260528,-6877.3698
20260528,-6875.7143
20260528,-6877.091
20260528,-6878.1465
20260528,-6879.2409
20260528,-6880.5734
20260528,-6881.8484
20260528,-6882.9538
20260528,-6884.2973
20260528,-6885.5117
20260528,-6884.0082
20260528,-6885.2237
20260528,-6886.7852
20260528,-6888.0729
20260528,-6886.7128
20260528,-6887.8902
20260528,-6889.0504
20260528,-6890.129
20260528,-6891.7143
20260528,-6893.5192
20260528,-6894.6468
20260529,-6892.6535
20260529,-6893.7927
20260529,-6894.8493
20260529,-6895.9211
20260529,-6897.0407
20260529,-6895.3358
20260529,-6896.3745
20260529,-6897.4097
20260529,-6895.793
20260529,-6896.8622
20260529,-6897.9389
20260529,-6896.3323
20260529,-6897.3982
20260529,-6898.5967
20260529,-6897.2452
20260529,-6898.3433
20260529,-6899.4431
20260529,-6900.6188
20260529,-6901.9957
20260529,-6903.1776
20260529,-6904.2399
20260529,-6905.2984
20260529,-6906.4922
20260529,-6904.8003
20260529,-6906.0988
20260529,-6907.3351
20260529,-6905.6254
20260529,-6906.9534
20260529,-6908.0917
20260529,-6909.9846
20260529,-6908.2892
20260529,-6909.6107
20260601,-6910.6716
20260601,-6908.6981
20260601,-6906.6066
20260601,-6907.8223
20260601,-6906.2137
20260601,-6904.5193
20260601,-6905.6167
20260601,-6907.0107
20260601,-6908.0462
20260601,-6909.1281
20260601,-6907.6782
20260601,-6908.8311
20260601,-6909.993
20260601,-6911.0693
20260601,-6909.0692
20260601,-6910.2883
20260601,-6911.578
20260601,-6910.0882
20260601,-6908.1789
20260601,-6909.4375
20260601,-6910.5415
20260601,-6911.8677
20260601,-6910.6982
20260601,-6909.0869
20260601,-6910.248
20260601,-6908.7951
20260601,-6906.8817
20260601,-6905.2254
20260601,-6906.5434
20260601,-6907.9515
20260601,-6909.0919
20260601,-6906.517
20260602,-6907.5432
20260602,-6908.6172
20260602,-6906.6382
20260602,-6905.2358
20260602,-6903.572
20260602,-6902.043
20260602,-6900.6831
20260602,-6901.8709
20260602,-6902.9421
20260602,-6904.0108
20260602,-6901.8171
20260602,-6903.3416
20260602,-6904.6236
20260602,-6903.017
20260602,-6904.4123
20260602,-6905.5317
20260602,-6903.5651
20260602,-6902.0638
20260602,-6899.1768
20260602,-6900.4016
20260602,-6901.5267
20260602,-6902.6416
20260602,-6904.0011
20260602,-6905.1614
20260602,-6906.2958
20260602,-6907.4193
20260602,-6906.6279
20260602,-6908.1341
20260602,-6907.3866
20260602,-6908.612
20260602,-6910.0002
20260602,-6911.2727
20260603,-6909.28
20260603,-6907.7259
20260603,-6908.83
20260603,-6909.8611
20260603,-6908.3162
20260603,-6909.3436
20260603,-6910.4587
20260603,-6911.5176
20260603,-6912.7661
20260603,-6913.834
20260603,-6911.9767
20260603,-6913.079
20260603,-6914.199
20260603,-6915.3324
20260603,-6916.4621
20260603,-6917.5362
20260603,-6916.2999
20260603,-6917.3777
20260603,-6915.6833
20260603,-6914.3785
20260603,-6912.5767
20260603,-6910.8751
20260603,-6909.6243
20260603,-6907.8347
20260603,-6909.1851
20260603,-6910.4849
20260603,-6911.5682
20260603,-6912.7394
20260603,-6914.0397
20260603,-6912.4169
20260603,-6914.2101
20260603,-6915.6239
20260604,-6913.9144
20260604,-6914.9602
20260604,-6916.023
20260604,-6914.4172
20260604,-6915.4725
20260604,-6913.6215
20260604,-6914.7794
20260604,-6915.9331
20260604,-6917.0242
20260604,-6918.3643
20260604,-6917.0264
20260604,-6918.161
20260604,-6919.2914
20260604,-6917.6902
20260604,-6919.1446
20260604,-6920.3149
20260604,-6918.6588
20260604,-6919.8092
20260604,-6920.8591
20260604,-6921.975
20260604,-6923.0571
20260604,-6924.1652
20260604,-6922.3983
20260604,-6920.9418
20260604,-6922.2082
20260604,-6923.7113
20260604,-6924.8611
20260604,-6922.84
20260604,-6924.2521
20260604,-6925.3011
20260604,-6924.5224
20260604,-6925.9566
20260605,-6924.4647
20260605,-6925.4901
20260605,-6924.1851
20260605,-6922.5839
20260605,-6923.6998
20260605,-6922.1234
20260605,-6923.3277
20260605,-6921.365
20260605,-6922.4485
20260605,-6923.5401
20260605,-6921.5279
20260605,-6922.6634
20260605,-6923.822
20260605,-6924.8968
20260605,-6923.8866
20260605,-6922.1041
20260605,-6920.3133
20260605,-6918.341
20260605,-6919.4613
20260605,-6920.5358
20260605,-6921.8962
20260605,-6923.4186
20260605,-6924.4946
20260605,-6922.6571
20260605,-6923.8188
20260605,-6922.1729
20260605,-6920.361
20260605,-6921.5351
20260605,-6922.76
20260605,-6923.7973
20260605,-6924.9319
20260605,-6925.9687
20260608,-6927.1202
20260608,-6928.2105
20260608,-6929.4785
20260608,-6930.507
20260608,-6928.6154
20260608,-6929.7198
20260608,-6930.8066
20260608,-6932.1863
20260608,-6933.2383
20260608,-6934.2791
20260608,-6932.6293
20260608,-6930.6439
20260608,-6931.834
20260608,-6930.3059
20260608,-6931.4562
20260608,-6930.4134
20260608,-6928.1737
20260608,-6926.6946
20260608,-6927.8347
20260608,-6928.9571
20260608,-6930.059
20260608,-6931.1333
20260608,-6932.4141
20260608,-6933.8482
20260608,-6935.1283
20260608,-6936.2288
20260608,-6934.5036
20260608,-6935.8155
20260608,-6936.9754
20260608,-6938.3563
20260608,-6939.8033
20260608,-6938.8741
20260609,-6939.9108
20260609,-6937.6648
20260609,-6938.7195
20260609,-6939.791
20260609,-6940.8877
20260609,-6941.9924
20260609,-6943.0771
20260609,-6944.0995
20260609,-6945.2229
20260609,-6946.4071
20260609,-6944.4492
20260609,-6942.5075
20260609,-6943.5828
20260609,-6944.6782
20260609,-6945.6975
20260609,-6946.7607
20260609,-6944.6286
20260609,-6945.6835
20260609,-6946.8926
20260609,-6947.9217
20260609,-6946.5841
20260609,-6947.621
20260609,-6945.7995
20260609,-6943.5153
20260609,-6944.7527
20260609,-6945.8133
20260609,-6946.8779
20260609,-6947.983
20260609,-6949.588
20260609,-6950.9646
20260609,-6952.065
20260609,-6949.8054
20260610,-6950.8397
20260610,-6951.8934
20260610,-6952.9781
20260610,-6951.108
20260610,-6952.2015
20260610,-6950.3494
20260610,-6948.9164
20260610,-6949.9829
20260610,-6951.0103
20260610,-6952.0955
20260610,-6950.9025
20260610,-6951.9605
20260610,-6950.5634
20260610,-6951.6549
20260610,-6949.724
20260610,-6950.8636
20260610,-6949.0269
20260610,-6950.0911
20260610,-6951.8595
20260610,-6950.3231
20260610,-6951.3627
20260610,-6949.8669
20260610,-6948.4284
20260610,-6949.5116
20260610,-6947.846
20260610,-6949.3358
20260610,-6950.4673
20260610,-6949.0255
20260610,-6948.2069
20260610,-6946.9532
20260610,-6945.5253
20260610,-6946.6806
20260611,-6947.7135
20260611,-6945.7688
20260611,-6944.0682
20260611,-6945.1225
20260611,-6943.2524
20260611,-6944.3132
20260611,-6942.5436
20260611,-6943.7236
20260611,-6944.9526
20260611,-6946.0481
20260611,-6947.0845
20260611,-6948.1698
20260611,-6949.2468
20260611,-6947.9289
20260611,-6949.1393
20260611,-6950.2406
20260611,-6949.2479
20260611,-6950.3146
20260611,-6951.4119
20260611,-6952.5186
20260611,-6951.1688
20260611,-6952.3149
20260611,-6953.4367
20260611,-6952.0964
20260611,-6950.1546
20260611,-6951.2086
20260611,-6952.3182
20260611,-6953.4325
20260611,-6954.5407
20260611,-6952.4105
20260611,-6953.4542
20260611,-6954.7018
20260612,-6952.8532
20260612,-6950.8166
20260612,-6949.2671
20260612,-6947.4224
20260612,-6945.6754
20260612,-6946.7874
20260612,-6947.8636
20260612,-6949.3665
20260612,-6950.3971
20260612,-6951.4604
20260612,-6952.4975
20260612,-6950.6789
20260612,-6951.8862
20260612,-6952.946
20260612,-6954.2541
20260612,-6955.5582
20260612,-6954.2734
20260612,-6955.4567
20260612,-6953.9595
20260612,-6955.0139
20260612,-6956.5232
20260612,-6954.9996
20260612,-6956.1093
20260612,-6957.4903
20260612,-6955.6302
20260612,-6954.1577
20260612,-6955.2991
20260612,-6956.5766
20260612,-6955.4193
20260612,-6953.8409
20260612,-6955.01
20260612,-6956.1831
20260615,-6954.7114
20260615,-6952.8663
20260615,-6953.9274
20260615,-6952.2499
20260615,-6953.3249
20260615,-6954.3558
20260615,-6952.8142
20260615,-6954.0052
20260615,-6955.2661
20260615,-6956.3693
20260615,-6957.4698
20260615,-6958.5411
20260615,-6959.645
20260615,-6960.9015
20260615,-6962.0314
20260615,-6963.295
20260615,-6964.4583
20260615,-6965.8442
20260615,-6967.1116
20260615,-6965.5369
20260615,-6966.6424
20260615,-6967.7438
20260615,-6966.0284
20260615,-6967.1612
20260615,-6968.3279
20260615,-6969.5859
20260615,-6971.3404
20260615,-6972.5828
20260615,-6973.8235
20260615,-6975.116
20260615,-6976.4584
20260615,-6974.2127
20260616,-6972.1348
20260616,-6969.8798
20260616,-6970.9382
20260616,-6972.0687
20260616,-6973.1573
20260616,-6974.1799
20260616,-6975.2771
20260616,-6976.3221
20260616,-6977.4085
20260616,-6975.331
20260616,-6974.2085
20260616,-6972.5505
20260616,-6970.7146
20260616,-6971.9481
20260616,-6973.1358
20260616,-6971.4557
20260616,-6972.5108
20260616,-6973.7147
20260616,-6974.8959
20260616,-6975.9603
20260616,-6974.0043
20260616,-6975.1049
20260616,-6976.3367
20260616,-6977.5294
20260616,-6976.3417
20260616,-6977.6576
20260616,-6978.9308
20260616,-6980.2985
20260616,-6978.8483
20260616,-6980.0663
20260616,-6978.6451
20260616,-6977.3999
20260617,-6976.0033
20260617,-6977.1036
20260617,-6978.2253
20260617,-6979.2924
20260617,-6977.3087
20260617,-6978.3596
20260617,-6974.9995
20260617,-6976.05
20260617,-6977.367
20260617,-6976.3824
20260617,-6975.139
20260617,-6976.5078
20260617,-6977.6623
20260617,-6978.746
20260617,-6979.8733
20260617,-6978.4494
20260617,-6977.1337
20260617,-6978.1895
20260617,-6979.4901
20260617,-6977.7079
20260617,-6978.9132
20260617,-6980.0502
20260617,-6981.2509
20260617,-6982.6966
20260617,-6981.2611
20260617,-6982.4113
20260617,-6981.6875
20260617,-6980.3655
20260617,-6981.4703
20260617,-6982.5216
20260617,-6980.7839
20260617,-6981.8546
20260618,-6982.9646
20260618,-6983.9982
20260618,-6982.2186
20260618,-6980.319
20260618,-6981.3445
20260618,-6982.441
20260618,-6983.7081
20260618,-6981.8859
20260618,-6983.1042
20260618,-6984.1785
20260618,-6985.4897
20260618,-6983.7886
20260618,-6985.3266
20260618,-6986.4596
20260618,-6987.6623
20260618,-6988.8423
20260618,-6987.5086
20260618,-6985.7089
20260618,-6987.064
20260618,-6988.1966
20260618,-6989.244
20260618,-6987.6942
20260618,-6985.7954
20260618,-6987.0045
20260618,-6985.5798
20260618,-6986.7845
20260618,-6987.8681
20260618,-6986.1022
20260618,-6987.2194
20260618,-6988.3786
20260618,-6989.6175
20260618,-6990.7739
20260622,-6992.1399
20260622,-6990.3301
20260622,-6988.5859
20260622,-6986.8204
20260622,-6984.7827
20260622,-6985.9371
20260622,-6987.2954
20260622,-6988.3414
20260622,-6986.6078
20260622,-6987.8058
20260622,-6988.8681
20260622,-6989.9751
20260622,-6991.1611
20260622,-6989.5797
20260622,-6990.7462
20260622,-6989.1112
20260622,-6987.8723
20260622,-6989.0021
20260622,-6990.1046
20260622,-6991.4107
20260622,-6993.0794
20260622,-6994.477
20260622,-6995.6186
20260622,-6996.6761
20260622,-6997.775
20260622,-6996.0153
20260622,-6997.1661
20260622,-6998.5151
20260622,-6999.6305
20260622,-7000.8392
20260622,-7002.0238
20260622,-7000.4507
20260623,-6998.5155
20260623,-6996.7384
20260623,-6997.7724
20260623,-6996.1195
20260623,-6992.9777
20260623,-6994.2394
20260623,-6995.4113
20260623,-6996.773
20260623,-6993.8766
20260623,-6994.8994
20260623,-6995.9877
20260623,-6993.5018
20260623,-6994.5668
20260623,-6995.6696
20260623,-6996.9739
20260623,-6998.1127
20260623,-6999.1563
20260623,-7000.237
20260623,-7001.3412
20260623,-7002.7796
20260623,-7001.3802
20260623,-6999.7344
20260623,-6997.9949
20260623,-6999.127
20260623,-6992.5072
20260623,-6993.8956
20260623,-6995.1714
20260623,-6996.2958
20260623,-6994.741
20260623,-6992.9867
20260623,-6991.3613
20260623,-6989.5123
20260624,-6990.5748
20260624,-6991.6388
20260624,-6992.819
20260624,-6991.0034
20260624,-6992.4275
20260624,-6993.5125
20260624,-6994.7857
20260624,-6995.9384
20260624,-6994.5804
20260624,-6992.7964
20260624,-6994.1674
20260624,-6995.3101
20260624,-6993.8076
20260624,-6994.844
20260624,-6995.901
20260624,-6997.1621
20260624,-6998.6108
20260624,-6997.1071
20260624,-6998.2327
20260624,-6996.5691
20260624,-6997.6244
20260624,-6998.8285
20260624,-6999.9046
20260624,-7000.9987
20260624,-7002.2684
20260624,-7000.505
20260624,-7001.5913
20260624,-7002.6658
20260624,-7000.9858
20260624,-7002.229
20260624,-7003.3678
20260624,-7004.5069
20260625,-7005.5392
20260625,-7006.5711
20260625,-7004.7113
20260625,-7003.1053
20260625,-7004.2601
20260625,-7005.287
20260625,-7006.6246
20260625,-7007.7001
20260625,-7006.371
20260625,-7002.283
20260625,-7000.8151
20260625,-6998.8847
20260625,-6999.9651
20260625,-7001.0358
20260625,-7002.2909
20260625,-7000.7432
20260625,-7001.8177
20260625,-6999.7383
20260625,-7000.9098
20260625,-7002.1019
20260625,-6999.93
20260625,-7001.0676
20260625,-6999.4095
20260625,-7000.5976
20260625,-7001.6636
20260625,-7002.7989
20260625,-7003.8964
20260625,-7005.0363
20260625,-7006.1186
20260625,-7005.1749
20260625,-7003.7122
20260625,-7004.8373
20260626,-7005.9405
20260626,-7007.0351
20260626,-7005.3534
20260626,-7006.4265
20260626,-7004.558
20260626,-7005.7217
20260626,-7006.7762
20260626,-7007.8252
20260626,-7008.9123
20260626,-7010.1211
20260626,-7011.1496
20260626,-7012.2466
20260626,-7013.3021
20260626,-7014.3904
20260626,-7015.5527
20260626,-7016.6748
20260626,-7017.8781
20260626,-7016.8648
20260626,-7017.9447
20260626,-7019.0415
20260626,-7020.3055
20260626,-7021.4864
20260626,-7022.6071
20260626,-7023.7252
20260626,-7024.9619
20260626,-7026.0671
20260626,-7027.3767
20260626,-7028.6972
20260626,-7029.7925
20260626,-7028.7745
20260626,-7030.2895
20260626,-7031.3554
20260629,-7029.2575
20260629,-7030.2973
20260629,-7031.3567
20260629,-7029.538
20260629,-7027.6808
20260629,-7028.7353
20260629,-7029.8304
20260629,-7030.8992
20260629,-7029.6815
20260629,-7027.9731
20260629,-7026.2717
20260629,-7027.5141
20260629,-7026.3402
20260629,-7025.0817
20260629,-7026.2777
20260629,-7027.4124
20260629,-7028.5166
20260629,-7026.7151
20260629,-7027.9379
20260629,-7029.4693
20260629,-7030.7472
20260629,-7032.291
20260629,-7033.3311
20260629,-7034.6866
20260629,-7035.779
20260629,-7034.1991
20260629,-7032.2059
20260629,-7029.4909
20260629,-7030.654
20260629,-7030.0682
20260629,-7031.4394
20260629,-7032.5723
20260630,-7030.6975
20260630,-7028.9409
20260630,-7029.9841
20260630,-7027.9423
20260630,-7029.0568
20260630,-7030.3712
20260630,-7028.2398
20260630,-7029.5877
20260630,-7030.7157
20260630,-7029.1134
20260630,-7030.2563
20260630,-7028.8801
20260630,-7030.0055
20260630,-7031.2214
20260630,-7032.3588
20260630,-7033.6455
20260630,-7031.7156
20260630,-7029.676
20260630,-7028.0586
20260630,-7026.2897
20260630,-7024.3902
20260630,-7025.438
20260630,-7026.5625
20260630,-7027.6971
20260630,-7026.3352
20260630,-7024.4016
20260630,-7022.6087
20260630,-7023.8012
20260630,-7024.9806
20260630,-7026.7302
20260630,-7028.0825
20260630,-7027.3592
20260701,-7025.6059
20260701,-7024.1423
20260701,-7025.3103
20260701,-7026.3429
20260701,-7024.6319
20260701,-7025.6868
20260701,-7023.9081
20260701,-7025.1363
20260701,-7026.2745
20260701,-7024.8861
20260701,-7022.9203
20260701,-7020.9634
20260701,-7022.0443
20260701,-7020.1177
20260701,-7018.4333
20260701,-7019.5407
20260701,-7020.6421
20260701,-7018.7466
20260701,-7017.1415
20260701,-7018.2205
20260701,-7016.6475
20260701,-7017.7558
20260701,-7018.8427
20260701,-7017.9763
20260701,-7016.3995
20260701,-7017.5449
20260701,-7015.8111
20260701,-7014.5973
20260701,-7015.8649
20260701,-7014.4817
20260701,-7016.1559
20260701,-7017.2233
20260702,-7015.1166
20260702,-7016.2216
20260702,-7014.3253
20260702,-7015.6174
20260702,-7016.7373
20260702,-7015.1381
20260702,-7013.6774
20260702,-7014.7527
20260702,-7015.8017
20260702,-7014.3187
20260702,-7015.5585
20260702,-7016.601
20260702,-7014.4943
20260702,-7015.7413
20260702,-7016.8375
20260702,-7015.3193
20260702,-7013.7305
20260702,-7014.84
20260702,-7013.0164
20260702,-7011.6042
20260702,-7010.6061
20260702,-7011.8723
20260702,-7013.5364
20260702,-7014.6205
20260702,-7015.6579
20260702,-7016.8407
20260702,-7017.9029
20260702,-7016.1337
20260702,-7014.1585
20260702,-7015.4078
20260702,-7016.6265
20260702,-7014.9046
20260706,-7015.9193
20260706,-7016.9467
20260706,-7018.0367
20260706,-7019.2653
20260706,-7017.4279
20260706,-7018.8194
20260706,-7019.9398
20260706,-7021.037
20260706,-7022.1271
20260706,-7023.3704
20260706,-7024.462
20260706,-7022.7282
20260706,-7023.8381
20260706,-7025.3765
20260706,-7023.9775
20260706,-7025.1472
20260706,-7023.6936
20260706,-7024.7749
20260706,-7022.7454
20260706,-7021.7324
20260706,-7020.4888
20260706,-7021.6858
20260706,-7019.9496
20260706,-7018.0589
20260706,-7019.3863
20260706,-7020.5722
20260706,-7022.304
20260706,-7023.4819
20260706,-7021.41
20260706,-7020.2123
20260706,-7018.7072
20260706,-7019.9092
20260707,-7018.3114
20260707,-7019.3503
20260707,-7020.3916
20260707,-7021.4313
20260707,-7022.4966
20260707,-7023.7871
20260707,-7025.1565
20260707,-7026.2443
20260707,-7027.3697
20260707,-7025.8243
20260707,-7026.884
20260707,-7028.1383
20260707,-7025.8054
20260707,-7027.3817
20260707,-7028.4602
20260707,-7027.1399
20260707,-7028.3021
20260707,-7029.4409
20260707,-7030.8879
20260707,-7029.1139
20260707,-7030.2544
20260707,-7031.3016
20260707,-7032.4756
20260707,-7033.6343
20260707,-7034.7779
20260707,-7033.4529
20260707,-7034.7177
20260707,-7036.658
20260707,-7034.6029
20260707,-7035.7677
20260707,-7033.5193
20260707,-7034.616
20260708,-7035.8155
20260708,-7033.6163
20260708,-7034.705
20260708,-7035.7851
20260708,-7036.8134
20260708,-7038.0849
20260708,-7039.1712
20260708,-7040.2579
20260708,-7038.4286
20260708,-7037.0381
20260708,-7035.4498
20260708,-7036.6229
20260708,-7037.7585
20260708,-7038.9636
20260708,-7040.0821
20260708,-7041.1564
20260708,-7039.6233
20260708,-7040.9186
20260708,-7039.0525
20260708,-7040.1253
20260708,-7041.3686
20260708,-7039.3207
20260708,-7040.4675
20260708,-7039.1667
20260708,-7040.452
20260708,-7041.6739
20260708,-7039.5514
20260708,-7037.8697
20260708,-7039.0123
20260708,-7040.2745
20260708,-7041.6019
20260708,-7042.7978
20260709,-7043.8687
20260709,-7044.9921
20260709,-7043.1907
20260709,-7041.561
20260709,-7042.6642
20260709,-7040.7152
20260709,-7041.8299
20260709,-7043.2067
20260709,-7044.2763
20260709,-7045.3332
20260709,-7046.3974
20260709,-7047.5267
20260709,-7048.5912
20260709,-7049.6852
20260709,-7050.8245
20260709,-7052.1114
20260709,-7051.2856
20260709,-7049.7211
20260709,-7050.8409
20260709,-7051.974
20260709,-7053.2136
20260709,-7051.9771
20260709,-7053.2986
20260709,-7054.4959
20260709,-7055.7563
20260709,-7056.8401
20260709,-7058.597
20260709,-7059.7312
20260709,-7061.0113
20260709,-7062.439
20260709,-7064.0131
20260709,-7065.1434
20260710,-7063.8373
20260710,-7064.8869
20260710,-7065.996
20260710,-7067.1499
20260710,-7065.3065
20260710,-7063.7685
20260710,-7061.9608
20260710,-7063.0484
20260710,-7061.4163
20260710,-7059.6891
20260710,-7060.8049
20260710,-7061.8734
20260710,-7063.061
20260710,-7062.3369
20260710,-7063.561
20260710,-7064.6154
20260710,-7065.9711
20260710,-7067.0859
20260710,-7068.6138
20260710,-7067.178
20260710,-7065.9061
20260710,-7067.0092
20260710,-7068.1456
20260710,-7069.3615
20260710,-7067.9091
20260710,-7066.1162
20260710,-7067.3195
20260710,-7068.4764
20260710,-7069.8505
20260710,-7071.6071
20260710,-7070.3902
20260710,-7069.2488
20260713,-7070.2892
20260713,-7071.3135
20260713,-7069.5778
20260713,-7070.8477
20260713,-7072.2491
20260713,-7070.3259
20260713,-7068.3499
20260713,-7069.5529
20260713,-7070.6905
20260713,-7071.7534
20260713,-7072.8696
20260713,-7071.5069
20260713,-7072.5703
20260713,-7073.7489
20260713,-7075.1793
20260713,-7076.283
20260713,-7077.3804
20260713,-7078.4872
20260713,-7079.7217
20260713,-7078.3988
20260713,-7079.4909
20260713,-7080.7627
20260713,-7082.0419
20260713,-7083.2739
20260713,-7084.4747
20260713,-7082.3278
20260713,-7084.4644
20260713,-7082.7932
20260713,-7081.5406
20260713,-7082.9232
20260713,-7084.0908
20260713,-7082.5857
20260714,-7083.669
20260714,-7084.7905
20260714,-7082.9799
20260714,-7084.0222
20260714,-7082.5648
20260714,-7080.8728
20260714,-7081.9195
20260714,-7080.0982
20260714,-7078.217
20260714,-7076.7402
20260714,-7074.6895
20260714,-7075.8161
20260714,-7074.2688
20260714,-7075.5618
20260714,-7076.7607
20260714,-7077.926
20260714,-7079.2016
20260714,-7077.4101
20260714,-7076.3371
20260714,-7074.3323
20260714,-7075.5087
20260714,-7074.0623
20260714,-7072.8185
20260714,-7071.3161
20260714,-7069.2984
20260714,-7067.6985
20260714,-7068.7944
20260714,-7069.8712
20260714,-7071.0094
20260714,-7072.1092
20260714,-7073.6386
20260714,-7074.8326
20260715,-7072.9784
20260715,-7074.0762
20260715,-7075.217
20260715,-7076.2868
20260715,-7077.3489
20260715,-7075.1679
20260715,-7076.3493
20260715,-7077.4172
20260715,-7076.4805
20260715,-7077.6505
20260715,-7078.7177
20260715,-7079.9089
20260715,-7078.2867
20260715,-7076.7945
20260715,-7074.9585
20260715,-7073.2803
20260715,-7074.3813
20260715,-7075.6546
20260715,-7073.9533
20260715,-7075.1686
20260715,-7074.1247
20260715,-7071.8986
20260715,-7070.1217
20260715,-7071.5764
20260715,-7072.6519
20260715,-7074.2339
20260715,-7072.9041
20260715,-7074.0928
20260715,-7075.1408
20260715,-7074.033
20260715,-7075.2313
20260715,-7076.5441
20260716,-7077.5625
20260716,-7075.9323
20260716,-7077.0262
20260716,-7078.0986
20260716,-7079.1919
20260716,-7080.4422
20260716,-7081.4813
20260716,-7082.6133
20260716,-7083.7429
20260716,-7084.8093
20260716,-7083.4451
20260716,-7084.5485
20260716,-7085.743
20260716,-7086.8836
20260716,-7087.9575
20260716,-7089.0427
20260716,-7087.5193
20260716,-7088.6238
20260716,-7090.0553
20260716,-7088.3518
20260716,-7086.6207
20260716,-7087.7862
20260716,-7088.8712
20260716,-7090.1448
20260716,-7088.4291
20260716,-7089.5413
20260716,-7090.766
20260716,-7092.0115
20260716,-7093.4997
20260716,-7092.1504
20260716,-7093.4047
20260716,-7094.479
20260717,-7095.5233
20260717,-7096.5786
20260717,-7094.7246
20260717,-7095.7609
20260717,-7096.7943
20260717,-7095.1727
20260717,-7096.2327
20260717,-7097.3122
20260717,-7098.3512
20260717,-7099.4267
20260717,-7100.5383
20260717,-7101.6074
20260717,-7102.732
20260717,-7101.7971
20260717,-7102.9791
20260717,-7104.0961
20260717,-7105.1573
20260717,-7106.3985
20260717,-7105.2924
20260717,-7106.5527
20260717,-7107.5872
20260717,-7108.6312
20260717,-7106.8986
20260717,-7108.1463
20260717,-7109.5704
20260717,-7110.6511
20260717,-7111.7919
20260717,-7112.9452
20260717,-7114.0584
20260717,-7115.2513
20260717,-7116.7916
20260717,-7115.2633
20260720,-7116.3159
20260720,-7117.3437
20260720,-7115.7687
20260720,-7114.0469
20260720,-7112.4257
20260720,-7113.4952
20260720,-7114.6172
20260720,-7115.6917
20260720,-7116.961
20260720,-7118.1322
20260720,-7119.5458
20260720,-7120.5828
20260720,-7121.6726
20260720,-7122.8078
20260720,-7121.1944
20260720,-7122.329
20260720,-7123.4169
20260720,-7124.714
20260720,-7123.3262
20260720,-7122.2382
20260720,-7123.3113
20260720,-7124.3997
20260720,-7125.544
20260720,-7123.8455
20260720,-7121.5897
20260720,-7122.7194
20260720,-7124.11
20260720,-7122.7993
20260720,-7124.0706
20260720,-7122.7169
20260720,-7121.0156
20260720,-7122.3678
20260721,-7123.406
20260721,-7121.6742
20260721,-7122.7823
20260721,-7121.022
20260721,-7122.1193
20260721,-7123.2159
20260721,-7124.2958
20260721,-7125.5441
20260721,-7126.9175
20260721,-7128.1208
20260721,-7129.1647
20260721,-7128.4899
20260721,-7129.8393
20260721,-7130.9213
20260721,-7132.0812
20260721,-7133.2858
20260721,-7132.0865
20260721,-7130.403
20260721,-7131.8496
20260721,-7129.9301
20260721,-7129.1806
20260721,-7130.5552
20260721,-7131.7747
20260721,-7132.9242
20260721,-7134.186
20260721,-7132.6151
20260721,-7133.9526
20260721,-7135.2748
20260721,-7136.7238
20260721,-7138.021
20260721,-7139.1739
20260721,-7140.3729
20260722,-7141.4211
20260722,-7142.6405
20260722,-7143.7459
20260722,-7144.8773
20260722,-7145.9682
20260722,-7147.1471
20260722,-7148.2224
20260722,-7150.0238
20260722,-7151.1924
20260722,-7152.234
20260722,-7153.8593
20260722,-7152.1241
20260722,-7153.2881
20260722,-7151.6779
20260722,-7150.18
20260722,-7148.1839
20260722,-7149.2605
20260722,-7150.3974
20260722,-7149.4441
20260722,-7150.9895
20260722,-7152.1106
20260722,-7153.484
20260722,-7154.9644
20260722,-7153.7952
20260722,-7151.9802
20260722,-7153.1729
20260722,-7154.3643
20260722,-7155.7526
20260722,-7154.6489
20260722,-7155.9982
20260722,-7157.1128
20260722,-7158.4089
20260723,-7156.5038
20260723,-7157.5384
20260723,-7158.5738
20260723,-7156.8703
20260723,-7157.9588
20260723,-7159.1177
20260723,-7157.3593
20260723,-7158.437
20260723,-7159.5505
20260723,-7157.484
20260723,-7155.3854
20260723,-7156.94
20260723,-7158.1223
20260723,-7159.2445
20260723,-7158.0989
20260723,-7156.4442
20260723,-7157.6138
20260723,-7158.7492
20260723,-7159.8178
20260723,-7160.9105
20260723,-7159.9141
20260723,-7161.0891
20260723,-7162.1161
20260723,-7161.0333
20260723,-7162.2123
20260723,-7163.2629
20260723,-7164.4182
20260723,-7165.6212
20260723,-7166.8297
20260723,-7168.0325
20260723,-7166.8428
20260723,-7164.3078
20260724,-7165.4127
20260724,-7166.4716
20260724,-7164.4139
20260724,-7165.5001
20260724,-7166.5626
20260724,-7167.7311
20260724,-7168.8064
20260724,-7169.9011
20260724,-7168.1071
20260724,-7166.3975
20260724,-7167.7187
20260724,-7168.7421
20260724,-7167.1091
20260724,-7168.1688
20260724,-7169.2289
20260724,-7170.2643
20260724,-7171.3779
20260724,-7169.7019
20260724,-7168.0884
20260724,-7166.1397
20260724,-7167.5533
20260724,-7165.9313
20260724,-7165.0169
20260724,-7166.0937
20260724,-7167.3575
20260724,-7168.5606
20260724,-7169.8543
20260724,-7171.0008
20260724,-7169.3313
20260724,-7170.5867
20260724,-7171.6718
20260724,-7172.8362
20260727,-7170.9567
20260727,-7171.9985
20260727,-7173.0934
20260727,-7174.2355
20260727,-7172.489
20260727,-7173.5757
20260727,-7171.1596
20260727,-7172.2648
20260727,-7173.5914
20260727,-7171.8355
20260727,-7172.9247
20260727,-7174.0275
20260727,-7172.8101
20260727,-7173.8778
20260727,-7172.5433
20260727,-7170.701
20260727,-7169.7989
20260727,-7171.3092
20260727,-7172.42
20260727,-7170.5663
20260727,-7169.038
20260727,-7167.5142
20260727,-7168.6927
20260727,-7169.7394
20260727,-7170.8805
20260727,-7169.5579
20260727,-7170.7323
20260727,-7172.0018
20260727,-7173.1466
20260727,-7172.007
20260727,-7170.3005
20260727,-7171.5095
20260728,-7169.6764
20260728,-7167.9488
20260728,-7166.1286
20260728,-7163.8716
20260728,-7164.9176
20260728,-7163.1803
20260728,-7162.2043
20260728,-7163.3106
20260728,-7162.3893
20260728,-7163.4744
20260728,-7164.5411
20260728,-7162.3549
20260728,-7163.624
20260728,-7164.6981
20260728,-7165.7495
20260728,-7166.8694
20260728,-7165.6976
20260728,-7166.8414
20260728,-7165.6705
20260728,-7164.7776
20260728,-7165.863
20260728,-7166.9878
20260728,-7168.1534
20260728,-7169.2614
20260728,-7167.9692
20260728,-7166.3855
20260728,-7164.3631
20260728,-7165.6537
20260728,-7164.4445
20260728,-7163.0927
20260728,-7160.4788
20260728,-7159.6597
20260729,-7157.4733
20260729,-7155.845
20260729,-7154.5027
20260729,-7152.3978
20260729,-7150.8042
20260729,-7149.3111
20260729,-7150.4955
20260729,-7151.5902
20260729,-7149.9891
20260729,-7151.2939
20260729,-7149.1367
20260729,-7147.4701
20260729,-7148.4978
20260729,-7149.5912
20260729,-7150.8275
20260729,-7152.0233
20260729,-7150.6393
20260729,-7151.8453
20260729,-7153.0833
20260729,-7151.258
20260729,-7149.6742
20260729,-7151.0086
20260729,-7152.1109
20260729,-7153.2689
20260729,-7151.363
20260729,-7152.7903
20260729,-7153.8859
20260729,-7155.0132
20260729,-7156.1404
20260729,-7157.2364
20260729,-7158.5011
20260729,-7159.5402
20260730,-7160.5624
20260730,-7161.6199
20260730,-7162.7559
20260730,-7163.8275
20260730,-7162.4785
20260730,-7163.5563
20260730,-7164.6482
20260730,-7163.5021
20260730,-7161.8341
20260730,-7159.8451
20260730,-7160.9993
20260730,-7162.0915
20260730,-7160.3191
20260730,-7161.4163
20260730,-7162.6024
20260730,-7163.6928
20260730,-7164.741
20260730,-7166.1027
20260730,-7164.2363
20260730,-7162.2755
20260730,-7163.4291
20260730,-7164.5202
20260730,-7163.1373
20260730,-7164.2208
20260730,-7165.2812
20260730,-7163.6876
20260730,-7164.8462
20260730,-7166.4961
20260730,-7167.5534
20260730,-7168.6629
20260730,-7170.123
20260730,-7171.2586
20260731,-7172.2902
20260731,-7173.3166
20260731,-7174.4036
20260731,-7175.4802
20260731,-7176.5245
20260731,-7177.5457
20260731,-7178.6249
20260731,-7179.6959
20260731,-7180.7473
20260731,-7181.9542
20260731,-7180.1777
20260731,-7178.1159
20260731,-7179.1962
20260731,-7177.7174
20260731,-7176.0819
20260731,-7177.139
20260731,-7178.3944
20260731,-7179.5795
20260731,-7180.6509
20260731,-7182.2454
20260731,-7183.3031
20260731,-7184.408
20260731,-7182.6828
20260731,-7183.8424
20260731,-7185.0557
20260731,-7183.2833
20260731,-7184.9372
20260731,-7186.0986
20260731,-7185.469
20260731,-7183.0176
20260731,-7184.2179
20260731,-7185.3169
20260803,-7183.6143
20260803,-7181.8909
20260803,-7183.0504
20260803,-7184.1776
20260803,-7185.5616
20260803,-7186.5904
20260803,-7187.6576
20260803,-7189.0157
20260803,-7187.2801
20260803,-7184.2673
20260803,-7185.7825
20260803,-7184.0335
20260803,-7182.4582
20260803,-7183.5761
20260803,-7181.8634
20260803,-7182.9653
20260803,-7184.2514
20260803,-7185.3931
20260803,-7186.4452
20260803,-7187.5868
20260803,-7188.7482
20260803,-7187.46
20260803,-7185.9041
20260803,-7184.0839
20260803,-7182.5376
20260803,-7180.7681
20260803,-7181.9174
20260803,-7183.3059
20260803,-7184.6824
20260803,-7186.0269
20260803,-7184.6861
20260803,-7183.2384
20260804,-7184.2545
20260804,-7185.3295
20260804,-7182.8968
20260804,-7183.9311
20260804,-7182.471
20260804,-7180.5559
20260804,-7181.6959
20260804,-7182.8094
20260804,-7180.8563
20260804,-7181.9572
20260804,-7183.169
20260804,-7184.462
20260804,-7185.8818
20260804,-7186.9711
20260804,-7188.6191
20260804,-7189.7984
20260804,-7191.062
20260804,-7192.2141
20260804,-7190.1284
20260804,-7191.2777
20260804,-7192.4088
20260804,-7193.55
20260804,-7194.8038
20260804,-7195.9084
20260804,-7197.0474
20260804,-7195.7913
20260804,-7194.7135
20260804,-7196.0375
20260804,-7197.6508
20260804,-7198.82
20260804,-7198.0724
20260804,-7196.0059
20260805,-7197.1192
20260805,-7198.2264
20260805,-7199.2769
20260805,-7200.3225
20260805,-7198.4567
20260805,-7199.5121
20260805,-7200.6397
20260805,-7198.6177
20260805,-7199.7292
20260805,-7198.5151
20260805,-7199.6146
20260805,-7198.3196
20260805,-7199.4636
20260805,-7200.6564
20260805,-7201.9368
20260805,-7200.4583
20260805,-7199.0731
20260805,-7200.2188
20260805,-7201.6431
20260805,-7202.7775
20260805,-7201.1339
20260805,-7199.5428
20260805,-7200.6467
20260805,-7202.2355
20260805,-7203.3326
20260805,-7204.3839
20260805,-7205.5473
20260805,-7203.9631
20260805,-7203.1275
20260805,-7204.2707
20260805,-7203.1888
20260805,-7204.3494
20260806,-7202.2211
20260806,-7203.2599
20260806,-7204.303
20260806,-7205.4511
20260806,-7203.6464
20260806,-7201.6429
20260806,-7200.0334
20260806,-7201.1564
20260806,-7202.22
20260806,-7200.5098
20260806,-7201.6004
20260806,-7202.7841
20260806,-7203.8191
20260806,-7205.1713
20260806,-7206.3401
20260806,-7207.7447
20260806,-7208.9164
20260806,-7210.2881
20260806,-7211.787
20260806,-7212.9433
20260806,-7211.4399
20260806,-7210.1155
20260806,-7208.4874
20260806,-7209.7067
20260806,-7207.7394
20260806,-7208.9928
20260806,-7210.0766
20260806,-7211.3928
20260806,-7212.5229
20260806,-7214.1905
20260806,-7212.4844
20260806,-7213.6229
20260807,-7214.6622
20260807,-7212.7625
20260807,-7213.8861
20260807,-7212.2501
20260807,-7213.2869
20260807,-7211.7398
20260807,-7212.9711
20260807,-7214.0645
20260807,-7215.1638
20260807,-7216.342
20260807,-7217.4223
20260807,-7215.7729
20260807,-7214.3114
20260807,-7215.5531
20260807,-7216.6978
20260807,-7217.9067
20260807,-7219.0721
20260807,-7218.1386
20260807,-7216.1452
20260807,-7217.2259
20260807,-7218.6173
20260807,-7220.0517
20260807,-7218.2612
20260807,-7219.395
20260807,-7217.1658
20260807,-7215.9671
20260807,-7217.1562
20260807,-7215.3046
20260807,-7216.4809
20260807,-7218.3252
20260807,-7219.4979
20260807,-7221.204
20260810,-7222.25
20260810,-7223.3258
20260810,-7224.3868
20260810,-7222.3586
20260810,-7223.5109
20260810,-7224.8007
20260810,-7225.8275
20260810,-7223.6692
20260810,-7222.303
20260810,-7221.2812
20260810,-7219.2785
20260810,-7220.4052
20260810,-7219.3961
20260810,-7220.5835
20260810,-7221.7884
20260810,-7223.008
20260810,-7221.4005
20260810,-7222.4755
20260810,-7223.6446
20260810,-7222.0281
20260810,-7223.4044
20260810,-7224.7396
20260810,-7223.0764
20260810,-7221.3216
20260810,-7223.2515
20260810,-7224.4008
20260810,-7222.2748
20260810,-7223.5646
20260810,-7224.7832
20260810,-7226.7393
20260810,-7228.021
20260810,-7225.8142
20260811,-7224.3695
20260811,-7225.5865
20260811,-7226.6438
20260811,-7227.8009
20260811,-7229.0852
20260811,-7227.7033
20260811,-7228.8777
20260811,-7230.1329
20260811,-7228.764
20260811,-7229.8837
20260811,-7230.9911
20260811,-7232.2739
20260811,-7233.8035
20260811,-7232.0144
20260811,-7230.2201
20260811,-7231.3637
20260811,-7232.5617
20260811,-7233.6363
20260811,-7232.087
20260811,-7233.1756
20260811,-7234.6994
20260811,-7233.3292
20260811,-7234.3851
20260811,-7286.2485
20260811,-7287.4283
20260811,-7288.6304
20260811,-7289.8031
20260811,-7290.9629
20260811,-7290.5569
20260811,-7291.834
20260811,-7290.3484
20260811,-7291.8798
20260812,-7290.515
20260812,-7291.6183
20260812,-7292.6486
20260812,-7293.7165
20260812,-7294.9648
20260812,-7296.2158
20260812,-7294.5612
20260812,-7295.7657
20260812,-7297.0636
20260812,-7295.1836
20260812,-7296.5295
20260812,-7294.6711
20260812,-7292.6542
20260812,-7294.1385
20260812,-7295.2573
20260812,-7292.9987
20260812,-7294.1605
20260812,-7292.6906
20260812,-7291.7006
20260812,-7290.2108
20260812,-7291.3317
20260812,-7293.2563
20260812,-7294.3761
20260812,-7295.6292
20260812,-7293.6066
20260812,-7294.8195
20260812,-7296.1783
20260812,-7297.6206
20260812,-7298.7714
20260812,-7297.5767
20260812,-7298.8144
20260812,-7300.1091
20260813,-7301.2035
20260813,-7299.0896
20260813,-7300.1445
20260813,-7301.2303
20260813,-7302.3508
20260813,-7300.2459
20260813,-7297.8945
20260813,-7299.0389
20260813,-7297.651
20260813,-7298.9026
20260813,-7299.9907
20260813,-7301.1488
20260813,-7299.2273
20260813,-7300.4903
20260813,-7299.3084
20260813,-7300.4526
20260813,-7301.6484
20260813,-7302.747
20260813,-7304.1466
20260813,-7302.4395
20260813,-7303.6795
20260813,-7304.971
20260813,-7306.1534
20260813,-7305.2286
20260813,-7306.3259
20260813,-7307.8204
20260813,-7306.8974
20260813,-7308.1152
20260813,-7309.2664
20260813,-7310.6115
20260813,-7311.6334
20260813,-7312.9192
20260814,-7310.8801
20260814,-7309.398
20260814,-7310.4679
20260814,-7308.9413
20260814,-7310.2083
20260814,-7311.345
20260814,-7310.625
20260814,-7308.7376
20260814,-7306.6782
20260814,-7307.9971
20260814,-7309.2117
20260814,-7307.7454
20260814,-7308.8702
20260814,-7309.9848
20260814,-7311.2041
20260814,-7312.2942
20260814,-7313.4856
20260814,-7314.6443
20260814,-7315.9305
20260814,-7317.3951
20260814,-7318.7706
20260814,-7316.7406
20260814,-7318.1474
20260814,-7319.5141
20260814,-7320.6182
20260814,-7319.5941
20260814,-7320.6775
20260814,-7322.1406
20260814,-7323.3018
20260814,-7322.5083
20260814,-7321.0697
20260814,-7322.2713
20260817,-7320.468
20260817,-7321.5655
20260817,-7322.6745
20260817,-7323.8907
20260817,-7325.0281
20260817,-7326.2458
20260817,-7327.6275
20260817,-7328.7136
20260817,-7327.2845
20260817,-7326.1553
20260817,-7327.2841
20260817,-7328.3351
20260817,-7329.462
20260817,-7327.6098
20260817,-7329.131
20260817,-7330.2613
20260817,-7331.6758
20260817,-7330.4652
20260817,-7329.6027
20260817,-7327.7208
20260817,-7328.9294
20260817,-7330.3039
20260817,-7331.5482
20260817,-7333.0127
20260817,-7334.2019
20260817,-7332.694
20260817,-7334.0418
20260817,-7332.3437
20260817,-7330.8377
20260817,-7329.3508
20260817,-7330.7753
20260817,-7332.0747
20260818,-7333.135
20260818,-7334.2101
20260818,-7335.3297
20260818,-7336.5446
20260818,-7337.716
20260818,-7335.8546
20260818,-7336.8813
20260818,-7337.9487
20260818,-7336.1394
20260818,-7337.2085
20260818,-7338.2764
20260818,-7336.8624
20260818,-7337.9507
20260818,-7339.0274
20260818,-7340.2705
20260818,-7341.432
20260818,-7339.529
20260818,-7340.6596
20260818,-7339.0923
20260818,-7340.2673
20260818,-7341.5019
20260818,-7343.8638
20260818,-7345.1226
20260818,-7346.5539
20260818,-7347.8995
20260818,-7349.2987
20260818,-7347.7674
20260818,-7347.17
20260818,-7345.6122
20260818,-7346.818
20260818,-7348.0846
20260818,-7349.4978
20260819,-7350.5761
20260819,-7351.6398
20260819,-7349.8337
20260819,-7350.8702
20260819,-7352.0149
20260819,-7353.2442
20260819,-7354.3409
20260819,-7353.1098
20260819,-7354.2344
20260819,-7355.338
20260819,-7356.488
20260819,-7357.6839
20260819,-7358.7887
20260819,-7359.9346
20260819,-7361.032
20260819,-7359.2562
20260819,-7360.6755
20260819,-7358.7091
20260819,-7359.8962
20260819,-7361.0185
20260819,-7362.3142
20260819,-7363.5215
20260819,-7364.8686
20260819,-7364.1351
20260819,-7362.5821
20260819,-7363.8812
20260819,-7365.057
20260819,-7366.6303
20260819,-7365.1656
20260819,-7366.237
20260819,-7367.3056
20260819,-7365.6378
20260820,-7366.7007
20260820,-7365.2357
20260820,-7363.778
20260820,-7362.2856
20260820,-7360.7194
20260820,-7361.7843
20260820,-7362.9143
20260820,-7363.9696
20260820,-7365.0153
20260820,-7366.1657
20260820,-7367.313
20260820,-7368.4296
20260820,-7367.3478
20260820,-7365.8877
20260820,-7367.1316
20260820,-7368.3401
20260820,-7369.6705
20260820,-7370.7543
20260820,-7371.9308
20260820,-7373.5182
20260820,-7374.8948
20260820,-7376.1887
20260820,-7377.4891
20260820,-7378.7489
20260820,-7377.2661
20260820,-7375.7334
20260820,-7373.7527
20260820,-7374.9879
20260820,-7376.1589
20260820,-7377.3
20260820,-7376.0305
20260820,-7377.2153
20260821,-7375.7527
20260821,-7376.9581
20260821,-7375.1868
20260821,-7373.3871
20260821,-7374.4495
20260821,-7375.4797
20260821,-7376.5412
20260821,-7374.8282
20260821,-7375.9022
20260821,-7376.9535
20260821,-7378.1248
20260821,-7375.8592
20260821,-7377.21
20260821,-7378.4903
20260821,-7379.6524
20260821,-7376.6119
20260821,-7377.7643
20260821,-7379.0288
20260821,-7380.1891
20260821,-7379.7509
20260821,-7378.723
20260821,-7379.9077
20260821,-7381.1819
20260821,-7379.6011
20260821,-7380.8272
20260821,-7379.5582
20260821,-7378.3336
20260821,-7377.4045
20260821,-7375.7683
20260821,-7376.9583
20260821,-7376.4505
20260821,-7377.7615
20260824,-7376.0239
20260824,-7374.213
20260824,-7372.2848
20260824,-7370.9596
20260824,-7368.9997
20260824,-7370.1197
20260824,-7371.1941
20260824,-7370.1379
20260824,-7371.4363
20260824,-7369.6292
20260824,-7368.4074
20260824,-7369.5231
20260824,-7370.6106
20260824,-7371.8635
20260824,-7373.0831
20260824,-7374.1681
20260824,-7372.1556
20260824,-7370.895
20260824,-7372.3613
20260824,-7370.6133
20260824,-7371.7519
20260824,-7370.2898
20260824,-7371.4264
20260824,-7372.7079
20260824,-7373.9809
20260824,-7375.0579
20260824,-7373.6911
20260824,-7374.9754
20260824,-7373.3328
20260824,-7372.2004
20260824,-7373.4304
20260824,-7372.4263
20260825,-7373.4508
20260825,-7374.5064
20260825,-7375.5744
20260825,-7374.0236
20260825,-7375.1755
20260825,-7376.2755
20260825,-7374.2374
20260825,-7375.5479
20260825,-7374.5255
20260825,-7375.6647
20260825,-7374.6713
20260825,-7374.3302
20260825,-7375.4317
20260825,-7373.638
20260825,-7374.7791
20260825,-7375.99
20260825,-7377.0804
20260825,-7378.387
20260825,-7379.7095
20260825,-7378.1353
20260825,-7376.7366
20260825,-7378.112
20260825,-7379.391
20260825,-7380.5689
20260825,-7381.7597
20260825,-7382.9493
20260825,-7384.2743
20260825,-7385.4041
20260825,-7384.4981
20260825,-7385.6143
20260825,-7383.8427
20260825,-7384.9856
20260826,-7386.0738
20260826,-7383.256
20260826,-7382.8206
20260826,-7381.2277
20260826,-7382.2771
20260826,-7380.5908
20260826,-7381.6476
20260826,-7379.8459
20260826,-7380.9847
20260826,-7379.0461
20260826,-7380.1756
20260826,-7381.245
20260826,-7382.3669
20260826,-7383.5325
20260826,-7384.8523
20260826,-7386.1158
20260826,-7384.9407
20260826,-7386.1399
20260826,-7383.7953
20260826,-7384.9231
20260826,-7383.0175
20260826,-7382.5612
20260826,-7384.0609
20260826,-7385.4159
20260826,-7386.526
20260826,-7385.1658
20260826,-7387.0703
20260826,-7386.129
20260826,-7387.2524
20260826,-7385.9266
20260826,-7387.5914
20260826,-7388.7127
20260827,-7389.7964
20260827,-7388.0438
20260827,-7389.1623
20260827,-7390.3631
20260827,-7388.8322
20260827,-7389.9055
20260827,-7388.0672
20260827,-7386.2214
20260827,-7387.4999
20260827,-7385.6203
20260827,-7383.8111
20260827,-7384.9021
20260827,-7385.9683
20260827,-7384.3429
20260827,-7385.5384
20260827,-7386.7375
20260827,-7387.991
20260827,-7389.1739
20260827,-7387.4533
20260827,-7388.5836
20260827,-7387.7101
20260827,-7389.0754
20260827,-7390.225
20260827,-7391.3988
20260827,-7392.495
20260827,-7393.6571
20260827,-7392.0366
20260827,-7389.7647
20260827,-7391.161
20260827,-7392.6275
20260827,-7394.3459
20260827,-7392.8309
20260828,-7391.0604
20260828,-7392.1141
20260828,-7393.1412
20260828,-7394.1898
20260828,-7395.2579
20260828,-7393.4498
20260828,-7394.68
20260828,-7392.8385
20260828,-7393.9845
20260828,-7392.4359
20260828,-7390.9084
20260828,-7392.0107
20260828,-7393.5481
20260828,-7391.604
20260828,-7389.7345
20260828,-7388.0083
20260828,-7386.6447
20260828,-7384.8689
20260828,-7383.4523
20260828,-7382.0272
20260828,-7383.3998
20260828,-7384.6939
20260828,-7386.1818
20260828,-7387.3362
20260828,-7388.6805
20260828,-7386.8875
20260828,-7385.6415
20260828,-7386.8888
20260828,-7388.1478
20260828,-7389.8129
20260828,-7390.9209
20260828,-7392.1495