day,cum_net_r
20230911,-1.0
20230911,-2.0
20230911,-3.0
20230911,-4.0
20230911,-2.0943
20230911,-3.0943
20230911,-4.0943
20230911,-5.0943
20230911,-3.0943
20230911,-0.7888
20230911,-1.7888
20230911,-2.7888
20230911,-3.7888
20230911,-1.1478
20230911,-2.1478
20230911,-3.3239
20230911,0.5731
20230911,2.3935
20230911,1.2585
20230911,0.2585
20230911,2.4008
20230911,1.4008
20230911,0.4008
20230911,2.7555
20230911,4.7555
20230911,3.7555
20230911,5.8392
20230911,4.8392
20230911,3.8392
20230911,2.8392
20230911,1.8392
20230911,0.8392
20230912,2.1424
20230912,1.1424
20230912,3.1424
20230912,2.1424
20230912,1.1424
20230912,0.1424
20230912,-0.8576
20230912,1.0593
20230912,0.0593
20230912,1.6997
20230912,3.5985
20230912,2.5985
20230912,2.7431
20230912,1.7431
20230912,0.7431
20230912,-0.2569
20230912,-1.2569
20230912,-2.2569
20230912,-3.2569
20230912,-4.3157
20230912,-5.3157
20230912,-6.3157
20230912,-7.3157
20230912,-8.3157
20230912,-6.3157
20230912,-7.3157
20230912,-6.9768
20230912,-5.674
20230912,-6.674
20230912,-2.658
20230912,-3.658
20230912,-4.658
20230913,-5.658
20230913,-6.658
20230913,-7.658
20230913,-5.658
20230913,-3.6215
20230913,-4.6215
20230913,-3.2435
20230913,-4.2435
20230913,-5.2435
20230913,-3.6091
20230913,-1.6091
20230913,-0.0884
20230913,-1.0919
20230913,-2.0919
20230913,-3.0919
20230913,-4.0919
20230913,-2.0919
20230913,-0.7124
20230913,-1.7124
20230913,-2.7124
20230913,-3.7124
20230913,-4.7124
20230913,-5.7124
20230913,-6.7124
20230913,-3.8642
20230913,-4.8642
20230913,-5.8642
20230913,-6.8642
20230913,-4.8642
20230913,-5.8642
20230913,-2.9445
20230913,-3.9445
20230914,-4.9445
20230914,-5.9445
20230914,-6.9445
20230914,-4.4029
20230914,-5.4029
20230914,-6.4029
20230914,-7.4029
20230914,-5.6222
20230914,-6.6222
20230914,-7.6222
20230914,-8.6912
20230914,-6.8502
20230914,-5.2587
20230914,-6.2587
20230914,-7.2737
20230914,-8.2737
20230914,-9.2737
20230914,-7.2737
20230914,-8.2737
20230914,-9.2737
20230914,-7.563
20230914,-8.563
20230914,-9.563
20230914,-7.5213
20230914,-8.5213
20230914,-9.5213
20230914,-10.5213
20230914,-9.5526
20230914,-10.5526
20230914,-11.5526
20230914,-12.5526
20230914,-10.5526
20230915,-11.5526
20230915,-12.5526
20230915,-13.5526
20230915,-14.5526
20230915,-15.5526
20230915,-13.4629
20230915,-14.4629
20230915,-11.6276
20230915,-12.6276
20230915,-13.6276
20230915,-14.6276
20230915,-15.6276
20230915,-16.6276
20230915,-14.6276
20230915,-15.6276
20230915,-13.3964
20230915,-10.5681
20230915,-11.5681
20230915,-9.8824
20230915,-10.8824
20230915,-9.2978
20230915,-8.0486
20230915,-6.0486
20230915,-7.0486
20230915,-8.0486
20230915,-9.0486
20230915,-10.0486
20230915,-8.2479
20230915,-9.3776
20230915,-7.5552
20230915,-8.5552
20230915,-9.5552
20230918,-10.5552
20230918,-11.5552
20230918,-12.5552
20230918,-13.5552
20230918,-14.5552
20230918,-15.5552
20230918,-14.5831
20230918,-15.5831
20230918,-16.5831
20230918,-13.9686
20230918,-14.9686
20230918,-15.9686
20230918,-14.8489
20230918,-15.8489
20230918,-16.8489
20230918,-17.8489
20230918,-16.0921
20230918,-17.0921
20230918,-14.7305
20230918,-15.7305
20230918,-13.9396
20230918,-12.0893
20230918,-8.4146
20230918,-6.6296
20230918,-7.6296
20230918,-6.1513
20230918,-4.3726
20230918,-5.3726
20230918,-3.0296
20230918,-1.0296
20230918,0.9704
20230918,-0.0296
20230919,1.6363
20230919,0.6363
20230919,2.6363
20230919,1.6363
20230919,0.6363
20230919,2.4771
20230919,4.4771
20230919,3.4771
20230919,5.33
20230919,7.33
20230919,8.9627
20230919,7.9627
20230919,10.34
20230919,9.34
20230919,8.34
20230919,10.1109
20230919,12.0934
20230919,11.0934
20230919,10.0934
20230919,12.0934
20230919,14.0934
20230919,15.65
20230919,14.65
20230919,13.65
20230919,12.65
20230919,11.65
20230919,10.65
20230919,11.5713
20230919,12.5899
20230919,11.5899
20230919,10.5899
20230919,13.5439
20230920,12.5439
20230920,11.5439
20230920,13.5439
20230920,12.5439
20230920,11.5439
20230920,10.5439
20230920,12.3215
20230920,12.3215
20230920,11.3215
20230920,10.3215
20230920,12.3215
20230920,11.3215
20230920,10.3215
20230920,9.3215
20230920,8.3215
20230920,7.3215
20230920,8.3532
20230920,10.9842
20230920,9.7358
20230920,11.7358
20230920,10.6409
20230920,17.0713
20230920,16.0713
20230920,15.0713
20230920,14.0713
20230920,16.1283
20230920,17.8293
20230920,19.3458
20230920,21.494
20230920,20.494
20230920,19.494
20230921,18.494
20230921,17.494
20230921,16.494
20230921,15.494
20230921,17.494
20230921,19.4779
20230921,18.4779
20230921,17.4779
20230921,16.4779
20230921,15.4779
20230921,17.5039
20230921,16.5039
20230921,15.5039
20230921,14.5039
20230921,13.5039
20230921,12.5039
20230921,15.0063
20230921,17.2716
20230921,19.2716
20230921,18.2716
20230921,20.3142
20230921,19.3142
20230921,18.3142
20230921,20.3142
20230921,19.3142
20230921,18.3142
20230921,17.3142
20230921,16.3142
20230921,18.3202
20230921,20.3202
20230921,22.5207
20230921,21.5207
20230922,23.5207
20230922,22.5207
20230922,21.5207
20230922,20.5207
20230922,22.7406
20230922,21.7406
20230922,20.7406
20230922,19.7406
20230922,18.7406
20230922,17.7406
20230922,16.7406
20230922,15.7406
20230922,14.7406
20230922,18.2742
20230922,17.2742
20230922,18.6474
20230922,20.8676
20230922,19.8676
20230922,18.8676
20230922,17.8676
20230922,19.109
20230922,18.109
20230922,17.109
20230922,16.109
20230922,15.109
20230922,17.109
20230922,15.7991
20230922,14.7991
20230922,13.7991
20230922,12.7991
20230922,11.7991
20230922,13.7991
20230925,15.876
20230925,14.876
20230925,13.876
20230925,12.876
20230925,11.876
20230925,10.876
20230925,13.3677
20230925,12.3677
20230925,11.3677
20230925,13.4321
20230925,12.4321
20230925,14.4321
20230925,13.4321
20230925,12.4321
20230925,11.4321
20230925,14.0214
20230925,13.0214
20230925,15.4805
20230925,14.4805
20230925,13.4805
20230925,12.4805
20230925,14.4834
20230925,14.6641
20230925,13.6641
20230925,16.2283
20230925,15.0168
20230925,17.0168
20230925,16.0168
20230925,17.2286
20230925,18.7166
20230925,17.7166
20230925,16.7166
20230926,15.7166
20230926,17.7166
20230926,16.7166
20230926,18.8876
20230926,17.8876
20230926,16.8876
20230926,15.8876
20230926,14.8876
20230926,13.8876
20230926,15.8876
20230926,14.8876
20230926,13.8876
20230926,15.8876
20230926,14.8876
20230926,16.8796
20230926,15.8796
20230926,14.8796
20230926,13.8796
20230926,12.8796
20230926,14.8796
20230926,13.8796
20230926,12.8796
20230926,11.8796
20230926,10.8796
20230926,13.0045
20230926,15.2512
20230926,14.2512
20230926,13.2512
20230926,15.2276
20230926,14.2276
20230926,13.2276
20230926,15.0005
20230927,16.4721
20230927,15.4721
20230927,14.4721
20230927,13.4721
20230927,14.7767
20230927,16.6505
20230927,15.6505
20230927,16.507
20230927,15.507
20230927,14.2098
20230927,13.2098
20230927,15.3232
20230927,14.3232
20230927,16.3232
20230927,18.1122
20230927,17.1122
20230927,16.1122
20230927,15.1122
20230927,14.1122
20230927,15.4832
20230927,14.4832
20230927,16.4299
20230927,16.4299
20230927,15.4299
20230927,14.4299
20230927,13.4299
20230927,12.4299
20230927,11.4299
20230927,13.6617
20230927,12.6617
20230927,11.6617
20230927,13.8483
20230928,15.9073
20230928,14.9073
20230928,13.9073
20230928,16.1454
20230928,15.1454
20230928,14.1454
20230928,13.1454
20230928,12.1454
20230928,11.1454
20230928,12.8026
20230928,11.8026
20230928,10.8026
20230928,12.8622
20230928,14.8622
20230928,13.8622
20230928,15.683
20230928,17.8689
20230928,16.8689
20230928,15.8689
20230928,14.8689
20230928,13.8689
20230928,12.8689
20230928,11.8689
20230928,10.8689
20230928,12.7142
20230928,11.7142
20230928,13.7142
20230928,15.5253
20230928,24.6346
20230928,23.6346
20230928,22.5997
20230928,24.5997
20230929,23.5997
20230929,25.5227
20230929,27.3323
20230929,26.3323
20230929,28.2053
20230929,27.2053
20230929,26.2053
20230929,24.9069
20230929,23.9069
20230929,22.9069
20230929,21.9069
20230929,24.0704
20230929,23.0004
20230929,22.0004
20230929,21.0004
20230929,22.5753
20230929,23.6293
20230929,22.6293
20230929,24.3836
20230929,26.6229
20230929,28.3077
20230929,29.6974
20230929,31.9648
20230929,30.9648
20230929,29.9175
20230929,28.9175
20230929,30.0004
20230929,31.8187
20230929,30.8187
20230929,29.8187
20230929,28.8187
20230929,31.209
20231002,33.209
20231002,32.209
20231002,34.2021
20231002,33.2021
20231002,35.2195
20231002,34.2195
20231002,33.2195
20231002,32.2195
20231002,31.2195
20231002,33.0643
20231002,32.0643
20231002,31.0643
20231002,30.0643
20231002,32.0643
20231002,31.0643
20231002,30.0643
20231002,29.0643
20231002,28.0643
20231002,27.0643
20231002,26.0643
20231002,27.4371
20231002,26.4371
20231002,25.4371
20231002,24.4371
20231002,23.4371
20231002,22.4371
20231002,21.4371
20231002,23.826
20231002,26.6591
20231002,25.6591
20231002,26.9333
20231002,25.9333
20231003,24.9333
20231003,27.2989
20231003,26.2989
20231003,25.2989
20231003,24.2989
20231003,23.2989
20231003,22.2989
20231003,23.8909
20231003,22.8909
20231003,21.8909
20231003,20.8909
20231003,19.8909
20231003,18.8909
20231003,17.8909
20231003,20.2858
20231003,19.2858
20231003,21.9597
20231003,20.9597
20231003,22.9061
20231003,21.814
20231003,20.814
20231003,23.3233
20231003,22.3233
20231003,24.1721
20231003,25.984
20231003,24.984
20231003,23.984
20231003,22.984
20231003,21.984
20231003,20.984
20231003,19.984
20231003,18.984
20231004,17.984
20231004,19.7775
20231004,18.7775
20231004,20.7775
20231004,19.7775
20231004,21.3118
20231004,20.3118
20231004,20.3118
20231004,19.3118
20231004,20.9301
20231004,19.827
20231004,17.749
20231004,16.749
20231004,19.0447
20231004,18.0447
20231004,17.0447
20231004,16.0447
20231004,15.0447
20231004,14.0447
20231004,13.0447
20231004,12.0447
20231004,14.0447
20231004,13.0447
20231004,16.2794
20231004,15.2794
20231004,14.2794
20231004,13.2794
20231004,15.8214
20231004,17.1175
20231004,16.1175
20231004,18.2134
20231004,17.2134
20231005,16.2134
20231005,15.2134
20231005,14.2134
20231005,16.4151
20231005,15.4151
20231005,14.4151
20231005,16.7208
20231005,15.7208
20231005,17.7208
20231005,19.5332
20231005,18.5332
20231005,17.5332
20231005,16.5332
20231005,15.5332
20231005,14.5332
20231005,16.4778
20231005,15.4778
20231005,17.0736
20231005,19.6758
20231005,19.6717
20231005,18.6717
20231005,17.6717
20231005,16.6717
20231005,19.2073
20231005,18.2073
20231005,20.9011
20231005,19.9011
20231005,18.9011
20231005,17.9011
20231005,19.5475
20231005,18.5475
20231005,20.3131
20231006,19.3131
20231006,18.3131
20231006,19.5843
20231006,18.5843
20231006,17.5843
20231006,19.591
20231006,18.591
20231006,17.3121
20231006,16.3121
20231006,15.3121
20231006,17.0654
20231006,19.0654
20231006,18.0654
20231006,19.6244
20231006,21.4616
20231006,20.4616
20231006,19.4616
20231006,18.4616
20231006,17.4616
20231006,16.4616
20231006,18.2044
20231006,17.2044
20231006,16.2044
20231006,17.3819
20231006,16.3819
20231006,15.3819
20231006,14.3819
20231006,13.3819
20231006,12.3819
20231006,13.571
20231006,15.9977
20231006,14.9977
20231009,13.9977
20231009,12.9977
20231009,14.5798
20231009,13.5798
20231009,15.4614
20231009,14.4614
20231009,13.4614
20231009,12.4614
20231009,11.4614
20231009,10.4614
20231009,9.4614
20231009,11.4614
20231009,10.4614
20231009,9.4614
20231009,8.4614
20231009,7.4614
20231009,6.4614
20231009,10.3496
20231009,9.3496
20231009,8.3496
20231009,7.3496
20231009,6.3496
20231009,8.5945
20231009,7.5945
20231009,6.5945
20231009,8.0159
20231009,7.0159
20231009,6.0159
20231009,6.8345
20231009,5.8345
20231009,4.8345
20231010,3.8345
20231010,5.4166
20231010,6.9478
20231010,5.9478
20231010,7.8332
20231010,6.8332
20231010,5.8332
20231010,4.8332
20231010,3.8332
20231010,2.8332
20231010,4.5942
20231010,3.5942
20231010,5.5122
20231010,4.5122
20231010,3.5122
20231010,2.5122
20231010,2.5122
20231010,1.5122
20231010,0.1476
20231010,2.8513
20231010,1.8513
20231010,3.9544
20231010,2.9544
20231010,1.9544
20231010,0.9544
20231010,-0.0456
20231010,1.394
20231010,0.394
20231010,-0.606
20231010,-1.606
20231010,0.1758
20231010,2.4506
20231011,4.2162
20231011,3.2162
20231011,2.2162
20231011,1.2162
20231011,0.2162
20231011,-0.7838
20231011,1.1764
20231011,0.1764
20231011,2.1052
20231011,4.7568
20231011,3.7568
20231011,2.7568
20231011,1.7568
20231011,0.7568
20231011,-0.2432
20231011,-1.2432
20231011,-2.2432
20231011,-0.2432
20231011,-1.2432
20231011,0.7568
20231011,-0.2432
20231011,-1.2432
20231011,0.7568
20231011,-0.8814
20231011,0.8042
20231011,-0.1958
20231011,-1.1958
20231011,0.8261
20231011,-0.1739
20231011,-1.1739
20231011,0.5107
20231011,-0.4893
20231012,-1.4893
20231012,-2.4893
20231012,-3.4893
20231012,-4.4893
20231012,-5.4893
20231012,-3.38
20231012,-4.38
20231012,-5.38
20231012,-6.38
20231012,-7.38
20231012,-8.38
20231012,-7.0548
20231012,-4.7596
20231012,-5.7596
20231012,-4.5258
20231012,-5.5258
20231012,-6.5258
20231012,-7.5258
20231012,-5.5239
20231012,-6.5239
20231012,-4.6542
20231012,-5.6542
20231012,-6.6542
20231012,-7.6542
20231012,-5.722
20231012,-6.722
20231012,-7.722
20231012,-6.1701
20231012,-4.6288
20231012,-2.6509
20231012,-0.2412
20231012,-1.2412
20231013,-2.2412
20231013,-0.8559
20231013,-1.8559
20231013,-2.8559
20231013,-0.6235
20231013,2.0414
20231013,1.0414
20231013,2.9003
20231013,1.9003
20231013,0.9003
20231013,2.9847
20231013,1.9847
20231013,3.9847
20231013,2.9847
20231013,1.9847
20231013,3.4017
20231013,2.4017
20231013,1.4017
20231013,0.4017
20231013,-0.5983
20231013,-1.5983
20231013,0.185
20231013,-0.815
20231013,1.7715
20231013,0.7715
20231013,-0.2285
20231013,-1.2285
20231013,-2.2285
20231013,-0.419
20231013,-1.419
20231013,-2.419
20231013,-0.6598
20231016,-1.6598
20231016,-2.6598
20231016,-3.6598
20231016,-4.6598
20231016,-5.6598
20231016,-6.6598
20231016,-7.6598
20231016,-8.676
20231016,-9.676
20231016,-11.9996
20231016,-9.7403
20231016,-10.7403
20231016,-11.7403
20231016,-12.7403
20231016,-13.7403
20231016,-14.7403
20231016,-15.7403
20231016,-16.7403
20231016,-17.7403
20231016,-18.7403
20231016,-19.7403
20231016,-20.7403
20231016,-18.8419
20231016,-19.8419
20231016,-17.8419
20231016,-18.8419
20231016,-19.8419
20231016,-20.8419
20231016,-21.8419
20231016,-22.8419
20231016,-23.8419
20231016,-24.8419
20231017,-25.8419
20231017,-23.8732
20231017,-24.8732
20231017,-25.8732
20231017,-26.8732
20231017,-27.8732
20231017,-28.8732
20231017,-29.8732
20231017,-30.8732
20231017,-31.8732
20231017,-32.8732
20231017,-30.8732
20231017,-31.8732
20231017,-32.8732
20231017,-33.8732
20231017,-34.8732
20231017,-35.8732
20231017,-34.2273
20231017,-35.2273
20231017,-32.774
20231017,-33.774
20231017,-34.774
20231017,-32.774
20231017,-30.6796
20231017,-28.6796
20231017,-29.6796
20231017,-30.6796
20231017,-31.6796
20231017,-28.3584
20231017,-29.3584
20231017,-27.2289
20231017,-25.3715
20231018,-26.3715
20231018,-24.5142
20231018,-22.5142
20231018,-20.5222
20231018,-18.2927
20231018,-16.6442
20231018,-17.6442
20231018,-18.6442
20231018,-19.6442
20231018,-20.6442
20231018,-18.341
20231018,-19.341
20231018,-20.341
20231018,-21.341
20231018,-19.4886
20231018,-20.4886
20231018,-21.4886
20231018,-20.388
20231018,-21.388
20231018,-22.388
20231018,-18.4071
20231018,-19.4071
20231018,-17.9862
20231018,-18.9862
20231018,-16.4484
20231018,-14.8765
20231018,-12.8765
20231018,-13.8765
20231018,-10.4886
20231018,-8.2332
20231018,-6.4428
20231018,-7.4428
20231019,-8.4428
20231019,-9.4428
20231019,-10.4428
20231019,-11.4428
20231019,-12.4428
20231019,-13.4428
20231019,-14.4428
20231019,-15.4428
20231019,-13.9506
20231019,-14.9506
20231019,-15.9506
20231019,-16.9506
20231019,-17.9506
20231019,-15.7723
20231019,-16.7723
20231019,-17.7723
20231019,-18.7723
20231019,-19.7723
20231019,-17.4816
20231019,-18.4816
20231019,-19.4816
20231019,-17.6251
20231019,-18.6251
20231019,-19.6251
20231019,-20.6251
20231019,-21.6251
20231019,-22.6251
20231019,-20.6251
20231019,-21.6251
20231019,-22.6251
20231019,-23.6251
20231019,-24.6251
20231020,-22.555
20231020,-23.555
20231020,-24.555
20231020,-25.555
20231020,-26.555
20231020,-24.555
20231020,-20.9407
20231020,-21.9407
20231020,-22.9407
20231020,-23.9407
20231020,-21.9407
20231020,-22.9407
20231020,-23.9407
20231020,-24.9407
20231020,-25.9407
20231020,-26.9407
20231020,-25.2827
20231020,-26.2827
20231020,-27.2827
20231020,-25.1787
20231020,-26.1787
20231020,-24.218
20231020,-25.218
20231020,-26.218
20231020,-27.218
20231020,-28.218
20231020,-29.218
20231020,-27.3237
20231020,-28.3237
20231020,-26.0997
20231020,-27.0997
20231020,-28.0997
20231023,-29.0997
20231023,-27.0997
20231023,-28.0997
20231023,-29.0997
20231023,-30.0997
20231023,-28.4718
20231023,-29.4718
20231023,-30.4718
20231023,-31.4718
20231023,-32.4718
20231023,-33.4718
20231023,-31.4718
20231023,-32.4718
20231023,-33.4718
20231023,-34.4718
20231023,-35.4718
20231023,-36.4718
20231023,-33.6645
20231023,-29.6664
20231023,-27.6664
20231023,-25.6664
20231023,-26.6664
20231023,-27.6664
20231023,-25.6664
20231023,-26.6664
20231023,-24.6677
20231023,-25.6677
20231023,-26.6677
20231023,-23.8797
20231023,-24.8797
20231023,-22.8797
20231023,-23.8797
20231024,-21.0434
20231024,-18.9847
20231024,-19.9847
20231024,-20.9847
20231024,-19.2093
20231024,-20.2093
20231024,-21.2093
20231024,-22.2093
20231024,-23.2093
20231024,-24.2093
20231024,-22.6121
20231024,-20.6121
20231024,-21.6121
20231024,-22.6121
20231024,-23.6121
20231024,-24.6121
20231024,-22.3605
20231024,-20.3605
20231024,-21.3605
20231024,-20.4835
20231024,-18.5275
20231024,-19.5275
20231024,-17.5266
20231024,-15.5279
20231024,-16.5279
20231024,-17.5279
20231024,-18.5279
20231024,-19.5279
20231024,-20.5279
20231024,-21.5279
20231024,-22.5279
20231024,-20.3733
20231025,-21.3733
20231025,-19.4202
20231025,-17.434
20231025,-16.155
20231025,-17.155
20231025,-14.5631
20231025,-15.5631
20231025,-16.5631
20231025,-17.5631
20231025,-15.4316
20231025,-16.4316
20231025,-14.192
20231025,-15.192
20231025,-13.4228
20231025,-14.4228
20231025,-15.4228
20231025,-13.551
20231025,-14.551
20231025,-12.7025
20231025,-13.7025
20231025,-11.6655
20231025,-9.9673
20231025,-8.0806
20231025,-6.3606
20231025,-7.3606
20231025,-8.3606
20231025,-9.3606
20231025,-10.3606
20231025,-11.3606
20231025,-10.0126
20231025,-11.0126
20231025,-9.5011
20231026,-10.5011
20231026,-8.6562
20231026,-9.6562
20231026,-10.6562
20231026,-11.6562
20231026,-9.4931
20231026,-10.4931
20231026,-11.4931
20231026,-12.4931
20231026,-13.4931
20231026,-11.4859
20231026,-12.4859
20231026,-13.4859
20231026,-14.4859
20231026,-15.4859
20231026,-16.4859
20231026,-17.4859
20231026,-15.6338
20231026,-16.6338
20231026,-17.6338
20231026,-15.6338
20231026,-16.6338
20231026,-14.6338
20231026,-15.6338
20231026,-16.6338
20231026,-17.6338
20231026,-18.6338
20231026,-19.6338
20231026,-17.6338
20231026,-17.0848
20231026,-14.0642
20231026,-12.083
20231027,-13.083
20231027,-14.083
20231027,-15.083
20231027,-16.083
20231027,-14.0431
20231027,-15.0431
20231027,-12.7608
20231027,-13.7608
20231027,-10.6124
20231027,-11.6124
20231027,-9.5369
20231027,-10.7111
20231027,-8.7111
20231027,-9.7111
20231027,-10.7111
20231027,-11.7111
20231027,-9.7056
20231027,-10.7056
20231027,-11.7056
20231027,-9.5788
20231027,-10.5788
20231027,-9.3526
20231027,-10.3526
20231027,-9.222
20231027,-8.5198
20231027,-9.5198
20231027,-10.5198
20231027,-8.7937
20231027,-6.6631
20231027,-7.6631
20231027,-5.8258
20231027,-3.5969
20231030,-4.5969
20231030,-5.5969
20231030,-6.5969
20231030,-7.5969
20231030,-8.5969
20231030,-9.6498
20231030,-10.6498
20231030,-11.6498
20231030,-12.6498
20231030,-13.6498
20231030,-14.6498
20231030,-12.7742
20231030,-13.7742
20231030,-11.7742
20231030,-10.3824
20231030,-11.3824
20231030,-6.9532
20231030,-5.2194
20231030,-3.113
20231030,-4.113
20231030,-5.113
20231030,-6.113
20231030,-7.113
20231030,-5.3497
20231030,-6.3497
20231030,-4.499
20231030,-5.499
20231030,-6.499
20231030,-3.3788
20231030,-1.3788
20231030,-2.3788
20231030,-3.3788
20231031,-1.5909
20231031,-2.6854
20231031,-3.6854
20231031,-4.6854
20231031,-5.6854
20231031,-3.6854
20231031,-4.6854
20231031,-5.6854
20231031,-6.6854
20231031,-7.6854
20231031,-5.4822
20231031,-3.4822
20231031,-1.4822
20231031,-2.4822
20231031,-3.4822
20231031,-1.3455
20231031,-2.3455
20231031,-3.3455
20231031,-4.3455
20231031,-5.3455
20231031,-6.3455
20231031,-7.3455
20231031,-5.129
20231031,-4.4677
20231031,-1.286
20231031,-2.286
20231031,-0.286
20231031,-1.286
20231031,-2.286
20231031,-3.286
20231031,-2.0418
20231031,-0.0418
20231101,2.1116
20231101,3.8578
20231101,6.0818
20231101,5.0818
20231101,4.0818
20231101,3.0818
20231101,2.0818
20231101,1.0818
20231101,0.0818
20231101,-0.9182
20231101,-0.2863
20231101,1.7137
20231101,5.5733
20231101,4.5733
20231101,3.5733
20231101,5.6097
20231101,4.6097
20231101,6.4634
20231101,5.4634
20231101,7.4634
20231101,6.4634
20231101,8.4634
20231101,7.4634
20231101,9.4634
20231101,8.4634
20231101,7.4634
20231101,6.4634
20231101,8.6377
20231101,7.6377
20231101,9.7361
20231101,8.7361
20231101,7.7361
20231102,6.7361
20231102,5.7361
20231102,4.7361
20231102,3.7361
20231102,5.7361
20231102,7.2957
20231102,6.2957
20231102,5.2957
20231102,4.2957
20231102,3.2957
20231102,2.2957
20231102,1.2957
20231102,0.2957
20231102,-0.7043
20231102,-1.7043
20231102,-2.7043
20231102,-3.7043
20231102,-2.9842
20231102,-3.9842
20231102,-4.9842
20231102,-2.9349
20231102,-0.4872
20231102,1.301
20231102,3.7526
20231102,2.7526
20231102,1.7526
20231102,3.4944
20231102,5.4993
20231102,4.4993
20231102,6.7012
20231102,5.7012
20231102,4.7012
20231103,6.7012
20231103,5.7012
20231103,4.7012
20231103,6.7066
20231103,8.3912
20231103,7.3912
20231103,6.3912
20231103,5.3912
20231103,4.3912
20231103,3.3912
20231103,5.3912
20231103,4.3912
20231103,3.3912
20231103,2.3912
20231103,1.3912
20231103,0.3912
20231103,2.199
20231103,1.199
20231103,0.199
20231103,2.199
20231103,1.199
20231103,0.199
20231103,1.686
20231103,0.686
20231103,-0.314
20231103,-1.314
20231103,-2.314
20231103,-3.314
20231103,-4.314
20231103,-2.314
20231103,-3.314
20231103,-4.314
20231106,-2.314
20231106,-3.314
20231106,-1.5248
20231106,-2.5248
20231106,-3.5248
20231106,-4.5248
20231106,-5.5248
20231106,-6.5248
20231106,-7.5248
20231106,-8.5248
20231106,-9.5248
20231106,-10.5248
20231106,-11.5248
20231106,-9.895
20231106,-10.895
20231106,-11.895
20231106,-9.8974
20231106,-10.8974
20231106,-11.8974
20231106,-12.8974
20231106,-13.8974
20231106,-14.8974
20231106,-15.8974
20231106,-16.8974
20231106,-17.8974
20231106,-16.0359
20231106,-17.0359
20231106,-18.0359
20231106,-16.0359
20231106,-17.0359
20231106,-18.0359
20231106,-19.0359
20231107,-20.0359
20231107,-17.8695
20231107,-18.8695
20231107,-19.8695
20231107,-17.8695
20231107,-16.1072
20231107,-13.9461
20231107,-14.9461
20231107,-15.9461
20231107,-13.6676
20231107,-12.0604
20231107,-9.9758
20231107,-8.344
20231107,-9.344
20231107,-10.344
20231107,-8.4639
20231107,-9.4639
20231107,-10.4639
20231107,-11.4639
20231107,-12.4639
20231107,-13.4639
20231107,-14.4639
20231107,-12.9876
20231107,-13.9876
20231107,-14.9876
20231107,-15.9876
20231107,-14.7977
20231107,-15.7977
20231107,-14.955
20231107,-13.097
20231107,-6.3302
20231107,-7.3302
20231108,-8.3302
20231108,-5.8116
20231108,-6.9136
20231108,-4.8126
20231108,-3.2645
20231108,-4.2645
20231108,-2.4855
20231108,-0.4855
20231108,-1.4855
20231108,-2.4855
20231108,-3.4855
20231108,-4.4855
20231108,-2.7564
20231108,-3.7564
20231108,-4.7564
20231108,-2.4926
20231108,-3.4926
20231108,4.8234
20231108,7.5147
20231108,6.5147
20231108,8.3378
20231108,7.3378
20231108,6.3378
20231108,5.3378
20231108,4.3378
20231108,3.3378
20231108,2.3378
20231108,4.597
20231108,7.1724
20231108,6.1724
20231108,5.1724
20231108,7.1724
20231109,8.7647
20231109,7.7647
20231109,6.7647
20231109,5.7647
20231109,7.7647
20231109,6.7647
20231109,5.7647
20231109,8.1001
20231109,7.1001
20231109,9.1001
20231109,8.1001
20231109,9.4097
20231109,8.4097
20231109,7.4097
20231109,9.4097
20231109,8.4097
20231109,7.4097
20231109,6.4097
20231109,5.4097
20231109,4.4097
20231109,3.4097
20231109,2.4097
20231109,1.4097
20231109,0.4097
20231109,2.118
20231109,1.118
20231109,2.608
20231109,1.608
20231109,3.329
20231109,2.329
20231109,-1.4524
20231109,-2.4524
20231110,-0.456
20231110,1.6376
20231110,3.2703
20231110,2.2703
20231110,4.2281
20231110,3.2281
20231110,5.5002
20231110,4.5002
20231110,6.5002
20231110,5.5002
20231110,4.5002
20231110,6.5002
20231110,5.5002
20231110,4.5002
20231110,3.5002
20231110,2.5002
20231110,1.5002
20231110,0.5002
20231110,-0.4998
20231110,1.5002
20231110,0.5002
20231110,-0.4998
20231110,1.5002
20231110,0.5002
20231110,-0.4998
20231110,1.1162
20231110,2.5884
20231110,1.5884
20231110,0.5884
20231110,-0.4116
20231110,-1.4116
20231110,-2.4116
20231113,-3.4116
20231113,-1.5215
20231113,-2.5518
20231113,-3.5518
20231113,-4.5518
20231113,-5.5518
20231113,-6.5518
20231113,-4.5518
20231113,-5.5518
20231113,-2.6259
20231113,-3.6259
20231113,-1.888
20231113,0.124
20231113,-0.876
20231113,0.4465
20231113,2.3163
20231113,1.3163
20231113,0.3163
20231113,-0.6837
20231113,-1.6837
20231113,0.898
20231113,-0.102
20231113,-1.102
20231113,-2.1436
20231113,-3.1436
20231113,-1.4042
20231113,-1.4042
20231113,0.4136
20231113,2.518
20231113,4.0658
20231113,3.0658
20231113,2.0658
20231114,4.2071
20231114,3.2071
20231114,2.2071
20231114,1.2071
20231114,3.0621
20231114,4.8637
20231114,3.8637
20231114,2.8637
20231114,5.0597
20231114,4.0597
20231114,3.0597
20231114,4.7463
20231114,3.7463
20231114,5.5339
20231114,7.1224
20231114,6.1224
20231114,5.1224
20231114,4.1224
20231114,3.1224
20231114,2.1224
20231114,1.1224
20231114,0.1224
20231114,-0.8776
20231114,-1.8776
20231114,-2.8776
20231114,-1.6513
20231114,-2.6513
20231114,-3.6513
20231114,-0.6686
20231114,-1.6686
20231114,-2.6686
20231114,-3.6686
20231115,-4.6686
20231115,-5.6686
20231115,-6.6686
20231115,-4.8414
20231115,-2.8414
20231115,-3.8414
20231115,-4.8414
20231115,-2.8414
20231115,-3.8414
20231115,-4.8414
20231115,-5.8414
20231115,-2.7029
20231115,-1.7965
20231115,-2.9539
20231115,-3.9539
20231115,-4.9539
20231115,-2.4903
20231115,-1.2444
20231115,-2.2444
20231115,0.7286
20231115,2.5873
20231115,1.5873
20231115,3.7929
20231115,2.7929
20231115,1.7929
20231115,3.7929
20231115,6.583
20231115,5.583
20231115,7.3901
20231115,9.3078
20231115,11.3078
20231116,10.3078
20231116,9.3078
20231116,8.3078
20231116,7.3078
20231116,9.2227
20231116,8.2227
20231116,7.2227
20231116,6.2227
20231116,8.6191
20231116,7.6191
20231116,6.6191
20231116,5.6191
20231116,4.6191
20231116,3.6191
20231116,5.8585
20231116,7.8585
20231116,6.8585
20231116,5.8585
20231116,8.7826
20231116,11.0313
20231116,10.0313
20231116,9.0313
20231116,10.7532
20231116,12.5962
20231116,11.5962
20231116,13.8106
20231116,15.8106
20231116,14.8106
20231116,13.8106
20231116,12.8106
20231116,11.5968
20231116,13.9011
20231117,12.9011
20231117,11.9011
20231117,13.5015
20231117,12.5015
20231117,14.1866
20231117,13.1866
20231117,12.1866
20231117,11.1866
20231117,13.0336
20231117,14.7934
20231117,13.7934
20231117,16.8066
20231117,15.8066
20231117,17.8066
20231117,20.3143
20231117,21.9776
20231117,20.9776
20231117,22.9776
20231117,21.9776
20231117,20.9776
20231117,22.6617
20231117,22.6617
20231117,21.6617
20231117,23.1244
20231117,22.1244
20231117,21.1244
20231117,20.1244
20231117,19.1244
20231117,18.1244
20231117,20.1244
20231117,19.1244
20231117,18.1244
20231120,20.2775
20231120,22.2775
20231120,21.2775
20231120,20.2775
20231120,19.2775
20231120,21.2
20231120,20.2
20231120,22.2
20231120,21.2
20231120,23.0266
20231120,22.0266
20231120,21.0266
20231120,20.0266
20231120,19.0266
20231120,16.3957
20231120,15.3839
20231120,14.3839
20231120,13.3839
20231120,12.3839
20231120,11.3839
20231120,13.3839
20231120,12.3839
20231120,11.3839
20231120,10.3839
20231120,9.3839
20231120,8.3839
20231120,7.3839
20231120,6.3839
20231120,5.3839
20231120,4.3839
20231120,3.3839
20231120,2.3839
20231121,1.3839
20231121,3.217
20231121,5.0437
20231121,4.0437
20231121,6.0437
20231121,5.0437
20231121,4.0437
20231121,3.0437
20231121,5.0468
20231121,4.0468
20231121,6.0468
20231121,5.0468
20231121,5.94
20231121,7.2317
20231121,6.2317
20231121,5.2317
20231121,7.2317
20231121,6.2317
20231121,8.2317
20231121,7.2317
20231121,9.2137
20231121,8.2137
20231121,7.2137
20231121,9.2495
20231121,10.8452
20231121,9.8452
20231121,8.8452
20231121,10.8452
20231121,9.8452
20231121,8.8452
20231121,12.7176
20231122,14.9935
20231122,13.9935
20231122,12.9935
20231122,15.1149
20231122,17.0002
20231122,18.5632
20231122,21.1376
20231122,22.8461
20231122,21.8461
20231122,20.8461
20231122,19.8461
20231122,18.8461
20231122,17.8461
20231122,20.3859
20231122,19.3859
20231122,18.3859
20231122,17.3859
20231122,16.3859
20231122,15.3859
20231122,14.3859
20231122,16.3859
20231122,15.3859
20231122,14.3859
20231122,13.3081
20231122,12.3081
20231122,12.3081
20231122,11.3081
20231122,10.3081
20231122,9.3081
20231122,8.3081
20231122,10.09
20231124,9.09
20231124,8.09
20231124,7.09
20231124,6.09
20231124,5.09
20231124,4.09
20231124,3.09
20231124,5.4716
20231124,4.4716
20231124,6.2003
20231124,8.7633
20231124,7.7633
20231124,6.0179
20231124,5.0179
20231124,6.7515
20231124,5.7515
20231124,4.7515
20231124,3.7515
20231124,2.7515
20231124,1.7515
20231124,0.7515
20231127,-0.2485
20231127,-1.2485
20231127,-2.2485
20231127,0.1448
20231127,-0.8552
20231127,-1.8552
20231127,-2.8552
20231127,-3.8552
20231127,-4.8552
20231127,-3.722
20231127,-4.722
20231127,-3.0263
20231127,-4.0263
20231127,-2.2174
20231127,-3.2174
20231127,-4.2174
20231127,-5.2174
20231127,-6.2174
20231127,-3.3774
20231127,-4.3774
20231127,-5.3774
20231127,-2.7908
20231127,-3.7908
20231127,-4.7908
20231127,-5.7908
20231127,-6.7908
20231127,-7.7908
20231127,-5.029
20231127,-6.029
20231127,-7.029
20231127,-8.029
20231128,-9.029
20231128,-10.029
20231128,-11.029
20231128,-12.029
20231128,-13.029
20231128,-14.029
20231128,-15.029
20231128,-13.249
20231128,-14.249
20231128,-15.249
20231128,-16.249
20231128,-14.1437
20231128,-15.1437
20231128,-16.1437
20231128,-17.1437
20231128,-18.1437
20231128,-19.1437
20231128,-20.1437
20231128,-21.1437
20231128,-22.1437
20231128,-23.1437
20231128,-24.1437
20231128,-25.1437
20231128,-24.5429
20231128,-22.749
20231128,-23.749
20231128,-24.749
20231128,-25.749
20231128,-26.749
20231128,-28.0167
20231128,-26.7653
20231128,-27.7653
20231129,-28.7653
20231129,-26.3718
20231129,-24.6243
20231129,-25.6243
20231129,-26.6243
20231129,-27.6243
20231129,-28.6243
20231129,-26.9363
20231129,-27.9363
20231129,-28.9363
20231129,-29.9363
20231129,-30.9363
20231129,-31.9363
20231129,-32.9363
20231129,-30.9363
20231129,-28.8125
20231129,-29.8125
20231129,-30.8125
20231129,-28.8125
20231129,-29.8125
20231129,-30.8125
20231129,-29.0988
20231129,-30.0988
20231129,-31.0988
20231129,-32.0988
20231129,-33.0988
20231129,-34.0988
20231129,-31.6984
20231129,-32.6984
20231129,-34.046
20231129,-35.046
20231129,-33.046
20231130,-34.046
20231130,-35.046
20231130,-36.046
20231130,-34.6104
20231130,-35.6104
20231130,-36.6104
20231130,-37.6104
20231130,-38.6104
20231130,-39.6104
20231130,-37.2948
20231130,-35.1674
20231130,-33.1007
20231130,-34.1007
20231130,-35.1007
20231130,-31.6434
20231130,-32.6434
20231130,-33.6434
20231130,-34.6434
20231130,-35.6434
20231130,-36.8589
20231130,-37.8589
20231130,-35.8589
20231130,-34.3219
20231130,-35.3219
20231130,-33.4664
20231130,-34.4664
20231130,-32.4215
20231130,-33.4215
20231130,-34.4215
20231130,-35.4215
20231130,-31.3388
20231130,-32.3388
20231201,-29.5593
20231201,-27.6896
20231201,-28.6896
20231201,-29.6896
20231201,-27.6896
20231201,-28.6896
20231201,-29.6896
20231201,-27.5109
20231201,-28.5109
20231201,-29.5109
20231201,-30.5109
20231201,-28.5142
20231201,-29.5142
20231201,-27.5142
20231201,-28.5142
20231201,-29.5142
20231201,-30.5142
20231201,-31.5142
20231201,-29.3052
20231201,-27.3052
20231201,-28.3052
20231201,-29.3052
20231201,-30.3052
20231201,-28.6616
20231201,-29.6616
20231201,-27.8467
20231201,-25.8304
20231201,-26.8304
20231201,-24.8304
20231201,-24.8304
20231201,-22.0752
20231201,-23.0752
20231204,-24.0752
20231204,-25.0752
20231204,-26.0752
20231204,-27.0752
20231204,-25.008
20231204,-23.1212
20231204,-21.4601
20231204,-22.4601
20231204,-23.4601
20231204,-24.4601
20231204,-23.0187
20231204,-21.3318
20231204,-22.3318
20231204,-23.3318
20231204,-24.3318
20231204,-25.3318
20231204,-26.3318
20231204,-27.3318
20231204,-25.3318
20231204,-26.3318
20231204,-27.3318
20231204,-28.3318
20231204,-29.3318
20231204,-30.3318
20231204,-28.2574
20231204,-29.2574
20231204,-30.2574
20231204,-31.2574
20231204,-32.2574
20231204,-33.2574
20231204,-31.2574
20231204,-32.2574
20231205,-33.2574
20231205,-31.0988
20231205,-32.0988
20231205,-33.0988
20231205,-32.3099
20231205,-30.2511
20231205,-28.3358
20231205,-26.452
20231205,-27.452
20231205,-28.452
20231205,-27.0984
20231205,-25.0556
20231205,-26.0556
20231205,-27.0556
20231205,-28.0556
20231205,-25.9803
20231205,-26.9803
20231205,-23.5058
20231205,-24.5058
20231205,-22.3278
20231205,-20.5337
20231205,-19.65
20231205,-20.65
20231205,-21.65
20231205,-22.65
20231205,-23.65
20231205,-24.65
20231205,-25.65
20231205,-26.65
20231205,-24.5943
20231205,-21.8923
20231205,-22.8923
20231206,-23.8923
20231206,-21.7334
20231206,-19.8277
20231206,-20.8277
20231206,-19.3816
20231206,-17.3965
20231206,-15.2538
20231206,-11.7184
20231206,-10.2912
20231206,-11.2912
20231206,-12.2912
20231206,-13.3321
20231206,-14.3321
20231206,-15.3321
20231206,-16.3321
20231206,-17.3321
20231206,-18.3321
20231206,-19.3321
20231206,-17.1998
20231206,-18.1998
20231206,-19.1998
20231206,-17.1998
20231206,-10.2326
20231206,-8.6306
20231206,-7.1232
20231206,-8.1232
20231206,-9.1232
20231206,-10.1232
20231206,-11.1232
20231206,-12.1232
20231206,-13.1232
20231206,-11.1232
20231207,-12.1232
20231207,-13.1232
20231207,-11.7025
20231207,-12.7025
20231207,-10.6608
20231207,-11.6608
20231207,-12.6608
20231207,-13.6608
20231207,-14.6608
20231207,-15.6608
20231207,-16.6608
20231207,-17.6608
20231207,-17.3649
20231207,-18.3649
20231207,-19.3649
20231207,-20.3649
20231207,-18.8649
20231207,-17.305
20231207,-18.305
20231207,-19.305
20231207,-20.305
20231207,-21.305
20231207,-19.8419
20231207,-20.8419
20231207,-21.8419
20231207,-22.8419
20231207,-23.9275
20231207,-24.9275
20231207,-25.9275
20231207,-26.9275
20231207,-25.8941
20231207,-26.8941
20231208,-27.8941
20231208,-28.8941
20231208,-27.1255
20231208,-28.1255
20231208,-29.1255
20231208,-27.4229
20231208,-28.4229
20231208,-29.4229
20231208,-30.4229
20231208,-29.0497
20231208,-27.2081
20231208,-28.2081
20231208,-26.9071
20231208,-24.8061
20231208,-25.8061
20231208,-26.8061
20231208,-27.8061
20231208,-28.8061
20231208,-29.8061
20231208,-30.8061
20231208,-28.8061
20231208,-29.8061
20231208,-30.8061
20231208,-29.1683
20231208,-27.513
20231208,-28.513
20231208,-29.513
20231208,-30.513
20231208,-31.513
20231208,-29.8777
20231208,-30.8777
20231208,-31.8777
20231211,-29.9763
20231211,-30.9763
20231211,-31.9763
20231211,-32.9763
20231211,-33.9763
20231211,-31.9763
20231211,-32.9763
20231211,-32.4956
20231211,-33.4956
20231211,-34.4956
20231211,-32.4956
20231211,-33.4956
20231211,-34.4956
20231211,-32.7575
20231211,-30.2274
20231211,-29.0442
20231211,-30.0442
20231211,-31.0442
20231211,-28.858
20231211,-27.7963
20231211,-26.1167
20231211,-27.1167
20231211,-28.1167
20231211,-26.4313
20231211,-27.4313
20231211,-28.4313
20231211,-26.4313
20231211,-27.4313
20231211,-28.4313
20231211,-29.4313
20231211,-30.4313
20231211,-31.4313
20231212,-32.4313
20231212,-30.7781
20231212,-31.8147
20231212,-32.8147
20231212,-30.8147
20231212,-31.8147
20231212,-32.8147
20231212,-33.8147
20231212,-31.3991
20231212,-32.3991
20231212,-30.3575
20231212,-28.3575
20231212,-29.3575
20231212,-30.3575
20231212,-28.3168
20231212,-29.3168
20231212,-30.3168
20231212,-31.3168
20231212,-29.6088
20231212,-30.6088
20231212,-31.6088
20231212,-32.6088
20231212,-33.6488
20231212,-31.9306
20231212,-32.9306
20231212,-33.9306
20231212,-32.7597
20231212,-30.9888
20231212,-28.8976
20231212,-29.8976
20231212,-30.8976
20231212,-29.544
20231213,-30.544
20231213,-32.2074
20231213,-33.2074
20231213,-30.6455
20231213,-28.8448
20231213,-26.8448
20231213,-27.8448
20231213,-28.8448
20231213,-29.8448
20231213,-26.4506
20231213,-27.4506
20231213,-25.4584
20231213,-26.4584
20231213,-27.4584
20231213,-28.4584
20231213,-29.4584
20231213,-30.4584
20231213,-31.4584
20231213,-29.622
20231213,-27.622
20231213,-25.622
20231213,-24.1441
20231213,-25.1441
20231213,-26.1441
20231213,-27.1441
20231213,-28.1441
20231213,-25.9186
20231213,-26.9186
20231213,-24.879
20231213,-22.879
20231213,-20.879
20231213,-21.879
20231214,-22.879
20231214,-20.879
20231214,-21.879
20231214,-22.879
20231214,-23.879
20231214,-24.879
20231214,-25.879
20231214,-24.0212
20231214,-21.94
20231214,-22.94
20231214,-23.94
20231214,-24.94
20231214,-25.9592
20231214,-23.9592
20231214,-24.9592
20231214,-25.9592
20231214,-26.9592
20231214,-24.9592
20231214,-25.9592
20231214,-26.9592
20231214,-27.9592
20231214,-28.9592
20231214,-29.9592
20231214,-30.9592
20231214,-31.9592
20231214,-32.9592
20231214,-30.9592
20231214,-31.9592
20231214,-30.2874
20231214,-31.2874
20231214,-32.2874
20231214,-33.2874
20231215,-34.2874
20231215,-35.2874
20231215,-36.2874
20231215,-37.2874
20231215,-34.9221
20231215,-35.9221
20231215,-36.9221
20231215,-37.9221
20231215,-35.9679
20231215,-33.5114
20231215,-34.5114
20231215,-35.5114
20231215,-36.5114
20231215,-34.8371
20231215,-32.8371
20231215,-33.8371
20231215,-31.3297
20231215,-32.3297
20231215,-33.7252
20231215,-34.7252
20231215,-32.7252
20231215,-33.7252
20231215,-34.7252
20231215,-35.7252
20231215,-36.7252
20231215,-37.7252
20231215,-38.7252
20231215,-36.7252
20231215,-34.7252
20231215,-32.7252
20231215,-33.7252
20231215,-32.1016
20231218,-30.1963
20231218,-31.1963
20231218,-32.1963
20231218,-33.1963
20231218,-34.1963
20231218,-32.1963
20231218,-31.012
20231218,-32.012
20231218,-30.012
20231218,-31.012
20231218,-32.012
20231218,-33.012
20231218,-34.012
20231218,-35.012
20231218,-33.2795
20231218,-34.2795
20231218,-31.5547
20231218,-29.1247
20231218,-30.1247
20231218,-31.1247
20231218,-28.4375
20231218,-29.4375
20231218,-27.6916
20231218,-28.6916
20231218,-26.4074
20231218,-27.4074
20231218,-28.4074
20231218,-29.4074
20231218,-27.8775
20231218,-28.8775
20231218,-29.8775
20231218,-30.8775
20231219,-31.8775
20231219,-30.0601
20231219,-28.2579
20231219,-26.9635
20231219,-27.9635
20231219,-28.9635
20231219,-29.9635
20231219,-28.2535
20231219,-29.2535
20231219,-27.4202
20231219,-25.3471
20231219,-24.0406
20231219,-25.0406
20231219,-26.0406
20231219,-27.0406
20231219,-28.0406
20231219,-26.2236
20231219,-27.2236
20231219,-25.8499
20231219,-26.8499
20231219,-27.8499
20231219,-26.545
20231219,-27.545
20231219,-28.545
20231219,-29.545
20231219,-28.4367
20231219,-26.2426
20231219,-27.2426
20231219,-28.2426
20231219,-29.2426
20231219,-30.2426
20231219,-28.3864
20231220,-29.3864
20231220,-30.3864
20231220,-31.3864
20231220,-32.3864
20231220,-33.3864
20231220,-34.3864
20231220,-35.3864
20231220,-36.3864
20231220,-37.3864
20231220,-35.8834
20231220,-36.8834
20231220,-37.8834
20231220,-38.8834
20231220,-39.8834
20231220,-40.8834
20231220,-41.8834
20231220,-40.047
20231220,-38.047
20231220,-35.6969
20231220,-36.6969
20231220,-37.6969
20231220,-38.6969
20231220,-35.8195
20231220,-36.8195
20231220,-37.8195
20231220,-35.8195
20231220,-33.8844
20231220,-34.8844
20231220,-32.8844
20231220,-30.5162
20231220,-28.5162
20231220,-26.0582
20231221,-27.0582
20231221,-28.0582
20231221,-26.0582
20231221,-24.0582
20231221,-25.0662
20231221,-26.0662
20231221,-27.0662
20231221,-28.0662
20231221,-26.0787
20231221,-27.0787
20231221,-28.0787
20231221,-29.0787
20231221,-30.0787
20231221,-31.0787
20231221,-32.0787
20231221,-33.0787
20231221,-29.8317
20231221,-28.4657
20231221,-29.4657
20231221,-28.2749
20231221,-26.2749
20231221,-27.2749
20231221,-28.3296
20231221,-26.5498
20231221,-27.5498
20231221,-28.5498
20231221,-29.5498
20231221,-27.8887
20231221,-28.8887
20231221,-26.4383
20231221,-24.4383
20231221,-22.041
20231222,-20.041
20231222,-21.041
20231222,-22.041
20231222,-20.2612
20231222,-21.2612
20231222,-22.2612
20231222,-21.4789
20231222,-22.4789
20231222,-21.041
20231222,-19.1939
20231222,-17.1939
20231222,-18.1939
20231222,-19.1939
20231222,-20.1939
20231222,-21.1939
20231222,-22.1939
20231222,-23.1939
20231222,-21.6437
20231222,-22.6437
20231222,-23.6437
20231222,-24.6437
20231222,-25.6437
20231222,-26.6437
20231222,-24.9086
20231222,-25.9086
20231222,-26.9086
20231222,-24.9199
20231222,-23.1704
20231222,-24.1704
20231222,-22.2533
20231222,-23.2533
20231222,-24.2533
20231226,-25.2533
20231226,-26.2533
20231226,-27.2533
20231226,-25.9463
20231226,-21.3673
20231226,-19.8057
20231226,-19.8057
20231226,-20.8057
20231226,-19.3918
20231226,-20.3918
20231226,-21.3918
20231226,-22.3918
20231226,-23.3918
20231226,-24.3918
20231226,-25.3918
20231226,-26.3918
20231226,-24.8249
20231226,-25.8249
20231226,-23.8249
20231226,-24.8249
20231226,-25.8249
20231226,-26.924
20231226,-27.924
20231226,-28.924
20231226,-29.924
20231226,-28.8673
20231226,-26.8673
20231226,-25.1804
20231226,-26.1804
20231226,-22.8464
20231226,-23.8464
20231226,-24.8464
20231227,-25.985
20231227,-26.985
20231227,-27.985
20231227,-28.985
20231227,-29.985
20231227,-31.036
20231227,-32.036
20231227,-33.2569
20231227,-34.2569
20231227,-35.2569
20231227,-33.5388
20231227,-34.5388
20231227,-35.5388
20231227,-33.3857
20231227,-34.3857
20231227,-35.3857
20231227,-34.5723
20231227,-35.5723
20231227,-36.5723
20231227,-37.5723
20231227,-38.7575
20231227,-36.7363
20231227,-37.7363
20231227,-38.7363
20231227,-36.201
20231227,-37.201
20231227,-34.1768
20231227,-32.1686
20231227,-33.1686
20231227,-34.1686
20231227,-35.1686
20231227,-36.1686
20231228,-37.1686
20231228,-38.1686
20231228,-39.1686
20231228,-40.1686
20231228,-41.1686
20231228,-37.5955
20231228,-35.5955
20231228,-36.5955
20231228,-34.5554
20231228,-35.5554
20231228,-36.5554
20231228,-37.5554
20231228,-36.4268
20231228,-37.4268
20231228,-38.4268
20231228,-39.4268
20231228,-40.4268
20231228,-41.4268
20231228,-40.1266
20231228,-41.1266
20231228,-42.1266
20231228,-38.4941
20231228,-36.192
20231228,-37.192
20231228,-35.7149
20231228,-36.7149
20231228,-37.7149
20231228,-38.8379
20231228,-38.1578
20231228,-36.3092
20231228,-37.3092
20231228,-38.3092
20231229,-37.1616
20231229,-38.1616
20231229,-39.1616
20231229,-36.5741
20231229,-34.5741
20231229,-35.5741
20231229,-36.5741
20231229,-34.5648
20231229,-33.3594
20231229,-31.457
20231229,-32.457
20231229,-30.8478
20231229,-31.8478
20231229,-32.8478
20231229,-33.8829
20231229,-30.6786
20231229,-31.6786
20231229,-32.6786
20231229,-33.6786
20231229,-32.3588
20231229,-30.7289
20231229,-31.7289
20231229,-32.7289
20231229,-30.9326
20231229,-31.9326
20231229,-29.9282
20231229,-30.9282
20231229,-31.9282
20231229,-30.3412
20231229,-28.837
20231229,-29.837
20231229,-30.837
20240102,-31.837
20240102,-32.837
20240102,-30.6657
20240102,-31.6657
20240102,-29.6054
20240102,-30.6054
20240102,-31.6054
20240102,-28.9371
20240102,-26.9371
20240102,-27.9371
20240102,-28.9371
20240102,-29.9371
20240102,-30.9371
20240102,-29.7167
20240102,-18.876
20240102,-19.876
20240102,-20.876
20240102,-21.876
20240102,-19.9812
20240102,-20.9812
20240102,-21.9812
20240102,-19.4302
20240102,-20.4302
20240102,-21.4302
20240102,-19.5798
20240102,-17.677
20240102,-18.677
20240102,-16.677
20240102,-17.7562
20240102,-18.7562
20240102,-16.866
20240102,-17.866
20240103,-15.866
20240103,-14.323
20240103,-15.323
20240103,-16.323
20240103,-17.323
20240103,-18.323
20240103,-19.323
20240103,-20.323
20240103,-21.323
20240103,-22.323
20240103,-23.323
20240103,-24.323
20240103,-25.323
20240103,-26.323
20240103,-27.323
20240103,-28.323
20240103,-29.323
20240103,-30.399
20240103,-31.399
20240103,-29.399
20240103,-30.399
20240103,-28.2663
20240103,-29.2663
20240103,-27.646
20240103,-28.646
20240103,-29.646
20240103,-30.646
20240103,-31.646
20240103,-29.5986
20240103,-27.3156
20240103,-25.3156
20240103,-26.3156
20240104,-25.164
20240104,-26.164
20240104,-24.164
20240104,-25.164
20240104,-22.5972
20240104,-23.5972
20240104,-24.5972
20240104,-25.5972
20240104,-22.9651
20240104,-23.9651
20240104,-22.0741
20240104,-23.0741
20240104,-24.0741
20240104,-25.0741
20240104,-26.0741
20240104,-27.0741
20240104,-25.0741
20240104,-26.0741
20240104,-27.0741
20240104,-28.0741
20240104,-29.0741
20240104,-30.0741
20240104,-31.0741
20240104,-29.7892
20240104,-30.7892
20240104,-31.7892
20240104,-30.1174
20240104,-27.798
20240104,-28.798
20240104,-29.798
20240104,-30.798
20240104,-31.798
20240105,-32.798
20240105,-33.798
20240105,-31.798
20240105,-32.798
20240105,-31.1862
20240105,-29.6267
20240105,-27.5482
20240105,-24.8741
20240105,-25.8741
20240105,-26.8741
20240105,-27.8741
20240105,-28.8741
20240105,-26.9009
20240105,-27.9009
20240105,-26.2755
20240105,-27.2755
20240105,-24.4342
20240105,-23.0264
20240105,-24.0264
20240105,-25.0264
20240105,-23.3657
20240105,-24.3657
20240105,-25.3657
20240105,-26.3657
20240105,-24.2803
20240105,-25.2803
20240105,-23.3236
20240105,-22.0224
20240105,-23.0224
20240105,-24.0224
20240105,-25.0224
20240105,-26.0224
20240108,-23.9269
20240108,-24.9269
20240108,-25.9269
20240108,-26.9269
20240108,-27.9269
20240108,-25.6009
20240108,-26.6009
20240108,-27.6009
20240108,-28.6009
20240108,-29.6009
20240108,-27.886
20240108,-26.1797
20240108,-22.3934
20240108,-23.3934
20240108,-24.3934
20240108,-22.6081
20240108,-23.6081
20240108,-24.6081
20240108,-25.6081
20240108,-24.0743
20240108,-25.0743
20240108,-23.0743
20240108,-21.488
20240108,-22.488
20240108,-23.488
20240108,-24.488
20240108,-25.488
20240108,-23.4666
20240108,-24.4666
20240108,-22.3867
20240108,-20.3867
20240109,-21.3867
20240109,-22.3867
20240109,-23.3867
20240109,-24.3867
20240109,-25.3867
20240109,-23.3867
20240109,-24.3867
20240109,-22.3931
20240109,-23.3931
20240109,-21.0682
20240109,-22.0682
20240109,-19.7343
20240109,-16.8786
20240109,-17.8786
20240109,-18.8786
20240109,-19.8786
20240109,-18.0264
20240109,-19.0264
20240109,-20.0264
20240109,-21.0264
20240109,-22.0264
20240109,-23.0264
20240109,-24.0264
20240109,-25.0264
20240109,-26.0892
20240109,-24.541
20240109,-22.517
20240109,-20.517
20240109,-21.517
20240109,-22.517
20240109,-23.517
20240109,-21.1437
20240110,-22.1437
20240110,-23.1437
20240110,-24.1437
20240110,-25.1437
20240110,-26.1675
20240110,-27.1675
20240110,-28.1675
20240110,-26.2954
20240110,-27.2954
20240110,-28.2954
20240110,-26.4302
20240110,-27.4302
20240110,-25.7227
20240110,-26.7227
20240110,-27.7227
20240110,-28.7227
20240110,-29.7227
20240110,-30.7227
20240110,-29.0487
20240110,-30.0487
20240110,-28.224
20240110,-29.224
20240110,-30.224
20240110,-31.224
20240110,-29.6072
20240110,-27.8389
20240110,-26.0465
20240110,-27.0465
20240110,-25.0544
20240110,-23.6037
20240110,-20.9178
20240110,-21.9178
20240111,-22.9178
20240111,-23.9178
20240111,-21.8285
20240111,-22.8285
20240111,-23.8285
20240111,-21.8285
20240111,-22.8285
20240111,-23.8285
20240111,-24.8285
20240111,-25.8285
20240111,-26.8285
20240111,-27.8285
20240111,-26.0664
20240111,-24.0664
20240111,-25.0664
20240111,-23.1929
20240111,-21.1929
20240111,-22.1929
20240111,-23.1929
20240111,-21.1929
20240111,-22.1929
20240111,-20.3231
20240111,-18.3231
20240111,-16.6601
20240111,-14.6979
20240111,-15.6979
20240111,-13.2185
20240111,-14.2185
20240111,-11.3599
20240111,-9.6788
20240111,-10.6788
20240111,-11.6788
20240112,-12.6788
20240112,-10.2625
20240112,-11.2625
20240112,-12.2625
20240112,-13.2625
20240112,-11.1668
20240112,-12.1668
20240112,-13.1668
20240112,-11.6338
20240112,-12.6338
20240112,-10.6338
20240112,-11.6338
20240112,-12.6338
20240112,-10.2705
20240112,-6.0028
20240112,-7.0028
20240112,-8.0028
20240112,-6.1166
20240112,-7.1166
20240112,-8.1166
20240112,-8.1166
20240112,-5.7942
20240112,-4.1405
20240112,-5.1405
20240112,-2.4548
20240112,-3.4548
20240112,-2.1229
20240112,0.0251
20240112,-0.9749
20240112,4.93
20240112,3.93
20240112,5.93
20240116,7.93
20240116,9.9324
20240116,12.0321
20240116,11.0321
20240116,10.0321
20240116,12.0321
20240116,13.6417
20240116,12.6417
20240116,11.6417
20240116,10.6417
20240116,9.6417
20240116,11.6417
20240116,13.9431
20240116,12.9431
20240116,14.9593
20240116,13.9593
20240116,12.9593
20240116,15.0747
20240116,14.0747
20240116,16.0747
20240116,18.8318
20240116,17.8318
20240116,19.924
20240116,18.924
20240116,16.9794
20240116,18.4027
20240116,17.4027
20240116,19.1625
20240116,18.1625
20240116,17.1625
20240116,18.9975
20240116,17.9975
20240117,16.9975
20240117,19.2111
20240117,21.2111
20240117,20.2111
20240117,19.2111
20240117,18.2111
20240117,17.2111
20240117,16.2111
20240117,15.2111
20240117,14.2111
20240117,16.046
20240117,15.046
20240117,14.046
20240117,15.9618
20240117,14.9618
20240117,13.9618
20240117,15.7153
20240117,17.7153
20240117,16.7153
20240117,15.7153
20240117,14.7153
20240117,16.8175
20240117,19.1431
20240117,18.1431
20240117,20.3159
20240117,21.9914
20240117,24.0841
20240117,25.8926
20240117,24.8926
20240117,26.8926
20240117,28.9672
20240117,27.9672
20240118,26.9672
20240118,25.9672
20240118,24.9672
20240118,26.8478
20240118,29.7456
20240118,28.7456
20240118,30.4645
20240118,32.3039
20240118,31.3039
20240118,33.2849
20240118,35.2849
20240118,34.2849
20240118,33.2849
20240118,35.6243
20240118,37.7592
20240118,36.7592
20240118,35.7592
20240118,34.7592
20240118,33.7592
20240118,35.097
20240118,35.9818
20240118,34.7766
20240118,33.7766
20240118,32.7766
20240118,31.7766
20240118,30.7766
20240118,29.7766
20240118,28.7766
20240118,30.3436
20240118,32.012
20240118,31.012
20240118,32.7602
20240119,31.7602
20240119,33.6736
20240119,32.6736
20240119,31.6736
20240119,30.5872
20240119,29.5872
20240119,28.5872
20240119,30.6903
20240119,29.6903
20240119,28.6903
20240119,27.6423
20240119,26.6423
20240119,28.5928
20240119,27.5928
20240119,29.0605
20240119,28.0605
20240119,27.0605
20240119,29.0605
20240119,28.0605
20240119,29.5499
20240119,31.0713
20240119,30.0713
20240119,29.0713
20240119,31.0713
20240119,30.0713
20240119,29.0713
20240119,28.0713
20240119,30.3755
20240119,29.3755
20240119,31.3755
20240119,30.3755
20240119,29.3755
20240122,28.3755
20240122,27.3755
20240122,29.3713
20240122,28.3713
20240122,27.3713
20240122,26.3713
20240122,25.3713
20240122,24.3713
20240122,23.3713
20240122,24.6225
20240122,23.6225
20240122,25.6225
20240122,24.6225
20240122,23.6225
20240122,22.6225
20240122,21.6225
20240122,20.6225
20240122,22.6225
20240122,24.8613
20240122,23.8613
20240122,22.8613
20240122,21.8613
20240122,20.8613
20240122,22.7296
20240122,21.7296
20240122,23.4586
20240122,25.4586
20240122,24.4586
20240122,23.4586
20240122,22.4586
20240122,24.4586
20240122,26.4586
20240123,25.4586
20240123,27.3777
20240123,26.3777
20240123,25.3777
20240123,24.3777
20240123,23.3777
20240123,22.3777
20240123,21.3777
20240123,20.3777
20240123,22.3751
20240123,24.5375
20240123,23.5375
20240123,22.5375
20240123,21.5375
20240123,22.4667
20240123,21.4667
20240123,23.0172
20240123,22.0172
20240123,21.0172
20240123,19.5676
20240123,22.2766
20240123,20.6832
20240123,19.6832
20240123,18.6832
20240123,17.6832
20240123,16.6832
20240123,15.6832
20240123,16.9053
20240123,19.7609
20240123,21.634
20240123,20.634
20240123,19.634
20240124,21.634
20240124,20.634
20240124,19.634
20240124,18.634
20240124,17.634
20240124,16.634
20240124,18.4925
20240124,17.4925
20240124,16.4925
20240124,18.9212
20240124,17.9212
20240124,16.9212
20240124,15.9212
20240124,14.9212
20240124,16.8994
20240124,18.7045
20240124,20.9055
20240124,19.9055
20240124,18.9055
20240124,20.9099
20240124,22.9099
20240124,24.4841
20240124,23.4841
20240124,27.0847
20240124,26.0847
20240124,28.5082
20240124,27.5082
20240124,29.2934
20240124,28.2934
20240124,30.2934
20240124,29.2934
20240124,28.2934
20240125,27.2934
20240125,29.3215
20240125,28.3215
20240125,27.3215
20240125,28.5488
20240125,27.5488
20240125,29.7269
20240125,28.7269
20240125,27.7269
20240125,26.7269
20240125,25.7269
20240125,28.7798
20240125,27.7798
20240125,26.7798
20240125,25.7798
20240125,27.1882
20240125,26.1882
20240125,25.1882
20240125,24.1882
20240125,23.1882
20240125,22.1882
20240125,21.1882
20240125,20.1882
20240125,19.1882
20240125,18.1882
20240125,17.1882
20240125,16.1882
20240125,15.1882
20240125,16.3554
20240125,19.2326
20240125,20.1988
20240125,19.1988
20240126,21.1302
20240126,22.6828
20240126,21.6828
20240126,23.824
20240126,22.824
20240126,21.824
20240126,20.824
20240126,19.824
20240126,21.824
20240126,20.824
20240126,19.824
20240126,18.824
20240126,20.7435
20240126,19.7435
20240126,18.7435
20240126,17.7435
20240126,21.1473
20240126,20.1473
20240126,21.7757
20240126,23.4322
20240126,22.4322
20240126,21.4322
20240126,23.1979
20240126,22.138
20240126,21.138
20240126,20.0083
20240126,22.0083
20240126,21.0083
20240126,20.0083
20240126,19.0083
20240126,20.1995
20240126,22.3104
20240129,21.3104
20240129,23.2606
20240129,22.2606
20240129,21.2606
20240129,20.2606
20240129,19.2606
20240129,18.2606
20240129,17.2606
20240129,19.4796
20240129,18.4796
20240129,17.4796
20240129,16.4796
20240129,15.4796
20240129,14.4796
20240129,13.4796
20240129,12.4796
20240129,11.4796
20240129,12.8456
20240129,11.8456
20240129,13.0788
20240129,12.0788
20240129,11.0788
20240129,12.7729
20240129,11.7729
20240129,13.533
20240129,12.533
20240129,14.5364
20240129,13.5364
20240129,12.5364
20240129,15.7815
20240129,17.2718
20240129,16.2718
20240130,17.7199
20240130,19.4478
20240130,21.6402
20240130,23.6209
20240130,22.6209
20240130,24.7516
20240130,23.7516
20240130,26.138
20240130,25.138
20240130,27.1864
20240130,26.1864
20240130,25.1864
20240130,27.0867
20240130,26.0867
20240130,25.0867
20240130,24.0867
20240130,23.0867
20240130,22.0867
20240130,24.0867
20240130,23.0867
20240130,22.0867
20240130,21.0867
20240130,20.0867
20240130,19.0867
20240130,18.0867
20240130,20.0867
20240130,19.0867
20240130,18.0867
20240130,19.5713
20240130,18.5713
20240130,17.5713
20240131,16.5713
20240131,15.5713
20240131,14.5713
20240131,13.5713
20240131,12.5713
20240131,11.5713
20240131,12.9228
20240131,14.7502
20240131,13.7502
20240131,12.7502
20240131,11.7502
20240131,14.4075
20240131,16.6
20240131,15.6
20240131,14.6
20240131,13.6
20240131,12.6
20240131,11.6
20240131,13.1503
20240131,15.9662
20240131,17.3648
20240131,19.1827
20240131,18.1827
20240131,17.1827
20240131,16.1827
20240131,15.1827
20240131,16.6033
20240131,18.2928
20240131,20.5753
20240131,19.5753
20240131,18.5753
20240131,17.5753
20240201,16.5753
20240201,15.5753
20240201,17.2472
20240201,19.6664
20240201,18.6664
20240201,17.6664
20240201,16.6664
20240201,18.7552
20240201,20.4051
20240201,22.6945
20240201,21.6945
20240201,23.4363
20240201,22.4363
20240201,21.4363
20240201,23.3914
20240201,22.3182
20240201,26.9561
20240201,25.9561
20240201,27.6102
20240201,29.6102
20240201,28.6102
20240201,27.6102
20240201,26.6102
20240201,29.5758
20240201,28.5758
20240201,27.5758
20240201,26.5758
20240201,28.2034
20240201,27.2034
20240201,26.2034
20240201,28.2034
20240201,30.1436
20240202,29.1436
20240202,28.1436
20240202,30.9581
20240202,29.9581
20240202,31.9615
20240202,33.8152
20240202,32.8152
20240202,31.8152
20240202,30.8152
20240202,29.8152
20240202,31.8152
20240202,30.8152
20240202,32.8152
20240202,31.8152
20240202,30.8152
20240202,32.8152
20240202,34.7059
20240202,33.7059
20240202,32.7059
20240202,34.9845
20240202,33.9845
20240202,32.9845
20240202,34.7626
20240202,33.7626
20240202,35.8494
20240202,41.7286
20240202,40.7286
20240202,39.7286
20240202,38.7286
20240202,37.7286
20240202,39.7286
20240202,41.7286
20240205,40.7286
20240205,42.6569
20240205,41.6569
20240205,40.6569
20240205,39.6569
20240205,38.6569
20240205,37.6569
20240205,36.6569
20240205,38.6569
20240205,37.6569
20240205,36.6569
20240205,35.6569
20240205,34.6569
20240205,33.6569
20240205,32.6569
20240205,31.6569
20240205,30.6569
20240205,29.6569
20240205,31.6569
20240205,33.9237
20240205,32.9237
20240205,31.9237
20240205,30.9237
20240205,29.9237
20240205,28.9237
20240205,27.9237
20240205,26.9237
20240205,25.9237
20240205,27.7619
20240205,26.505
20240205,25.505
20240205,24.505
20240206,23.505
20240206,25.1527
20240206,24.1527
20240206,23.1527
20240206,22.1527
20240206,23.9372
20240206,26.2762
20240206,25.2281
20240206,27.4721
20240206,26.4721
20240206,25.4721
20240206,24.4721
20240206,26.3626
20240206,25.3626
20240206,24.3626
20240206,23.3626
20240206,22.3626
20240206,23.9689
20240206,22.9689
20240206,25.2065
20240206,24.2065
20240206,23.2065
20240206,22.2065
20240206,21.2065
20240206,20.2065
20240206,19.2065
20240206,21.301
20240206,22.9285
20240206,21.9285
20240206,24.0183
20240206,23.0183
20240206,22.0183
20240207,24.1337
20240207,23.1337
20240207,25.0787
20240207,26.6652
20240207,28.3201
20240207,30.4384
20240207,29.4384
20240207,31.3344
20240207,30.3344
20240207,29.3344
20240207,28.3344
20240207,27.3344
20240207,29.1703
20240207,28.1703
20240207,27.1703
20240207,26.1703
20240207,28.0441
20240207,27.0441
20240207,29.0441
20240207,31.0441
20240207,32.996
20240207,31.996
20240207,30.996
20240207,29.996
20240207,32.0423
20240207,31.0423
20240207,30.0423
20240207,29.0423
20240207,28.0423
20240207,30.4092
20240207,27.9871
20240207,26.9871
20240208,25.9871
20240208,24.9871
20240208,23.9871
20240208,26.1595
20240208,25.1595
20240208,27.5425
20240208,26.5425
20240208,25.5425
20240208,24.5425
20240208,23.5425
20240208,22.5346
20240208,24.5346
20240208,23.5346
20240208,25.091
20240208,24.091
20240208,23.091
20240208,22.091
20240208,21.091
20240208,20.091
20240208,19.091
20240208,18.091
20240208,17.091
20240208,16.091
20240208,15.091
20240208,14.091
20240208,15.6808
20240208,14.6808
20240208,13.6808
20240208,12.6808
20240208,11.6808
20240208,10.6808
20240208,9.6808
20240209,12.7606
20240209,11.7606
20240209,13.9773
20240209,12.9773
20240209,11.9773
20240209,14.1059
20240209,13.1059
20240209,12.1059
20240209,13.9252
20240209,12.9252
20240209,11.9252
20240209,10.9252
20240209,9.9252
20240209,12.2735
20240209,11.2735
20240209,10.2735
20240209,9.2735
20240209,11.2276
20240209,13.046
20240209,13.9579
20240209,12.9579
20240209,11.9579
20240209,10.9579
20240209,9.9579
20240209,8.9579
20240209,7.1267
20240209,8.8794
20240209,7.8794
20240209,9.7678
20240209,8.7678
20240209,7.7678
20240209,9.7678
20240212,8.7678
20240212,7.7678
20240212,6.7678
20240212,5.7678
20240212,4.7535
20240212,3.7535
20240212,2.7535
20240212,4.6507
20240212,3.6507
20240212,2.6507
20240212,1.6507
20240212,3.6507
20240212,2.6507
20240212,4.6507
20240212,3.6507
20240212,2.6507
20240212,1.6507
20240212,0.6507
20240212,1.9861
20240212,0.9861
20240212,-0.0139
20240212,-1.0139
20240212,0.625
20240212,-0.375
20240212,-1.375
20240212,-2.375
20240212,-0.6613
20240212,-1.6613
20240212,-2.6613
20240212,-3.6613
20240212,-4.7376
20240212,-5.7376
20240213,-6.7376
20240213,-4.6276
20240213,-5.6276
20240213,-6.6276
20240213,-4.1456
20240213,-5.1456
20240213,-6.1456
20240213,-7.1456
20240213,-8.1456
20240213,-9.1456
20240213,-10.1456
20240213,-11.1456
20240213,-9.6646
20240213,-10.6646
20240213,-11.6646
20240213,-10.0795
20240213,-8.1297
20240213,-9.1297
20240213,-10.1297
20240213,-11.1297
20240213,-12.1297
20240213,-10.1297
20240213,-11.1297
20240213,-9.76
20240213,-10.76
20240213,-11.76
20240213,-12.76
20240213,-13.76
20240213,-14.76
20240213,-15.76
20240213,-14.0377
20240213,-15.0377
20240214,-16.0377
20240214,-13.7604
20240214,-11.6165
20240214,-12.6165
20240214,-10.6165
20240214,-11.6165
20240214,-9.9877
20240214,-7.2142
20240214,-8.2142
20240214,-6.2738
20240214,-7.2738
20240214,-8.2738
20240214,-6.1097
20240214,-4.3618
20240214,-5.3618
20240214,-6.3618
20240214,-7.3618
20240214,-8.3618
20240214,-9.3618
20240214,-7.3618
20240214,-8.3618
20240214,-6.4073
20240214,-7.4416
20240214,-8.4416
20240214,-9.4416
20240214,-7.6795
20240214,-5.8548
20240214,-3.7073
20240214,-1.0868
20240214,-2.0868
20240214,-0.0868
20240214,-1.0868
20240215,-2.0868
20240215,0.0671
20240215,-0.9329
20240215,1.0671
20240215,0.0671
20240215,1.898
20240215,0.898
20240215,-0.102
20240215,-1.102
20240215,0.4559
20240215,-0.5441
20240215,-1.5441
20240215,-2.5441
20240215,-0.5441
20240215,1.4639
20240215,3.612
20240215,2.612
20240215,1.612
20240215,3.612
20240215,2.612
20240215,1.612
20240215,0.612
20240215,2.612
20240215,4.4501
20240215,8.4761
20240215,7.4761
20240215,6.4761
20240215,5.4761
20240215,4.4761
20240215,3.4761
20240215,5.2265
20240215,4.2265
20240216,6.2265
20240216,7.7303
20240216,9.9171
20240216,8.9171
20240216,7.9171
20240216,6.9171
20240216,5.9171
20240216,4.9171
20240216,3.9171
20240216,2.9171
20240216,4.5334
20240216,3.5334
20240216,2.5334
20240216,1.5334
20240216,0.5334
20240216,2.1321
20240216,1.1321
20240216,0.1321
20240216,-0.8679
20240216,-1.8679
20240216,-2.8679
20240216,-3.9558
20240216,-4.9558
20240216,-2.9558
20240216,-3.9558
20240216,-4.9558
20240216,-5.9558
20240216,-4.0963
20240216,-5.0963
20240216,-6.0963
20240216,-7.0963
20240220,-8.0963
20240220,-9.0963
20240220,-7.0963
20240220,-8.0963
20240220,-7.0391
20240220,-8.0391
20240220,-6.3965
20240220,-4.1324
20240220,-5.1324
20240220,-6.1324
20240220,-7.1324
20240220,-8.1324
20240220,-9.1324
20240220,-10.1324
20240220,-11.1324
20240220,-12.1324
20240220,-13.1324
20240220,-11.0257
20240220,-12.0257
20240220,-13.0257
20240220,-14.0257
20240220,-15.0257
20240220,-16.0257
20240220,-13.726
20240220,-12.6371
20240220,-13.6371
20240220,-14.6371
20240220,-15.6371
20240220,-16.6371
20240220,-17.6435
20240220,-14.8201
20240220,-15.8201
20240221,-16.8201
20240221,-14.9717
20240221,-15.9717
20240221,-16.9717
20240221,-17.9717
20240221,-18.9717
20240221,-19.9717
20240221,-17.737
20240221,-18.737
20240221,-19.737
20240221,-20.737
20240221,-18.905
20240221,-19.905
20240221,-20.905
20240221,-19.9474
20240221,-20.9474
20240221,-18.8845
20240221,-19.8845
20240221,-20.8845
20240221,-21.8845
20240221,-22.8845
20240221,-20.8373
20240221,-18.4843
20240221,-15.8286
20240221,-14.0262
20240221,-15.0262
20240221,-16.0262
20240221,-17.0262
20240221,-15.7473
20240221,-13.6157
20240221,-14.6157
20240221,-15.6157
20240222,-16.6157
20240222,-17.6157
20240222,-18.6157
20240222,-19.6157
20240222,-20.6428
20240222,-21.6428
20240222,-22.6428
20240222,-20.4591
20240222,-21.4591
20240222,-22.4591
20240222,-23.5088
20240222,-22.0707
20240222,-20.2667
20240222,-21.2667
20240222,-22.2667
20240222,-23.2667
20240222,-24.2667
20240222,-25.2667
20240222,-25.2667
20240222,-24.2787
20240222,-21.8196
20240222,-22.8196
20240222,-23.8196
20240222,-21.8196
20240222,-22.8196
20240222,-23.8196
20240222,-24.8196
20240222,-25.8196
20240222,-26.8196
20240222,-24.8196
20240222,-22.5804
20240222,-23.5804
20240223,-24.5804
20240223,-25.5804
20240223,-26.5804
20240223,-24.6824
20240223,-25.6824
20240223,-26.6824
20240223,-27.6824
20240223,-28.6824
20240223,-29.6824
20240223,-27.9428
20240223,-28.9428
20240223,-30.1089
20240223,-31.1089
20240223,-29.0261
20240223,-27.2068
20240223,-28.2068
20240223,-29.2068
20240223,-26.9873
20240223,-27.9873
20240223,-28.9873
20240223,-29.9873
20240223,-30.9873
20240223,-32.0366
20240223,-33.0366
20240223,-31.4271
20240223,-32.4271
20240223,-33.4271
20240223,-31.4271
20240223,-32.4271
20240223,-33.4271
20240223,-34.4271
20240223,-35.4271
20240226,-36.4271
20240226,-37.4271
20240226,-38.4271
20240226,-39.4271
20240226,-40.4271
20240226,-38.4271
20240226,-41.1565
20240226,-39.2771
20240226,-37.2771
20240226,-38.2771
20240226,-39.2771
20240226,-40.2771
20240226,-41.2771
20240226,-38.103
20240226,-39.103
20240226,-37.103
20240226,-38.103
20240226,-39.103
20240226,-40.103
20240226,-41.103
20240226,-42.103
20240226,-39.8295
20240226,-38.9757
20240226,-36.8025
20240226,-34.6601
20240226,-32.4393
20240226,-33.4393
20240226,-34.4393
20240226,-35.4393
20240226,-36.4393
20240226,-37.4393
20240226,-35.4393
20240227,-33.6759
20240227,-34.6759
20240227,-35.6759
20240227,-36.6759
20240227,-37.6759
20240227,-38.6759
20240227,-36.6044
20240227,-37.6044
20240227,-35.6044
20240227,-36.6044
20240227,-37.6044
20240227,-38.6044
20240227,-39.6044
20240227,-40.6044
20240227,-41.6044
20240227,-40.3523
20240227,-41.3523
20240227,-39.3523
20240227,-40.3523
20240227,-41.3523
20240227,-42.3523
20240227,-43.3523
20240227,-44.3523
20240227,-45.3523
20240227,-43.1099
20240227,-44.1099
20240227,-45.1099
20240227,-42.8959
20240227,-43.8959
20240227,-44.8959
20240227,-45.8959
20240227,-46.8959
20240228,-47.8959
20240228,-48.8959
20240228,-50.0163
20240228,-51.0163
20240228,-52.0163
20240228,-53.0163
20240228,-50.8838
20240228,-51.8838
20240228,-52.8838
20240228,-53.8838
20240228,-54.8838
20240228,-52.5537
20240228,-53.5537
20240228,-54.5537
20240228,-55.5537
20240228,-56.5537
20240228,-57.6345
20240228,-58.6345
20240228,-59.6345
20240228,-60.6345
20240228,-61.6345
20240228,-59.8045
20240228,-60.8045
20240228,-58.8045
20240228,-59.8045
20240228,-60.8045
20240228,-61.8045
20240228,-62.8045
20240228,-60.9833
20240228,-61.9833
20240228,-60.5668
20240228,-59.1709
20240229,-60.1709
20240229,-61.1709
20240229,-59.2824
20240229,-56.6971
20240229,-55.8457
20240229,-56.8457
20240229,-57.8457
20240229,-58.8457
20240229,-59.8457
20240229,-60.8457
20240229,-61.8457
20240229,-62.8457
20240229,-61.1376
20240229,-60.0304
20240229,-61.0304
20240229,-62.0304
20240229,-60.033
20240229,-61.033
20240229,-62.033
20240229,-60.033
20240229,-56.6468
20240229,-57.6468
20240229,-58.6468
20240229,-56.9354
20240229,-57.9354
20240229,-58.9354
20240229,-59.9354
20240229,-60.9354
20240229,-59.067
20240229,-60.5576
20240229,-58.0672
20240229,-56.3601
20240301,-54.4533
20240301,-55.4533
20240301,-53.1888
20240301,-54.1888
20240301,-55.1888
20240301,-56.1888
20240301,-57.1888
20240301,-55.3704
20240301,-56.3704
20240301,-57.3704
20240301,-55.3256
20240301,-53.6278
20240301,-51.5383
20240301,-52.5383
20240301,-53.5383
20240301,-51.4908
20240301,-52.4908
20240301,-50.0069
20240301,-51.0069
20240301,-52.0069
20240301,-53.0069
20240301,-50.8824
20240301,-48.2197
20240301,-46.2327
20240301,-44.2327
20240301,-45.2327
20240301,-46.2327
20240301,-47.2327
20240301,-48.2327
20240301,-47.366
20240301,-45.366
20240301,-41.4927
20240304,-42.4927
20240304,-43.4927
20240304,-44.4927
20240304,-45.4927
20240304,-43.4927
20240304,-44.4927
20240304,-45.588
20240304,-46.588
20240304,-47.588
20240304,-48.588
20240304,-49.588
20240304,-47.4799
20240304,-45.7291
20240304,-46.7291
20240304,-41.8984
20240304,-42.8984
20240304,-40.8984
20240304,-41.8984
20240304,-42.8984
20240304,-41.6263
20240304,-42.6263
20240304,-43.6263
20240304,-44.6263
20240304,-42.7971
20240304,-43.7971
20240304,-44.7971
20240304,-45.7971
20240304,-43.7971
20240304,-42.0924
20240304,-43.0924
20240304,-41.7419
20240304,-39.7419
20240305,-40.7419
20240305,-38.5914
20240305,-39.5914
20240305,-40.5914
20240305,-41.5914
20240305,-42.5914
20240305,-43.5914
20240305,-44.5914
20240305,-45.5914
20240305,-46.5914
20240305,-44.7634
20240305,-43.0977
20240305,-44.0977
20240305,-45.0977
20240305,-43.174
20240305,-40.9404
20240305,-41.9404
20240305,-42.9404
20240305,-43.9404
20240305,-44.9404
20240305,-45.9404
20240305,-46.9404
20240305,-44.943
20240305,-45.943
20240305,-43.7768
20240305,-44.7768
20240305,-43.1573
20240305,-41.1573
20240305,-42.1573
20240305,-39.9871
20240305,-40.9871
20240305,-41.9871
20240306,-40.3111
20240306,-41.3111
20240306,-42.3111
20240306,-43.3111
20240306,-39.682
20240306,-40.682
20240306,-41.682
20240306,-42.682
20240306,-43.682
20240306,-44.682
20240306,-45.682
20240306,-43.1963
20240306,-41.8756
20240306,-40.5081
20240306,-38.5799
20240306,-36.6356
20240306,-33.7974
20240306,-34.7974
20240306,-35.7974
20240306,-33.8094
20240306,-34.8094
20240306,-35.8094
20240306,-36.8094
20240306,-37.8094
20240306,-38.8094
20240306,-39.8094
20240306,-37.7664
20240306,-38.7664
20240306,-39.7664
20240306,-40.7664
20240306,-39.0247
20240307,-37.0065
20240307,-35.1694
20240307,-36.1694
20240307,-33.815
20240307,-34.815
20240307,-35.815
20240307,-36.815
20240307,-37.815
20240307,-38.815
20240307,-39.815
20240307,-40.815
20240307,-41.815
20240307,-42.815
20240307,-43.815
20240307,-41.8289
20240307,-39.4881
20240307,-36.9472
20240307,-37.9472
20240307,-38.9472
20240307,-39.9472
20240307,-40.9472
20240307,-41.9472
20240307,-40.0596
20240307,-38.8449
20240307,-39.8449
20240307,-37.6807
20240307,-38.6807
20240307,-37.0281
20240307,-34.0489
20240307,-35.0489
20240307,-36.0489
20240307,-32.1469
20240308,-30.3191
20240308,-28.8633
20240308,-26.7004
20240308,-23.7516
20240308,-24.7516
20240308,-25.7516
20240308,-26.7516
20240308,-24.3641
20240308,-25.3641
20240308,-26.3641
20240308,-27.4312
20240308,-28.4312
20240308,-29.4312
20240308,-27.1963
20240308,-28.1963
20240308,-29.1963
20240308,-30.1963
20240308,-31.1963
20240308,-28.7937
20240308,-29.7937
20240308,-30.7937
20240308,-31.7937
20240308,-32.7937
20240308,-33.7937
20240308,-31.5388
20240308,-32.5388
20240308,-33.5388
20240308,-34.5388
20240308,-33.0866
20240308,-34.0866
20240308,-35.0866
20240308,-36.0866
20240311,-37.0866
20240311,-38.0866
20240311,-36.1599
20240311,-34.6501
20240311,-32.8112
20240311,-30.649
20240311,-31.649
20240311,-32.649
20240311,-33.649
20240311,-31.5387
20240311,-32.5387
20240311,-33.5387
20240311,-34.5387
20240311,-35.5387
20240311,-36.5387
20240311,-37.5387
20240311,-38.5387
20240311,-33.8995
20240311,-31.8313
20240311,-32.8313
20240311,-33.8313
20240311,-34.8313
20240311,-35.8313
20240311,-33.8313
20240311,-31.9574
20240311,-32.9574
20240311,-33.9574
20240311,-31.2784
20240311,-32.2784
20240311,-33.2784
20240311,-34.2784
20240311,-35.2784
20240312,-36.2784
20240312,-37.2784
20240312,-38.2784
20240312,-39.2784
20240312,-40.2784
20240312,-41.2784
20240312,-39.2784
20240312,-40.2784
20240312,-38.5477
20240312,-39.5477
20240312,-38.0993
20240312,-39.0993
20240312,-40.0993
20240312,-39.7983
20240312,-38.0456
20240312,-36.7305
20240312,-37.7305
20240312,-35.7396
20240312,-36.7396
20240312,-34.0769
20240312,-32.1518
20240312,-30.1655
20240312,-29.0885
20240312,-27.4085
20240312,-28.4085
20240312,-29.4085
20240312,-27.7529
20240312,-25.953
20240312,-24.1426
20240312,-25.1426
20240312,-22.8458
20240312,-22.2086
20240313,-20.5918
20240313,-21.5918
20240313,-19.6805
20240313,-17.1555
20240313,-15.5086
20240313,-16.5086
20240313,-17.5086
20240313,-18.5086
20240313,-19.5086
20240313,-20.5086
20240313,-21.5086
20240313,-22.5086
20240313,-23.5086
20240313,-24.5086
20240313,-23.0182
20240313,-24.0182
20240313,-22.6044
20240313,-23.6044
20240313,-24.6044
20240313,-25.6044
20240313,-26.6044
20240313,-25.9507
20240313,-24.6226
20240313,-25.6226
20240313,-23.6226
20240313,-24.6226
20240313,-23.152
20240313,-20.8584
20240313,-21.959
20240313,-22.959
20240313,-21.2275
20240313,-22.2275
20240314,-23.2275
20240314,-24.2275
20240314,-25.2275
20240314,-26.2275
20240314,-27.2275
20240314,-28.2275
20240314,-29.2275
20240314,-27.1743
20240314,-28.1743
20240314,-29.1743
20240314,-27.0067
20240314,-28.0329
20240314,-26.3662
20240314,-27.3662
20240314,-24.8506
20240314,-25.8506
20240314,-26.8506
20240314,-27.8835
20240314,-28.8835
20240314,-29.8835
20240314,-30.8835
20240314,-28.6736
20240314,-29.6736
20240314,-30.6736
20240314,-31.6736
20240314,-32.6736
20240314,-33.6736
20240314,-34.6736
20240314,-35.6736
20240314,-36.6736
20240314,-37.6736
20240315,-38.6736
20240315,-39.6736
20240315,-40.6736
20240315,-41.6736
20240315,-42.6736
20240315,-40.7992
20240315,-41.7992
20240315,-39.6155
20240315,-38.0609
20240315,-39.0609
20240315,-36.9257
20240315,-37.9257
20240315,-35.9257
20240315,-36.9257
20240315,-37.9257
20240315,-38.9257
20240315,-39.9257
20240315,-40.9257
20240315,-41.9257
20240315,-42.9257
20240315,-43.9257
20240315,-41.9991
20240315,-40.2254
20240315,-35.1922
20240315,-36.1922
20240315,-34.1922
20240315,-32.0557
20240315,-33.0557
20240315,-34.0557
20240315,-32.1783
20240315,-33.1783
20240315,-34.1783
20240318,-32.1773
20240318,-33.1773
20240318,-34.1773
20240318,-32.1323
20240318,-33.1323
20240318,-34.1323
20240318,-30.1702
20240318,-27.8435
20240318,-28.8435
20240318,-26.5043
20240318,-24.5043
20240318,-22.8133
20240318,-21.0586
20240318,-22.0586
20240318,-20.8623
20240318,-21.8623
20240318,-22.8623
20240318,-20.7773
20240318,-21.7773
20240318,-20.1233
20240318,-21.1369
20240318,-19.1369
20240318,-20.1369
20240318,-21.1369
20240318,-22.1369
20240318,-23.1369
20240318,-24.1369
20240318,-22.3042
20240318,-23.3042
20240318,-24.3042
20240318,-25.3042
20240319,-26.3042
20240319,-24.3042
20240319,-25.3042
20240319,-26.3042
20240319,-27.3042
20240319,-28.3042
20240319,-26.7753
20240319,-24.7017
20240319,-23.3222
20240319,-20.9908
20240319,-21.9908
20240319,-22.9908
20240319,-20.4666
20240319,-21.4666
20240319,-22.4666
20240319,-20.0176
20240319,-18.0165
20240319,-16.027
20240319,-14.356
20240319,-12.6693
20240319,-13.6693
20240319,-14.6693
20240319,-15.6693
20240319,-16.6693
20240319,-15.2368
20240319,-16.299
20240319,-17.299
20240319,-18.299
20240319,-17.0128
20240319,-18.0128
20240319,-19.0128
20240320,-20.0128
20240320,-21.0128
20240320,-19.357
20240320,-20.357
20240320,-21.357
20240320,-19.357
20240320,-20.357
20240320,-18.3934
20240320,-19.3934
20240320,-20.3934
20240320,-18.6778
20240320,24.8526
20240320,23.8526
20240320,22.8526
20240320,21.8526
20240320,20.8526
20240320,19.8526
20240320,18.8526
20240320,17.8526
20240320,16.8526
20240320,15.8526
20240320,14.8526
20240320,16.3426
20240320,15.3426
20240320,16.898
20240320,15.898
20240320,17.6243
20240320,16.6243
20240320,15.6243
20240320,14.6243
20240320,13.6243
20240320,12.6243
20240321,11.6243
20240321,10.6243
20240321,9.6243
20240321,11.2398
20240321,10.2398
20240321,9.2398
20240321,8.2398
20240321,10.2398
20240321,9.2398
20240321,11.2398
20240321,13.3477
20240321,12.3477
20240321,11.3477
20240321,10.3477
20240321,9.3477
20240321,8.3477
20240321,7.3477
20240321,6.3477
20240321,5.3477
20240321,4.3477
20240321,3.3477
20240321,7.7352
20240321,9.0738
20240321,11.0738
20240321,10.0738
20240321,9.0738
20240321,10.8515
20240321,9.8515
20240321,8.8515
20240321,7.8515
20240321,6.8515
20240321,5.8515
20240322,4.8515
20240322,3.8515
20240322,5.6281
20240322,4.6281
20240322,6.1511
20240322,7.6469
20240322,6.6469
20240322,5.6469
20240322,9.064
20240322,8.064
20240322,10.064
20240322,9.064
20240322,11.064
20240322,13.064
20240322,12.064
20240322,14.4057
20240322,16.4057
20240322,15.4057
20240322,16.6917
20240322,15.6917
20240322,17.2421
20240322,19.2421
20240322,18.2421
20240322,17.2421
20240322,20.2271
20240322,22.3882
20240322,23.3896
20240322,25.6969
20240322,24.6969
20240322,23.6969
20240322,22.6969
20240325,24.7449
20240325,26.683
20240325,25.683
20240325,24.683
20240325,23.683
20240325,22.683
20240325,21.683
20240325,20.683
20240325,21.7338
20240325,23.3961
20240325,22.3961
20240325,21.3961
20240325,20.3961
20240325,19.3961
20240325,18.3961
20240325,17.3961
20240325,16.3961
20240325,15.3961
20240325,18.0525
20240325,17.0525
20240325,16.0525
20240325,15.0525
20240325,14.0525
20240325,15.3942
20240325,14.3942
20240325,13.3942
20240325,12.3942
20240325,14.3942
20240325,13.3942
20240325,12.3942
20240325,12.7186
20240325,11.7186
20240326,13.1887
20240326,12.1887
20240326,11.1887
20240326,10.1887
20240326,9.1887
20240326,8.1887
20240326,7.1887
20240326,6.1887
20240326,5.1887
20240326,6.9471
20240326,5.9471
20240326,4.9471
20240326,6.203
20240326,5.203
20240326,7.76
20240326,9.76
20240326,8.76
20240326,11.134
20240326,10.134
20240326,9.134
20240326,11.134
20240326,11.5033
20240326,10.5033
20240326,9.5033
20240326,8.5033
20240326,7.5033
20240326,9.5033
20240326,8.5033
20240326,10.5033
20240326,9.5033
20240326,8.5033
20240326,7.5033
20240327,9.8154
20240327,8.8154
20240327,7.8154
20240327,6.8154
20240327,5.8154
20240327,4.8154
20240327,3.8154
20240327,5.5643
20240327,4.5643
20240327,6.6333
20240327,8.5894
20240327,7.5894
20240327,6.5894
20240327,5.5894
20240327,4.5894
20240327,6.9396
20240327,5.9396
20240327,4.9396
20240327,6.0971
20240327,5.0971
20240327,4.0971
20240327,5.5794
20240327,8.6094
20240327,8.6094
20240327,11.6109
20240327,10.6109
20240327,12.1363
20240327,11.1363
20240327,10.1363
20240327,9.1363
20240327,8.1363
20240327,7.1363
20240328,6.1363
20240328,5.1363
20240328,7.5846
20240328,6.5846
20240328,9.1173
20240328,10.8379
20240328,12.8379
20240328,15.3775
20240328,16.2838
20240328,18.1513
20240328,17.1513
20240328,16.1513
20240328,15.1513
20240328,14.1513
20240328,13.1513
20240328,14.8523
20240328,13.8523
20240328,12.8523
20240328,11.8523
20240328,10.8523
20240328,12.7892
20240328,14.5158
20240328,13.5158
20240328,12.2906
20240328,14.2906
20240328,16.2906
20240328,15.2906
20240328,14.2906
20240328,13.2906
20240328,12.2401
20240328,11.2401
20240328,12.6648
20240401,15.8902
20240401,14.8902
20240401,16.5398
20240401,15.4511
20240401,14.4511
20240401,13.4511
20240401,15.3251
20240401,14.3251
20240401,13.3251
20240401,12.3251
20240401,11.3251
20240401,10.3251
20240401,9.3018
20240401,8.3018
20240401,7.3018
20240401,9.1055
20240401,8.1055
20240401,7.1055
20240401,6.1055
20240401,7.4141
20240401,6.4141
20240401,5.4141
20240401,4.4141
20240401,3.4141
20240401,2.4141
20240401,1.4141
20240401,0.4141
20240401,-0.5859
20240401,-1.5859
20240401,0.0653
20240401,2.2159
20240402,4.7135
20240402,3.7135
20240402,5.3872
20240402,4.3872
20240402,3.3872
20240402,5.4706
20240402,4.4706
20240402,6.6838
20240402,5.6838
20240402,7.6838
20240402,6.6838
20240402,5.6838
20240402,4.6838
20240402,6.5537
20240402,5.5537
20240402,9.035
20240402,11.035
20240402,11.801
20240402,13.5628
20240402,12.5628
20240402,11.5628
20240402,10.5628
20240402,9.5628
20240402,8.5628
20240402,7.5628
20240402,6.5628
20240402,8.5628
20240402,7.5628
20240402,10.0569
20240402,9.0569
20240402,11.3585
20240402,13.3585
20240403,12.3585
20240403,13.6368
20240403,15.6296
20240403,14.6296
20240403,16.2273
20240403,15.2273
20240403,17.2273
20240403,16.2273
20240403,15.2273
20240403,16.8382
20240403,15.8382
20240403,18.2149
20240403,20.223
20240403,22.223
20240403,24.6929
20240403,26.3327
20240403,25.3327
20240403,24.3327
20240403,23.3327
20240403,22.3327
20240403,24.1322
20240403,23.1322
20240403,24.1931
20240403,23.1931
20240403,22.1931
20240403,24.1931
20240403,25.0252
20240403,24.0252
20240403,23.0252
20240403,24.8183
20240403,26.8183
20240403,25.8183
20240404,24.8183
20240404,26.9177
20240404,25.9177
20240404,24.9177
20240404,27.0165
20240404,26.0165
20240404,27.8827
20240404,26.8827
20240404,25.8827
20240404,27.8827
20240404,26.8827
20240404,28.9937
20240404,27.9937
20240404,29.9712
20240404,28.9712
20240404,27.9712
20240404,26.9712
20240404,25.9712
20240404,27.5244
20240404,26.5244
20240404,28.5244
20240404,30.3661
20240404,29.3661
20240404,28.3661
20240404,30.495
20240404,29.495
20240404,31.4112
20240404,30.4112
20240404,29.4112
20240404,31.0258
20240404,30.0258
20240405,29.0258
20240405,28.0258
20240405,27.0258
20240405,26.0258
20240405,25.0258
20240405,24.0258
20240405,23.0258
20240405,24.8488
20240405,23.8488
20240405,22.8488
20240405,21.8488
20240405,20.8488
20240405,19.8488
20240405,21.4187
20240405,20.4187
20240405,19.4187
20240405,18.4187
20240405,17.4187
20240405,16.4187
20240405,15.4187
20240405,14.4187
20240405,17.4777
20240405,19.4777
20240405,18.4777
20240405,17.4777
20240405,16.4777
20240405,15.4777
20240405,14.4777
20240405,13.4777
20240405,12.4777
20240405,14.2518
20240408,16.3295
20240408,15.3295
20240408,14.3295
20240408,13.3295
20240408,12.3295
20240408,14.6052
20240408,13.6052
20240408,12.6052
20240408,11.6052
20240408,13.5519
20240408,16.8499
20240408,15.1605
20240408,16.8439
20240408,15.6726
20240408,17.8551
20240408,16.8551
20240408,15.8551
20240408,14.8551
20240408,13.8551
20240408,15.4408
20240408,14.4408
20240408,13.4408
20240408,12.4408
20240408,14.5283
20240408,13.5283
20240408,12.5283
20240408,11.5283
20240408,12.2332
20240408,11.2332
20240408,10.2332
20240408,12.2332
20240408,13.5226
20240409,15.5027
20240409,14.5027
20240409,13.5027
20240409,15.0398
20240409,14.0398
20240409,13.0398
20240409,12.0398
20240409,11.0398
20240409,10.0398
20240409,11.8134
20240409,13.9416
20240409,12.9416
20240409,14.8195
20240409,16.8195
20240409,15.8195
20240409,14.8195
20240409,13.8195
20240409,12.8195
20240409,11.8195
20240409,13.9429
20240409,16.1913
20240409,18.1913
20240409,17.1913
20240409,20.5323
20240409,23.3308
20240409,22.3308
20240409,21.3308
20240409,20.3308
20240409,19.3308
20240409,20.724
20240409,21.4782
20240409,20.4782
20240410,19.4782
20240410,18.4782
20240410,17.4782
20240410,20.1883
20240410,19.1883
20240410,21.9284
20240410,20.9284
20240410,19.9284
20240410,21.9284
20240410,20.9284
20240410,19.9284
20240410,18.9284
20240410,17.9284
20240410,19.4625
20240410,18.4625
20240410,17.4625
20240410,16.4625
20240410,17.8378
20240410,16.8378
20240410,15.8378
20240410,14.8378
20240410,13.8378
20240410,15.8378
20240410,14.8378
20240410,13.8378
20240410,12.8378
20240410,11.8378
20240410,10.8378
20240410,13.1798
20240410,12.1798
20240410,14.4339
20240410,15.74
20240411,14.74
20240411,17.2313
20240411,16.2313
20240411,15.2313
20240411,14.2313
20240411,13.2313
20240411,15.4917
20240411,17.8828
20240411,16.8828
20240411,18.273
20240411,17.273
20240411,16.273
20240411,17.949
20240411,20.0957
20240411,21.5268
20240411,20.5268
20240411,19.5268
20240411,18.5268
20240411,17.5268
20240411,16.5268
20240411,15.5268
20240411,17.347
20240411,16.347
20240411,15.347
20240411,14.347
20240411,13.347
20240411,12.347
20240411,14.4827
20240411,15.4177
20240411,14.4177
20240411,13.4177
20240411,12.4177
20240412,14.4177
20240412,13.4177
20240412,12.4177
20240412,14.3838
20240412,18.6972
20240412,20.9918
20240412,19.9918
20240412,21.8
20240412,24.1395
20240412,26.8009
20240412,25.8009
20240412,24.8009
20240412,23.8009
20240412,22.8009
20240412,24.7468
20240412,26.878
20240412,28.878
20240412,32.4868
20240412,31.4868
20240412,30.4868
20240412,29.458
20240412,31.2957
20240412,30.2957
20240412,29.2957
20240412,28.2957
20240412,27.0606
20240412,29.2826
20240412,31.2826
20240412,33.1437
20240412,32.1437
20240412,34.2331
20240412,33.2331
20240415,35.2331
20240415,34.2331
20240415,33.2331
20240415,32.2331
20240415,34.0141
20240415,35.3632
20240415,36.4367
20240415,38.4367
20240415,37.4367
20240415,36.4367
20240415,35.4367
20240415,34.4367
20240415,36.4367
20240415,38.4367
20240415,37.4367
20240415,36.4367
20240415,35.4367
20240415,34.4367
20240415,36.4367
20240415,35.4367
20240415,34.4367
20240415,33.4367
20240415,32.4367
20240415,31.4367
20240415,30.4367
20240415,29.4367
20240415,34.1074
20240415,33.1074
20240415,32.1074
20240415,33.9179
20240415,32.9179
20240415,34.4198
20240416,33.4198
20240416,32.4198
20240416,31.4198
20240416,33.4198
20240416,32.4198
20240416,31.4198
20240416,30.4198
20240416,29.4198
20240416,28.4198
20240416,27.4198
20240416,29.3681
20240416,28.3681
20240416,31.5795
20240416,30.5795
20240416,29.5795
20240416,31.1844
20240416,30.1844
20240416,29.1844
20240416,30.1965
20240416,31.8681
20240416,30.8681
20240416,29.8681
20240416,31.8681
20240416,33.8681
20240416,36.3679
20240416,35.3679
20240416,34.1481
20240416,33.1481
20240416,34.9808
20240416,36.9808
20240416,35.9808
20240416,34.9808
20240417,33.9808
20240417,32.9808
20240417,31.9808
20240417,30.9808
20240417,32.7831
20240417,31.7831
20240417,30.7831
20240417,29.7831
20240417,31.3454
20240417,30.3454
20240417,29.3229
20240417,28.3229
20240417,31.0694
20240417,30.0694
20240417,31.8794
20240417,33.8794
20240417,36.0271
20240417,35.0271
20240417,34.0271
20240417,33.0271
20240417,32.0271
20240417,34.1212
20240417,36.457
20240417,35.457
20240417,34.457
20240417,33.4097
20240417,32.4097
20240417,31.4097
20240417,33.2709
20240417,32.2709
20240417,31.2709
20240417,32.8837
20240418,34.5032
20240418,33.5032
20240418,32.5032
20240418,31.5032
20240418,30.5032
20240418,29.5032
20240418,28.5032
20240418,27.5032
20240418,26.5032
20240418,28.5032
20240418,27.5032
20240418,26.1144
20240418,25.1144
20240418,27.0255
20240418,26.0255
20240418,25.0255
20240418,24.0255
20240418,26.7208
20240418,28.6716
20240418,27.6716
20240418,26.5604
20240418,29.6157
20240418,31.3184
20240418,33.3184
20240418,34.5143
20240418,36.5143
20240418,38.0615
20240418,39.4147
20240418,38.4147
20240418,40.2479
20240418,39.2479
20240418,37.8632
20240419,39.8632
20240419,38.8632
20240419,40.8868
20240419,39.8868
20240419,38.8868
20240419,41.1586
20240419,40.1586
20240419,39.1586
20240419,38.1586
20240419,40.0329
20240419,39.0329
20240419,38.0329
20240419,37.0329
20240419,36.0329
20240419,35.0329
20240419,37.1042
20240419,39.6826
20240419,38.6826
20240419,37.6826
20240419,39.6826
20240419,38.6826
20240419,37.6826
20240419,39.5907
20240419,38.5907
20240419,37.5907
20240419,36.5907
20240419,35.5907
20240419,37.5907
20240419,39.7768
20240419,38.7768
20240419,40.3286
20240419,42.3827
20240422,41.3827
20240422,40.3827
20240422,42.221
20240422,44.221
20240422,46.0992
20240422,45.0992
20240422,44.0992
20240422,45.7269
20240422,44.7269
20240422,46.4871
20240422,45.4871
20240422,44.4871
20240422,43.4871
20240422,46.5034
20240422,45.5034
20240422,47.1903
20240422,46.1903
20240422,45.1903
20240422,44.1903
20240422,43.1903
20240422,42.1903
20240422,41.1903
20240422,40.1903
20240422,39.1903
20240422,40.8968
20240422,39.8968
20240422,38.8968
20240422,37.8968
20240422,36.8968
20240422,38.9545
20240422,40.9545
20240422,43.2316
20240423,43.2316
20240423,42.2316
20240423,44.2316
20240423,46.0742
20240423,45.0742
20240423,46.8976
20240423,48.4747
20240423,47.3908
20240423,49.0287
20240423,48.0287
20240423,49.7166
20240423,48.7166
20240423,47.7166
20240423,46.7166
20240423,45.7166
20240423,44.7166
20240423,43.7166
20240423,42.7166
20240423,41.7166
20240423,44.2346
20240423,43.2346
20240423,42.2346
20240423,41.2346
20240423,40.2346
20240423,39.2346
20240423,38.2346
20240423,37.2346
20240423,39.076
20240423,38.076
20240423,40.076
20240423,38.9474
20240423,37.9474
20240424,36.9474
20240424,35.9474
20240424,34.5526
20240424,37.6329
20240424,36.6329
20240424,35.6329
20240424,34.6329
20240424,33.6329
20240424,32.6329
20240424,34.4211
20240424,36.1556
20240424,35.1556
20240424,37.1743
20240424,38.518
20240424,37.518
20240424,36.518
20240424,35.518
20240424,37.0152
20240424,36.0152
20240424,37.0173
20240424,36.0173
20240424,35.0173
20240424,35.6928
20240424,38.9304
20240424,40.0597
20240424,39.0597
20240424,38.0597
20240424,37.0597
20240424,36.0597
20240424,36.4209
20240424,38.4529
20240424,40.7996
20240425,42.6212
20240425,44.6616
20240425,43.6616
20240425,45.6616
20240425,44.6616
20240425,48.1261
20240425,47.1261
20240425,46.1261
20240425,48.0034
20240425,50.4985
20240425,49.4985
20240425,51.8392
20240425,50.8392
20240425,49.8392
20240425,48.8392
20240425,47.8392
20240425,46.8392
20240425,45.8392
20240425,44.8392
20240425,43.8121
20240425,42.8121
20240425,44.569
20240425,46.569
20240425,48.569
20240425,49.6101
20240425,48.6101
20240425,47.6101
20240425,46.6101
20240425,45.6101
20240425,47.6101
20240425,49.9357
20240425,48.9357
20240426,47.9357
20240426,46.9357
20240426,45.9357
20240426,44.9357
20240426,43.9357
20240426,45.9363
20240426,44.9363
20240426,43.9363
20240426,45.9802
20240426,44.9802
20240426,47.9338
20240426,46.9338
20240426,45.9338
20240426,44.8923
20240426,43.8923
20240426,42.8923
20240426,46.0482
20240426,47.5837
20240426,49.0517
20240426,48.0517
20240426,46.5615
20240426,45.5615
20240426,44.5615
20240426,43.5615
20240426,46.2087
20240426,45.2087
20240426,44.2087
20240426,45.5715
20240426,47.2198
20240426,46.2198
20240426,45.2198
20240426,48.0446
20240429,47.0446
20240429,46.0446
20240429,45.0446
20240429,44.0446
20240429,46.1689
20240429,45.1689
20240429,47.7137
20240429,46.7137
20240429,45.7137
20240429,44.7137
20240429,46.8948
20240429,45.8948
20240429,49.1911
20240429,48.1911
20240429,47.1911
20240429,46.1911
20240429,45.1911
20240429,47.3358
20240429,49.3358
20240429,48.3358
20240429,50.2223
20240429,51.0731
20240429,50.0731
20240429,52.0731
20240429,51.0731
20240429,53.0731
20240429,56.8176
20240429,58.8176
20240429,57.8176
20240429,60.3389
20240429,59.3389
20240429,58.3389
20240430,57.3389
20240430,56.3389
20240430,55.3389
20240430,54.3389
20240430,53.2533
20240430,52.2533
20240430,51.2533
20240430,53.086
20240430,52.086
20240430,51.086
20240430,50.086
20240430,49.086
20240430,51.086
20240430,50.086
20240430,52.086
20240430,53.2691
20240430,54.9145
20240430,53.9145
20240430,55.9145
20240430,54.9145
20240430,56.6504
20240430,55.6504
20240430,54.6504
20240430,53.6504
20240430,55.867
20240430,54.867
20240430,53.867
20240430,52.867
20240430,51.867
20240430,53.699
20240430,55.4134
20240430,54.4134
20240501,53.4134
20240501,52.4134
20240501,51.4134
20240501,50.4134
20240501,49.4134
20240501,48.4134
20240501,50.181
20240501,52.0858
20240501,51.0858
20240501,50.0858
20240501,52.1349
20240501,54.1349
20240501,53.1349
20240501,52.1349
20240501,51.1349
20240501,50.1349
20240501,49.1349
20240501,52.2124
20240501,51.2124
20240501,50.2124
20240501,52.2046
20240501,54.2046
20240501,53.1028
20240501,55.7053
20240501,54.7053
20240501,56.7053
20240501,55.7053
20240501,54.7053
20240501,53.7053
20240501,52.7053
20240501,54.6549
20240501,57.3748
20240502,56.3748
20240502,55.3748
20240502,54.3748
20240502,53.3748
20240502,52.3748
20240502,51.3748
20240502,50.3748
20240502,49.3748
20240502,48.3748
20240502,54.1998
20240502,56.5769
20240502,55.5769
20240502,57.8168
20240502,56.8168
20240502,55.8168
20240502,58.3249
20240502,57.3249
20240502,56.3249
20240502,55.3249
20240502,57.2632
20240502,56.2632
20240502,59.2645
20240502,61.4661
20240502,60.4661
20240502,59.4661
20240502,58.4661
20240502,57.4661
20240502,60.6811
20240502,59.6811
20240502,58.6811
20240502,59.3868
20240502,58.3868
20240503,60.3868
20240503,59.3868
20240503,58.3868
20240503,60.3868
20240503,62.3868
20240503,65.2575
20240503,66.8748
20240503,69.2108
20240503,68.2108
20240503,72.0524
20240503,74.0524
20240503,73.0524
20240503,72.0524
20240503,71.0524
20240503,70.0524
20240503,69.0524
20240503,71.5698
20240503,70.5698
20240503,72.6126
20240503,71.6126
20240503,70.6126
20240503,69.6126
20240503,71.6126
20240503,70.6126
20240503,69.6126
20240503,68.6126
20240503,70.3187
20240503,69.3187
20240503,70.8831
20240503,72.8819
20240503,74.2958
20240503,75.6333
20240506,74.6333
20240506,73.6333
20240506,72.6333
20240506,75.693
20240506,74.693
20240506,76.5681
20240506,75.5681
20240506,78.6737
20240506,80.1605
20240506,81.641
20240506,83.641
20240506,85.641
20240506,84.641
20240506,83.641
20240506,82.641
20240506,81.641
20240506,80.641
20240506,79.641
20240506,78.641
20240506,77.641
20240506,78.9703
20240506,81.5101
20240506,80.5101
20240506,82.5101
20240506,81.5101
20240506,80.5101
20240506,81.9613
20240506,80.9613
20240506,79.9613
20240506,78.9613
20240506,77.9613
20240506,79.1905
20240507,78.1905
20240507,79.849
20240507,78.849
20240507,77.849
20240507,76.849
20240507,79.208
20240507,81.3198
20240507,80.3198
20240507,79.3198
20240507,80.921
20240507,79.921
20240507,81.3393
20240507,83.6187
20240507,82.6187
20240507,81.6187
20240507,84.3363
20240507,83.3363
20240507,82.3363
20240507,81.3363
20240507,80.3363
20240507,79.3363
20240507,78.3363
20240507,79.8777
20240507,81.8777
20240507,80.8777
20240507,82.3871
20240507,81.3871
20240507,83.0278
20240507,82.0278
20240507,81.0278
20240507,82.6547
20240507,81.6547
20240508,80.6547
20240508,79.6547
20240508,81.4226
20240508,80.4226
20240508,79.4226
20240508,78.4226
20240508,77.4226
20240508,76.4226
20240508,78.1183
20240508,80.117
20240508,79.117
20240508,78.117
20240508,80.117
20240508,79.117
20240508,78.117
20240508,78.3331
20240508,77.3331
20240508,76.3331
20240508,75.3331
20240508,74.3331
20240508,76.6668
20240508,78.2476
20240508,80.2476
20240508,79.2476
20240508,78.2476
20240508,77.2476
20240508,76.2476
20240508,77.3484
20240508,76.3484
20240508,75.3484
20240508,79.6414
20240508,82.0842
20240509,81.0842
20240509,80.0842
20240509,79.0842
20240509,78.0842
20240509,77.0842
20240509,78.9736
20240509,77.9736
20240509,76.9736
20240509,79.9789
20240509,83.2728
20240509,86.7431
20240509,85.7431
20240509,87.706
20240509,86.706
20240509,88.6231
20240509,94.0959
20240509,93.0959
20240509,92.0959
20240509,91.0959
20240509,90.0959
20240509,89.0959
20240509,88.0959
20240509,87.0959
20240509,86.0959
20240509,85.0959
20240509,86.2632
20240509,88.2632
20240509,87.2632
20240509,86.2632
20240509,87.8678
20240509,86.8678
20240509,85.8678
20240510,84.8678
20240510,83.8678
20240510,85.1304
20240510,87.4261
20240510,86.4261
20240510,88.4261
20240510,87.4261
20240510,86.4261
20240510,85.4261
20240510,84.4261
20240510,83.4261
20240510,82.4261
20240510,81.4261
20240510,80.4261
20240510,79.4261
20240510,81.2591
20240510,80.2313
20240510,79.2313
20240510,78.2313
20240510,77.2313
20240510,76.2313
20240510,75.2313
20240510,74.2313
20240510,73.2313
20240510,74.358
20240510,73.358
20240510,75.1835
20240510,74.1835
20240510,73.1835
20240510,72.1835
20240510,75.7104
20240510,74.7104
20240513,73.7104
20240513,72.7104
20240513,71.7104
20240513,73.4751
20240513,72.4751
20240513,71.4751
20240513,73.8286
20240513,76.419
20240513,78.1801
20240513,77.1801
20240513,78.3414
20240513,77.3414
20240513,76.3414
20240513,78.3414
20240513,80.3414
20240513,79.3414
20240513,78.3414
20240513,77.2873
20240513,76.2873
20240513,75.2873
20240513,74.2873
20240513,73.2873
20240513,75.2873
20240513,74.2873
20240513,73.2873
20240513,72.2873
20240513,71.2873
20240513,70.2873
20240513,72.2873
20240513,74.5386
20240513,75.9386
20240513,77.9647
20240514,76.9647
20240514,75.9647
20240514,76.947
20240514,78.9149
20240514,77.9149
20240514,79.3958
20240514,81.0011
20240514,83.0714
20240514,85.0714
20240514,84.0714
20240514,85.717
20240514,84.717
20240514,86.717
20240514,85.717
20240514,84.717
20240514,89.2914
20240514,88.2914
20240514,90.2914
20240514,92.9957
20240514,91.9957
20240514,90.9957
20240514,89.9957
20240514,91.8785
20240514,90.8785
20240514,89.8785
20240514,91.4271
20240514,90.4271
20240514,92.9504
20240514,91.9504
20240514,94.3321
20240514,93.3321
20240514,92.3321
20240515,94.2307
20240515,96.343
20240515,97.4328
20240515,96.4328
20240515,95.4328
20240515,94.4328
20240515,93.4328
20240515,92.4328
20240515,91.4328
20240515,90.4328
20240515,89.4328
20240515,88.4328
20240515,87.4328
20240515,86.4328
20240515,85.4328
20240515,84.4328
20240515,83.4328
20240515,85.4328
20240515,84.4328
20240515,83.4328
20240515,82.4328
20240515,81.4328
20240515,80.4328
20240515,79.4328
20240515,78.4328
20240515,77.4328
20240515,76.1093
20240515,78.1093
20240515,80.0127
20240515,79.0127
20240515,78.0127
20240515,80.0127
20240516,82.0127
20240516,81.0127
20240516,80.0127
20240516,82.0578
20240516,81.0578
20240516,80.0578
20240516,79.0578
20240516,79.8948
20240516,78.8948
20240516,77.8948
20240516,79.8554
20240516,82.227
20240516,84.2025
20240516,86.2025
20240516,85.1473
20240516,84.1473
20240516,83.1473
20240516,84.856
20240516,86.2681
20240516,85.2681
20240516,84.2681
20240516,86.9693
20240516,85.9693
20240516,84.9693
20240516,83.9693
20240516,82.9693
20240516,84.9693
20240516,83.9693
20240516,82.9693
20240516,84.5057
20240516,86.6872
20240516,88.4632
20240517,90.3207
20240517,89.3207
20240517,90.9891
20240517,89.9891
20240517,88.9891
20240517,87.9891
20240517,86.9891
20240517,85.9891
20240517,84.9891
20240517,83.9891
20240517,82.9891
20240517,81.9891
20240517,84.0868
20240517,83.0868
20240517,82.0868
20240517,81.0868
20240517,80.0868
20240517,79.0868
20240517,80.9811
20240517,83.1212
20240517,82.1212
20240517,81.1212
20240517,82.806
20240517,84.5949
20240517,83.5949
20240517,85.5949
20240517,87.1332
20240517,86.1332
20240517,88.1332
20240517,90.1332
20240517,89.1332
20240517,88.1332
20240520,87.1332
20240520,86.1332
20240520,88.1332
20240520,90.1332
20240520,89.1332
20240520,88.1033
20240520,87.1033
20240520,86.1033
20240520,85.1033
20240520,84.1033
20240520,83.1033
20240520,82.1033
20240520,83.7989
20240520,82.7989
20240520,85.171
20240520,84.171
20240520,83.171
20240520,82.171
20240520,81.0599
20240520,80.0599
20240520,82.0599
20240520,84.365
20240520,83.365
20240520,82.365
20240520,82.365
20240520,81.365
20240520,80.365
20240520,79.365
20240520,78.365
20240520,80.2133
20240520,79.2133
20240520,78.2133
20240521,80.1631
20240521,79.1631
20240521,81.0883
20240521,80.0883
20240521,79.0883
20240521,78.0883
20240521,77.0883
20240521,76.0883
20240521,78.0883
20240521,77.0883
20240521,76.0883
20240521,77.8726
20240521,76.8726
20240521,75.8726
20240521,78.1471
20240521,77.1406
20240521,78.9875
20240521,77.9875
20240521,76.9875
20240521,75.9875
20240521,78.1698
20240521,81.7939
20240521,80.7939
20240521,79.7939
20240521,81.7923
20240521,80.7923
20240521,79.7923
20240521,78.7923
20240521,80.5654
20240521,79.5654
20240521,78.5654
20240521,77.5654
20240522,76.5654
20240522,78.439
20240522,79.6562
20240522,82.2365
20240522,81.2365
20240522,80.2365
20240522,79.2365
20240522,78.2365
20240522,77.2365
20240522,76.2365
20240522,75.2365
20240522,77.2365
20240522,76.2365
20240522,78.5494
20240522,77.5494
20240522,80.1745
20240522,82.5201
20240522,84.5201
20240522,88.0836
20240522,90.4669
20240522,89.4669
20240522,90.9814
20240522,89.9533
20240522,91.9533
20240522,93.151
20240522,92.151
20240522,91.151
20240522,90.151
20240522,92.2175
20240522,91.2175
20240522,90.2175
20240522,89.2175
20240523,91.2175
20240523,90.2175
20240523,89.2175
20240523,88.2175
20240523,87.2175
20240523,86.2175
20240523,85.2175
20240523,84.2175
20240523,85.9266
20240523,87.9211
20240523,86.8925
20240523,85.8925
20240523,87.9997
20240523,89.9997
20240523,88.9997
20240523,90.6572
20240523,92.3164
20240523,91.3164
20240523,92.8368
20240523,94.8368
20240523,93.8368
20240523,92.8368
20240523,94.4662
20240523,93.4662
20240523,92.4662
20240523,91.4662
20240523,90.4662
20240523,89.4662
20240523,90.8614
20240523,89.8614
20240523,88.8614
20240523,87.8614
20240524,86.8614
20240524,85.8614
20240524,84.8614
20240524,86.8614
20240524,91.8622
20240524,90.8622
20240524,92.9365
20240524,91.9365
20240524,90.9365
20240524,92.5979
20240524,94.5979
20240524,96.9582
20240524,95.9582
20240524,94.9582
20240524,96.4397
20240524,98.1291
20240524,97.1291
20240524,98.139
20240524,97.139
20240524,96.139
20240524,95.139
20240524,94.139
20240524,93.139
20240524,92.139
20240524,91.139
20240524,90.139
20240524,91.519
20240524,90.519
20240524,92.519
20240524,94.4197
20240524,95.8844
20240524,94.8844
20240528,93.8844
20240528,92.8635
20240528,91.8635
20240528,90.8635
20240528,89.8635
20240528,88.8635
20240528,87.8635
20240528,89.6531
20240528,88.6531
20240528,87.6531
20240528,86.6531
20240528,85.6531
20240528,87.3884
20240528,86.3884
20240528,85.3884
20240528,84.3884
20240528,83.3884
20240528,82.3884
20240528,81.3884
20240528,80.3884
20240528,79.3884
20240528,78.3884
20240528,77.3884
20240528,80.3124
20240528,82.5311
20240528,81.5311
20240528,80.5311
20240528,79.5311
20240528,80.7553
20240528,79.7553
20240528,78.7553
20240528,77.7553
20240529,76.7553
20240529,78.837
20240529,77.837
20240529,76.837
20240529,75.837
20240529,74.837
20240529,73.837
20240529,72.837
20240529,71.837
20240529,70.837
20240529,69.837
20240529,68.837
20240529,67.837
20240529,66.837
20240529,65.837
20240529,67.119
20240529,68.9502
20240529,67.9502
20240529,66.9502
20240529,65.9502
20240529,67.9528
20240529,66.8534
20240529,68.9856
20240529,67.9856
20240529,69.607
20240529,71.607
20240529,70.607
20240529,69.607
20240529,72.879
20240529,71.879
20240529,70.879
20240529,69.879
20240530,71.4016
20240530,70.4016
20240530,69.4016
20240530,71.1173
20240530,73.2456
20240530,74.9329
20240530,73.9329
20240530,75.6265
20240530,74.6265
20240530,73.6265
20240530,74.8561
20240530,73.8561
20240530,75.4691
20240530,74.4691
20240530,77.0151
20240530,76.0151
20240530,78.0151
20240530,77.0151
20240530,76.0151
20240530,75.0151
20240530,74.0151
20240530,76.6494
20240530,75.6494
20240530,74.6494
20240530,76.003
20240530,75.003
20240530,74.003
20240530,73.003
20240530,72.003
20240530,71.003
20240530,70.003
20240530,71.636
20240531,70.636
20240531,72.636
20240531,74.8455
20240531,73.8455
20240531,72.8455
20240531,71.8455
20240531,73.8455
20240531,75.8455
20240531,74.8455
20240531,73.8455
20240531,72.8455
20240531,71.8455
20240531,70.8455
20240531,69.8455
20240531,68.8455
20240531,67.8455
20240531,66.8455
20240531,68.8455
20240531,70.8473
20240531,69.8473
20240531,71.539
20240531,70.539
20240531,69.539
20240531,71.6245
20240531,70.6245
20240531,69.6245
20240531,68.6245
20240531,70.2044
20240531,71.947
20240531,74.1698
20240531,73.1698
20240531,72.1698
20240603,71.1698
20240603,73.8025
20240603,72.8025
20240603,75.4577
20240603,74.4577
20240603,73.4577
20240603,75.6008
20240603,74.6008
20240603,73.6008
20240603,72.6008
20240603,71.6008
20240603,70.6008
20240603,69.6008
20240603,68.6008
20240603,67.6008
20240603,69.4162
20240603,68.4162
20240603,70.5452
20240603,72.2063
20240603,71.2063
20240603,73.2063
20240603,72.2063
20240603,71.2063
20240603,72.9484
20240603,71.9484
20240603,70.9484
20240603,69.9484
20240603,71.401
20240603,70.401
20240603,72.401
20240603,73.9009
20240603,72.9009
20240604,71.9009
20240604,70.9009
20240604,69.9009
20240604,70.191
20240604,72.0909
20240604,71.0909
20240604,70.0909
20240604,72.2637
20240604,71.2637
20240604,70.2637
20240604,69.2081
20240604,68.2081
20240604,67.2081
20240604,66.2081
20240604,65.2081
20240604,66.6182
20240604,65.6182
20240604,64.6182
20240604,66.9431
20240604,65.9431
20240604,64.9431
20240604,63.9431
20240604,62.9431
20240604,61.9431
20240604,63.6313
20240604,62.6313
20240604,61.6313
20240604,60.6313
20240604,59.6313
20240604,58.6313
20240604,57.6313
20240604,56.6313
20240605,58.7493
20240605,59.9666
20240605,61.9666
20240605,60.9666
20240605,59.7629
20240605,61.7629
20240605,60.7629
20240605,62.4376
20240605,64.2432
20240605,63.2432
20240605,62.2432
20240605,64.0636
20240605,63.0636
20240605,62.0636
20240605,62.4117
20240605,61.4117
20240605,60.4117
20240605,62.6878
20240605,61.6878
20240605,60.6878
20240605,59.6878
20240605,58.6878
20240605,57.6878
20240605,56.6878
20240605,58.3959
20240605,60.3959
20240605,59.3959
20240605,58.3959
20240605,57.3959
20240605,56.3959
20240605,55.3959
20240605,57.6321
20240606,56.6321
20240606,55.6321
20240606,54.6321
20240606,53.6321
20240606,52.6321
20240606,54.4394
20240606,53.4394
20240606,52.4394
20240606,51.4394
20240606,50.4394
20240606,49.4394
20240606,51.6127
20240606,50.6127
20240606,52.6127
20240606,51.4823
20240606,50.4823
20240606,53.9601
20240606,52.9601
20240606,51.9601
20240606,50.9601
20240606,49.9601
20240606,48.9601
20240606,47.9601
20240606,50.837
20240606,49.837
20240606,48.837
20240606,47.837
20240606,46.837
20240606,45.837
20240606,44.837
20240606,43.837
20240606,42.837
20240607,41.837
20240607,43.6291
20240607,45.6291
20240607,46.1823
20240607,45.1823
20240607,47.2729
20240607,49.3968
20240607,50.934
20240607,52.8595
20240607,55.0167
20240607,54.0167
20240607,53.0167
20240607,56.0597
20240607,55.0597
20240607,56.8557
20240607,55.8557
20240607,54.8557
20240607,53.8557
20240607,52.8557
20240607,54.4197
20240607,53.4197
20240607,52.4197
20240607,51.4197
20240607,50.4197
20240607,49.3432
20240607,48.3432
20240607,50.3432
20240607,49.3432
20240607,48.3432
20240607,47.3432
20240607,49.3432
20240607,51.6241
20240610,50.6241
20240610,52.5355
20240610,54.5355
20240610,56.5743
20240610,55.5743
20240610,54.5743
20240610,53.5743
20240610,55.5275
20240610,54.5275
20240610,56.3383
20240610,55.3383
20240610,54.3383
20240610,53.3383
20240610,55.1594
20240610,54.1594
20240610,55.6839
20240610,54.6839
20240610,55.971
20240610,57.971
20240610,56.971
20240610,59.4842
20240610,58.4842
20240610,57.4842
20240610,58.3122
20240610,58.9447
20240610,60.2782
20240610,62.0215
20240610,61.0215
20240610,60.0215
20240610,60.5173
20240610,62.5569
20240610,61.5569
20240611,60.5569
20240611,59.5569
20240611,58.5569
20240611,57.5569
20240611,56.5569
20240611,55.5569
20240611,57.5569
20240611,59.3386
20240611,58.3386
20240611,57.3386
20240611,56.3386
20240611,58.555
20240611,57.555
20240611,56.555
20240611,55.555
20240611,57.555
20240611,56.555
20240611,55.555
20240611,58.4078
20240611,59.8135
20240611,58.8135
20240611,57.8135
20240611,59.0933
20240611,61.0933
20240611,63.8688
20240611,64.0562
20240611,67.3384
20240611,66.3384
20240611,65.3384
20240611,64.3384
20240611,66.3384
20240611,65.3384
20240612,67.3384
20240612,66.3384
20240612,65.3384
20240612,64.3384
20240612,66.5989
20240612,69.2352
20240612,68.2352
20240612,70.2352
20240612,72.2438
20240612,71.2438
20240612,70.2438
20240612,68.8834
20240612,71.1988
20240612,70.1988
20240612,69.1988
20240612,68.1988
20240612,67.1988
20240612,68.7681
20240612,70.445
20240612,69.445
20240612,71.445
20240612,74.4699
20240612,77.0567
20240612,76.0567
20240612,78.7418
20240612,77.7418
20240612,76.7418
20240612,75.7418
20240612,74.7418
20240612,73.7418
20240612,72.7418
20240612,71.7418
20240613,70.7418
20240613,69.7418
20240613,68.7418
20240613,67.7418
20240613,70.4374
20240613,69.4374
20240613,68.4374
20240613,67.4374
20240613,66.4374
20240613,65.4374
20240613,67.4374
20240613,69.4374
20240613,72.0765
20240613,71.0765
20240613,73.0214
20240613,72.0214
20240613,71.0214
20240613,70.0214
20240613,69.0214
20240613,68.0214
20240613,67.0214
20240613,66.0214
20240613,65.0214
20240613,64.0214
20240613,66.3956
20240613,65.3956
20240613,64.3956
20240613,66.9412
20240613,67.9383
20240613,66.9383
20240613,68.5422
20240614,67.5422
20240614,66.5422
20240614,65.5422
20240614,64.5422
20240614,66.5422
20240614,65.5422
20240614,64.5422
20240614,63.5422
20240614,62.5422
20240614,61.5422
20240614,60.5422
20240614,59.5422
20240614,58.5422
20240614,57.5422
20240614,59.5422
20240614,58.5422
20240614,59.8964
20240614,61.1494
20240614,63.2913
20240614,62.2913
20240614,61.2913
20240614,63.4419
20240614,62.4419
20240614,61.4419
20240614,60.4419
20240614,59.4419
20240614,58.1447
20240614,57.1447
20240614,56.1447
20240614,55.1447
20240614,57.1447
20240614,56.1447
20240617,58.1556
20240617,57.1556
20240617,56.022
20240617,55.022
20240617,57.1327
20240617,56.1327
20240617,64.9856
20240617,63.9856
20240617,62.9856
20240617,61.9856
20240617,60.9856
20240617,59.9856
20240617,61.9856
20240617,64.262
20240617,63.262
20240617,62.262
20240617,61.262
20240617,60.262
20240617,61.9919
20240617,64.2444
20240617,65.5551
20240617,67.5551
20240617,66.5551
20240617,68.2782
20240617,67.2782
20240617,66.2782
20240617,65.2782
20240617,64.2782
20240617,63.2782
20240617,62.2782
20240617,61.2782
20240618,63.2782
20240618,62.2782
20240618,61.2782
20240618,63.6651
20240618,62.6651
20240618,64.8633
20240618,66.8882
20240618,65.8882
20240618,67.8882
20240618,66.8882
20240618,68.8152
20240618,67.8152
20240618,69.8152
20240618,68.8152
20240618,70.805
20240618,69.805
20240618,71.1268
20240618,73.1268
20240618,72.1268
20240618,71.1268
20240618,70.1268
20240618,72.3107
20240618,74.3107
20240618,73.3107
20240618,72.3107
20240618,74.3107
20240618,73.3107
20240618,72.3107
20240618,71.3107
20240618,70.3107
20240618,69.3107
20240618,68.3107
20240620,67.3107
20240620,66.3107
20240620,69.83
20240620,71.5011
20240620,70.5011
20240620,69.5011
20240620,71.5011
20240620,70.5011
20240620,69.2009
20240620,68.2009
20240620,67.2009
20240620,66.2009
20240620,65.0585
20240620,64.0585
20240620,65.2686
20240620,67.2686
20240620,66.2686
20240620,65.2686
20240620,64.2686
20240620,66.2686
20240620,65.2686
20240620,64.2686
20240620,63.2686
20240620,65.0919
20240620,64.0919
20240620,63.0919
20240620,62.0919
20240620,60.9336
20240620,59.9336
20240620,58.9336
20240620,57.9336
20240620,59.7459
20240621,61.7459
20240621,60.7459
20240621,62.7459
20240621,64.7507
20240621,63.7507
20240621,62.7507
20240621,64.3276
20240621,66.3276
20240621,65.3276
20240621,64.3276
20240621,63.3276
20240621,62.3276
20240621,62.3276
20240621,61.3276
20240621,63.1993
20240621,62.1993
20240621,61.1993
20240621,60.1993
20240621,59.1993
20240621,62.9884
20240621,61.9884
20240621,60.9884
20240621,62.9884
20240621,64.9884
20240621,63.9884
20240621,65.9884
20240621,68.649
20240621,67.649
20240621,66.649
20240621,65.649
20240621,67.4321
20240621,66.4321
20240624,65.4321
20240624,67.4432
20240624,66.4432
20240624,65.4432
20240624,64.4432
20240624,63.4432
20240624,62.4432
20240624,61.4432
20240624,60.4432
20240624,59.4432
20240624,61.3243
20240624,60.3243
20240624,62.3243
20240624,61.3243
20240624,60.3243
20240624,59.3243
20240624,58.3243
20240624,57.3243
20240624,56.3243
20240624,58.3243
20240624,57.3243
20240624,56.3243
20240624,55.3243
20240624,57.0344
20240624,56.0344
20240624,55.0344
20240624,57.0344
20240624,56.0344
20240624,55.0344
20240624,54.0344
20240624,55.6791
20240625,57.6791
20240625,56.6791
20240625,59.0915
20240625,58.0915
20240625,57.0915
20240625,58.8913
20240625,57.8913
20240625,56.8913
20240625,55.8913
20240625,58.1286
20240625,57.1286
20240625,58.585
20240625,57.585
20240625,56.585
20240625,55.585
20240625,54.585
20240625,53.585
20240625,52.585
20240625,54.3141
20240625,56.3141
20240625,55.3141
20240625,473.1141
20240625,472.1141
20240625,471.1141
20240625,473.3179
20240625,472.3179
20240625,471.3179
20240625,470.3179
20240625,469.3179
20240625,471.5523
20240625,470.5523
20240625,469.5523
20240626,471.7811
20240626,470.7811
20240626,469.7811
20240626,471.0703
20240626,470.0703
20240626,472.8997
20240626,474.4372
20240626,476.4372
20240626,475.4372
20240626,476.6354
20240626,475.6354
20240626,477.798
20240626,476.798
20240626,478.2281
20240626,480.8789
20240626,481.652
20240626,483.9299
20240626,482.9299
20240626,481.9299
20240626,480.9299
20240626,483.5179
20240626,482.5179
20240626,485.7532
20240626,487.6261
20240626,486.6261
20240626,489.554
20240626,488.554
20240626,487.554
20240626,489.4411
20240626,489.4411
20240626,492.7578
20240627,491.7578
20240627,490.7578
20240627,492.6679
20240627,497.0935
20240627,499.8424
20240627,498.8424
20240627,497.8424
20240627,496.8424
20240627,495.8424
20240627,494.8424
20240627,493.8424
20240627,497.1397
20240627,496.1397
20240627,498.3128
20240627,500.4203
20240627,503.2086
20240627,504.7046
20240627,507.3839
20240627,509.8915
20240627,508.8915
20240627,505.8511
20240627,508.2681
20240627,510.9078
20240627,509.9078
20240627,508.9078
20240627,510.6411
20240627,509.6411
20240627,508.6411
20240627,510.6411
20240627,509.6411
20240627,508.6411
20240627,507.6411
20240628,509.5392
20240628,511.7568
20240628,510.7568
20240628,512.6761
20240628,511.6761
20240628,510.6761
20240628,509.6761
20240628,511.6761
20240628,513.6761
20240628,515.2269
20240628,514.2269
20240628,513.0353
20240628,514.6111
20240628,513.6111
20240628,515.5546
20240628,514.5546
20240628,514.7489
20240628,513.7489
20240628,515.7489
20240628,514.7489
20240628,513.7489
20240628,512.7489
20240628,511.7489
20240628,510.7489
20240628,511.685
20240628,510.685
20240628,509.685
20240628,508.685
20240628,507.685
20240628,509.6831
20240628,508.6831
20240628,510.6831
20240701,509.6831
20240701,511.684
20240701,510.684
20240701,509.684
20240701,508.684
20240701,507.684
20240701,506.684
20240701,505.684
20240701,504.684
20240701,503.684
20240701,502.684
20240701,504.2411
20240701,503.2411
20240701,505.2411
20240701,504.2411
20240701,503.2411
20240701,502.2411
20240701,501.2411
20240701,504.0073
20240701,503.0073
20240701,502.0073
20240701,501.0073
20240701,500.0073
20240701,499.0073
20240701,498.0073
20240701,497.0073
20240701,496.0073
20240701,497.1784
20240701,499.5288
20240701,498.5288
20240701,497.5288
20240701,496.5288
20240702,495.5288
20240702,494.5288
20240702,497.1093
20240702,496.1093
20240702,495.1093
20240702,494.1093
20240702,496.252
20240702,495.252
20240702,497.5981
20240702,496.5981
20240702,498.5981
20240702,497.5981
20240702,496.5981
20240702,495.5981
20240702,494.5981
20240702,493.5981
20240702,492.5981
20240702,491.5981
20240702,490.5981
20240702,489.5981
20240702,491.7722
20240702,490.7722
20240702,492.7722
20240702,491.7722
20240702,493.8811
20240702,495.8811
20240702,494.8811
20240702,493.8811
20240702,492.8811
20240702,494.2061
20240702,493.2061
20240702,492.2061
20240703,493.7021
20240703,495.7012
20240703,494.7012
20240703,493.7012
20240703,496.1833
20240703,495.1833
20240703,494.1833
20240703,493.1833
20240703,492.1833
20240703,491.1833
20240703,490.1833
20240703,493.9601
20240703,495.315
20240703,494.315
20240703,494.9515
20240703,493.9515
20240703,492.9515
20240703,495.1764
20240703,494.1764
20240703,496.1764
20240703,495.1764
20240703,497.1764
20240705,499.3306
20240705,498.3306
20240705,497.3306
20240705,499.2881
20240705,501.2881
20240705,503.2881
20240705,502.2881
20240705,501.2881
20240705,503.0753
20240705,502.0753
20240705,501.0753
20240705,503.4981
20240705,502.4981
20240705,504.2409
20240705,505.4946
20240705,507.5905
20240705,509.2532
20240705,511.5682
20240705,513.5694
20240705,512.5694
20240705,511.5694
20240705,510.5694
20240705,509.3475
20240705,511.3475
20240705,513.616
20240705,515.7854
20240705,517.2876
20240705,516.2876
20240705,517.4568
20240705,522.0248
20240705,521.0248
20240708,520.0248
20240708,522.0248
20240708,524.0153
20240708,523.0153
20240708,524.7819
20240708,523.7819
20240708,525.5899
20240708,524.5899
20240708,526.22
20240708,525.22
20240708,524.0806
20240708,523.0806
20240708,522.0806
20240708,521.0806
20240708,520.0806
20240708,519.0806
20240708,518.0806
20240708,520.0071
20240708,522.0071
20240708,521.0071
20240708,520.0071
20240708,519.0071
20240708,518.0071
20240708,517.0071
20240708,516.0071
20240708,518.9796
20240708,520.9796
20240708,518.8322
20240708,517.8322
20240708,516.8322
20240708,515.8322
20240708,514.8322
20240709,516.6679
20240709,515.6679
20240709,514.6679
20240709,513.6679
20240709,512.6679
20240709,511.6679
20240709,510.6679
20240709,509.6679
20240709,508.6679
20240709,510.6679
20240709,509.6679
20240709,511.4717
20240709,510.4717
20240709,509.4717
20240709,508.4717
20240709,510.06
20240709,512.2902
20240709,514.3148
20240709,513.3148
20240709,512.3148
20240709,511.3148
20240709,510.3148
20240709,512.3148
20240709,511.3148
20240709,510.3148
20240709,509.3148
20240709,508.3148
20240709,507.3148
20240709,506.3148
20240709,508.3508
20240709,507.3508
20240709,506.3508
20240710,507.7889
20240710,506.7889
20240710,508.7889
20240710,507.7889
20240710,506.7889
20240710,505.7889
20240710,504.7889
20240710,503.7889
20240710,505.7941
20240710,504.6275
20240710,504.8862
20240710,503.8862
20240710,502.8862
20240710,501.8862
20240710,500.8862
20240710,499.8862
20240710,498.8862
20240710,497.8862
20240710,499.5484
20240710,498.5484
20240710,497.5484
20240710,496.5484
20240710,495.5484
20240710,494.5484
20240710,493.5484
20240710,492.5484
20240710,495.3899
20240710,494.3899
20240710,493.3899
20240710,492.3899
20240710,491.3899
20240710,489.8093
20240711,491.4128
20240711,492.9942
20240711,494.9942
20240711,496.8947
20240711,495.8947
20240711,494.8947
20240711,493.8947
20240711,492.7601
20240711,495.0708
20240711,497.0708
20240711,499.0667
20240711,501.0667
20240711,500.0667
20240711,499.0667
20240711,498.0667
20240711,500.0667
20240711,499.0667
20240711,498.0667
20240711,497.0667
20240711,496.0667
20240711,495.0667
20240711,496.8245
20240711,495.8245
20240711,494.8245
20240711,493.8245
20240711,492.8245
20240711,494.1401
20240711,495.6782
20240711,498.1723
20240711,497.1723
20240711,499.1723
20240711,501.1723
20240712,503.2711
20240712,505.1918
20240712,504.1918
20240712,503.1918
20240712,505.1918
20240712,506.3365
20240712,505.3365
20240712,504.3365
20240712,506.4777
20240712,505.4777
20240712,508.6035
20240712,512.4696
20240712,511.4696
20240712,513.4696
20240712,512.4696
20240712,511.4696
20240712,510.4696
20240712,509.4696
20240712,508.4696
20240712,510.4519
20240712,509.4519
20240712,508.4519
20240712,507.4519
20240712,509.8767
20240712,510.9701
20240712,512.6894
20240712,513.549
20240712,512.549
20240712,515.1129
20240712,514.1129
20240712,513.1129
20240712,512.1129
20240715,511.1129
20240715,512.9461
20240715,511.9461
20240715,514.1915
20240715,516.1915
20240715,515.1915
20240715,514.1915
20240715,516.779
20240715,518.6939
20240715,517.6613
20240715,516.6613
20240715,518.6613
20240715,521.2957
20240715,520.2957
20240715,519.2957
20240715,518.2957
20240715,520.5312
20240715,519.5312
20240715,518.5312
20240715,517.5312
20240715,516.5312
20240715,515.5312
20240715,517.4997
20240715,516.4997
20240715,519.0797
20240715,518.0797
20240715,520.0797
20240715,519.0797
20240715,518.0797
20240715,520.0375
20240715,520.854
20240715,519.7851
20240716,522.4254
20240716,521.4254
20240716,520.4254
20240716,522.5418
20240716,521.5418
20240716,523.2429
20240716,525.2429
20240716,524.2429
20240716,523.2429
20240716,524.7624
20240716,526.8434
20240716,525.8434
20240716,528.556
20240716,527.556
20240716,526.556
20240716,528.556
20240716,529.9748
20240716,531.9748
20240716,530.9748
20240716,529.9748
20240716,532.3138
20240716,531.3138
20240716,530.3138
20240716,532.1167
20240716,531.1167
20240716,533.4937
20240716,532.4937
20240716,533.8989
20240716,532.8989
20240716,535.4678
20240716,537.8437
20240716,536.8437
20240717,538.5439
20240717,540.2289
20240717,542.3307
20240717,541.3307
20240717,540.3307
20240717,539.3307
20240717,541.256
20240717,543.5402
20240717,545.2803
20240717,547.2803
20240717,546.2803
20240717,545.2803
20240717,544.2803
20240717,543.2803
20240717,542.2803
20240717,541.2803
20240717,540.2803
20240717,539.2803
20240717,540.3003
20240717,539.3003
20240717,538.3003
20240717,540.4155
20240717,539.4155
20240717,538.4155
20240717,539.0743
20240717,541.0743
20240717,540.0743
20240717,543.5993
20240717,546.3025
20240717,548.4023
20240717,547.4023
20240717,546.4023
20240718,548.4023
20240718,547.4023
20240718,546.4023
20240718,547.2149
20240718,546.1364
20240718,545.1364
20240718,544.1364
20240718,546.1018
20240718,545.1018
20240718,544.1018
20240718,546.1018
20240718,548.0272
20240718,552.4453
20240718,551.4453
20240718,553.2483
20240718,552.2136
20240718,554.1214
20240718,555.9508
20240718,554.9508
20240718,556.9508
20240718,558.6931
20240718,557.6931
20240718,556.6931
20240718,555.6931
20240718,554.6931
20240718,553.6931
20240718,552.6931
20240718,551.6931
20240718,552.8075
20240718,554.8075
20240718,553.8075
20240718,552.8075
20240719,555.2829
20240719,554.2829
20240719,555.5483
20240719,554.5483
20240719,553.5483
20240719,555.9576
20240719,558.2742
20240719,557.2742
20240719,556.2742
20240719,558.4221
20240719,557.4221
20240719,556.4221
20240719,555.3487
20240719,554.3487
20240719,553.3487
20240719,555.5303
20240719,554.5303
20240719,553.5303
20240719,552.5303
20240719,554.2044
20240719,553.2044
20240719,552.2044
20240719,554.2044
20240719,553.2044
20240719,555.0078
20240719,556.9699
20240719,555.9699
20240719,554.9699
20240719,553.9699
20240719,552.9699
20240719,551.9699
20240719,550.9699
20240722,553.0297
20240722,554.8055
20240722,557.2241
20240722,558.8009
20240722,557.8009
20240722,560.0407
20240722,559.0407
20240722,561.1203
20240722,560.1203
20240722,559.1203
20240722,562.0429
20240722,563.2458
20240722,562.2458
20240722,564.2458
20240722,565.8668
20240722,564.8668
20240722,567.0858
20240722,569.197
20240722,568.197
20240722,566.9462
20240722,565.9462
20240722,564.9462
20240722,563.7977
20240722,562.7977
20240722,561.7977
20240722,564.5466
20240722,563.5466
20240722,562.5466
20240722,561.5466
20240722,560.5466
20240722,559.5466
20240722,561.3216
20240723,560.3216
20240723,559.3216
20240723,558.3216
20240723,557.3216
20240723,556.3216
20240723,555.3216
20240723,554.3216
20240723,556.0813
20240723,555.0813
20240723,557.1259
20240723,556.1259
20240723,557.6334
20240723,556.6334
20240723,555.6334
20240723,554.6334
20240723,553.6334
20240723,552.6334
20240723,551.6334
20240723,550.6334
20240723,553.1731
20240723,556.0295
20240723,555.0295
20240723,554.0295
20240723,555.324
20240723,554.324
20240723,556.3661
20240723,555.3661
20240723,554.3661
20240723,553.3661
20240723,552.3661
20240723,553.8752
20240723,552.8752
20240724,551.8752
20240724,550.8752
20240724,552.7121
20240724,551.6908
20240724,553.6746
20240724,552.6746
20240724,551.6746
20240724,550.6746
20240724,549.6746
20240724,548.6746
20240724,550.374
20240724,548.5194
20240724,547.5194
20240724,546.5194
20240724,545.5194
20240724,547.3128
20240724,549.5855
20240724,548.5855
20240724,547.5855
20240724,549.5855
20240724,548.5855
20240724,547.5855
20240724,546.5855
20240724,545.5855
20240724,547.5855
20240724,546.5855
20240724,549.9707
20240724,548.9707
20240724,550.5565
20240724,566.5274
20240724,568.8341
20240724,570.687
20240725,572.3806
20240725,571.3806
20240725,570.3806
20240725,573.1242
20240725,575.232
20240725,574.232
20240725,573.232
20240725,572.232
20240725,574.35
20240725,577.0809
20240725,576.0809
20240725,575.0809
20240725,576.5907
20240725,575.5907
20240725,577.4213
20240725,576.4213
20240725,575.4213
20240725,574.4213
20240725,573.4213
20240725,575.4969
20240725,574.4969
20240725,573.4969
20240725,572.4969
20240725,571.4969
20240725,570.4969
20240725,572.895
20240725,571.895
20240725,573.3591
20240725,572.3591
20240725,571.3591
20240725,570.3591
20240725,572.6482
20240726,574.7803
20240726,573.7803
20240726,575.7803
20240726,574.7803
20240726,576.9469
20240726,575.9469
20240726,574.9469
20240726,573.9469
20240726,572.9469
20240726,575.7547
20240726,574.7547
20240726,573.7547
20240726,572.7547
20240726,574.7547
20240726,576.4984
20240726,575.4984
20240726,574.4984
20240726,573.4984
20240726,572.4984
20240726,574.681
20240726,573.681
20240726,572.4636
20240726,571.0875
20240726,570.0875
20240726,569.0875
20240726,570.7115
20240726,572.9958
20240726,571.9958
20240726,570.9958
20240726,569.9958
20240726,568.9958
20240726,567.9958
20240729,569.7583
20240729,571.3506
20240729,570.3506
20240729,569.3506
20240729,568.3506
20240729,570.434
20240729,569.434
20240729,568.434
20240729,567.434
20240729,566.434
20240729,565.434
20240729,564.434
20240729,563.434
20240729,562.434
20240729,561.434
20240729,564.1296
20240729,563.1296
20240729,562.1296
20240729,561.1296
20240729,560.1296
20240729,559.1296
20240729,558.1296
20240729,559.9171
20240729,558.9171
20240729,561.0703
20240729,562.6331
20240729,561.6331
20240729,560.6331
20240729,559.6331
20240729,558.6331
20240729,557.6331
20240729,559.8057
20240730,558.8057
20240730,557.8057
20240730,556.8057
20240730,555.8057
20240730,558.0294
20240730,557.0294
20240730,559.1397
20240730,561.1445
20240730,563.7601
20240730,562.7601
20240730,561.5509
20240730,563.414
20240730,562.414
20240730,561.414
20240730,560.414
20240730,559.414
20240730,558.414
20240730,560.8135
20240730,562.3997
20240730,561.3997
20240730,563.6096
20240730,565.2635
20240730,564.2635
20240730,563.2635
20240730,562.2635
20240730,561.2635
20240730,560.2635
20240730,559.2635
20240730,558.2635
20240730,557.2635
20240730,559.6101
20240731,558.6101
20240731,557.6101
20240731,556.6101
20240731,558.5204
20240731,560.214
20240731,559.214
20240731,558.214
20240731,557.214
20240731,559.1047
20240731,560.4215
20240731,562.568
20240731,563.9702
20240731,566.1084
20240731,568.2238
20240731,567.2238
20240731,569.4259
20240731,568.4259
20240731,567.4259
20240731,569.4259
20240731,568.4259
20240731,567.4259
20240731,566.4259
20240731,568.1688
20240731,567.1688
20240731,566.1688
20240731,568.1688
20240731,568.1688
20240731,570.4909
20240731,569.4909
20240731,568.4909
20240731,567.4909
20240731,566.4909
20240801,568.2518
20240801,570.6368
20240801,569.6368
20240801,568.6368
20240801,567.6368
20240801,566.6368
20240801,568.5899
20240801,567.5899
20240801,569.5447
20240801,571.5447
20240801,570.5447
20240801,569.5447
20240801,568.5447
20240801,567.5447
20240801,566.5447
20240801,565.5447
20240801,564.5447
20240801,563.5447
20240801,567.0567
20240801,569.4899
20240801,568.4899
20240801,567.4899
20240801,569.8139
20240801,568.8139
20240801,570.8125
20240801,569.7581
20240801,568.7581
20240801,567.7581
20240801,569.7581
20240801,568.7581
20240801,567.7581
20240801,566.7581
20240802,565.7581
20240802,564.7581
20240802,566.5815
20240802,565.5815
20240802,567.9547
20240802,569.806
20240802,571.758
20240802,570.758
20240802,569.758
20240802,568.758
20240802,567.758
20240802,569.0902
20240802,568.0902
20240802,569.8175
20240802,568.8175
20240802,567.8175
20240802,566.8175
20240802,565.8175
20240802,567.6097
20240802,566.6097
20240802,565.6097
20240802,564.6097
20240802,563.6097
20240802,565.6504
20240802,564.5789
20240802,563.5789
20240802,562.5789
20240802,561.5789
20240802,560.5789
20240802,559.5789
20240802,558.5789
20240802,557.5789
20240805,556.5789
20240805,556.4711
20240805,558.4711
20240805,557.4711
20240805,556.4711
20240805,558.5545
20240805,557.5545
20240805,559.5039
20240805,558.5039
20240805,560.7013
20240805,559.7013
20240805,561.6447
20240805,564.0048
20240805,563.0048
20240805,562.0048
20240805,561.0048
20240805,560.0048
20240805,561.9512
20240805,564.3152
20240805,566.1305
20240805,568.2746
20240805,567.2746
20240805,566.2746
20240805,565.2746
20240805,564.2746
20240805,563.2746
20240805,562.2746
20240805,561.2746
20240805,560.2746
20240805,562.4182
20240805,561.4182
20240805,562.5258
20240806,564.306
20240806,566.3544
20240806,565.3544
20240806,564.3544
20240806,563.2303
20240806,562.2303
20240806,564.2269
20240806,566.2874
20240806,568.285
20240806,570.1892
20240806,569.1892
20240806,568.1892
20240806,570.3378
20240806,569.3378
20240806,571.2775
20240806,573.2277
20240806,575.5161
20240806,574.5161
20240806,576.5161
20240806,575.5161
20240806,574.5161
20240806,573.5161
20240806,572.5161
20240806,574.4065
20240806,573.4065
20240806,572.4065
20240806,571.4065
20240806,570.4065
20240806,569.4065
20240806,568.4065
20240806,570.4065
20240806,571.5848
20240807,573.6988
20240807,575.9476
20240807,574.9476
20240807,573.9476
20240807,572.9476
20240807,574.8062
20240807,573.8062
20240807,575.566
20240807,577.566
20240807,576.566
20240807,575.566
20240807,574.566
20240807,573.566
20240807,575.3624
20240807,577.5167
20240807,576.5167
20240807,575.5167
20240807,574.5167
20240807,576.1291
20240807,578.2698
20240807,577.2698
20240807,576.2698
20240807,575.2698
20240807,574.1989
20240807,576.5215
20240807,575.5215
20240807,574.5215
20240807,573.5215
20240807,575.4708
20240807,577.4329
20240807,579.3416
20240807,581.4746
20240808,580.4746
20240808,579.4746
20240808,578.4746
20240808,577.4746
20240808,576.4746
20240808,575.4746
20240808,574.4557
20240808,576.4557
20240808,578.3881
20240808,577.3881
20240808,576.3881
20240808,575.3881
20240808,574.3881
20240808,576.3881
20240808,578.3881
20240808,580.3881
20240808,581.7811
20240808,580.7811
20240808,582.6754
20240808,581.6754
20240808,580.6754
20240808,582.6053
20240808,581.6053
20240808,580.6053
20240808,579.6053
20240808,581.2622
20240808,580.2622
20240808,579.2365
20240808,581.1619
20240808,580.1619
20240808,579.1619
20240808,578.1619
20240809,580.7429
20240809,579.7429
20240809,581.8157
20240809,583.0447
20240809,584.9479
20240809,583.9479
20240809,582.9479
20240809,581.9479
20240809,583.7823
20240809,582.7823
20240809,584.7823
20240809,586.7823
20240809,585.7823
20240809,588.3069
20240809,590.1033
20240809,589.1033
20240809,588.1033
20240809,587.1033
20240809,586.1033
20240809,587.2605
20240809,589.3194
20240809,591.0829
20240809,590.0829
20240809,590.9865
20240809,589.9865
20240809,588.9865
20240809,587.9865
20240809,589.8422
20240809,588.8422
20240809,587.8422
20240809,589.3827
20240809,591.4784
20240812,590.4784
20240812,592.1806
20240812,591.1806
20240812,590.1806
20240812,592.1169
20240812,593.8577
20240812,592.8577
20240812,593.3037
20240812,592.3037
20240812,591.3037
20240812,593.4167
20240812,592.4167
20240812,591.4167
20240812,590.4167
20240812,589.4167
20240812,588.4167
20240812,590.3784
20240812,589.3784
20240812,590.9299
20240812,589.9299
20240812,591.4345
20240812,590.4345
20240812,589.4345
20240812,588.4345
20240812,587.4345
20240812,586.4345
20240812,588.1524
20240812,590.7072
20240812,592.7072
20240812,591.7072
20240812,590.7072
20240812,592.494
20240813,591.494
20240813,593.7002
20240813,592.7002
20240813,594.69
20240813,593.69
20240813,592.69
20240813,591.69
20240813,594.693
20240813,596.693
20240813,595.693
20240813,594.693
20240813,593.693
20240813,595.5731
20240813,597.5365
20240813,596.5365
20240813,595.5365
20240813,597.8843
20240813,596.8843
20240813,598.8843
20240813,597.8843
20240813,599.8843
20240813,598.8843
20240813,602.6338
20240813,603.3305
20240813,602.3305
20240813,601.3305
20240813,603.4608
20240813,602.4608
20240813,601.4608
20240813,603.5294
20240813,604.7895
20240813,603.7895
20240814,606.0152
20240814,607.9258
20240814,606.9258
20240814,605.9257
20240814,604.9257
20240814,603.9257
20240814,606.1379
20240814,605.1379
20240814,604.1379
20240814,606.0321
20240814,605.0321
20240814,607.0321
20240814,606.0321
20240814,605.0321
20240814,604.0321
20240814,603.0321
20240814,602.0321
20240814,601.0321
20240814,602.9006
20240814,601.9006
20240814,600.9006
20240814,599.9006
20240814,598.9006
20240814,597.9006
20240814,600.9466
20240814,599.9466
20240814,602.561
20240814,604.561
20240814,603.561
20240814,605.4956
20240814,604.4956
20240815,603.4956
20240815,602.4956
20240815,604.6365
20240815,603.6365
20240815,602.6365
20240815,601.6365
20240815,603.6365
20240815,606.0103
20240815,607.0982
20240815,606.0982
20240815,605.0982
20240815,604.0982
20240815,603.0982
20240815,602.0982
20240815,604.0737
20240815,605.7525
20240815,604.7525
20240815,603.7525
20240815,605.7525
20240815,604.7525
20240815,603.7525
20240815,602.7525
20240815,601.7525
20240815,600.7525
20240815,599.7525
20240815,598.7525
20240815,597.7525
20240815,599.7525
20240815,598.7525
20240815,597.7525
20240815,596.7525
20240815,598.4055
20240816,600.4055
20240816,602.4722
20240816,604.4108
20240816,606.1224
20240816,605.1224
20240816,606.8362
20240816,608.6729
20240816,610.6729
20240816,612.2147
20240816,611.2147
20240816,610.2147
20240816,609.2147
20240816,608.2147
20240816,607.2147
20240816,609.6049
20240816,611.6662
20240816,610.6662
20240816,609.6662
20240816,611.664
20240816,610.3072
20240816,608.3291
20240816,607.3291
20240816,606.3291
20240816,605.3291
20240816,604.3291
20240816,606.1227
20240816,608.1227
20240816,607.1227
20240816,608.8426
20240816,607.8426
20240816,606.8426
20240816,605.8426
20240819,604.8426
20240819,603.8426
20240819,602.8426
20240819,604.7226
20240819,603.7226
20240819,602.7226
20240819,601.7226
20240819,603.5069
20240819,602.5069
20240819,601.5069
20240819,600.5069
20240819,599.5069
20240819,598.5069
20240819,597.5069
20240819,598.9522
20240819,597.9522
20240819,596.9522
20240819,595.9522
20240819,594.9522
20240819,593.9522
20240819,592.9522
20240819,591.9522
20240819,593.6279
20240819,592.6279
20240819,595.5976
20240819,597.2324
20240819,599.2219
20240819,601.1658
20240819,603.1658
20240819,602.1658
20240819,603.8737
20240819,605.8737
20240820,608.0056
20240820,607.0056
20240820,609.2408
20240820,608.2408
20240820,607.2408
20240820,606.2408
20240820,605.2408
20240820,604.2408
20240820,606.2408
20240820,608.2415
20240820,607.2415
20240820,609.4857
20240820,608.4857
20240820,610.234
20240820,608.976
20240820,607.976
20240820,606.976
20240820,605.976
20240820,604.976
20240820,603.976
20240820,602.976
20240820,601.8493
20240820,600.8493
20240820,599.8493
20240820,598.8493
20240820,597.8493
20240820,596.8493
20240820,595.8493
20240820,594.8493
20240820,595.4189
20240820,594.4189
20240820,595.5593
20240821,594.5593
20240821,596.6022
20240821,598.3475
20240821,600.0984
20240821,599.0984
20240821,601.7282
20240821,603.162
20240821,602.162
20240821,601.162
20240821,600.162
20240821,601.4386
20240821,604.3577
20240821,606.0981
20240821,605.0981
20240821,606.6661
20240821,608.1972
20240821,610.7099
20240821,609.7099
20240821,611.1079
20240821,610.1079
20240821,609.1079
20240821,608.1079
20240821,607.1079
20240821,609.3531
20240821,608.3531
20240821,610.3531
20240821,609.3531
20240821,611.1039
20240821,613.1039
20240821,612.1039
20240821,611.1039
20240822,613.4826
20240822,615.4978
20240822,614.4978
20240822,613.4978
20240822,612.4978
20240822,611.4978
20240822,610.4978
20240822,609.4978
20240822,608.4978
20240822,607.4978
20240822,610.0409
20240822,612.0409
20240822,611.0409
20240822,610.0409
20240822,611.9129
20240822,613.8072
20240822,616.6417
20240822,615.6417
20240822,614.6417
20240822,613.6417
20240822,612.6417
20240822,611.6417
20240822,610.6417
20240822,611.4038
20240822,610.4038
20240822,609.4038
20240822,608.4038
20240822,607.4038
20240822,606.4038
20240822,605.4038
20240822,604.4038
20240822,603.4038
20240823,605.7386
20240823,604.7386
20240823,606.0658
20240823,605.0658
20240823,607.9632
20240823,606.9632
20240823,608.9632
20240823,607.9632
20240823,606.9632
20240823,605.9632
20240823,604.9632
20240823,606.9632
20240823,605.9632
20240823,608.1071
20240823,607.1071
20240823,606.1071
20240823,605.1071
20240823,604.1071
20240823,603.0905
20240823,602.0905
20240823,604.6908
20240823,603.6908
20240823,602.6908
20240823,601.6908
20240823,600.6908
20240823,599.6908
20240823,598.2907
20240823,599.8473
20240823,601.3429
20240823,600.3429
20240823,602.3429
20240823,601.3429
20240826,600.3429
20240826,599.3429
20240826,598.3429
20240826,597.3429
20240826,596.3429
20240826,595.2875
20240826,594.2875
20240826,593.2875
20240826,592.2875
20240826,594.5383
20240826,595.5576
20240826,599.1478
20240826,598.1478
20240826,597.1478
20240826,599.2382
20240826,598.2382
20240826,597.2382
20240826,596.2382
20240826,595.2382
20240826,597.2382
20240826,599.2382
20240826,598.2382
20240826,600.2382
20240826,601.513
20240826,604.1315
20240826,603.1315
20240826,602.1315
20240826,601.1315
20240826,600.1315
20240826,599.1315
20240826,598.1315
20240826,600.2638
20240827,600.974
20240827,599.974
20240827,601.7259
20240827,600.7259
20240827,599.7259
20240827,598.7259
20240827,597.4393
20240827,599.6288
20240827,598.6288
20240827,597.6288
20240827,596.6288
20240827,595.6288
20240827,597.7241
20240827,596.7241
20240827,595.7241
20240827,594.7241
20240827,598.8975
20240827,597.8975
20240827,596.8975
20240827,598.325
20240827,597.325
20240827,596.325
20240827,595.325
20240827,594.325
20240827,593.325
20240827,592.325
20240827,591.325
20240827,590.325
20240827,589.325
20240827,588.325
20240827,587.325
20240827,586.325
20240828,585.325
20240828,584.325
20240828,586.2651
20240828,585.2651
20240828,587.2651
20240828,586.2651
20240828,585.2651
20240828,584.2651
20240828,583.2651
20240828,582.2651
20240828,581.254
20240828,580.254
20240828,583.1161
20240828,582.1161
20240828,584.1161
20240828,586.3505
20240828,585.3505
20240828,584.3505
20240828,583.3505
20240828,582.3505
20240828,581.3505
20240828,580.32
20240828,579.32
20240828,578.32
20240828,577.32
20240828,576.32
20240828,575.32
20240828,574.32
20240828,577.1651
20240828,579.1651
20240828,578.1651
20240828,577.1651
20240829,579.0928
20240829,578.0928
20240829,577.0928
20240829,576.0928
20240829,577.9728
20240829,576.9728
20240829,575.9728
20240829,574.9728
20240829,573.9728
20240829,575.8853
20240829,577.9837
20240829,580.0471
20240829,579.0471
20240829,577.9175
20240829,579.7628
20240829,578.7628
20240829,580.5668
20240829,579.5668
20240829,578.5668
20240829,577.5668
20240829,576.5668
20240829,575.5668
20240829,574.5668
20240829,573.5668
20240829,575.2447
20240829,574.2447
20240829,575.2712
20240829,574.2712
20240829,575.9657
20240829,574.9657
20240829,573.9657
20240829,575.9657
20240830,577.6723
20240830,579.3364
20240830,578.3364
20240830,580.0342
20240830,579.0342
20240830,578.0342
20240830,579.8559
20240830,578.8559
20240830,577.8559
20240830,580.3044
20240830,582.3044
20240830,584.214
20240830,585.1688
20240830,584.1688
20240830,587.0228
20240830,587.7103
20240830,586.7103
20240830,589.0122
20240830,591.113
20240830,590.113
20240830,589.113
20240830,588.113
20240830,587.113
20240830,588.0619
20240830,590.1256
20240830,589.1256
20240830,591.1256
20240830,590.1256
20240830,589.1256
20240830,589.5632
20240830,588.5632
20240903,590.5087
20240903,589.5087
20240903,591.6857
20240903,593.91
20240903,592.91
20240903,591.91
20240903,593.6757
20240903,592.6757
20240903,591.6757
20240903,593.3687
20240903,592.3687
20240903,594.2223
20240903,593.039
20240903,592.039
20240903,594.039
20240903,593.039
20240903,595.039
20240903,594.039
20240903,593.039
20240903,594.8343
20240903,597.7993
20240903,596.7993
20240903,598.5838
20240903,597.4097
20240903,596.4097
20240903,595.4097
20240903,594.4097
20240903,593.4097
20240903,595.5449
20240903,594.5449
20240903,597.1334
20240903,596.1334
20240904,595.1334
20240904,594.1334
20240904,593.1334
20240904,595.25
20240904,594.25
20240904,593.25
20240904,592.25
20240904,594.449
20240904,596.7784
20240904,595.7784
20240904,597.6743
20240904,598.8187
20240904,597.8187
20240904,599.977
20240904,598.977
20240904,600.977
20240904,599.977
20240904,598.977
20240904,597.977
20240904,599.4051
20240904,598.4051
20240904,599.8518
20240904,602.8063
20240904,601.8063
20240904,600.8063
20240904,599.8063
20240904,601.8063
20240904,600.8063
20240904,599.8063
20240904,598.8063
20240904,600.4656
20240904,599.4656
20240905,598.4656
20240905,600.2388
20240905,602.2927
20240905,601.2927
20240905,600.2927
20240905,599.2927
20240905,598.2927
20240905,597.2927
20240905,596.2927
20240905,595.2927
20240905,594.2154
20240905,593.2154
20240905,592.2154
20240905,591.2154
20240905,590.2154
20240905,593.1635
20240905,592.1635
20240905,591.1635
20240905,590.1635
20240905,593.6333
20240905,592.6333
20240905,591.6333
20240905,593.6265
20240905,592.6265
20240905,591.6265
20240905,593.1256
20240905,592.1256
20240905,591.1256
20240905,593.9511
20240905,592.9511
20240905,594.9511
20240905,593.9412
20240906,592.9343
20240906,591.9343
20240906,590.9343
20240906,589.9343
20240906,591.8759
20240906,590.8759
20240906,589.8759
20240906,590.8278
20240906,592.1645
20240906,591.1645
20240906,590.1645
20240906,589.1645
20240906,588.1645
20240906,587.1645
20240906,586.1645
20240906,585.1645
20240906,584.1645
20240906,583.1645
20240906,582.1645
20240906,584.0885
20240906,586.5155
20240906,585.5155
20240906,584.5155
20240906,583.5155
20240906,582.5155
20240906,581.5155
20240906,580.5155
20240906,579.5155
20240906,578.5155
20240906,580.5155
20240906,579.5155
20240906,578.5155
20240909,577.5155
20240909,579.5155
20240909,578.5155
20240909,577.5155
20240909,576.5155
20240909,578.2687
20240909,577.2687
20240909,576.2687
20240909,575.2687
20240909,574.2687
20240909,573.2687
20240909,575.468
20240909,576.7267
20240909,578.5948
20240909,577.5948
20240909,576.5948
20240909,575.5948
20240909,574.5948
20240909,573.5948
20240909,572.5948
20240909,571.5948
20240909,573.6417
20240909,575.6823
20240909,577.6823
20240909,576.6823
20240909,577.7981
20240909,576.7981
20240909,576.7981
20240909,578.9146
20240909,577.9146
20240909,579.9146
20240910,582.0062
20240910,584.3145
20240910,586.5147
20240910,585.5147
20240910,584.5147
20240910,583.5147
20240910,582.5147
20240910,584.6141
20240910,583.6141
20240910,585.2086
20240910,587.0337
20240910,586.0337
20240910,585.0337
20240910,584.0337
20240910,585.8764
20240910,584.8764
20240910,583.8764
20240910,585.8764
20240910,584.8764
20240910,583.8764
20240910,582.8764
20240910,581.8764
20240910,580.8764
20240910,579.8764
20240910,580.667
20240910,579.667
20240910,581.667
20240910,583.5077
20240910,582.5077
20240910,581.5077
20240910,580.5077
20240911,579.5077
20240911,578.5077
20240911,577.5077
20240911,576.5077
20240911,575.5077
20240911,574.5077
20240911,573.5077
20240911,572.5077
20240911,571.5077
20240911,570.5077
20240911,569.5077
20240911,569.8266
20240911,571.8266
20240911,574.1758
20240911,576.1758
20240911,577.8139
20240911,576.8139
20240911,575.8139
20240911,574.8139
20240911,573.8139
20240911,575.1179
20240911,577.6955
20240911,576.6955
20240911,575.6955
20240911,574.6955
20240911,573.6955
20240911,572.6955
20240911,571.6955
20240911,574.1165
20240911,574.7273
20240911,575.1818
20240911,574.1818
20240912,573.1818
20240912,572.1818
20240912,571.1818
20240912,570.1818
20240912,569.1818
20240912,570.9606
20240912,572.9606
20240912,571.9606
20240912,570.9606
20240912,569.9606
20240912,568.9606
20240912,567.9606
20240912,566.9606
20240912,569.0807
20240912,568.0807
20240912,570.0636
20240912,569.0636
20240912,568.0469
20240912,567.0469
20240912,566.0469
20240912,565.0469
20240912,566.4864
20240912,565.4864
20240912,564.4864
20240912,563.4864
20240912,562.4864
20240912,561.4864
20240912,560.4864
20240912,559.4864
20240912,558.4864
20240912,557.4864
20240912,559.1501
20240913,561.1501
20240913,560.1501
20240913,559.1501
20240913,561.1501
20240913,562.7677
20240913,561.7677
20240913,560.6921
20240913,562.5088
20240913,561.5088
20240913,560.5088
20240913,562.5088
20240913,561.5088
20240913,560.5088
20240913,561.5751
20240913,560.5751
20240913,559.5751
20240913,558.5751
20240913,557.5751
20240913,559.5021
20240913,558.5021
20240913,557.5021
20240913,556.5021
20240913,555.5021
20240913,554.5021
20240913,553.5021
20240913,552.5021
20240913,551.5021
20240913,552.1575
20240913,551.1575
20240913,554.7196
20240913,556.8175
20240913,558.9422
20240916,560.9959
20240916,559.9959
20240916,562.8962
20240916,561.8962
20240916,560.8962
20240916,559.8962
20240916,558.8962
20240916,557.8962
20240916,556.8962
20240916,555.8962
20240916,554.8962
20240916,553.8962
20240916,552.8962
20240916,551.8962
20240916,550.8962
20240916,552.492
20240916,551.492
20240916,553.5731
20240916,555.5731
20240916,554.5731
20240916,553.5731
20240916,555.5731
20240916,554.5731
20240916,555.7256
20240916,554.7256
20240916,553.7256
20240916,552.7256
20240916,551.7256
20240916,550.7256
20240916,549.7256
20240916,548.7256
20240916,550.5606
20240917,552.4846
20240917,554.5623
20240917,556.1253
20240917,555.1253
20240917,554.1253
20240917,556.1077
20240917,555.1077
20240917,554.1077
20240917,556.5551
20240917,555.5551
20240917,554.5551
20240917,553.5551
20240917,552.5551
20240917,554.0851
20240917,554.0851
20240917,553.0851
20240917,554.9662
20240917,553.9662
20240917,556.2737
20240917,555.2737
20240917,559.9822
20240917,558.9822
20240917,557.9822
20240917,556.9822
20240917,555.9822
20240917,554.9822
20240917,556.9822
20240917,555.9822
20240917,556.8965
20240917,555.8965
20240917,554.8965
20240918,553.8965
20240918,552.8965
20240918,551.8965
20240918,553.8965
20240918,552.8965
20240918,554.8965
20240918,553.8965
20240918,552.8965
20240918,553.4461
20240918,555.3546
20240918,554.3546
20240918,553.3177
20240918,552.3177
20240918,554.3177
20240918,555.1952
20240918,554.1952
20240918,555.9923
20240918,554.9923
20240918,553.9923
20240918,552.9923
20240918,551.9923
20240918,552.7001
20240918,551.7001
20240918,550.7001
20240918,549.7001
20240918,551.4698
20240918,550.4698
20240918,549.4698
20240918,548.2763
20240918,547.2763
20240918,546.2763
20240918,548.115
20240919,547.115
20240919,549.115
20240919,548.115
20240919,547.115
20240919,546.115
20240919,545.115
20240919,546.9562
20240919,548.7907
20240919,552.2579
20240919,554.3955
20240919,553.3955
20240919,552.3955
20240919,551.3955
20240919,550.3955
20240919,552.3955
20240919,551.3955
20240919,553.3941
20240919,555.1396
20240919,554.1396
20240919,553.1396
20240919,552.1396
20240919,551.1396
20240919,550.1396
20240919,549.1396
20240919,548.1396
20240919,547.1396
20240919,546.1396
20240919,545.1396
20240919,547.5412
20240919,546.5412
20240919,545.5412
20240919,544.5412
20240920,543.5412
20240920,545.3229
20240920,544.3229
20240920,546.7585
20240920,545.7585
20240920,544.7585
20240920,543.7585
20240920,545.5528
20240920,547.7276
20240920,546.7276
20240920,545.7276
20240920,544.7276
20240920,543.7276
20240920,545.3236
20240920,544.3236
20240920,546.9568
20240920,545.9568
20240920,545.9568
20240920,544.9568
20240920,543.9568
20240920,542.9568
20240920,544.9568
20240920,543.9568
20240920,542.9568
20240920,541.9568
20240920,540.9568
20240920,539.9568
20240920,538.9568
20240920,537.9568
20240920,538.8589
20240920,541.1416
20240920,543.1416
20240923,544.6317
20240923,543.6317
20240923,542.6317
20240923,541.6317
20240923,540.6317
20240923,542.7884
20240923,541.7884
20240923,543.8263
20240923,542.8263
20240923,541.8263
20240923,540.8263
20240923,539.8263
20240923,538.8263
20240923,540.6134
20240923,539.6134
20240923,538.6134
20240923,537.6134
20240923,539.0605
20240923,541.6878
20240923,543.9115
20240923,542.9115
20240923,541.9115
20240923,543.1084
20240923,542.1084
20240923,544.7628
20240923,543.7628
20240923,544.5205
20240923,543.5205
20240923,542.5205
20240923,541.5205
20240923,540.5205
20240923,539.5205
20240924,541.2491
20240924,540.2491
20240924,542.1668
20240924,541.1668
20240924,543.1668
20240924,545.3041
20240924,544.3041
20240924,546.2869
20240924,548.2869
20240924,547.2869
20240924,546.2869
20240924,547.9886
20240924,546.9886
20240924,545.9886
20240924,544.9886
20240924,543.9886
20240924,542.9886
20240924,545.6918
20240924,544.6918
20240924,543.6918
20240924,542.6918
20240924,541.6918
20240924,540.6918
20240924,539.6918
20240924,538.6918
20240924,541.1739
20240924,543.1739
20240924,542.1739
20240924,541.1739
20240924,540.1739
20240924,539.1739
20240925,541.4176
20240925,540.4176
20240925,542.5148
20240925,541.5148
20240925,540.5148
20240925,542.5148
20240925,541.5148
20240925,542.6811
20240925,541.6811
20240925,543.0526
20240925,541.7797
20240925,543.1422
20240925,542.1422
20240925,541.0774
20240925,540.0774
20240925,539.0774
20240925,538.0774
20240925,537.0774
20240925,536.0774
20240925,535.0774
20240925,536.5635
20240925,538.5635
20240925,537.5635
20240925,536.5635
20240925,535.3764
20240925,534.3764
20240925,533.3764
20240925,532.3764
20240925,534.3764
20240925,533.3764
20240925,536.5054
20240925,539.1251
20240926,538.1251
20240926,540.0736
20240926,542.0514
20240926,544.0477
20240926,543.0477
20240926,545.7763
20240926,547.7753
20240926,546.7753
20240926,545.7753
20240926,547.3911
20240926,546.3911
20240926,545.3585
20240926,546.8764
20240926,545.8764
20240926,544.8764
20240926,543.8764
20240926,542.8764
20240926,541.8764
20240926,543.2799
20240926,542.2799
20240926,541.2799
20240926,540.2799
20240926,542.3096
20240926,541.3096
20240926,540.3096
20240926,539.3096
20240926,538.3096
20240926,537.3096
20240926,536.3096
20240926,535.3096
20240926,534.3096
20240926,533.3096
20240927,532.3096
20240927,534.6782
20240927,536.6439
20240927,538.1284
20240927,537.1284
20240927,536.1284
20240927,536.9733
20240927,535.9733
20240927,534.9733
20240927,533.9733
20240927,535.8566
20240927,534.8566
20240927,533.8566
20240927,536.9832
20240927,535.9832
20240927,537.9201
20240927,536.9201
20240927,535.9201
20240927,534.9201
20240927,533.9201
20240927,532.9201
20240927,531.9201
20240927,530.9201
20240927,529.9201
20240927,528.9201
20240927,530.2031
20240927,529.2031
20240927,528.2031
20240927,531.1239
20240927,530.1239
20240927,529.1239
20240927,531.4335
20240930,530.4335
20240930,532.3153
20240930,531.3153
20240930,532.7547
20240930,534.4597
20240930,533.4597
20240930,531.6289
20240930,534.847
20240930,533.847
20240930,532.847
20240930,531.847
20240930,533.5439
20240930,535.0878
20240930,537.2983
20240930,536.2983
20240930,535.2983
20240930,534.2983
20240930,536.556
20240930,535.556
20240930,534.556
20240930,536.1365
20240930,535.1365
20240930,534.1365
20240930,533.1365
20240930,532.1365
20240930,533.4587
20240930,532.4587
20240930,534.5898
20240930,533.5898
20240930,532.5898
20240930,534.3297
20240930,535.8769
20241001,534.8769
20241001,536.9431
20241001,535.9431
20241001,534.9431
20241001,537.18
20241001,538.7836
20241001,537.7836
20241001,539.64
20241001,538.64
20241001,537.64
20241001,539.4086
20241001,538.4086
20241001,540.5118
20241001,542.4709
20241001,544.3255
20241001,546.3255
20241001,545.3255
20241001,547.3255
20241001,546.3255
20241001,548.3255
20241001,551.1107
20241001,549.917
20241001,548.917
20241001,547.917
20241001,546.917
20241001,545.917
20241001,544.917
20241001,543.917
20241001,542.917
20241001,541.917
20241001,544.1619
20241001,543.1619
20241002,542.1619
20241002,541.1619
20241002,540.1619
20241002,542.4152
20241002,543.9941
20241002,542.9941
20241002,544.2774
20241002,543.2774
20241002,542.2774
20241002,544.1567
20241002,543.1567
20241002,542.1567
20241002,541.1567
20241002,543.1552
20241002,545.5258
20241002,547.5258
20241002,546.5258
20241002,548.2281
20241002,547.2281
20241002,548.3453
20241002,547.3453
20241002,544.9722
20241002,543.9722
20241002,546.2516
20241002,545.2516
20241002,544.2516
20241002,543.2516
20241002,542.2516
20241002,541.2516
20241002,541.2516
20241002,543.2516
20241003,545.418
20241003,544.418
20241003,546.3543
20241003,548.8544
20241003,550.6175
20241003,549.3058
20241003,548.3058
20241003,550.8855
20241003,549.8855
20241003,548.8855
20241003,547.8855
20241003,546.8855
20241003,545.8855
20241003,544.8855
20241003,543.8855
20241003,542.8855
20241003,545.7052
20241003,544.7052
20241003,543.7052
20241003,547.9746
20241003,546.9746
20241003,545.9746
20241003,547.7107
20241003,549.7107
20241003,548.7107
20241003,547.7107
20241003,546.7107
20241003,549.88
20241003,548.88
20241003,549.8355
20241003,551.2671
20241003,553.2671
20241004,552.2671
20241004,551.2671
20241004,550.2671
20241004,552.1416
20241004,551.1416
20241004,550.1416
20241004,551.8301
20241004,553.7843
20241004,552.7843
20241004,551.7843
20241004,550.7843
20241004,554.417
20241004,553.417
20241004,555.8465
20241004,554.8465
20241004,553.8465
20241004,552.8465
20241004,551.8465
20241004,554.1061
20241004,553.1061
20241004,552.1061
20241004,551.1061
20241004,552.7269
20241004,551.7269
20241004,550.7269
20241004,549.7269
20241004,548.7269
20241004,547.7269
20241004,546.7269
20241004,545.7269
20241004,544.7269
20241007,546.7269
20241007,545.7269
20241007,547.7789
20241007,546.7789
20241007,545.7789
20241007,547.4852
20241007,546.4852
20241007,545.4852
20241007,547.4826
20241007,546.4826
20241007,544.4234
20241007,546.4816
20241007,545.4816
20241007,544.4816
20241007,543.4816
20241007,542.4816
20241007,544.5607
20241007,546.767
20241007,545.767
20241007,544.767
20241007,546.5904
20241007,545.5904
20241007,547.5904
20241007,546.5904
20241007,545.5904
20241007,544.5904
20241007,543.5904
20241007,542.5904
20241007,544.1583
20241007,543.1583
20241007,542.1583
20241007,541.1583
20241008,543.4894
20241008,542.4894
20241008,543.825
20241008,542.825
20241008,541.825
20241008,540.825
20241008,539.825
20241008,542.8102
20241008,541.8102
20241008,544.1604
20241008,543.1604
20241008,542.1604
20241008,541.1604
20241008,543.4299
20241008,542.4299
20241008,541.4299
20241008,540.4299
20241008,541.8121
20241008,540.8121
20241008,539.8121
20241008,538.8121
20241008,537.8121
20241008,536.8121
20241008,535.8121
20241008,537.9309
20241008,536.9309
20241008,535.9309
20241008,534.9309
20241008,535.479
20241008,534.479
20241008,533.479
20241008,532.479
20241009,533.8646
20241009,536.1375
20241009,535.1375
20241009,533.9303
20241009,536.9077
20241009,535.9077
20241009,534.9077
20241009,533.9077
20241009,532.9077
20241009,531.9077
20241009,533.7786
20241009,535.1628
20241009,534.1628
20241009,536.3221
20241009,538.0546
20241009,537.0546
20241009,538.8117
20241009,537.8117
20241009,539.8117
20241009,538.8117
20241009,537.8117
20241009,540.2989
20241009,539.2989
20241009,541.2989
20241009,540.2989
20241009,541.8834
20241009,540.8834
20241009,539.8834
20241009,540.8391
20241009,542.8391
20241009,544.8807
20241009,543.8807
20241010,542.8807
20241010,541.8807
20241010,540.8807
20241010,539.8807
20241010,541.4369
20241010,540.4369
20241010,542.4369
20241010,541.4369
20241010,543.7013
20241010,544.7728
20241010,543.7728
20241010,542.7728
20241010,553.9406
20241010,555.8131
20241010,554.8131
20241010,555.9563
20241010,554.9563
20241010,553.9563
20241010,555.8389
20241010,554.8389
20241010,556.8389
20241010,555.8389
20241010,554.8389
20241010,553.8389
20241010,552.8389
20241010,551.8389
20241010,550.8389
20241010,552.8389
20241010,551.8389
20241010,550.8389
20241010,549.8389
20241010,552.3255
20241011,551.3255
20241011,553.2031
20241011,552.2031
20241011,551.2031
20241011,550.2031
20241011,549.2031
20241011,548.2031
20241011,547.2031
20241011,547.9854
20241011,549.599
20241011,548.599
20241011,547.599
20241011,546.599
20241011,545.599
20241011,544.599
20241011,543.599
20241011,542.599
20241011,541.599
20241011,543.599
20241011,545.2772
20241011,544.2772
20241011,543.2772
20241011,542.2772
20241011,543.9858
20241011,542.9858
20241011,541.9858
20241011,543.5191
20241011,545.963
20241011,544.963
20241011,543.963
20241011,542.963
20241011,544.7851
20241014,543.7851
20241014,542.7851
20241014,541.7851
20241014,543.6688
20241014,542.6688
20241014,543.4959
20241014,545.0139
20241014,544.0139
20241014,546.6803
20241014,545.6803
20241014,544.5076
20241014,546.7209
20241014,548.2731
20241014,547.2731
20241014,546.2731
20241014,547.6407
20241014,546.6407
20241014,545.2366
20241014,547.2366
20241014,546.2366
20241014,547.4476
20241014,550.0734
20241014,550.0734
20241014,546.0905
20241014,545.0905
20241014,547.0905
20241014,548.878
20241014,550.5667
20241014,552.397
20241014,551.397
20241014,553.8029
20241014,556.8895
20241015,559.1418
20241015,558.1418
20241015,557.1418
20241015,559.3078
20241015,561.3146
20241015,560.3146
20241015,561.56
20241015,560.56
20241015,562.56
20241015,561.56
20241015,560.56
20241015,559.56
20241015,558.56
20241015,557.56
20241015,560.6441
20241015,559.6441
20241015,561.4446
20241015,560.4446
20241015,559.4446
20241015,561.6008
20241015,563.1808
20241015,564.6624
20241015,566.5612
20241015,565.5612
20241015,564.5612
20241015,566.0226
20241015,565.0226
20241015,567.0226
20241015,566.0226
20241015,568.3943
20241015,567.3943
20241015,566.3943
20241016,565.3943
20241016,564.3943
20241016,563.3943
20241016,565.3943
20241016,567.6604
20241016,566.6604
20241016,569.9524
20241016,568.9524
20241016,567.9524
20241016,566.9524
20241016,565.9524
20241016,564.9524
20241016,563.9524
20241016,562.9524
20241016,561.9524
20241016,560.9524
20241016,559.9524
20241016,562.0274
20241016,561.0106
20241016,560.0106
20241016,560.2886
20241016,562.4544
20241016,561.4544
20241016,560.4544
20241016,563.0686
20241016,562.0686
20241016,564.697
20241016,566.697
20241016,565.697
20241016,564.697
20241016,563.697
20241016,565.697
20241017,567.872
20241017,569.5758
20241017,568.5758
20241017,567.5758
20241017,566.5758
20241017,568.4482
20241017,567.4482
20241017,569.5983
20241017,568.5983
20241017,567.5983
20241017,569.3894
20241017,568.3894
20241017,570.3894
20241017,572.0034
20241017,571.0034
20241017,573.0778
20241017,572.0778
20241017,574.6375
20241017,577.1952
20241017,578.8799
20241017,577.8799
20241017,576.8799
20241017,575.8799
20241017,574.8799
20241017,573.8799
20241017,572.8799
20241017,574.4491
20241017,573.4491
20241017,572.4491
20241017,571.4491
20241017,573.4372
20241017,572.4372
20241018,571.4372
20241018,570.4372
20241018,569.4372
20241018,568.4372
20241018,567.4372
20241018,566.4372
20241018,566.913
20241018,565.913
20241018,564.913
20241018,563.913
20241018,562.913
20241018,565.3175
20241018,566.8073
20241018,569.6654
20241018,571.2629
20241018,570.2629
20241018,569.2629
20241018,568.2629
20241018,570.2629
20241018,569.2629
20241018,568.2629
20241018,567.2629
20241018,569.7354
20241018,571.7354
20241018,572.3881
20241018,571.3881
20241018,570.3881
20241018,574.2222
20241018,573.2222
20241018,572.2222
20241018,574.2222
20241018,573.082
20241021,572.082
20241021,571.082
20241021,570.0216
20241021,571.5224
20241021,570.5224
20241021,569.5224
20241021,568.5224
20241021,570.3397
20241021,577.8309
20241021,576.8309
20241021,575.8309
20241021,577.8309
20241021,576.8309
20241021,578.5696
20241021,577.5696
20241021,576.5696
20241021,575.5696
20241021,574.5696
20241021,573.5696
20241021,572.5696
20241021,571.5696
20241021,573.1413
20241021,575.1413
20241021,577.1413
20241021,576.1413
20241021,578.5379
20241021,577.5379
20241021,579.0114
20241021,578.0114
20241021,579.1959
20241021,578.1959
20241021,579.5704
20241022,578.5704
20241022,577.5704
20241022,576.5704
20241022,575.5704
20241022,577.4564
20241022,576.4564
20241022,578.6275
20241022,577.6275
20241022,579.7553
20241022,581.9605
20241022,580.9605
20241022,583.07
20241022,582.07
20241022,581.07
20241022,580.07
20241022,582.07
20241022,581.07
20241022,580.07
20241022,583.9754
20241022,582.9754
20241022,581.9754
20241022,583.4665
20241022,585.0834
20241022,586.8428
20241022,588.8428
20241022,587.8428
20241022,589.3911
20241022,588.3911
20241022,587.3911
20241022,589.6752
20241022,588.6752
20241023,587.6752
20241023,589.6366
20241023,588.6366
20241023,590.5595
20241023,589.5595
20241023,588.5595
20241023,587.5595
20241023,586.5595
20241023,588.5595
20241023,587.5595
20241023,586.5595
20241023,585.5595
20241023,584.5595
20241023,583.5595
20241023,585.1968
20241023,584.1968
20241023,586.1968
20241023,585.1968
20241023,584.1968
20241023,583.1968
20241023,582.1968
20241023,581.1968
20241023,583.0226
20241023,582.0226
20241023,581.0226
20241023,582.6956
20241023,581.6956
20241023,583.6016
20241023,586.1905
20241023,588.1905
20241023,587.1905
20241023,586.1905
20241024,585.1905
20241024,587.4691
20241024,586.4691
20241024,588.2387
20241024,589.4565
20241024,591.0772
20241024,592.7312
20241024,591.7312
20241024,590.7312
20241024,589.5924
20241024,591.6209
20241024,594.5261
20241024,593.5261
20241024,592.5261
20241024,591.5261
20241024,590.5261
20241024,589.2361
20241024,591.5477
20241024,590.5477
20241024,591.8064
20241024,590.8064
20241024,589.4736
20241024,588.4736
20241024,587.4736
20241024,588.9789
20241024,590.4738
20241024,592.3448
20241024,594.6564
20241024,593.6564
20241024,592.6564
20241024,591.6564
20241024,590.6564
20241025,589.6564
20241025,588.6564
20241025,590.6421
20241025,592.5099
20241025,591.5099
20241025,590.5099
20241025,591.3549
20241025,593.3549
20241025,596.3095
20241025,595.3095
20241025,597.9689
20241025,596.9689
20241025,597.3852
20241025,596.3852
20241025,598.695
20241025,600.695
20241025,602.1459
20241025,604.0288
20241025,603.0288
20241025,601.7741
20241025,603.2425
20241025,602.2425
20241025,601.2425
20241025,600.2425
20241025,599.2425
20241025,598.2425
20241025,597.2425
20241025,599.8518
20241025,598.8518
20241025,601.0694
20241025,600.0694
20241025,599.0694
20241028,598.0694
20241028,597.0694
20241028,596.0694
20241028,595.0694
20241028,594.0694
20241028,596.0694
20241028,595.0694
20241028,594.0694
20241028,597.788
20241028,596.788
20241028,595.788
20241028,597.9959
20241028,596.9959
20241028,595.9959
20241028,597.9959
20241028,599.3123
20241028,601.3325
20241028,600.3325
20241028,599.3325
20241028,598.3325
20241028,597.3325
20241028,596.3325
20241028,598.8941
20241028,597.8941
20241028,600.197
20241028,599.197
20241028,601.197
20241028,600.197
20241028,601.6794
20241028,603.8304
20241028,602.8304
20241029,601.8304
20241029,600.8304
20241029,599.8304
20241029,598.8304
20241029,600.3218
20241029,599.3218
20241029,601.7205
20241029,603.6031
20241029,605.9442
20241029,604.9442
20241029,603.9442
20241029,602.9442
20241029,601.9442
20241029,604.5482
20241029,602.5681
20241029,603.6561
20241029,602.6561
20241029,601.6561
20241029,602.8857
20241029,601.8857
20241029,604.1643
20241029,603.1643
20241029,605.6012
20241029,607.6012
20241029,606.6012
20241029,608.7506
20241029,607.7506
20241029,609.3928
20241029,608.3928
20241029,610.2304
20241029,609.2304
20241029,608.2304
20241030,607.2304
20241030,606.2304
20241030,605.2304
20241030,608.052
20241030,610.052
20241030,609.052
20241030,608.052
20241030,607.052
20241030,609.1714
20241030,608.1714
20241030,607.1714
20241030,606.1714
20241030,608.1714
20241030,607.1714
20241030,609.3114
20241030,611.3114
20241030,610.3114
20241030,612.5717
20241030,611.5717
20241030,610.5717
20241030,609.567
20241030,608.567
20241030,607.567
20241030,606.567
20241030,608.7731
20241030,607.7731
20241030,609.7731
20241030,608.7731
20241030,607.7731
20241030,606.7731
20241030,605.7731
20241030,607.46
20241031,606.46
20241031,605.46
20241031,604.4386
20241031,606.2816
20241031,605.2816
20241031,607.2816
20241031,606.2816
20241031,608.2816
20241031,610.2816
20241031,609.2816
20241031,610.9165
20241031,609.9165
20241031,608.9165
20241031,607.9165
20241031,606.706
20241031,608.7707
20241031,610.5745
20241031,609.5745
20241031,608.5745
20241031,607.5745
20241031,608.8812
20241031,611.5415
20241031,613.5415
20241031,615.5415
20241031,614.5415
20241031,613.5415
20241031,612.5415
20241031,611.5415
20241031,613.5415
20241031,612.5415
20241031,611.5415
20241031,615.001
20241101,617.001
20241101,616.001
20241101,614.5893
20241101,616.529
20241101,618.529
20241101,617.529
20241101,619.7512
20241101,618.7512
20241101,620.6639
20241101,619.6639
20241101,618.6639
20241101,620.1811
20241101,621.6405
20241101,623.6405
20241101,625.3872
20241101,626.8164
20241101,625.8164
20241101,624.8164
20241101,623.8164
20241101,622.8164
20241101,621.8164
20241101,620.8164
20241101,623.6811
20241101,625.6811
20241101,626.4776
20241101,628.4776
20241101,627.4776
20241101,626.4776
20241101,628.6115
20241101,631.4439
20241101,630.4439
20241101,629.4439
20241104,628.4439
20241104,629.9276
20241104,628.9276
20241104,627.9276
20241104,626.9276
20241104,628.8428
20241104,631.6864
20241104,630.6864
20241104,629.6864
20241104,631.3443
20241104,630.3443
20241104,629.3443
20241104,631.0466
20241104,630.0466
20241104,629.0466
20241104,631.2962
20241104,630.2962
20241104,629.2962
20241104,630.813
20241104,632.3761
20241104,631.3761
20241104,633.3648
20241104,632.3648
20241104,631.3648
20241104,630.3648
20241104,629.3648
20241104,628.3648
20241104,630.3648
20241104,629.3648
20241104,628.3648
20241104,626.0615
20241104,625.0615
20241105,624.0615
20241105,623.0615
20241105,622.0132
20241105,621.0132
20241105,620.0132
20241105,621.6473
20241105,622.9524
20241105,621.8186
20241105,620.8186
20241105,619.8186
20241105,621.7103
20241105,620.7103
20241105,619.7103
20241105,618.7103
20241105,617.7103
20241105,619.7103
20241105,621.7103
20241105,620.7103
20241105,619.7103
20241105,618.7103
20241105,617.7103
20241105,616.7103
20241105,615.7103
20241105,615.7103
20241105,614.7103
20241105,613.7103
20241105,612.7103
20241105,611.7103
20241105,610.7103
20241105,609.7103
20241105,608.7103
20241105,607.7103
20241106,606.7103
20241106,605.6052
20241106,607.7713
20241106,606.7713
20241106,605.7713
20241106,604.7713
20241106,603.7713
20241106,602.7713
20241106,601.7713
20241106,600.7713
20241106,599.7713
20241106,601.7833
20241106,602.8504
20241106,601.8504
20241106,600.8504
20241106,599.8504
20241106,598.8504
20241106,597.8504
20241106,599.5079
20241106,598.5079
20241106,597.5079
20241106,599.5079
20241106,598.5079
20241106,600.3827
20241106,599.3827
20241106,598.3827
20241106,597.3827
20241106,596.3827
20241106,595.3827
20241106,594.3827
20241106,593.3827
20241106,592.3827
20241107,591.3827
20241107,592.6784
20241107,591.6784
20241107,590.6784
20241107,589.6784
20241107,588.6784
20241107,591.3059
20241107,590.3059
20241107,589.3059
20241107,588.3059
20241107,587.1907
20241107,586.1907
20241107,587.7739
20241107,586.7739
20241107,585.7739
20241107,584.7739
20241107,583.7739
20241107,582.7739
20241107,581.7739
20241107,580.7739
20241107,582.7767
20241107,581.7767
20241107,583.7767
20241107,582.7767
20241107,581.7767
20241107,580.7767
20241107,579.7767
20241107,581.7474
20241107,580.7474
20241107,579.7474
20241107,578.7474
20241107,580.8243
20241108,582.7548
20241108,584.8659
20241108,583.8659
20241108,582.8659
20241108,585.0061
20241108,584.0061
20241108,585.8393
20241108,584.8393
20241108,590.2135
20241108,589.2135
20241108,591.2135
20241108,590.2135
20241108,592.7355
20241108,594.3134
20241108,595.5825
20241108,594.5825
20241108,593.5825
20241108,592.5825
20241108,591.5825
20241108,590.5825
20241108,591.1746
20241108,590.1746
20241108,589.1746
20241108,588.1746
20241108,589.881
20241108,592.5073
20241108,591.5073
20241108,590.5073
20241108,589.5073
20241108,588.5073
20241108,587.5073
20241108,586.5073
20241111,588.658
20241111,590.658
20241111,589.658
20241111,588.658
20241111,590.9875
20241111,589.9875
20241111,588.9875
20241111,587.9875
20241111,589.2049
20241111,588.2049
20241111,587.2049
20241111,589.0799
20241111,588.0799
20241111,590.0799
20241111,589.0564
20241111,588.0564
20241111,587.0564
20241111,586.0564
20241111,585.0564
20241111,584.0564
20241111,583.0564
20241111,585.0564
20241111,584.0564
20241111,583.0564
20241111,582.0564
20241111,581.0564
20241111,580.0564
20241111,580.9753
20241111,582.4551
20241111,581.4551
20241111,580.4551
20241111,579.4551
20241112,578.4551
20241112,580.3712
20241112,582.2404
20241112,581.2404
20241112,583.6067
20241112,582.6067
20241112,581.6067
20241112,580.6067
20241112,579.6067
20241112,578.6067
20241112,577.6067
20241112,576.6067
20241112,575.6067
20241112,574.6067
20241112,573.6067
20241112,572.6067
20241112,571.6067
20241112,570.6067
20241112,569.6067
20241112,568.6067
20241112,569.9768
20241112,568.9768
20241112,567.9768
20241112,570.1594
20241112,569.1594
20241112,568.1594
20241112,567.1594
20241112,566.1594
20241112,565.1594
20241112,564.1594
20241112,563.1594
20241112,562.1594
20241113,561.1594
20241113,560.1594
20241113,562.2301
20241113,564.2301
20241113,566.1421
20241113,568.3172
20241113,570.5647
20241113,569.5647
20241113,568.5647
20241113,570.7276
20241113,569.7276
20241113,568.7276
20241113,567.7276
20241113,569.6022
20241113,568.6022
20241113,567.6022
20241113,568.8492
20241113,570.5183
20241113,569.5183
20241113,568.5183
20241113,567.5183
20241113,566.5183
20241113,568.521
20241113,567.521
20241113,569.7097
20241113,568.7097
20241113,567.7097
20241113,566.7097
20241113,568.3361
20241113,570.2645
20241113,569.2645
20241113,568.2645
20241114,567.2645
20241114,569.368
20241114,571.8917
20241114,570.8917
20241114,569.8917
20241114,568.8917
20241114,570.8225
20241114,569.8225
20241114,571.6934
20241114,570.6934
20241114,569.6934
20241114,568.6934
20241114,567.6934
20241114,569.5238
20241114,571.1976
20241114,570.1976
20241114,569.1976
20241114,568.1976
20241114,567.1976
20241114,569.0931
20241114,572.113
20241114,574.3077
20241114,573.3077
20241114,572.3077
20241114,571.3077
20241114,570.3077
20241114,569.3077
20241114,568.3077
20241114,567.3077
20241114,566.3077
20241114,565.3077
20241114,564.3077
20241115,566.5409
20241115,565.5409
20241115,564.5409
20241115,563.5409
20241115,562.5409
20241115,561.5409
20241115,560.5409
20241115,562.5409
20241115,561.5409
20241115,560.5409
20241115,562.2878
20241115,561.2878
20241115,563.2878
20241115,562.2878
20241115,564.3151
20241115,563.3151
20241115,562.3151
20241115,561.3151
20241115,560.3151
20241115,559.3151
20241115,558.3151
20241115,560.3796
20241115,561.9328
20241115,563.7572
20241115,565.7572
20241115,564.7572
20241115,563.7572
20241115,562.7572
20241115,561.7572
20241115,560.7572
20241115,559.7572
20241115,558.7572
20241118,560.6191
20241118,562.5164
20241118,561.5164
20241118,560.5164
20241118,562.6609
20241118,564.7022
20241118,566.8683
20241118,565.8683
20241118,564.8076
20241118,563.8076
20241118,562.8076
20241118,561.8076
20241118,560.8076
20241118,563.4781
20241118,562.4781
20241118,561.4781
20241118,567.2849
20241118,566.2849
20241118,565.2849
20241118,564.2849
20241118,563.2849
20241118,562.2849
20241118,564.0007
20241118,565.8885
20241118,564.8885
20241118,563.8885
20241118,562.8885
20241118,561.8885
20241118,560.8885
20241118,559.8885
20241118,561.42
20241118,560.42
20241119,559.42
20241119,558.42
20241119,560.2352
20241119,559.2352
20241119,558.2352
20241119,557.1162
20241119,558.6815
20241119,557.6815
20241119,556.6815
20241119,555.6815
20241119,554.6815
20241119,557.5448
20241119,556.5448
20241119,558.3891
20241119,557.3891
20241119,556.3891
20241119,555.3891
20241119,554.3891
20241119,555.7323
20241119,554.7323
20241119,553.7323
20241119,552.7323
20241119,551.7323
20241119,550.7323
20241119,549.7323
20241119,548.7323
20241119,547.7323
20241119,546.7323
20241119,548.9085
20241119,547.9085
20241119,546.9085
20241119,548.2309
20241120,547.2309
20241120,548.4414
20241120,547.4414
20241120,549.4414
20241120,548.3781
20241120,547.3781
20241120,549.1804
20241120,551.1218
20241120,550.1218
20241120,549.1218
20241120,548.1218
20241120,549.7273
20241120,548.7273
20241120,547.7273
20241120,546.7273
20241120,545.7273
20241120,544.7273
20241120,543.7273
20241120,542.7273
20241120,541.7273
20241120,540.7273
20241120,539.7273
20241120,538.6974
20241120,537.6974
20241120,536.5248
20241120,535.5248
20241120,534.5248
20241120,533.5248
20241120,532.5248
20241120,531.5248
20241120,532.7595
20241120,531.5272
20241121,530.5272
20241121,532.6256
20241121,534.5599
20241121,533.5599
20241121,535.0068
20241121,537.0858
20241121,536.0858
20241121,537.8322
20241121,536.8322
20241121,535.8322
20241121,537.709
20241121,540.5165
20241121,539.5165
20241121,538.5165
20241121,537.5165
20241121,536.5165
20241121,535.5165
20241121,534.5165
20241121,536.7221
20241121,535.7221
20241121,536.8096
20241121,535.8096
20241121,537.0581
20241121,538.8275
20241121,537.8275
20241121,536.8275
20241121,535.8275
20241121,534.8275
20241121,533.8275
20241121,536.1706
20241121,538.158
20241121,537.158
20241122,538.836
20241122,540.3365
20241122,539.3365
20241122,538.3365
20241122,537.3365
20241122,539.1137
20241122,538.1137
20241122,540.2585
20241122,542.334
20241122,541.334
20241122,542.7474
20241122,544.4803
20241122,545.9101
20241122,544.9101
20241122,546.5631
20241122,545.5631
20241122,544.5631
20241122,543.5631
20241122,542.5631
20241122,541.5631
20241122,540.5631
20241122,539.5631
20241122,538.5631
20241122,540.5631
20241122,539.5631
20241122,541.5631
20241122,540.5631
20241122,539.2863
20241122,538.2863
20241122,540.278
20241122,542.1165
20241122,544.7921
20241125,546.63
20241125,548.4853
20241125,549.8375
20241125,548.8375
20241125,547.8375
20241125,549.9266
20241125,551.297
20241125,553.297
20241125,554.7682
20241125,553.7682
20241125,552.7682
20241125,551.7682
20241125,550.7682
20241125,549.7682
20241125,548.7682
20241125,547.7682
20241125,546.7682
20241125,545.7682
20241125,547.8824
20241125,549.5802
20241125,548.5802
20241125,550.5802
20241125,552.5882
20241125,554.1394
20241125,555.4529
20241125,554.4529
20241125,556.6462
20241125,555.6462
20241125,554.6462
20241125,553.6462
20241125,555.0125
20241125,554.0125
20241126,553.0125
20241126,552.0125
20241126,553.9812
20241126,552.9812
20241126,551.9812
20241126,554.1848
20241126,553.1848
20241126,555.0203
20241126,557.0203
20241126,556.0203
20241126,555.0203
20241126,554.0203
20241126,553.0203
20241126,552.0203
20241126,551.0203
20241126,550.0203
20241126,549.0203
20241126,551.0203
20241126,550.0203
20241126,549.0203
20241126,548.0203
20241126,547.0203
20241126,546.0203
20241126,545.0203
20241126,544.0203
20241126,543.0203
20241126,542.0203
20241126,541.0203
20241126,540.0203
20241126,539.0203
20241126,538.0203
20241126,537.0203
20241127,536.0203
20241127,535.0203
20241127,534.0203
20241127,533.0203
20241127,535.1962
20241127,534.1962
20241127,533.1962
20241127,532.1962
20241127,531.1962
20241127,530.1962
20241127,529.1962
20241127,530.7707
20241127,529.7707
20241127,531.4116
20241127,533.22
20241127,532.22
20241127,531.22
20241127,530.22
20241127,529.22
20241127,528.22
20241127,530.22
20241127,533.244
20241127,532.244
20241127,531.244
20241127,532.6677
20241127,531.6677
20241127,530.6677
20241127,532.6677
20241127,531.5578
20241127,530.0463
20241127,529.0463
20241127,530.1087
20241129,529.1087
20241129,528.1087
20241129,530.0477
20241129,529.0477
20241129,528.0477
20241129,527.0477
20241129,526.0477
20241129,527.8409
20241129,526.8409
20241129,525.8409
20241129,527.6781
20241129,530.4527
20241129,529.4527
20241129,531.7954
20241129,530.7954
20241129,529.7954
20241129,528.7954
20241129,527.7954
20241129,529.5792
20241202,531.246
20241202,533.246
20241202,535.1576
20241202,534.1576
20241202,533.1576
20241202,532.0959
20241202,531.0959
20241202,530.0959
20241202,529.0959
20241202,528.0959
20241202,530.0959
20241202,529.0959
20241202,531.2653
20241202,530.2653
20241202,529.2653
20241202,531.4636
20241202,532.7723
20241202,534.7723
20241202,533.7723
20241202,532.7723
20241202,534.4964
20241202,536.4964
20241202,535.4964
20241202,534.4964
20241202,533.4964
20241202,532.4964
20241202,531.4964
20241202,530.4964
20241202,529.4964
20241202,530.4569
20241202,532.4569
20241202,531.4569
20241203,532.1401
20241203,531.1401
20241203,532.3992
20241203,533.8158
20241203,532.8158
20241203,531.8158
20241203,530.8158
20241203,529.8153
20241203,528.8153
20241203,527.8153
20241203,526.8153
20241203,529.1117
20241203,528.1117
20241203,527.1117
20241203,529.5102
20241203,528.5102
20241203,527.5102
20241203,526.5102
20241203,525.5102
20241203,524.5102
20241203,526.5102
20241203,525.5102
20241203,524.5102
20241203,525.7118
20241203,524.7118
20241203,523.7118
20241203,522.7118
20241203,521.6416
20241203,520.6416
20241203,522.573
20241203,521.573
20241203,520.573
20241204,519.573
20241204,518.573
20241204,520.573
20241204,519.573
20241204,518.573
20241204,521.2429
20241204,520.2429
20241204,521.5859
20241204,521.5859
20241204,520.5859
20241204,519.5859
20241204,518.5859
20241204,517.5859
20241204,516.5859
20241204,515.5859
20241204,514.5859
20241204,517.0252
20241204,516.0252
20241204,517.6435
20241204,519.0185
20241204,522.034
20241204,524.3894
20241204,523.3894
20241204,522.3894
20241204,524.3894
20241204,523.3894
20241204,522.3894
20241204,521.3894
20241204,520.3894
20241204,519.3894
20241204,521.0004
20241204,522.813
20241205,521.813
20241205,524.0451
20241205,523.0451
20241205,522.0451
20241205,521.0451
20241205,523.0191
20241205,524.3908
20241205,523.3908
20241205,522.3908
20241205,521.3908
20241205,520.3908
20241205,519.3908
20241205,518.3908
20241205,520.5838
20241205,519.5838
20241205,522.0037
20241205,521.0037
20241205,520.0037
20241205,521.8633
20241205,524.8452
20241205,526.9303
20241205,525.9303
20241205,528.3844
20241205,527.3844
20241205,526.3844
20241205,525.3844
20241205,524.3844
20241205,523.3844
20241205,522.3844
20241205,521.3844
20241205,520.3844
20241205,519.3844
20241206,518.3844
20241206,517.3844
20241206,516.3844
20241206,515.3844
20241206,514.3844
20241206,516.3844
20241206,515.3844
20241206,514.3844
20241206,513.3844
20241206,512.3844
20241206,514.5767
20241206,513.5767
20241206,512.5767
20241206,511.5767
20241206,510.5767
20241206,509.5767
20241206,508.5767
20241206,511.71
20241206,510.71
20241206,509.71
20241206,508.71
20241206,507.71
20241206,509.195
20241206,513.6042
20241206,512.6042
20241206,515.1573
20241206,514.1573
20241206,513.1573
20241206,512.1573
20241206,511.1573
20241206,512.7301
20241206,510.6852
20241209,509.6852
20241209,508.6852
20241209,510.6523
20241209,509.6523
20241209,511.6523
20241209,513.7426
20241209,515.5015
20241209,517.8951
20241209,519.354
20241209,518.354
20241209,520.4899
20241209,519.4899
20241209,521.3637
20241209,520.3637
20241209,519.3637
20241209,520.4139
20241209,519.4139
20241209,521.4139
20241209,520.4139
20241209,519.4139
20241209,518.2414
20241209,517.2414
20241209,516.2414
20241209,515.2414
20241209,514.2414
20241209,513.2414
20241209,512.2414
20241209,511.2414
20241209,510.2414
20241209,509.2414
20241209,511.2414
20241209,510.2414
20241210,509.2414
20241210,508.2414
20241210,507.2414
20241210,506.2414
20241210,508.4451
20241210,507.4451
20241210,506.2831
20241210,505.2831
20241210,504.2831
20241210,503.2831
20241210,505.6385
20241210,504.6385
20241210,503.6385
20241210,502.6385
20241210,504.4361
20241210,503.4361
20241210,505.4361
20241210,504.4361
20241210,503.4361
20241210,505.4361
20241210,504.4361
20241210,503.4361
20241210,502.4085
20241210,501.3684
20241210,504.4846
20241210,503.4846
20241210,505.0857
20241210,507.1353
20241210,508.8825
20241210,510.731
20241210,509.731
20241210,511.5685
20241211,513.3097
20241211,512.3097
20241211,511.3097
20241211,510.3097
20241211,509.3097
20241211,511.3097
20241211,513.7136
20241211,515.8626
20241211,514.8626
20241211,515.3097
20241211,514.3097
20241211,513.3097
20241211,515.35
20241211,517.1824
20241211,516.1824
20241211,515.1824
20241211,514.1824
20241211,513.1824
20241211,512.1824
20241211,511.1824
20241211,510.1824
20241211,512.1824
20241211,511.1824
20241211,510.1824
20241211,511.9276
20241211,510.9276
20241211,509.9276
20241211,508.9276
20241211,511.2018
20241211,510.2018
20241211,509.2018
20241211,508.2018
20241212,510.3245
20241212,512.4122
20241212,514.4122
20241212,513.4122
20241212,512.4122
20241212,511.4122
20241212,510.4122
20241212,509.4122
20241212,508.4122
20241212,507.4122
20241212,509.5216
20241212,508.5216
20241212,507.5216
20241212,506.5216
20241212,505.5216
20241212,504.5216
20241212,503.5216
20241212,502.5216
20241212,503.8042
20241212,506.5091
20241212,508.1981
20241212,509.7134
20241212,508.7134
20241212,510.7134
20241212,509.7134
20241212,508.7134
20241212,507.7134
20241212,506.7134
20241212,508.3934
20241212,507.3934
20241212,506.3934
20241212,505.3934
20241213,504.3934
20241213,503.3934
20241213,502.3934
20241213,501.3934
20241213,500.3934
20241213,502.0487
20241213,501.0487
20241213,503.0487
20241213,502.0487
20241213,500.4
20241213,502.4
20241213,501.4
20241213,504.294
20241213,503.294
20241213,503.9393
20241213,506.1454
20241213,505.1454
20241213,504.1454
20241213,506.6718
20241213,508.1922
20241213,507.1922
20241213,509.6815
20241213,508.6815
20241213,509.8635
20241213,508.8635
20241213,507.8635
20241213,506.8635
20241213,505.8635
20241213,504.8635
20241213,506.574
20241213,508.4745
20241213,507.4745
20241216,506.4745
20241216,508.5611
20241216,507.5611
20241216,506.5611
20241216,505.5611
20241216,504.5611
20241216,503.5611
20241216,502.5611
20241216,501.5611
20241216,503.9461
20241216,502.9461
20241216,504.2803
20241216,503.2803
20241216,505.0997
20241216,504.0997
20241216,503.0997
20241216,502.0997
20241216,503.2653
20241216,502.2653
20241216,501.2653
20241216,500.2653
20241216,499.2653
20241216,498.2653
20241216,499.7085
20241216,498.7085
20241216,497.7085
20241216,496.7085
20241216,495.7085
20241216,497.7085
20241216,496.7085
20241216,495.7085
20241216,494.7085
20241217,493.7085
20241217,492.7085
20241217,494.8419
20241217,493.8419
20241217,492.8419
20241217,491.8419
20241217,490.8419
20241217,489.8419
20241217,488.8419
20241217,487.8419
20241217,486.8419
20241217,485.8419
20241217,484.8419
20241217,483.8419
20241217,482.8419
20241217,481.8419
20241217,480.8419
20241217,479.8419
20241217,480.6325
20241217,479.6325
20241217,478.6325
20241217,477.6325
20241217,476.6325
20241217,478.2939
20241217,477.2939
20241217,479.0021
20241217,478.0021
20241217,477.0021
20241217,479.4461
20241217,479.9656
20241217,478.9656
20241217,480.3314
20241218,479.3314
20241218,478.3314
20241218,480.3314
20241218,482.5029
20241218,481.5029
20241218,483.7324
20241218,482.7324
20241218,481.7324
20241218,480.7324
20241218,482.9457
20241218,481.9457
20241218,480.9457
20241218,479.9457
20241218,482.3661
20241218,481.3661
20241218,480.3661
20241218,479.3661
20241218,478.3661
20241218,479.8233
20241218,483.6454
20241218,482.6454
20241218,481.6454
20241218,480.6454
20241218,479.6454
20241218,478.6454
20241218,481.1795
20241218,483.4412
20241218,484.4096
20241218,487.1693
20241218,486.1693
20241218,488.0683
20241218,487.0683
20241219,486.0683
20241219,487.9348
20241219,490.1243
20241219,491.7958
20241219,490.7958
20241219,492.632
20241219,491.632
20241219,493.7004
20241219,492.7004
20241219,494.9367
20241219,495.86
20241219,494.86
20241219,493.86
20241219,492.86
20241219,494.86
20241219,493.86
20241219,495.5274
20241219,494.5274
20241219,493.5274
20241219,492.5274
20241219,491.5274
20241219,490.5274
20241219,489.5274
20241219,488.5274
20241219,487.46
20241219,486.46
20241219,488.0789
20241219,487.0789
20241219,486.0789
20241219,487.85
20241219,489.6078
20241219,488.6078
20241220,490.783
20241220,492.783
20241220,494.9251
20241220,493.9251
20241220,492.9251
20241220,494.9268
20241220,493.9268
20241220,495.9982
20241220,494.9982
20241220,496.7366
20241220,498.4581
20241220,497.4581
20241220,496.4581
20241220,497.4831
20241220,496.4831
20241220,498.6428
20241220,497.6428
20241220,496.6428
20241220,495.6428
20241220,494.6428
20241220,496.9883
20241220,495.9883
20241220,494.9883
20241220,493.9883
20241220,495.2216
20241220,494.2216
20241220,496.0737
20241220,498.0737
20241220,500.0737
20241220,499.0737
20241220,501.3986
20241220,500.3986
20241223,502.2182
20241223,503.7071
20241223,502.7071
20241223,501.7071
20241223,500.7071
20241223,499.7071
20241223,498.7071
20241223,500.8503
20241223,502.3232
20241223,501.3232
20241223,503.2323
20241223,502.2323
20241223,503.9418
20241223,505.4358
20241223,504.4358
20241223,506.6344
20241223,505.6344
20241223,504.6344
20241223,503.6344
20241223,502.6344
20241223,501.6344
20241223,500.6344
20241223,502.5617
20241223,501.5617
20241223,506.1602
20241223,505.1602
20241223,507.1602
20241223,506.1602
20241223,507.019
20241223,508.9871
20241223,507.9871
20241223,506.9871
20241224,505.9871
20241224,504.9871
20241224,503.9871
20241224,505.6976
20241224,504.6976
20241224,506.6976
20241224,509.0735
20241224,510.5692
20241224,509.5692
20241224,508.5692
20241224,512.8361
20241224,515.489
20241224,514.489
20241224,513.489
20241224,515.622
20241224,514.622
20241224,513.622
20241224,512.622
20241224,511.622
20241224,513.5134
20241226,512.5134
20241226,511.5134
20241226,513.5035
20241226,516.3788
20241226,515.3788
20241226,517.3788
20241226,519.2712
20241226,518.2712
20241226,517.2712
20241226,518.9798
20241226,517.9798
20241226,519.346
20241226,518.346
20241226,517.346
20241226,516.346
20241226,515.346
20241226,514.346
20241226,513.346
20241226,514.993
20241226,513.993
20241226,512.993
20241226,511.993
20241226,510.993
20241226,513.2931
20241226,515.4194
20241226,517.267
20241226,516.267
20241226,515.267
20241226,514.267
20241226,514.7713
20241226,515.6897
20241226,517.9986
20241227,519.9069
20241227,518.9069
20241227,520.8703
20241227,519.8703
20241227,518.8703
20241227,517.8703
20241227,519.1632
20241227,518.1632
20241227,517.1632
20241227,516.1632
20241227,517.0716
20241227,516.0716
20241227,515.0716
20241227,517.7178
20241227,516.7178
20241227,515.7178
20241227,516.9064
20241227,518.9111
20241227,520.0157
20241227,521.3759
20241227,520.3759
20241227,519.3759
20241227,518.3759
20241227,519.8584
20241227,526.6272
20241227,529.5181
20241227,528.5181
20241227,527.5181
20241227,529.5181
20241227,528.5181
20241227,530.5649
20241227,532.1587
20241230,534.3345
20241230,536.2915
20241230,535.2915
20241230,537.2915
20241230,536.2915
20241230,538.1677
20241230,539.7334
20241230,538.7334
20241230,537.7334
20241230,540.5754
20241230,542.5754
20241230,544.3657
20241230,546.3657
20241230,545.3657
20241230,544.3657
20241230,546.4022
20241230,545.4022
20241230,544.4022
20241230,546.4022
20241230,545.4022
20241230,544.4022
20241230,543.4022
20241230,545.2307
20241230,544.2307
20241230,543.2307
20241230,542.2307
20241230,541.2307
20241230,540.2307
20241230,542.444
20241230,541.444
20241230,540.444
20241231,542.5287
20241231,541.5287
20241231,540.5287
20241231,541.3366
20241231,540.3366
20241231,539.3366
20241231,541.207
20241231,540.207
20241231,542.3542
20241231,541.3542
20241231,543.3542
20241231,542.3542
20241231,541.3542
20241231,540.3542
20241231,539.3542
20241231,541.3542
20241231,540.3542
20241231,539.3542
20241231,538.3542
20241231,540.3542
20241231,541.8517
20241231,543.8517
20241231,542.8517
20241231,541.2354
20241231,544.0956
20241231,543.0956
20241231,544.8641
20241231,543.8641
20241231,546.1884
20241231,548.5754
20241231,547.5754
20241231,546.5754
20250102,548.4219
20250102,547.4219
20250102,546.4219
20250102,548.6986
20250102,551.3901
20250102,553.861
20250102,552.861
20250102,551.861
20250102,550.861
20250102,549.861
20250102,548.861
20250102,547.861
20250102,546.861
20250102,545.861
20250102,544.861
20250102,543.861
20250102,542.861
20250102,541.861
20250102,542.9156
20250102,541.9156
20250102,540.9156
20250102,539.9156
20250102,538.9156
20250102,540.6207
20250102,542.8714
20250102,541.8714
20250102,540.8714
20250102,542.7968
20250102,541.7968
20250102,540.7968
20250102,539.7968
20250102,538.7968
20250103,537.7968
20250103,536.7968
20250103,535.7968
20250103,534.7968
20250103,536.0792
20250103,538.225
20250103,540.225
20250103,542.1139
20250103,541.1139
20250103,543.0987
20250103,545.0951
20250103,544.0951
20250103,545.9657
20250103,544.9657
20250103,543.9657
20250103,542.9657
20250103,544.0211
20250103,543.0211
20250103,545.5035
20250103,544.5035
20250103,546.6491
20250103,545.6491
20250103,544.6491
20250103,543.6491
20250103,542.6491
20250103,544.6095
20250103,546.953
20250103,545.953
20250103,544.953
20250103,543.953
20250103,545.6756
20250103,544.6756
20250106,543.6756
20250106,542.6756
20250106,541.6756
20250106,540.6756
20250106,542.481
20250106,541.481
20250106,540.481
20250106,539.481
20250106,538.481
20250106,537.481
20250106,536.481
20250106,535.481
20250106,534.481
20250106,533.481
20250106,532.481
20250106,533.9469
20250106,536.1758
20250106,538.585
20250106,537.585
20250106,536.585
20250106,535.585
20250106,534.585
20250106,536.9638
20250106,535.9638
20250106,534.9638
20250106,533.9638
20250106,535.9638
20250106,537.9638
20250106,536.9638
20250106,535.9638
20250106,534.9638
20250106,533.9638
20250107,532.9638
20250107,531.9638
20250107,530.9638
20250107,529.9638
20250107,528.9638
20250107,527.9638
20250107,529.8226
20250107,531.8226
20250107,534.0851
20250107,533.0851
20250107,532.0851
20250107,533.6489
20250107,532.6489
20250107,531.6489
20250107,530.6489
20250107,533.5599
20250107,532.5599
20250107,534.3022
20250107,533.3022
20250107,532.3022
20250107,534.1187
20250107,535.8464
20250107,534.8464
20250107,533.8464
20250107,532.8464
20250107,531.8464
20250107,533.8464
20250107,535.8459
20250107,534.8459
20250107,533.8459
20250107,532.8459
20250107,531.8459
20250108,530.8459
20250108,529.8459
20250108,528.8459
20250108,531.1885
20250108,530.1885
20250108,531.794
20250108,530.794
20250108,529.7163
20250108,528.7163
20250108,527.7163
20250108,526.7163
20250108,525.7163
20250108,524.6583
20250108,526.6
20250108,529.2207
20250108,528.2207
20250108,527.2207
20250108,526.2207
20250108,525.2207
20250108,524.2207
20250108,523.2207
20250108,522.2207
20250108,521.2207
20250108,520.2207
20250108,519.2207
20250108,518.2207
20250108,519.4306
20250108,522.0687
20250108,521.0687
20250108,520.0687
20250108,519.0687
20250108,520.7974
20250110,519.7974
20250110,518.7974
20250110,517.7974
20250110,516.7974
20250110,515.7974
20250110,514.7974
20250110,513.7974
20250110,512.7974
20250110,511.7974
20250110,510.7974
20250110,509.7974
20250110,508.7974
20250110,510.4718
20250110,509.4718
20250110,511.4718
20250110,512.711
20250110,511.711
20250110,513.4505
20250110,512.4505
20250110,514.7089
20250110,516.3787
20250110,518.4124
20250110,517.4124
20250110,516.4124
20250110,515.4124
20250110,514.4124
20250110,513.4124
20250110,512.4124
20250110,511.4124
20250110,512.9611
20250110,511.9611
20250110,510.9611
20250113,509.9611
20250113,508.9611
20250113,507.9611
20250113,506.9611
20250113,505.9611
20250113,504.9611
20250113,503.9611
20250113,505.458
20250113,504.458
20250113,503.458
20250113,505.2902
20250113,504.2902
20250113,503.2902
20250113,502.2902
20250113,501.2902
20250113,500.2902
20250113,499.2902
20250113,498.2902
20250113,497.2902
20250113,496.2902
20250113,498.3856
20250113,500.4537
20250113,499.4537
20250113,501.8036
20250113,500.8036
20250113,499.8036
20250113,498.8036
20250113,500.1704
20250113,500.1704
20250113,499.1704
20250113,498.1704
20250113,499.4514
20250114,502.3605
20250114,504.3023
20250114,503.3023
20250114,502.3023
20250114,501.3023
20250114,500.3023
20250114,499.2663
20250114,501.788
20250114,500.788
20250114,499.788
20250114,498.788
20250114,497.788
20250114,496.788
20250114,495.788
20250114,494.788
20250114,496.981
20250114,495.6246
20250114,497.3527
20250114,498.8222
20250114,497.8222
20250114,496.8222
20250114,495.8222
20250114,494.8222
20250114,493.8222
20250114,495.7002
20250114,494.7002
20250114,493.7002
20250114,492.7002
20250114,491.7002
20250114,494.1171
20250114,493.1171
20250114,494.5361
20250115,496.298
20250115,498.2299
20250115,497.2299
20250115,496.2299
20250115,497.8614
20250115,496.8614
20250115,495.8614
20250115,494.8614
20250115,496.9336
20250115,495.9336
20250115,497.9336
20250115,496.9336
20250115,495.9336
20250115,494.9336
20250115,497.3476
20250115,499.2513
20250115,498.2513
20250115,498.815
20250115,500.8341
20250115,499.8341
20250115,501.8341
20250115,500.8341
20250115,503.501
20250115,506.1458
20250115,507.4194
20250115,506.4194
20250115,505.4194
20250115,504.4194
20250115,506.9974
20250115,508.1714
20250115,509.873
20250115,508.873
20250116,507.873
20250116,509.5576
20250116,508.5576
20250116,507.5576
20250116,509.3291
20250116,508.3291
20250116,507.3291
20250116,507.7604
20250116,506.7604
20250116,505.7604
20250116,504.7604
20250116,506.8261
20250116,505.8261
20250116,504.8261
20250116,503.8261
20250116,502.8261
20250116,501.8261
20250116,500.8261
20250116,499.8261
20250116,501.8261
20250116,500.8261
20250116,499.8261
20250116,500.5923
20250116,499.5923
20250116,498.5923
20250116,497.5923
20250116,496.5923
20250116,495.5923
20250116,497.54
20250116,499.6512
20250116,498.6512
20250116,497.6512
20250117,496.6512
20250117,495.6512
20250117,497.5764
20250117,499.5764
20250117,498.5764
20250117,497.5764
20250117,496.5764
20250117,498.6814
20250117,500.7809
20250117,499.7809
20250117,502.4149
20250117,501.4149
20250117,500.4149
20250117,499.4149
20250117,498.4149
20250117,497.4149
20250117,499.7351
20250117,498.7351
20250117,500.4365
20250117,499.4365
20250117,498.4365
20250117,497.4365
20250117,496.4365
20250117,498.4365
20250117,500.0741
20250117,502.0741
20250117,501.0741
20250117,500.0741
20250117,499.0741
20250117,498.0741
20250117,497.0741
20250117,496.0741
20250121,498.0741
20250121,497.0741
20250121,496.0741
20250121,498.0741
20250121,497.0741
20250121,496.0741
20250121,495.0741
20250121,494.0741
20250121,493.0741
20250121,492.0741
20250121,491.0741
20250121,490.0741
20250121,489.0741
20250121,491.0741
20250121,490.0741
20250121,492.1081
20250121,491.1081
20250121,492.2305
20250121,493.9899
20250121,492.9899
20250121,494.9791
20250121,493.9791
20250121,492.9791
20250121,491.9791
20250121,490.9791
20250121,489.9791
20250121,491.9791
20250121,490.9791
20250121,491.4688
20250121,493.4688
20250121,492.4688
20250121,491.4688
20250122,490.4688
20250122,489.4688
20250122,491.2856
20250122,492.6313
20250122,491.6313
20250122,490.6313
20250122,492.5404
20250122,491.5404
20250122,490.5404
20250122,492.5603
20250122,494.613
20250122,496.613
20250122,497.9478
20250122,496.9478
20250122,495.9478
20250122,494.9478
20250122,496.8484
20250122,495.8484
20250122,497.7577
20250122,496.7577
20250122,498.4683
20250122,497.4683
20250122,496.4683
20250122,497.9218
20250122,496.9218
20250122,495.9218
20250122,494.9218
20250122,493.9218
20250122,492.9218
20250122,494.9218
20250122,495.8556
20250122,494.8556
20250123,496.4256
20250123,498.178
20250123,497.178
20250123,496.178
20250123,495.178
20250123,494.178
20250123,496.1141
20250123,497.4034
20250123,499.2665
20250123,498.2665
20250123,500.3865
20250123,499.3865
20250123,498.3865
20250123,497.3865
20250123,496.3865
20250123,495.3865
20250123,496.9055
20250123,495.9055
20250123,494.9055
20250123,497.7972
20250123,496.7972
20250123,495.7972
20250123,494.7972
20250123,493.7972
20250123,492.7972
20250123,494.7972
20250123,496.5672
20250123,495.5672
20250123,494.5672
20250123,493.5672
20250123,492.5672
20250123,491.5672
20250124,493.7539
20250124,492.7539
20250124,491.7539
20250124,494.2815
20250124,493.2815
20250124,492.2815
20250124,491.2815
20250124,491.8801
20250124,490.8801
20250124,489.8801
20250124,491.5767
20250124,493.7347
20250124,495.7347
20250124,494.7347
20250124,496.4365
20250124,495.4365
20250124,497.2181
20250124,498.8214
20250124,497.8214
20250124,496.8214
20250124,495.8214
20250124,497.3496
20250124,500.1806
20250124,499.1806
20250124,501.3702
20250124,500.3702
20250124,502.3485
20250124,501.3485
20250124,500.3485
20250124,499.3485
20250124,501.3485
20250124,502.8188
20250127,501.8188
20250127,500.0114
20250127,499.0114
20250127,497.9992
20250127,496.9992
20250127,495.9992
20250127,494.9992
20250127,496.665
20250127,495.665
20250127,497.665
20250127,496.665
20250127,495.665
20250127,494.665
20250127,493.665
20250127,492.665
20250127,491.665
20250127,494.6041
20250127,496.6778
20250127,498.6778
20250127,499.8269
20250127,498.8269
20250127,500.8269
20250127,502.5015
20250127,501.5015
20250127,503.3399
20250127,502.3399
20250127,501.3399
20250127,500.3399
20250127,499.3399
20250127,502.7177
20250127,504.3757
20250127,506.2462
20250128,505.2462
20250128,504.2462
20250128,503.2462
20250128,505.2462
20250128,504.2462
20250128,506.2462
20250128,508.0344
20250128,507.0344
20250128,509.0344
20250128,508.0344
20250128,507.0344
20250128,506.0344
20250128,505.0344
20250128,504.0344
20250128,503.0344
20250128,502.0344
20250128,501.0344
20250128,502.6665
20250128,504.4501
20250128,503.4501
20250128,502.4501
20250128,505.03
20250128,504.03
20250128,503.03
20250128,503.7539
20250128,505.8298
20250128,508.9752
20250128,507.9752
20250128,510.3135
20250128,509.3135
20250128,508.3135
20250128,507.3135
20250129,506.3135
20250129,505.3135
20250129,504.3135
20250129,506.3135
20250129,508.1716
20250129,507.1716
20250129,506.1716
20250129,505.1716
20250129,504.1716
20250129,503.1716
20250129,502.1716
20250129,501.1716
20250129,500.1716
20250129,499.1716
20250129,502.5344
20250129,501.5344
20250129,500.3785
20250129,499.3785
20250129,498.3785
20250129,497.0762
20250129,498.585
20250129,500.3509
20250129,499.3509
20250129,498.3509
20250129,499.1723
20250129,501.1723
20250129,500.1723
20250129,502.2243
20250129,501.2243
20250129,500.2243
20250129,499.2243
20250129,501.1633
20250130,502.9596
20250130,505.6202
20250130,504.6202
20250130,503.6202
20250130,505.2122
20250130,507.1788
20250130,506.1788
20250130,505.1788
20250130,507.3763
20250130,506.3763
20250130,505.3763
20250130,506.5782
20250130,509.3229
20250130,511.2959
20250130,510.2959
20250130,511.5846
20250130,510.5846
20250130,509.5846
20250130,508.5846
20250130,510.5846
20250130,509.5846
20250130,511.5846
20250130,513.3474
20250130,512.0927
20250130,513.4655
20250130,514.9438
20250130,513.9438
20250130,512.9438
20250130,511.9438
20250130,510.9438
20250130,509.9438
20250130,511.0844
20250131,513.1099
20250131,512.1099
20250131,511.1099
20250131,510.1099
20250131,512.1099
20250131,514.0405
20250131,516.0405
20250131,518.0405
20250131,517.0405
20250131,518.9676
20250131,520.9463
20250131,522.7872
20250131,524.2215
20250131,523.2215
20250131,547.1845
20250131,549.5582
20250131,548.5582
20250131,547.5582
20250131,546.5582
20250131,547.4037
20250131,549.4382
20250131,551.1697
20250131,550.1697
20250131,549.1697
20250131,550.9283
20250131,552.9283
20250131,554.9283
20250131,556.5642
20250131,555.5642
20250131,559.9828
20250131,558.9828
20250131,560.8727
20250203,559.8727
20250203,558.8727
20250203,557.8727
20250203,556.8727
20250203,555.8727
20250203,554.8727
20250203,553.8727
20250203,552.8727
20250203,554.6976
20250203,553.6976
20250203,552.6976
20250203,551.6976
20250203,550.6976
20250203,552.9108
20250203,551.9108
20250203,550.9108
20250203,549.9108
20250203,548.9108
20250203,547.9108
20250203,549.6757
20250203,548.6757
20250203,552.5328
20250203,551.5328
20250203,554.7375
20250203,553.7375
20250203,552.7375
20250203,551.7375
20250203,550.7375
20250203,552.9708
20250203,551.9708
20250203,550.9708
20250203,549.9708
20250204,551.9708
20250204,553.9777
20250204,556.0827
20250204,557.7702
20250204,556.7702
20250204,555.7702
20250204,554.7702
20250204,553.7702
20250204,552.7702
20250204,551.7702
20250204,552.7718
20250204,551.7718
20250204,550.7718
20250204,549.7718
20250204,548.7718
20250204,547.7718
20250204,550.1451
20250204,549.1451
20250204,548.1451
20250204,549.4041
20250204,548.4041
20250204,549.644
20250204,548.644
20250204,547.644
20250204,546.644
20250204,545.644
20250204,547.644
20250204,546.644
20250204,548.644
20250204,547.644
20250204,545.2648
20250204,544.2648
20250205,543.2648
20250205,542.2648
20250205,541.2648
20250205,540.2648
20250205,539.2648
20250205,538.2648
20250205,537.1346
20250205,536.1346
20250205,535.1346
20250205,534.1346
20250205,536.0284
20250205,535.0284
20250205,536.7711
20250205,535.7711
20250205,537.7711
20250205,538.8762
20250205,541.3137
20250205,540.3137
20250205,539.3137
20250205,541.1893
20250205,540.1893
20250205,542.1893
20250205,544.1893
20250205,545.4842
20250205,544.4842
20250205,543.4842
20250205,542.4842
20250205,541.4842
20250205,540.4842
20250205,539.4842
20250205,541.0204
20250205,540.0204
20250206,539.0204
20250206,538.0204
20250206,540.0204
20250206,539.0204
20250206,538.0204
20250206,538.7579
20250206,537.7579
20250206,536.7579
20250206,538.6899
20250206,537.6899
20250206,536.6899
20250206,535.6899
20250206,534.6899
20250206,537.2445
20250206,536.2445
20250206,535.2445
20250206,534.2445
20250206,535.5229
20250206,534.5229
20250206,533.5229
20250206,532.5229
20250206,531.5229
20250206,530.5229
20250206,529.5229
20250206,528.5229
20250206,530.2989
20250206,529.2989
20250206,528.2989
20250206,527.2989
20250206,529.2989
20250206,528.2989
20250206,530.0488
20250207,529.0488
20250207,532.1996
20250207,531.1996
20250207,530.1996
20250207,529.1996
20250207,528.1996
20250207,527.1996
20250207,529.1085
20250207,530.3312
20250207,532.5113
20250207,533.974
20250207,536.0655
20250207,535.0655
20250207,534.0655
20250207,535.9374
20250207,534.9374
20250207,533.9374
20250207,535.9374
20250207,534.9374
20250207,533.9374
20250207,532.9374
20250207,531.9374
20250207,534.1461
20250207,533.1461
20250207,532.1461
20250207,531.1461
20250207,530.1461
20250207,533.0171
20250207,532.0171
20250207,533.9078
20250207,532.9078
20250210,531.9078
20250210,530.9078
20250210,532.9078
20250210,531.9078
20250210,533.5536
20250210,532.5536
20250210,531.5536
20250210,530.5536
20250210,529.5536
20250210,528.5536
20250210,527.5536
20250210,526.5536
20250210,525.5536
20250210,524.5536
20250210,523.5536
20250210,522.5536
20250210,522.5536
20250210,521.5536
20250210,523.5505
20250210,522.5505
20250210,524.1245
20250210,523.1245
20250210,522.1245
20250210,521.1245
20250210,520.1245
20250210,522.5977
20250210,521.5977
20250210,523.6373
20250210,525.4142
20250210,524.4142
20250210,526.7069
20250210,525.7069
20250211,524.7069
20250211,523.7069
20250211,522.7069
20250211,521.7069
20250211,524.1069
20250211,523.1069
20250211,522.1069
20250211,521.1069
20250211,520.1069
20250211,522.2237
20250211,523.5574
20250211,522.5574
20250211,524.8598
20250211,527.5643
20250211,526.5643
20250211,528.6344
20250211,531.5872
20250211,530.5872
20250211,532.3365
20250211,531.3365
20250211,530.3365
20250211,531.8412
20250211,530.8412
20250211,529.8412
20250211,528.8412
20250211,527.8412
20250211,526.8412
20250211,525.8412
20250211,529.2308
20250211,530.9062
20250211,533.0811
20250212,532.0811
20250212,531.0811
20250212,533.059
20250212,532.059
20250212,531.059
20250212,533.059
20250212,532.059
20250212,531.059
20250212,530.059
20250212,529.059
20250212,528.059
20250212,527.059
20250212,528.7691
20250212,527.7691
20250212,526.7691
20250212,528.2077
20250212,527.2077
20250212,529.0771
20250212,528.0771
20250212,527.0771
20250212,526.0771
20250212,525.0771
20250212,524.0771
20250212,523.0771
20250212,525.0771
20250212,524.0771
20250212,527.0442
20250212,526.0442
20250212,525.0442
20250212,523.698
20250212,526.8254
20250212,525.8254
20250213,524.8254
20250213,523.8254
20250213,526.0696
20250213,525.0696
20250213,524.0696
20250213,523.0696
20250213,521.5527
20250213,520.5527
20250213,519.5527
20250213,518.5527
20250213,517.5527
20250213,516.5527
20250213,515.5527
20250213,514.5527
20250213,513.5527
20250213,512.5527
20250213,514.5527
20250213,513.4209
20250213,512.4209
20250213,511.4209
20250213,512.8104
20250213,511.8104
20250213,510.8104
20250213,509.8104
20250213,508.8104
20250213,511.1812
20250213,510.1812
20250213,509.1812
20250213,508.1812
20250213,510.3194
20250213,509.3194
20250213,508.3194
20250214,507.3194
20250214,506.3194
20250214,509.3606
20250214,510.6611
20250214,510.8034
20250214,509.8034
20250214,511.8034
20250214,510.8034
20250214,509.8034
20250214,511.3509
20250214,510.3509
20250214,509.3509
20250214,511.1084
20250214,513.1084
20250214,512.1084
20250214,511.1084
20250214,510.1084
20250214,508.9522
20250214,513.5106
20250214,512.5106
20250214,511.5106
20250214,513.7586
20250214,512.7586
20250214,513.8094
20250214,515.1006
20250214,514.1006
20250214,515.9427
20250214,518.0781
20250214,517.0781
20250214,516.0781
20250214,518.3695
20250214,517.3695
20250218,519.1343
20250218,518.1343
20250218,517.1343
20250218,516.1343
20250218,515.1343
20250218,514.1343
20250218,515.5558
20250218,514.5558
20250218,513.5558
20250218,515.4591
20250218,517.4591
20250218,516.4591
20250218,518.5248
20250218,520.2316
20250218,519.2316
20250218,529.0189
20250218,528.0189
20250218,529.7331
20250218,528.7331
20250218,527.7331
20250218,526.7331
20250218,525.7331
20250218,524.7331
20250218,524.9828
20250218,523.9828
20250218,525.9828
20250218,524.9828
20250218,523.9828
20250218,525.9828
20250218,527.9828
20250218,526.9828
20250218,525.9828
20250219,524.9828
20250219,523.9828
20250219,522.9828
20250219,525.3272
20250219,527.0692
20250219,526.0692
20250219,525.0692
20250219,524.0692
20250219,523.0692
20250219,522.0692
20250219,524.0692
20250219,523.0692
20250219,522.0692
20250219,524.0692
20250219,523.0692
20250219,522.0692
20250219,521.0692
20250219,521.7779
20250219,523.3505
20250219,525.4506
20250219,524.4506
20250219,526.4506
20250219,525.4506
20250219,527.2224
20250219,528.7031
20250219,527.7031
20250219,526.7031
20250219,528.7038
20250219,527.7038
20250219,529.6157
20250219,528.6157
20250219,531.1434
20250220,533.1434
20250220,532.1434
20250220,531.1434
20250220,530.1434
20250220,529.1434
20250220,530.85
20250220,532.447
20250220,531.447
20250220,530.447
20250220,529.447
20250220,528.447
20250220,527.447
20250220,526.447
20250220,525.447
20250220,524.447
20250220,523.447
20250220,522.447
20250220,521.447
20250220,520.447
20250220,519.2372
20250220,518.2372
20250220,517.2372
20250220,519.4311
20250220,518.4311
20250220,517.4311
20250220,516.4311
20250220,515.4311
20250220,514.4311
20250220,513.4311
20250220,512.4311
20250220,511.4311
20250220,512.9115
20250221,515.0436
20250221,517.1633
20250221,516.1633
20250221,517.6163
20250221,516.6163
20250221,518.842
20250221,517.842
20250221,516.842
20250221,519.2136
20250221,518.2136
20250221,519.5862
20250221,518.5862
20250221,517.5862
20250221,519.5862
20250221,518.5862
20250221,517.5862
20250221,516.5862
20250221,515.5862
20250221,517.778
20250221,516.778
20250221,515.778
20250221,514.778
20250221,513.778
20250221,512.778
20250221,514.5601
20250221,513.5601
20250221,512.5601
20250221,511.5601
20250221,510.5601
20250221,512.6145
20250221,511.6145
20250221,513.8376
20250224,512.8376
20250224,514.8376
20250224,513.8376
20250224,512.8376
20250224,511.8376
20250224,510.8376
20250224,509.8376
20250224,508.8376
20250224,507.8376
20250224,506.8376
20250224,508.8376
20250224,507.8376
20250224,506.8376
20250224,509.6128
20250224,508.6128
20250224,510.1158
20250224,509.1158
20250224,508.1158
20250224,510.349
20250224,513.6867
20250224,512.6867
20250224,511.6867
20250224,510.6867
20250224,509.6867
20250224,513.174
20250224,512.174
20250224,514.174
20250224,513.174
20250224,512.174
20250224,511.174
20250224,510.174
20250224,509.174
20250225,508.174
20250225,507.174
20250225,506.174
20250225,505.174
20250225,504.174
20250225,503.174
20250225,502.174
20250225,501.174
20250225,500.174
20250225,501.8047
20250225,503.8047
20250225,502.8047
20250225,504.9063
20250225,506.9063
20250225,508.4077
20250225,507.4077
20250225,506.4077
20250225,505.4077
20250225,506.8335
20250225,510.6627
20250225,509.6627
20250225,511.6199
20250225,510.6199
20250225,513.207
20250225,512.207
20250225,511.207
20250225,512.8163
20250225,511.8163
20250225,513.8163
20250225,512.8163
20250225,515.1088
20250225,514.1088
20250226,515.8022
20250226,517.7152
20250226,516.7152
20250226,518.5718
20250226,521.0514
20250226,520.0514
20250226,519.0514
20250226,518.0514
20250226,517.0514
20250226,516.0514
20250226,515.0514
20250226,516.705
20250226,518.1328
20250226,517.1328
20250226,518.2976
20250226,517.2976
20250226,516.2976
20250226,515.2976
20250226,513.9441
20250226,515.9441
20250226,514.9441
20250226,516.9986
20250226,515.9986
20250226,514.9986
20250226,513.9986
20250226,515.4176
20250226,514.4176
20250226,516.4176
20250226,515.4176
20250226,514.4176
20250226,513.4176
20250226,512.4176
20250227,513.9842
20250227,512.9842
20250227,516.0269
20250227,515.0269
20250227,516.94
20250227,515.94
20250227,514.94
20250227,513.94
20250227,515.8528
20250227,514.8528
20250227,513.8528
20250227,515.3027
20250227,517.3027
20250227,516.3027
20250227,518.141
20250227,517.141
20250227,516.141
20250227,517.8586
20250227,516.8586
20250227,515.8586
20250227,517.3129
20250227,516.3129
20250227,517.8861
20250227,519.6345
20250227,521.6345
20250227,520.6345
20250227,519.6345
20250227,518.6345
20250227,517.6345
20250227,519.7489
20250227,518.7489
20250228,517.7489
20250228,519.5585
20250228,521.272
20250228,520.272
20250228,519.272
20250228,521.272
20250228,520.272
20250228,519.272
20250228,521.1647
20250228,520.1647
20250228,522.0242
20250228,521.0242
20250228,523.2128
20250228,525.4376
20250228,524.4376
20250228,523.4376
20250228,522.4376
20250228,521.4376
20250228,520.4376
20250228,519.4376
20250228,520.0746
20250228,519.0746
20250228,525.5452
20250228,528.8966
20250228,530.1751
20250228,532.2671
20250228,531.2671
20250228,533.2671
20250228,532.2671
20250228,531.2671
20250228,533.2671
20250228,532.2671
20250303,531.2671
20250303,530.2671
20250303,529.2671
20250303,528.2671
20250303,527.2671
20250303,526.2671
20250303,525.2671
20250303,524.2671
20250303,523.2671
20250303,522.2671
20250303,524.1099
20250303,523.1099
20250303,522.1099
20250303,523.1772
20250303,524.9844
20250303,523.9844
20250303,526.6691
20250303,525.6691
20250303,528.085
20250303,530.2022
20250303,529.2022
20250303,528.2022
20250303,527.2022
20250303,526.2022
20250303,525.2022
20250303,524.2022
20250303,523.2022
20250303,522.2022
20250303,521.2022
20250303,520.2022
20250303,519.2022
20250303,518.2022
20250304,517.2022
20250304,516.2022
20250304,515.2022
20250304,514.2022
20250304,513.2022
20250304,516.1224
20250304,515.1224
20250304,514.1224
20250304,516.2989
20250304,515.2989
20250304,514.2989
20250304,516.3201
20250304,518.2287
20250304,517.2287
20250304,516.2287
20250304,515.2287
20250304,517.0924
20250304,516.0924
20250304,515.0924
20250304,514.0924
20250304,516.0914
20250304,515.0914
20250304,517.4293
20250304,516.4293
20250304,515.4293
20250304,514.4293
20250304,516.4293
20250304,515.4293
20250304,514.4293
20250304,516.4293
20250304,518.1225
20250304,517.1225
20250305,516.1225
20250305,515.1225
20250305,514.1225
20250305,515.8058
20250305,517.8558
20250305,516.8558
20250305,521.5194
20250305,520.5194
20250305,519.5194
20250305,518.5194
20250305,517.5194
20250305,519.0917
20250305,521.1732
20250305,523.1732
20250305,522.1732
20250305,521.1732
20250305,520.1732
20250305,522.1732
20250305,521.1732
20250305,520.1732
20250305,522.1148
20250305,521.1148
20250305,522.8737
20250305,521.8737
20250305,520.8737
20250305,519.8737
20250305,518.8737
20250305,517.8737
20250305,519.9083
20250305,518.9083
20250305,517.9083
20250305,516.9083
20250306,518.8696
20250306,517.8696
20250306,516.8696
20250306,515.8696
20250306,514.8696
20250306,513.8696
20250306,512.8696
20250306,511.8696
20250306,513.7189
20250306,515.5314
20250306,514.5314
20250306,513.5314
20250306,512.5314
20250306,514.4312
20250306,513.4312
20250306,515.4312
20250306,514.4312
20250306,513.4312
20250306,512.4312
20250306,511.4312
20250306,510.4312
20250306,509.19
20250306,508.1629
20250306,510.1629
20250306,509.1629
20250306,508.1629
20250306,510.2384
20250306,509.2384
20250306,508.2384
20250306,507.2384
20250306,506.2384
20250306,505.2384
20250307,507.2384
20250307,506.2384
20250307,508.2384
20250307,510.6254
20250307,509.6254
20250307,508.6254
20250307,507.6254
20250307,509.8473
20250307,508.8473
20250307,510.6457
20250307,512.6457
20250307,514.6457
20250307,517.0272
20250307,518.9394
20250307,520.8514
20250307,519.8514
20250307,522.6554
20250307,524.4031
20250307,526.2854
20250307,525.2854
20250307,527.599
20250307,529.1124
20250307,531.1124
20250307,530.1124
20250307,533.4094
20250307,535.4094
20250307,534.4094
20250307,533.4094
20250307,532.4094
20250307,531.4094
20250307,534.3668
20250307,533.3668
20250310,532.3668
20250310,531.3668
20250310,534.5482
20250310,533.5482
20250310,532.5482
20250310,534.4214
20250310,533.4214
20250310,532.4214
20250310,531.4214
20250310,533.6182
20250310,532.6182
20250310,531.6182
20250310,530.6182
20250310,529.6182
20250310,531.4833
20250310,530.4833
20250310,529.4833
20250310,528.4833
20250310,527.4833
20250310,526.4833
20250310,525.4833
20250310,524.4833
20250310,523.4833
20250310,522.4833
20250310,521.4833
20250310,523.4833
20250310,522.4833
20250310,521.4833
20250310,520.4833
20250310,519.4833
20250310,521.6343
20250310,520.6343
20250311,522.5576
20250311,521.5576
20250311,523.5798
20250311,522.5798
20250311,521.5798
20250311,520.5798
20250311,522.9392
20250311,521.9392
20250311,520.7173
20250311,519.7173
20250311,521.4674
20250311,522.9595
20250311,521.9595
20250311,520.9595
20250311,519.9595
20250311,521.874
20250311,523.5269
20250311,525.4173
20250311,524.4173
20250311,523.4173
20250311,522.4173
20250311,521.4173
20250311,520.4173
20250311,519.4173
20250311,518.4173
20250311,519.7147
20250311,518.7147
20250311,520.5233
20250311,521.4867
20250311,520.4867
20250311,519.4867
20250311,518.4867
20250312,517.4867
20250312,516.4867
20250312,515.4867
20250312,514.4867
20250312,513.4867
20250312,512.4833
20250312,511.4833
20250312,513.6834
20250312,512.6834
20250312,511.6834
20250312,510.6834
20250312,509.6834
20250312,511.552
20250312,510.552
20250312,509.552
20250312,512.2095
20250312,511.2095
20250312,510.2095
20250312,512.1935
20250312,511.1935
20250312,510.1935
20250312,509.1935
20250312,508.1935
20250312,509.4412
20250312,508.4412
20250312,507.4412
20250312,506.4412
20250312,505.4412
20250312,507.6924
20250312,506.6924
20250312,505.6924
20250312,507.9524
20250313,509.7833
20250313,508.7833
20250313,507.7833
20250313,506.7833
20250313,505.7833
20250313,508.2508
20250313,507.2508
20250313,506.2508
20250313,505.2508
20250313,504.2508
20250313,503.2508
20250313,502.2508
20250313,504.4821
20250313,503.4821
20250313,505.4821
20250313,506.9273
20250313,505.9273
20250313,504.9273
20250313,503.9273
20250313,502.9273
20250313,501.9273
20250313,500.9273
20250313,502.8713
20250313,501.8713
20250313,502.3194
20250313,509.2898
20250313,508.2898
20250313,507.2898
20250313,506.2898
20250313,505.2898
20250313,506.659
20250313,505.659
20250314,508.0087
20250314,507.0087
20250314,506.0087
20250314,508.1743
20250314,507.1743
20250314,509.6861
20250314,508.6861
20250314,507.6861
20250314,509.2568
20250314,508.2568
20250314,509.8586
20250314,508.8586
20250314,507.8586
20250314,506.8586
20250314,505.8586
20250314,504.8586
20250314,503.8586
20250314,502.8586
20250314,504.6143
20250314,506.5834
20250314,505.5834
20250314,504.5834
20250314,506.6035
20250314,505.6035
20250314,504.6035
20250314,503.6035
20250314,505.2796
20250314,507.2796
20250314,508.3723
20250314,510.4516
20250314,512.3148
20250314,511.3148
20250317,512.6942
20250317,511.6942
20250317,513.5454
20250317,515.5144
20250317,517.0436
20250317,516.0436
20250317,515.0436
20250317,514.0436
20250317,513.0436
20250317,515.2261
20250317,518.3156
20250317,517.3156
20250317,516.3156
20250317,518.3156
20250317,517.3156
20250317,516.3156
20250317,515.3156
20250317,517.3156
20250317,518.622
20250317,517.622
20250317,516.622
20250317,518.6701
20250317,517.6701
20250317,516.6701
20250317,518.2565
20250317,520.2565
20250317,519.2565
20250317,518.2565
20250317,517.2565
20250317,519.1792
20250317,518.1792
20250317,517.1792
20250318,518.7981
20250318,517.7981
20250318,516.7981
20250318,515.7981
20250318,514.7981
20250318,513.7981
20250318,515.7981
20250318,514.7981
20250318,516.3842
20250318,515.3842
20250318,517.5581
20250318,516.5581
20250318,515.5581
20250318,514.5581
20250318,513.5581
20250318,512.5581
20250318,511.5581
20250318,513.5581
20250318,512.5581
20250318,514.6587
20250318,516.8079
20250318,515.8079
20250318,517.6911
20250318,519.3008
20250318,518.3008
20250318,518.3008
20250318,517.3008
20250318,516.3008
20250318,515.3008
20250318,516.7496
20250318,515.7496
20250318,518.033
20250319,517.033
20250319,516.033
20250319,515.033
20250319,516.7791
20250319,515.7791
20250319,518.6214
20250319,520.6214
20250319,519.6214
20250319,518.6214
20250319,520.157
20250319,522.3622
20250319,521.3622
20250319,523.3622
20250319,525.4166
20250319,524.4166
20250319,523.4166
20250319,522.4166
20250319,524.4166
20250319,523.4166
20250319,525.7745
20250319,524.7745
20250319,523.7745
20250319,522.7745
20250319,524.7745
20250319,523.7745
20250319,525.599
20250319,527.4974
20250319,526.4974
20250319,525.4974
20250319,524.4974
20250319,523.4974
20250319,522.4974
20250320,521.4974
20250320,524.1085
20250320,525.1901
20250320,527.0215
20250320,526.0215
20250320,527.78
20250320,529.9659
20250320,528.9659
20250320,527.9659
20250320,526.9659
20250320,529.4094
20250320,528.4094
20250320,530.3528
20250320,529.3528
20250320,528.3528
20250320,527.3528
20250320,526.3528
20250320,525.3528
20250320,524.3528
20250320,523.3528
20250320,525.11
20250320,527.2655
20250320,526.2655
20250320,525.2655
20250320,524.2655
20250320,523.2655
20250320,525.0183
20250320,524.0183
20250320,523.0183
20250320,522.0183
20250320,525.4828
20250320,526.3714
20250321,525.3714
20250321,524.3714
20250321,523.3714
20250321,525.2273
20250321,524.2273
20250321,526.0992
20250321,525.0992
20250321,526.9295
20250321,525.9295
20250321,524.9295
20250321,523.9295
20250321,522.9295
20250321,525.5344
20250321,524.5344
20250321,523.5344
20250321,522.5344
20250321,521.5344
20250321,520.5344
20250321,522.7622
20250321,521.7622
20250321,523.0916
20250321,525.0916
20250321,526.9843
20250321,529.1985
20250321,528.1985
20250321,527.1985
20250321,526.1985
20250321,525.1985
20250321,523.8423
20250321,522.8423
20250321,525.7306
20250321,524.7306
20250324,523.7306
20250324,526.1116
20250324,525.1116
20250324,526.7878
20250324,529.0479
20250324,531.2014
20250324,530.2014
20250324,531.8747
20250324,533.8481
20250324,536.0119
20250324,535.0119
20250324,534.0119
20250324,533.0119
20250324,532.0119
20250324,531.0119
20250324,533.0119
20250324,532.0119
20250324,531.0119
20250324,530.0119
20250324,531.5374
20250324,530.5374
20250324,529.5374
20250324,528.5374
20250324,527.5374
20250324,526.5374
20250324,525.5374
20250324,524.5374
20250324,523.5374
20250324,522.5374
20250324,523.4072
20250324,525.7822
20250324,527.4962
20250325,529.1056
20250325,528.1056
20250325,530.4141
20250325,529.4141
20250325,528.4141
20250325,527.4141
20250325,530.4339
20250325,529.4339
20250325,528.4339
20250325,527.4339
20250325,526.4339
20250325,528.7796
20250325,527.7796
20250325,529.7313
20250325,528.7313
20250325,527.7313
20250325,526.7313
20250325,525.7313
20250325,527.5206
20250325,526.5206
20250325,525.5206
20250325,524.5206
20250325,526.1451
20250325,525.1451
20250325,524.1451
20250325,525.9647
20250325,524.9295
20250325,523.9295
20250325,522.9295
20250325,521.9295
20250325,524.7622
20250325,526.7622
20250326,525.7622
20250326,524.7622
20250326,523.7622
20250326,525.7622
20250326,528.8373
20250326,530.4003
20250326,529.4003
20250326,530.9413
20250326,529.9413
20250326,531.9837
20250326,530.9837
20250326,532.989
20250326,531.989
20250326,530.989
20250326,532.9403
20250326,531.9403
20250326,530.9403
20250326,529.9403
20250326,528.9403
20250326,527.9403
20250326,526.9403
20250326,525.9403
20250326,527.8536
20250326,526.8536
20250326,528.5955
20250326,530.6716
20250326,533.0905
20250326,532.0905
20250326,531.0905
20250326,530.0905
20250326,529.0905
20250326,528.0905
20250327,527.0905
20250327,528.8808
20250327,527.8808
20250327,529.9263
20250327,528.9263
20250327,527.9263
20250327,526.9263
20250327,525.9263
20250327,524.9263
20250327,523.9263
20250327,522.9263
20250327,525.2595
20250327,524.2595
20250327,523.2595
20250327,522.2595
20250327,521.2595
20250327,520.2595
20250327,519.2595
20250327,518.2595
20250327,517.2595
20250327,516.2595
20250327,515.2595
20250327,515.2595
20250327,516.9713
20250327,515.9713
20250327,514.9713
20250327,513.9713
20250327,512.9713
20250327,511.9713
20250327,510.9713
20250327,509.9132
20250327,508.9132
20250328,510.9087
20250328,509.9087
20250328,508.9087
20250328,507.9087
20250328,509.9087
20250328,508.9087
20250328,507.9087
20250328,510.5711
20250328,509.5711
20250328,508.5711
20250328,507.5711
20250328,506.5711
20250328,508.4259
20250328,510.4259
20250328,512.5341
20250328,511.5341
20250328,510.5341
20250328,512.0707
20250328,513.9986
20250328,512.9986
20250328,514.9986
20250328,517.5213
20250328,520.4443
20250328,519.4443
20250328,521.2515
20250328,523.0341
20250328,523.0341
20250328,522.0341
20250328,521.0341
20250328,520.0341
20250328,519.0341
20250328,518.0341
20250331,520.236
20250331,522.4692
20250331,521.4692
20250331,523.4646
20250331,522.4646
20250331,521.4646
20250331,523.5219
20250331,525.4658
20250331,527.1846
20250331,526.1846
20250331,525.1846
20250331,524.1846
20250331,526.5862
20250331,523.7713
20250331,522.7713
20250331,521.7713
20250331,523.3479
20250331,525.6008
20250331,527.0896
20250331,526.0896
20250331,525.0896
20250331,524.0896
20250331,523.0896
20250331,521.8342
20250331,523.8342
20250331,522.8342
20250331,521.8342
20250331,524.0976
20250331,525.6575
20250331,524.6575
20250331,526.7199
20250331,525.7199
20250401,524.7199
20250401,523.7199
20250401,522.6659
20250401,525.0727
20250401,526.7716
20250401,525.7716
20250401,524.7716
20250401,523.7716
20250401,522.7716
20250401,521.7716
20250401,523.9043
20250401,522.9043
20250401,524.9509
20250401,523.9509
20250401,523.9509
20250401,525.7531
20250401,524.6215
20250401,526.8377
20250401,528.5278
20250401,531.13
20250401,533.13
20250401,531.6157
20250401,530.6157
20250401,529.6157
20250401,528.6157
20250401,527.6157
20250401,526.6157
20250401,525.6157
20250401,524.6157
20250401,523.6157
20250401,525.6157
20250401,527.5681
20250402,526.5681
20250402,525.5681
20250402,524.5681
20250402,526.0526
20250402,525.0526
20250402,524.0526
20250402,525.9486
20250402,528.8446
20250402,527.8446
20250402,526.8446
20250402,525.8446
20250402,527.6116
20250402,526.6116
20250402,528.6359
20250402,527.6359
20250402,529.6342
20250402,528.6342
20250402,527.6198
20250402,526.6198
20250402,528.6317
20250402,527.6317
20250402,526.6317
20250402,525.6317
20250402,527.6676
20250402,526.6676
20250402,525.6676
20250402,524.6676
20250402,526.6676
20250402,525.6676
20250402,527.4367
20250402,528.0565
20250402,527.0565
20250403,526.0565
20250403,528.1158
20250403,527.1158
20250403,529.6939
20250403,528.6939
20250403,527.6939
20250403,526.6939
20250403,525.6939
20250403,524.6939
20250403,526.8413
20250403,528.8975
20250403,530.6655
20250403,529.6655
20250403,528.6655
20250403,527.6655
20250403,526.6655
20250403,525.6655
20250403,527.2594
20250403,526.2594
20250403,525.2594
20250403,524.2594
20250403,523.2594
20250403,522.2594
20250403,521.2594
20250403,524.1424
20250403,523.1424
20250403,522.1424
20250403,523.87
20250403,522.87
20250403,521.87
20250403,523.7943
20250403,522.7943
20250404,521.7943
20250404,520.7943
20250404,519.7943
20250404,518.7943
20250404,520.7943
20250404,519.7943
20250404,521.3965
20250404,523.2547
20250404,525.2547
20250404,527.3368
20250404,526.3368
20250404,525.3368
20250404,526.9361
20250404,525.9361
20250404,524.9361
20250404,523.9361
20250404,525.6675
20250404,524.6675
20250404,527.003
20250404,528.7975
20250404,527.7975
20250404,526.7975
20250404,525.7975
20250404,524.7975
20250404,523.7975
20250404,522.7975
20250404,521.7975
20250404,520.7975
20250404,519.7975
20250404,518.7975
20250404,517.7975
20250404,516.7975
20250407,515.7975
20250407,514.7975
20250407,513.7975
20250407,512.7975
20250407,511.7975
20250407,513.7727
20250407,512.7727
20250407,511.7727
20250407,513.747
20250407,512.747
20250407,514.7048
20250407,516.9972
20250407,519.0185
20250407,518.0185
20250407,517.0185
20250407,516.0185
20250407,518.2291
20250407,517.2291
20250407,516.2291
20250407,518.4869
20250407,517.4869
20250407,518.4244
20250407,517.4244
20250407,516.4244
20250407,515.4244
20250407,514.4244
20250407,513.4244
20250407,512.4244
20250407,511.4244
20250407,510.4244
20250407,512.5553
20250407,511.5553
20250408,513.5553
20250408,512.5553
20250408,511.5553
20250408,513.2257
20250408,515.0391
20250408,517.0606
20250408,516.0606
20250408,518.6675
20250408,517.6675
20250408,516.6675
20250408,515.6675
20250408,514.6675
20250408,512.9356
20250408,511.9356
20250408,510.9356
20250408,509.9356
20250408,508.9356
20250408,507.9356
20250408,506.9356
20250408,505.9356
20250408,504.9356
20250408,503.9356
20250408,506.0748
20250408,505.0748
20250408,504.0748
20250408,506.0748
20250408,505.0748
20250408,507.0748
20250408,506.0606
20250408,505.0606
20250408,504.0606
20250408,503.0606
20250409,502.0606
20250409,501.0606
20250409,500.0606
20250409,502.2042
20250409,501.2042
20250409,500.2042
20250409,499.2042
20250409,501.0387
20250409,502.8691
20250409,501.8691
20250409,500.8691
20250409,503.3904
20250409,502.3904
20250409,504.3904
20250409,503.3904
20250409,502.3904
20250409,501.3904
20250409,500.3162
20250409,499.3162
20250409,498.3162
20250409,500.5959
20250409,502.4635
20250409,501.4635
20250409,503.4635
20250409,502.4635
20250409,501.4635
20250409,503.5382
20250409,505.529
20250409,504.529
20250409,506.529
20250409,505.529
20250409,504.529
20250410,506.426
20250410,505.426
20250410,504.426
20250410,507.0045
20250410,506.0045
20250410,505.0045
20250410,504.0045
20250410,506.0045
20250410,505.0045
20250410,504.0045
20250410,503.0045
20250410,502.0045
20250410,501.0045
20250410,500.0045
20250410,499.0045
20250410,501.3702
20250410,500.3702
20250410,499.3702
20250410,498.3702
20250410,500.3702
20250410,499.3702
20250410,498.3702
20250410,500.4083
20250410,499.4083
20250410,498.4083
20250410,497.4083
20250410,496.4083
20250410,498.9343
20250410,497.9343
20250410,496.9343
20250410,498.2126
20250410,500.1658
20250411,499.1658
20250411,501.2964
20250411,500.2964
20250411,502.4308
20250411,501.4308
20250411,500.4308
20250411,499.4308
20250411,498.4308
20250411,500.4883
20250411,502.0459
20250411,501.0459
20250411,500.0459
20250411,502.0459
20250411,501.0459
20250411,500.0459
20250411,499.0459
20250411,498.0459
20250411,497.0459
20250411,498.9486
20250411,497.9486
20250411,496.9486
20250411,495.9486
20250411,494.9486
20250411,493.9486
20250411,492.9486
20250411,491.9486
20250411,490.9486
20250411,489.9486
20250411,488.9486
20250411,487.9486
20250411,486.9486
20250411,485.9486
20250414,484.9486
20250414,487.15
20250414,488.9
20250414,487.9
20250414,486.9
20250414,485.9
20250414,488.2147
20250414,490.3477
20250414,489.3477
20250414,488.3477
20250414,490.2369
20250414,492.3043
20250414,494.0106
20250414,493.0106
20250414,494.7474
20250414,493.7474
20250414,492.7474
20250414,491.7474
20250414,490.7474
20250414,489.7474
20250414,492.1336
20250414,491.1336
20250414,493.1762
20250414,492.1762
20250414,491.1762
20250414,493.4727
20250414,495.2978
20250414,494.2978
20250414,493.2978
20250414,495.3793
20250414,494.3793
20250414,493.3793
20250415,492.3793
20250415,494.6024
20250415,493.6024
20250415,495.7698
20250415,497.7698
20250415,496.7698
20250415,495.6416
20250415,497.0279
20250415,499.1366
20250415,498.1366
20250415,500.1366
20250415,502.6809
20250415,504.4709
20250415,503.4709
20250415,502.4709
20250415,501.4709
20250415,500.4709
20250415,499.4709
20250415,501.692
20250415,504.057
20250415,503.057
20250415,502.057
20250415,503.7339
20250415,502.7339
20250415,501.7339
20250415,503.5149
20250415,502.5149
20250415,504.6729
20250415,507.0796
20250415,506.0796
20250415,505.0796
20250415,504.0796
20250416,503.0796
20250416,502.0796
20250416,501.0796
20250416,500.0796
20250416,499.0796
20250416,498.0796
20250416,497.0796
20250416,498.3028
20250416,497.3028
20250416,496.3028
20250416,498.3028
20250416,500.1004
20250416,499.1004
20250416,498.1004
20250416,497.1004
20250416,499.285
20250416,498.285
20250416,500.8688
20250416,502.9751
20250416,501.9751
20250416,503.517
20250416,505.6054
20250416,504.6054
20250416,503.6054
20250416,502.6054
20250416,504.3702
20250416,506.2061
20250416,508.2061
20250416,515.0688
20250416,514.0688
20250416,515.9487
20250416,514.9487
20250417,513.9487
20250417,512.9487
20250417,511.9487
20250417,510.9487
20250417,509.9487
20250417,511.6745
20250417,513.8314
20250417,512.8314
20250417,514.607
20250417,517.4531
20250417,516.4531
20250417,515.4531
20250417,514.4531
20250417,513.4531
20250417,512.4531
20250417,514.1302
20250417,513.1302
20250417,512.1302
20250417,511.1302
20250417,510.1302
20250417,509.1302
20250417,511.1302
20250417,513.3695
20250417,512.3695
20250417,514.2931
20250417,513.2931
20250417,515.6881
20250417,517.9351
20250417,516.9351
20250417,515.9351
20250417,514.9351
20250417,516.9351
20250421,518.6352
20250421,520.5381
20250421,522.4397
20250421,521.4397
20250421,520.4397
20250421,522.7303
20250421,524.3046
20250421,523.3046
20250421,522.3046
20250421,521.3046
20250421,522.7599
20250421,521.7599
20250421,523.5571
20250421,525.185
20250421,527.5242
20250421,526.5242
20250421,525.5242
20250421,527.3105
20250421,526.3105
20250421,527.9828
20250421,526.9828
20250421,529.5219
20250421,528.5219
20250421,527.5219
20250421,526.5219
20250421,528.5219
20250421,527.5219
20250421,526.5219
20250421,525.5219
20250421,524.5219
20250421,523.5219
20250421,525.6553
20250422,524.6553
20250422,523.6553
20250422,522.6553
20250422,524.499
20250422,523.499
20250422,522.499
20250422,521.499
20250422,520.499
20250422,519.499
20250422,518.499
20250422,517.499
20250422,516.499
20250422,518.3104
20250422,517.3104
20250422,516.286
20250422,518.2428
20250422,517.2428
20250422,516.2428
20250422,518.4266
20250422,520.3351
20250422,519.3351
20250422,518.3351
20250422,519.7573
20250422,518.7573
20250422,517.7573
20250422,516.7558
20250422,515.7558
20250422,514.7558
20250422,516.6364
20250422,515.6364
20250422,517.8965
20250422,516.8965
20250423,518.8825
20250423,517.8825
20250423,516.8825
20250423,518.9004
20250423,517.9004
20250423,516.9004
20250423,518.8415
20250423,520.6497
20250423,519.6497
20250423,518.6497
20250423,517.6497
20250423,519.381
20250423,521.2722
20250423,520.2722
20250423,519.2722
20250423,518.2722
20250423,520.2722
20250423,522.2722
20250423,521.2722
20250423,520.2722
20250423,519.2722
20250423,518.2722
20250423,520.2722
20250423,519.2722
20250423,518.2722
20250423,516.9138
20250423,515.9138
20250423,518.3189
20250423,517.3189
20250423,519.7578
20250423,518.7578
20250423,517.7578
20250424,516.7578
20250424,515.7578
20250424,517.7578
20250424,516.7578
20250424,515.7578
20250424,517.7766
20250424,521.4266
20250424,520.4266
20250424,522.856
20250424,521.856
20250424,520.856
20250424,519.856
20250424,518.856
20250424,517.856
20250424,516.856
20250424,515.856
20250424,517.9135
20250424,516.9135
20250424,515.9135
20250424,514.9135
20250424,516.5074
20250424,515.5074
20250424,514.5074
20250424,513.5074
20250424,516.026
20250424,515.026
20250424,517.3241
20250424,516.3241
20250424,518.3241
20250424,520.1874
20250424,519.1874
20250424,521.072
20250425,523.072
20250425,525.2134
20250425,524.2134
20250425,523.2134
20250425,522.2134
20250425,521.2134
20250425,523.352
20250425,525.8992
20250425,524.8992
20250425,523.6583
20250425,522.6583
20250425,521.6583
20250425,520.6583
20250425,519.6583
20250425,518.6583
20250425,517.6583
20250425,519.5604
20250425,518.5604
20250425,517.5604
20250425,519.5604
20250425,518.5604
20250425,520.7628
20250425,519.7628
20250425,518.7628
20250425,517.7628
20250425,516.7628
20250425,515.7628
20250425,514.7628
20250425,513.7628
20250425,512.7628
20250425,511.6315
20250425,510.6315
20250428,509.6315
20250428,511.3248
20250428,510.3248
20250428,512.1827
20250428,511.1827
20250428,513.9983
20250428,512.9983
20250428,515.1744
20250428,516.785
20250428,515.785
20250428,514.785
20250428,513.7638
20250428,512.7638
20250428,511.7638
20250428,513.285
20250428,512.285
20250428,511.285
20250428,510.285
20250428,509.285
20250428,508.285
20250428,507.285
20250428,509.5778
20250428,508.5778
20250428,510.1716
20250428,509.1716
20250428,508.1716
20250428,507.1716
20250428,506.1716
20250428,505.1716
20250428,504.1716
20250428,503.0122
20250428,502.0122
20250429,501.0122
20250429,500.0122
20250429,499.0122
20250429,500.5304
20250429,499.5304
20250429,501.5304
20250429,500.5304
20250429,499.5304
20250429,498.5304
20250429,497.5304
20250429,496.5304
20250429,495.5304
20250429,494.5304
20250429,493.5304
20250429,492.1968
20250429,491.1968
20250429,493.1778
20250429,492.1778
20250429,491.1778
20250429,493.5043
20250429,494.8512
20250429,493.8512
20250429,492.8512
20250429,491.8512
20250429,490.8512
20250429,489.8512
20250429,488.8512
20250429,487.8512
20250429,486.8512
20250429,488.482
20250429,490.482
20250429,492.4705
20250430,491.4705
20250430,490.4705
20250430,489.4705
20250430,488.4705
20250430,490.4705
20250430,489.4705
20250430,488.4705
20250430,487.4705
20250430,486.4705
20250430,485.4705
20250430,484.4705
20250430,483.4705
20250430,485.9689
20250430,487.5732
20250430,486.5732
20250430,485.5732
20250430,484.5732
20250430,483.5732
20250430,482.5732
20250430,482.7609
20250430,481.7609
20250430,484.0775
20250430,483.0775
20250430,482.0775
20250430,484.3423
20250430,486.6839
20250430,488.6346
20250430,490.4674
20250430,493.1844
20250430,495.1807
20250430,494.1807
20250430,496.1807
20250501,495.1221
20250501,498.3515
20250501,497.3515
20250501,496.3515
20250501,495.3515
20250501,494.3515
20250501,493.3515
20250501,492.3515
20250501,491.3515
20250501,490.3515
20250501,489.3515
20250501,491.6796
20250501,490.6796
20250501,492.7379
20250501,491.7379
20250501,490.7379
20250501,492.7379
20250501,491.7379
20250501,490.7379
20250501,493.2058
20250501,492.2058
20250501,491.2058
20250501,490.2058
20250501,491.7644
20250501,490.7644
20250501,492.7551
20250501,494.3679
20250501,493.238
20250501,492.238
20250501,491.238
20250501,490.238
20250501,489.238
20250502,488.238
20250502,487.238
20250502,486.238
20250502,485.238
20250502,484.238
20250502,483.238
20250502,482.238
20250502,481.238
20250502,480.238
20250502,479.238
20250502,478.238
20250502,477.238
20250502,476.238
20250502,475.238
20250502,474.238
20250502,473.238
20250502,472.238
20250502,471.238
20250502,470.238
20250502,471.9955
20250502,470.9955
20250502,472.7377
20250502,471.7377
20250502,470.7377
20250502,469.7377
20250502,468.7377
20250502,467.7377
20250502,466.7377
20250502,465.7377
20250502,467.2043
20250502,469.2043
20250505,468.2043
20250505,467.2043
20250505,466.2043
20250505,465.2043
20250505,464.2043
20250505,463.2043
20250505,462.2043
20250505,464.2043
20250505,466.2043
20250505,465.2043
20250505,464.2043
20250505,463.2043
20250505,462.2043
20250505,462.5446
20250505,464.8657
20250505,463.8657
20250505,462.8657
20250505,461.8657
20250505,463.8896
20250505,462.8896
20250505,464.3302
20250505,466.3302
20250505,465.3302
20250505,465.5237
20250505,467.0763
20250505,466.0763
20250505,465.0763
20250505,464.0763
20250505,465.7243
20250505,467.436
20250505,466.436
20250505,465.436
20250506,464.436
20250506,466.3656
20250506,465.3656
20250506,467.2282
20250506,469.2282
20250506,468.2282
20250506,469.6202
20250506,468.6202
20250506,471.013
20250506,470.013
20250506,469.013
20250506,468.013
20250506,469.5327
20250506,468.5327
20250506,467.5327
20250506,468.0745
20250506,468.8267
20250506,470.3741
20250506,472.3741
20250506,474.0089
20250506,476.0089
20250506,478.7119
20250506,477.7119
20250506,479.7119
20250506,478.7119
20250506,477.7119
20250506,476.7119
20250506,478.7119
20250506,480.9117
20250506,482.0323
20250506,483.4791
20250506,482.4791
20250507,481.4791
20250507,480.4791
20250507,479.4791
20250507,478.4791
20250507,480.4791
20250507,479.4791
20250507,481.3367
20250507,480.3367
20250507,479.3367
20250507,478.3367
20250507,477.2476
20250507,476.2476
20250507,478.2476
20250507,477.2476
20250507,476.2476
20250507,475.2476
20250507,476.874
20250507,479.4088
20250507,482.4301
20250507,489.5398
20250507,488.5398
20250507,490.5398
20250507,489.5398
20250507,488.5398
20250507,489.7057
20250507,488.7057
20250507,487.7057
20250507,486.7057
20250507,488.504
20250507,490.3456
20250507,491.4587
20250507,490.4587
20250508,489.4587
20250508,488.4587
20250508,490.5857
20250508,493.7521
20250508,492.7521
20250508,494.8563
20250508,496.3357
20250508,495.3357
20250508,494.3357
20250508,496.1802
20250508,495.1802
20250508,494.1802
20250508,493.1802
20250508,492.1802
20250508,491.1802
20250508,490.1802
20250508,489.1802
20250508,488.1802
20250508,487.1802
20250508,486.1802
20250508,485.1802
20250508,484.1802
20250508,483.1802
20250508,482.1802
20250508,481.1802
20250508,481.4715
20250508,480.4715
20250508,479.4715
20250508,478.4715
20250508,480.2981
20250508,479.2981
20250508,478.2981
20250509,480.1959
20250509,479.1959
20250509,481.3145
20250509,480.3145
20250509,479.3145
20250509,478.3145
20250509,479.8238
20250509,481.4005
20250509,480.4005
20250509,479.4005
20250509,478.4005
20250509,480.0567
20250509,481.384
20250509,480.384
20250509,479.384
20250509,478.384
20250509,477.384
20250509,476.384
20250509,475.384
20250509,477.7292
20250509,476.7292
20250509,479.007
20250509,478.007
20250509,477.007
20250509,479.007
20250509,481.007
20250509,480.007
20250509,479.007
20250509,478.007
20250509,480.007
20250509,479.007
20250509,481.1632
20250512,483.106
20250512,485.3726
20250512,487.4493
20250512,486.4493
20250512,485.4493
20250512,484.4493
20250512,483.4493
20250512,482.4493
20250512,485.0818
20250512,484.0818
20250512,483.0818
20250512,482.0818
20250512,483.8898
20250512,482.8898
20250512,484.7711
20250512,483.7711
20250512,482.7711
20250512,481.7711
20250512,480.7711
20250512,479.7711
20250512,478.7711
20250512,480.7711
20250512,478.0411
20250512,480.2187
20250512,478.0413
20250512,480.0413
20250512,481.8348
20250512,480.8348
20250512,479.8348
20250512,481.2243
20250512,480.2243
20250512,479.2243
20250513,478.2243
20250513,477.2243
20250513,476.2243
20250513,478.4803
20250513,477.4803
20250513,479.7632
20250513,478.7632
20250513,477.7632
20250513,476.7632
20250513,475.7632
20250513,474.7632
20250513,475.9228
20250513,474.9228
20250513,477.3169
20250513,479.2916
20250513,478.2916
20250513,478.2916
20250513,477.2916
20250513,479.2916
20250513,478.2916
20250513,477.2916
20250513,478.4862
20250513,480.4862
20250513,482.4862
20250513,484.3706
20250513,483.3706
20250513,482.3706
20250513,481.3706
20250513,480.3706
20250513,479.3706
20250513,481.0794
20250513,480.0794
20250514,479.0794
20250514,478.0794
20250514,477.0794
20250514,476.0794
20250514,478.0794
20250514,477.0794
20250514,479.0794
20250514,478.0794
20250514,477.0794
20250514,476.0794
20250514,478.4778
20250514,477.4778
20250514,476.4778
20250514,475.4778
20250514,474.4778
20250514,473.4778
20250514,472.4778
20250514,473.5917
20250514,472.5917
20250514,474.7157
20250514,473.7157
20250514,475.7157
20250514,474.7157
20250514,473.7157
20250514,476.0522
20250514,475.0522
20250514,474.0522
20250514,475.0045
20250514,476.9701
20250514,478.9701
20250514,477.9701
20250514,479.8208
20250515,481.9005
20250515,480.9005
20250515,479.9005
20250515,478.9005
20250515,480.8032
20250515,479.8032
20250515,478.8032
20250515,477.8032
20250515,476.8032
20250515,479.8925
20250515,478.8925
20250515,481.2406
20250515,480.2406
20250515,479.2406
20250515,481.2045
20250515,480.2045
20250515,482.5422
20250515,481.5422
20250515,480.5422
20250515,479.5422
20250515,482.2223
20250515,483.9005
20250515,482.9005
20250515,481.9005
20250515,480.9005
20250515,479.9005
20250515,481.5336
20250515,483.3975
20250515,482.3975
20250515,481.3975
20250515,480.3975
20250515,481.6282
20250516,483.6089
20250516,485.6089
20250516,484.6089
20250516,483.6089
20250516,482.6089
20250516,481.6089
20250516,480.6089
20250516,479.6089
20250516,478.6089
20250516,477.6089
20250516,476.6089
20250516,475.6089
20250516,477.5299
20250516,476.5299
20250516,475.5299
20250516,478.4546
20250516,482.8952
20250516,481.482
20250516,483.6699
20250516,482.6699
20250516,481.6699
20250516,483.0705
20250516,484.9585
20250516,483.9585
20250516,486.2221
20250516,485.2221
20250516,484.2221
20250516,483.2221
20250516,485.2221
20250516,487.0976
20250516,488.9873
20250516,487.9873
20250519,486.9873
20250519,488.8866
20250519,487.8866
20250519,486.8866
20250519,489.0204
20250519,490.2488
20250519,491.1171
20250519,490.1171
20250519,489.1171
20250519,490.2596
20250519,492.2596
20250519,494.2596
20250519,493.1328
20250519,492.1328
20250519,491.1328
20250519,490.1328
20250519,489.0841
20250519,488.0841
20250519,490.0841
20250519,491.9025
20250519,490.9025
20250519,489.9025
20250519,488.9025
20250519,487.9025
20250519,486.9025
20250519,488.673
20250519,487.673
20250519,486.673
20250519,485.673
20250519,484.673
20250519,483.673
20250519,482.673
20250520,481.673
20250520,480.673
20250520,482.633
20250520,481.633
20250520,484.3691
20250520,485.872
20250520,484.872
20250520,486.6345
20250520,485.6345
20250520,484.6345
20250520,483.6345
20250520,482.6345
20250520,484.8407
20250520,483.8407
20250520,482.8407
20250520,481.8407
20250520,480.8407
20250520,479.8407
20250520,478.8407
20250520,482.4014
20250520,481.4014
20250520,483.3068
20250520,482.3068
20250520,481.3068
20250520,479.8862
20250520,481.424
20250520,480.424
20250520,479.424
20250520,479.9257
20250520,478.9257
20250520,480.6128
20250520,479.6128
20250521,481.3933
20250521,480.3933
20250521,482.3933
20250521,484.3599
20250521,483.3599
20250521,482.3599
20250521,481.3599
20250521,480.3599
20250521,479.3599
20250521,481.3034
20250521,482.9822
20250521,481.9822
20250521,483.1626
20250521,484.8524
20250521,483.8524
20250521,482.8524
20250521,481.8524
20250521,480.8524
20250521,479.8524
20250521,478.8524
20250521,477.8524
20250521,476.8524
20250521,475.8524
20250521,477.7982
20250521,476.7982
20250521,475.7982
20250521,474.7982
20250521,476.8073
20250521,478.8073
20250521,477.8073
20250521,476.8073
20250521,475.8073
20250522,474.4543
20250522,473.4543
20250522,472.4543
20250522,471.4543
20250522,470.4543
20250522,472.0527
20250522,471.0527
20250522,470.0527
20250522,469.0527
20250522,468.0527
20250522,470.0527
20250522,469.0527
20250522,468.0527
20250522,467.0527
20250522,466.0527
20250522,468.5947
20250522,467.5239
20250522,466.5239
20250522,468.4245
20250522,469.6671
20250522,471.6671
20250522,470.6671
20250522,469.6671
20250522,468.6671
20250522,470.4666
20250522,469.4666
20250522,468.4666
20250522,467.4666
20250522,469.2704
20250522,471.2704
20250522,472.7352
20250522,471.7352
20250523,470.7352
20250523,469.7352
20250523,468.7352
20250523,470.7341
20250523,469.7341
20250523,468.7341
20250523,470.636
20250523,473.7077
20250523,472.7077
20250523,474.7077
20250523,476.7077
20250523,475.7077
20250523,474.7077
20250523,473.7077
20250523,475.7077
20250523,474.7077
20250523,473.7077
20250523,472.7077
20250523,471.7077
20250523,470.7077
20250523,472.7077
20250523,475.4817
20250523,474.4817
20250523,473.4817
20250523,472.4817
20250523,471.4817
20250523,473.4817
20250523,472.4817
20250523,475.1913
20250523,477.9436
20250523,476.9436
20250523,475.9436
20250527,478.3706
20250527,480.4343
20250527,482.4343
20250527,481.4343
20250527,480.4343
20250527,479.4343
20250527,478.4343
20250527,477.4343
20250527,479.4833
20250527,478.4833
20250527,480.4118
20250527,482.4118
20250527,481.4118
20250527,480.4118
20250527,479.4118
20250527,481.6591
20250527,483.4071
20250527,482.4071
20250527,481.4071
20250527,483.4719
20250527,482.4719
20250527,484.7261
20250527,483.7261
20250527,482.6159
20250527,481.6159
20250527,480.6159
20250527,481.8848
20250527,483.8848
20250527,485.8848
20250527,487.3749
20250527,490.7749
20250527,489.7749
20250528,491.2524
20250528,490.2524
20250528,491.8788
20250528,494.0463
20250528,493.0463
20250528,494.4098
20250528,497.1062
20250528,496.1062
20250528,495.0767
20250528,494.0767
20250528,493.0767
20250528,492.0767
20250528,492.8033
20250528,491.8033
20250528,490.8033
20250528,489.8033
20250528,488.8033
20250528,487.8033
20250528,486.8033
20250528,488.6917
20250528,490.6306
20250528,489.6306
20250528,491.8599
20250528,490.8599
20250528,489.8599
20250528,488.8599
20250528,487.8599
20250528,486.8599
20250528,488.8599
20250528,490.8599
20250528,489.8599
20250528,491.8599
20250529,493.8332
20250529,492.8332
20250529,494.4038
20250529,493.4038
20250529,492.4038
20250529,491.4038
20250529,493.9721
20250529,496.5247
20250529,495.5247
20250529,494.5247
20250529,493.5247
20250529,492.3578
20250529,491.3578
20250529,490.3578
20250529,489.3578
20250529,488.3578
20250529,487.3578
20250529,486.3578
20250529,485.3578
20250529,487.898
20250529,486.898
20250529,485.898
20250529,484.898
20250529,483.898
20250529,482.898
20250529,481.898
20250529,480.898
20250529,479.898
20250529,478.898
20250529,477.898
20250529,476.898
20250530,479.1938
20250530,478.1938
20250530,477.1938
20250530,476.1938
20250530,478.025
20250530,477.025
20250530,476.025
20250530,478.7615
20250530,477.7615
20250530,476.7525
20250530,478.1761
20250530,480.0133
20250530,481.856
20250530,480.856
20250530,482.856
20250530,481.856
20250530,480.856
20250530,479.856
20250530,482.0088
20250530,481.0088
20250530,482.9656
20250530,484.9656
20250530,487.3948
20250530,489.9095
20250530,488.9095
20250530,487.9095
20250530,490.6723
20250530,489.6723
20250530,488.6723
20250530,487.6723
20250530,486.6723
20250530,485.6723
20250602,486.5602
20250602,485.5602
20250602,484.5602
20250602,483.5602
20250602,482.5602
20250602,481.5602
20250602,483.5602
20250602,482.5602
20250602,481.5602
20250602,480.5602
20250602,479.5583
20250602,481.2574
20250602,483.8318
20250602,482.8318
20250602,484.9747
20250602,483.9747
20250602,482.9747
20250602,484.2334
20250602,483.2334
20250602,484.4956
20250602,483.4956
20250602,482.4956
20250602,481.4956
20250602,482.4834
20250602,481.4834
20250602,483.721
20250602,486.8452
20250602,485.8452
20250602,484.8452
20250602,485.3663
20250602,484.3663
20250602,483.3663
20250603,488.0311
20250603,487.0311
20250603,486.0311
20250603,485.0311
20250603,484.0311
20250603,483.0311
20250603,482.0311
20250603,483.8667
20250603,482.8667
20250603,481.8667
20250603,480.8667
20250603,479.8667
20250603,478.8667
20250603,477.8667
20250603,479.5925
20250603,478.5768
20250603,480.5768
20250603,479.5768
20250603,478.5768
20250603,481.4091
20250603,480.4091
20250603,479.4091
20250603,481.3919
20250603,483.1318
20250603,483.1318
20250603,484.9696
20250603,486.8048
20250603,485.8048
20250603,484.8048
20250603,483.8048
20250603,482.8048
20250603,481.8048
20250604,480.8048
20250604,479.8048
20250604,478.8048
20250604,480.621
20250604,479.621
20250604,478.621
20250604,480.6989
20250604,479.6989
20250604,482.2356
20250604,480.8616
20250604,479.8616
20250604,481.8616
20250604,483.5213
20250604,482.5213
20250604,481.5213
20250604,480.5213
20250604,482.8122
20250604,481.8122
20250604,480.8122
20250604,479.8122
20250604,485.1955
20250604,487.1955
20250604,486.1955
20250604,485.1955
20250604,484.1955
20250604,483.1955
20250604,482.1955
20250604,482.1623
20250604,481.1623
20250604,480.1623
20250604,482.1623
20250604,483.9238
20250605,482.9238
20250605,484.7969
20250605,487.9595
20250605,490.3943
20250605,489.3943
20250605,488.3943
20250605,487.3943
20250605,486.3943
20250605,489.5941
20250605,488.5941
20250605,487.5941
20250605,489.1848
20250605,488.1848
20250605,487.1848
20250605,489.3397
20250605,491.1215
20250605,492.9731
20250605,491.9731
20250605,490.9731
20250605,489.7915
20250605,491.9845
20250605,493.0081
20250605,495.5312
20250605,497.957
20250605,500.2247
20250605,502.3561
20250605,501.3561
20250605,500.3561
20250605,499.3561
20250605,501.6199
20250605,500.6199
20250605,502.7419
20250606,501.7419
20250606,500.7419
20250606,503.5249
20250606,502.5249
20250606,501.5249
20250606,500.5249
20250606,499.5249
20250606,498.5249
20250606,500.5249
20250606,502.4178
20250606,501.4178
20250606,500.4178
20250606,499.4178
20250606,500.3308
20250606,499.3308
20250606,498.3308
20250606,499.6827
20250606,498.6827
20250606,497.6827
20250606,496.6827
20250606,495.6827
20250606,494.6827
20250606,493.6827
20250606,492.6827
20250606,494.6827
20250606,493.6827
20250606,495.5727
20250606,494.5727
20250606,493.5727
20250606,499.4048
20250606,498.4048
20250606,497.4048
20250609,499.5526
20250609,498.5526
20250609,500.2503
20250609,499.2503
20250609,500.9389
20250609,499.9389
20250609,502.5499
20250609,504.5869
20250609,505.8611
20250609,504.8611
20250609,506.6269
20250609,505.6269
20250609,504.6269
20250609,503.6269
20250609,505.6269
20250609,504.6269
20250609,506.1887
20250609,508.3643
20250609,511.7298
20250609,510.7298
20250609,512.9498
20250609,511.9498
20250609,510.9498
20250609,509.9498
20250609,511.9003
20250609,510.9003
20250609,512.9003
20250609,511.9003
20250609,512.0728
20250609,511.0052
20250609,510.0052
20250609,509.0052
20250610,511.0052
20250610,510.0052
20250610,509.0052
20250610,511.2704
20250610,510.2704
20250610,513.1196
20250610,512.1196
20250610,511.1196
20250610,510.1196
20250610,509.1196
20250610,508.1196
20250610,507.1196
20250610,508.846
20250610,510.9225
20250610,513.1208
20250610,512.1208
20250610,511.1208
20250610,510.1208
20250610,512.6785
20250610,511.6785
20250610,510.6785
20250610,512.2228
20250610,511.2228
20250610,510.2228
20250610,509.2228
20250610,508.2228
20250610,510.1107
20250610,509.1107
20250610,508.1107
20250610,509.9655
20250610,512.3324
20250610,513.7148
20250611,512.7148
20250611,511.7148
20250611,510.7148
20250611,509.7148
20250611,508.609
20250611,507.609
20250611,506.609
20250611,508.7217
20250611,511.9804
20250611,510.9804
20250611,513.265
20250611,512.265
20250611,514.1779
20250611,516.1779
20250611,515.1779
20250611,514.1779
20250611,513.1779
20250611,512.1779
20250611,511.1779
20250611,513.4439
20250611,512.108
20250611,526.5167
20250611,525.5167
20250611,526.7306
20250611,525.7306
20250611,524.7306
20250611,523.7306
20250611,522.7306
20250611,521.7306
20250611,523.2933
20250611,525.1547
20250611,527.1547
20250612,529.4609
20250612,528.4609
20250612,527.4609
20250612,526.4609
20250612,525.4609
20250612,527.7558
20250612,526.7558
20250612,528.8196
20250612,527.8196
20250612,526.8196
20250612,530.1403
20250612,529.1403
20250612,528.1403
20250612,530.1403
20250612,529.1403
20250612,528.1403
20250612,527.1403
20250612,526.1403
20250612,525.1403
20250612,524.1403
20250612,523.1403
20250612,522.1403
20250612,523.7325
20250612,522.7325
20250612,521.7325
20250612,524.8873
20250612,526.8873
20250612,528.8048
20250612,527.8048
20250612,530.2971
20250612,529.2971
20250612,531.1143
20250613,530.1143
20250613,529.1143
20250613,528.1143
20250613,527.1143
20250613,529.2377
20250613,528.2377
20250613,530.2377
20250613,532.2377
20250613,534.2356
20250613,533.2356
20250613,532.2356
20250613,531.2356
20250613,530.2356
20250613,529.2356
20250613,530.6385
20250613,529.6385
20250613,528.397
20250613,527.397
20250613,529.283
20250613,528.283
20250613,527.283
20250613,526.283
20250613,525.283
20250613,524.283
20250613,525.0384
20250613,524.0384
20250613,523.0384
20250613,522.0384
20250613,521.0384
20250613,522.7045
20250613,521.7045
20250613,520.7045
20250616,522.4021
20250616,524.4021
20250616,523.4021
20250616,522.4021
20250616,524.0181
20250616,522.8466
20250616,524.747
20250616,523.747
20250616,522.747
20250616,521.747
20250616,520.747
20250616,519.747
20250616,520.4786
20250616,519.4786
20250616,521.3045
20250616,524.9166
20250616,523.9166
20250616,522.9166
20250616,524.7424
20250616,523.7424
20250616,522.7424
20250616,521.7424
20250616,520.7424
20250616,519.7424
20250616,521.7424
20250616,523.5863
20250616,522.5863
20250616,521.5863
20250616,520.5863
20250616,519.5863
20250616,518.5863
20250616,520.1868
20250617,522.1868
20250617,521.1868
20250617,520.1868
20250617,519.1868
20250617,518.1868
20250617,517.1868
20250617,516.1868
20250617,517.4041
20250617,516.4041
20250617,515.4041
20250617,514.4041
20250617,516.1717
20250617,515.1717
20250617,514.1717
20250617,513.1717
20250617,514.0471
20250617,512.6016
20250617,515.0293
20250617,517.0293
20250617,518.4461
20250617,517.4461
20250617,519.2535
20250617,518.2535
20250617,517.2535
20250617,516.2535
20250617,515.2129
20250617,514.2129
20250617,513.2129
20250617,515.3983
20250617,514.3983
20250617,513.3983
20250618,515.2405
20250618,517.2405
20250618,518.7153
20250618,517.7153
20250618,516.7153
20250618,515.7153
20250618,514.7153
20250618,517.2244
20250618,516.2244
20250618,515.2244
20250618,517.5591
20250618,519.8121
20250618,518.8121
20250618,519.01
20250618,518.01
20250618,517.01
20250618,516.01
20250618,515.01
20250618,516.4817
20250618,515.4817
20250618,516.959
20250618,515.959
20250618,514.959
20250618,516.959
20250618,515.959
20250618,514.959
20250618,513.959
20250618,512.959
20250618,511.959
20250618,513.7942
20250618,512.7942
20250620,511.7942
20250620,510.7942
20250620,512.8773
20250620,511.8773
20250620,514.6082
20250620,513.6082
20250620,512.6082
20250620,511.6082
20250620,514.0314
20250620,515.8966
20250620,514.8966
20250620,513.8966
20250620,518.1624
20250620,517.1624
20250620,516.1624
20250620,517.2556
20250620,516.2556
20250620,515.2556
20250620,517.2703
20250620,519.4749
20250620,518.4749
20250620,517.4749
20250620,516.4749
20250620,515.4551
20250620,517.3794
20250620,516.3794
20250620,518.3251
20250620,517.3251
20250620,516.3251
20250620,515.3251
20250620,514.3251
20250620,513.3251
20250623,512.3251
20250623,511.3251
20250623,513.2739
20250623,512.2739
20250623,514.3708
20250623,513.3708
20250623,512.3708
20250623,511.3708
20250623,510.3708
20250623,512.1334
20250623,511.1334
20250623,510.1334
20250623,509.1334
20250623,508.1334
20250623,507.1334
20250623,506.1334
20250623,504.9273
20250623,503.9273
20250623,502.9273
20250623,504.9273
20250623,503.9273
20250623,505.7687
20250623,507.7687
20250623,509.2111
20250623,511.5162
20250623,510.5162
20250623,512.3436
20250623,511.3436
20250623,512.1498
20250623,511.1498
20250623,510.1498
20250623,509.1498
20250624,508.1498
20250624,507.1498
20250624,506.1498
20250624,505.1498
20250624,504.1498
20250624,503.1498
20250624,502.1498
20250624,501.1498
20250624,502.88
20250624,504.88
20250624,506.1035
20250624,508.1035
20250624,507.1035
20250624,506.1035
20250624,508.754
20250624,507.754
20250624,506.754
20250624,508.4555
20250624,510.4555
20250624,509.4555
20250624,508.4555
20250624,507.4555
20250624,509.4555
20250624,511.4555
20250624,513.5028
20250624,512.5028
20250624,511.5028
20250624,513.7941
20250624,512.7941
20250624,511.7941
20250624,510.7941
20250624,509.7941
20250625,512.1016
20250625,515.5862
20250625,519.5752
20250625,518.5752
20250625,517.5494
20250625,519.3046
20250625,518.3046
20250625,520.3046
20250625,519.3046
20250625,518.3046
20250625,521.3545
20250625,520.3545
20250625,519.3545
20250625,521.3301
20250625,520.3301
20250625,519.3301
20250625,518.3301
20250625,517.3301
20250625,518.6383
20250625,520.3909
20250625,522.9663
20250625,524.7636
20250625,523.7636
20250625,522.7636
20250625,522.7636
20250625,525.227
20250625,525.227
20250625,524.227
20250625,523.227
20250625,525.227
20250625,527.1967
20250625,526.1967
20250626,528.6912
20250626,527.6912
20250626,526.6912
20250626,528.1251
20250626,527.1251
20250626,526.1251
20250626,525.1251
20250626,524.1251
20250626,526.6043
20250626,525.4177
20250626,524.4177
20250626,526.4177
20250626,525.4177
20250626,527.0913
20250626,526.0913
20250626,525.0913
20250626,524.0913
20250626,526.2021
20250626,527.9578
20250626,529.7213
20250626,528.7213
20250626,527.7213
20250626,526.7213
20250626,525.7213
20250626,524.7213
20250626,523.7213
20250626,525.7213
20250626,529.1717
20250626,531.6399
20250626,530.6399
20250626,532.2054
20250626,531.2054
20250627,533.2054
20250627,535.0999
20250627,537.2737
20250627,539.0612
20250627,538.0612
20250627,537.0612
20250627,536.0612
20250627,535.0612
20250627,536.6021
20250627,538.7239
20250627,537.7239
20250627,539.5088
20250627,538.5088
20250627,540.5088
20250627,539.5088
20250627,538.5088
20250627,540.159
20250627,541.5738
20250627,540.5738
20250627,539.5738
20250627,542.0835
20250627,541.0835
20250627,540.0835
20250627,539.0835
20250627,538.0131
20250627,537.0131
20250627,536.0131
20250627,537.9604
20250627,536.9604
20250627,538.6393
20250627,540.5663
20250627,539.5663
20250630,538.5663
20250630,537.5663
20250630,536.5663
20250630,538.5516
20250630,537.5516
20250630,536.5516
20250630,535.5516
20250630,538.6181
20250630,541.4316
20250630,540.4316
20250630,541.7603
20250630,540.7603
20250630,539.7603
20250630,771.5684
20250630,770.5684
20250630,772.5684
20250630,774.7251
20250630,776.047
20250630,775.047
20250630,774.047
20250630,776.8342
20250630,778.8342
20250630,781.0427
20250630,780.0427
20250630,779.0427
20250630,778.0427
20250630,776.8853
20250630,775.8853
20250630,774.8853
20250630,773.8853
20250630,772.8853
20250630,771.8853
20250701,770.8853
20250701,769.8853
20250701,768.8853
20250701,770.8065
20250701,772.8065
20250701,771.8065
20250701,774.0145
20250701,773.0145
20250701,774.9258
20250701,773.9258
20250701,772.9258
20250701,774.9258
20250701,776.156
20250701,775.156
20250701,774.156
20250701,773.156
20250701,772.156
20250701,771.156
20250701,770.156
20250701,769.156
20250701,768.156
20250701,767.156
20250701,766.156
20250701,765.156
20250701,764.156
20250701,763.156
20250701,762.156
20250701,761.156
20250701,760.156
20250701,759.156
20250701,758.156
20250701,759.9023
20250702,758.9023
20250702,757.9023
20250702,760.4738
20250702,759.4738
20250702,758.4738
20250702,757.4738
20250702,759.7125
20250702,761.3523
20250702,760.3523
20250702,759.3523
20250702,761.3523
20250702,763.3523
20250702,765.5171
20250702,767.3844
20250702,766.3844
20250702,765.3844
20250702,764.3844
20250702,766.213
20250702,765.213
20250702,764.213
20250702,766.565
20250702,765.565
20250702,767.2768
20250702,766.2768
20250702,768.2768
20250702,770.2768
20250702,772.2768
20250702,771.2768
20250702,772.4488
20250702,771.4488
20250702,770.4488
20250702,769.4488
20250703,768.4488
20250703,767.4488
20250703,766.4488
20250703,765.4488
20250703,764.4488
20250703,763.4488
20250703,762.4488
20250703,761.4488
20250703,760.4488
20250703,759.4488
20250703,758.4488
20250703,757.4488
20250703,756.4488
20250703,758.2364
20250703,757.2364
20250703,758.5309
20250703,760.5309
20250703,759.5309
20250703,758.5309
20250703,757.5309
20250703,758.9958
20250707,757.9958
20250707,756.9958
20250707,755.9958
20250707,754.9958
20250707,753.9958
20250707,752.9958
20250707,751.9958
20250707,750.9958
20250707,749.9958
20250707,748.9958
20250707,747.9958
20250707,746.9958
20250707,745.9958
20250707,747.6501
20250707,746.6501
20250707,745.6501
20250707,744.6501
20250707,743.6501
20250707,745.2194
20250707,746.956
20250707,748.956
20250707,747.956
20250707,746.956
20250707,748.6987
20250707,747.6987
20250707,746.6987
20250707,748.6987
20250707,747.6987
20250707,746.6987
20250707,748.0842
20250707,750.2362
20250707,752.2703
20250708,751.2703
20250708,750.2703
20250708,752.2703
20250708,751.2703
20250708,750.2703
20250708,752.2244
20250708,749.129
20250708,748.129
20250708,747.129
20250708,746.129
20250708,745.129
20250708,744.129
20250708,743.129
20250708,742.129
20250708,741.129
20250708,742.8649
20250708,741.8649
20250708,740.8649
20250708,739.8649
20250708,738.8649
20250708,737.8649
20250708,741.0162
20250708,740.0162
20250708,739.0162
20250708,738.0162
20250708,737.0162
20250708,738.2729
20250708,740.2729
20250708,739.2729
20250708,738.2729
20250708,737.2729
20250708,736.2729
20250709,735.2729
20250709,737.2729
20250709,736.2729
20250709,735.2729
20250709,734.2729
20250709,736.2729
20250709,738.4804
20250709,737.4804
20250709,736.4804
20250709,735.4804
20250709,734.4804
20250709,733.4804
20250709,732.4804
20250709,731.4804
20250709,730.4804
20250709,732.7212
20250709,731.7212
20250709,733.3403
20250709,735.6366
20250709,734.6366
20250709,733.6366
20250709,732.6366
20250709,731.6366
20250709,730.6366
20250709,729.6366
20250709,728.6366
20250709,727.6366
20250709,726.6366
20250709,725.6366
20250709,727.8498
20250709,729.8498
20250709,731.8498
20250710,730.8498
20250710,732.1925
20250710,731.1925
20250710,730.1925
20250710,729.1925
20250710,728.1925
20250710,727.1925
20250710,726.1925
20250710,728.3049
20250710,727.3049
20250710,729.3049
20250710,728.3049
20250710,727.3049
20250710,726.3049
20250710,728.3049
20250710,727.3049
20250710,726.3049
20250710,725.3049
20250710,727.3389
20250710,729.3186
20250710,728.3186
20250710,729.8315
20250710,728.8315
20250710,727.8315
20250710,726.8315
20250710,725.8315
20250710,724.8315
20250710,726.8315
20250710,725.8315
20250710,724.8315
20250710,723.8315
20250710,722.8315
20250711,721.8315
20250711,720.8315
20250711,722.8315
20250711,724.8315
20250711,726.0565
20250711,727.7615
20250711,726.7615
20250711,725.7615
20250711,724.7615
20250711,723.7615
20250711,722.7615
20250711,721.7615
20250711,724.1373
20250711,723.1373
20250711,722.1373
20250711,723.9382
20250711,722.9382
20250711,721.9382
20250711,720.9382
20250711,719.9382
20250711,718.9382
20250711,717.9382
20250711,719.9197
20250711,721.5364
20250711,720.5364
20250711,719.5364
20250711,718.5364
20250711,720.2762
20250711,719.2762
20250711,718.2762
20250711,717.2762
20250714,716.2762
20250714,715.2762
20250714,714.2762
20250714,716.3709
20250714,715.3709
20250714,714.3709
20250714,713.3709
20250714,712.3709
20250714,714.675
20250714,716.2632
20250714,718.2632
20250714,717.2632
20250714,719.2632
20250714,721.911
20250714,724.2042
20250714,723.2042
20250714,724.7662
20250714,723.7662
20250714,722.7662
20250714,721.7662
20250714,724.0579
20250714,725.358
20250714,727.0067
20250714,726.0067
20250714,728.0067
20250714,729.5413
20250714,732.4218
20250714,731.4218
20250714,732.7526
20250714,731.7526
20250714,735.4517
20250714,734.4517
20250715,733.4517
20250715,732.4517
20250715,731.4517
20250715,733.1971
20250715,732.1971
20250715,731.1971
20250715,733.1083
20250715,732.1083
20250715,735.7156
20250715,734.7156
20250715,733.7156
20250715,735.3028
20250715,734.3028
20250715,734.3028
20250715,733.3028
20250715,735.3028
20250715,734.3028
20250715,733.3028
20250715,732.3028
20250715,731.3028
20250715,730.3028
20250715,729.3028
20250715,731.9522
20250715,730.9522
20250715,729.9522
20250715,732.5712
20250715,731.5712
20250715,733.9049
20250715,732.9049
20250715,731.9049
20250715,733.9049
20250715,732.9049
20250716,731.9049
20250716,733.5625
20250716,732.5625
20250716,734.7356
20250716,733.7356
20250716,732.7356
20250716,731.7356
20250716,730.7356
20250716,729.7356
20250716,728.7356
20250716,727.7356
20250716,726.7356
20250716,725.7356
20250716,724.7356
20250716,723.7356
20250716,722.7356
20250716,721.7356
20250716,720.7356
20250716,722.1973
20250716,724.1973
20250716,725.8142
20250716,728.2104
20250716,727.2104
20250716,726.0422
20250716,725.0422
20250716,724.0422
20250716,723.0422
20250716,725.6011
20250716,724.6011
20250716,723.6011
20250716,725.6011
20250716,724.6011
20250717,723.6011
20250717,722.6011
20250717,724.9721
20250717,723.9721
20250717,722.9721
20250717,721.9721
20250717,720.9721
20250717,719.9721
20250717,718.9721
20250717,720.9721
20250717,719.9721
20250717,721.679
20250717,724.1009
20250717,723.1009
20250717,722.1009
20250717,724.7397
20250717,723.7397
20250717,722.7397
20250717,724.4008
20250717,723.4008
20250717,722.4008
20250717,721.4008
20250717,723.3121
20250717,722.3121
20250717,724.3121
20250717,726.3271
20250717,728.8549
20250717,730.6925
20250717,729.6925
20250717,728.6925
20250717,727.6925
20250717,729.5684
20250718,731.4969
20250718,730.4969
20250718,729.4969
20250718,728.4969
20250718,727.4969
20250718,729.0697
20250718,728.0697
20250718,727.0697
20250718,726.0697
20250718,725.0697
20250718,726.8547
20250718,725.8547
20250718,724.8547
20250718,723.8547
20250718,725.8284
20250718,728.6529
20250718,727.6529
20250718,726.6529
20250718,729.2602
20250718,728.2602
20250718,730.414
20250718,729.2621
20250718,731.3986
20250718,730.3827
20250718,729.3827
20250718,728.3827
20250718,727.3827
20250718,726.3827
20250718,728.225
20250718,727.225
20250718,726.225
20250718,725.225
20250721,727.2057
20250721,726.2057
20250721,728.3324
20250721,727.3324
20250721,726.3324
20250721,725.3324
20250721,727.7109
20250721,729.5201
20250721,728.5201
20250721,727.3831
20250721,731.3321
20250721,734.0921
20250721,733.0921
20250721,734.0168
20250721,736.0168
20250721,735.0168
20250721,737.0168
20250721,736.0168
20250721,735.0168
20250721,736.5275
20250721,735.5275
20250721,734.5275
20250721,733.5275
20250721,732.5275
20250721,731.5275
20250721,730.5275
20250721,732.7909
20250721,734.7909
20250721,736.4185
20250721,738.4185
20250721,740.4133
20250721,739.4133
20250722,741.4735
20250722,743.4777
20250722,742.4777
20250722,741.4777
20250722,740.4777
20250722,742.5965
20250722,741.5965
20250722,742.9454
20250722,746.0883
20250722,748.162
20250722,747.162
20250722,746.162
20250722,745.162
20250722,744.162
20250722,743.162
20250722,745.4408
20250722,744.4408
20250722,746.4973
20250722,749.529
20250722,748.529
20250722,747.529
20250722,746.529
20250722,748.529
20250722,747.529
20250722,750.1434
20250722,749.1434
20250722,748.1434
20250722,747.1434
20250722,748.7561
20250722,752.1224
20250722,751.0482
20250722,750.0482
20250723,749.0482
20250723,750.765
20250723,749.765
20250723,748.765
20250723,747.765
20250723,749.3462
20250723,748.3462
20250723,747.3462
20250723,746.3462
20250723,745.3462
20250723,744.3462
20250723,746.2731
20250723,745.236
20250723,747.7033
20250723,750.5906
20250723,749.5906
20250723,748.5906
20250723,747.5906
20250723,746.5906
20250723,745.5906
20250723,744.5906
20250723,745.6843
20250723,744.6843
20250723,743.6843
20250723,745.6843
20250723,746.6914
20250723,749.3087
20250723,748.3087
20250723,750.3087
20250723,749.3087
20250723,748.3087
20250723,747.3087
20250724,748.7424
20250724,747.7424
20250724,746.7424
20250724,745.7424
20250724,744.7424
20250724,743.7424
20250724,742.7424
20250724,741.7424
20250724,743.7424
20250724,742.7424
20250724,741.7424
20250724,740.7424
20250724,739.7424
20250724,740.9469
20250724,739.9469
20250724,742.9107
20250724,744.4052
20250724,743.4052
20250724,742.4052
20250724,741.4052
20250724,740.4052
20250724,742.0452
20250724,741.0452
20250724,740.0452
20250724,739.0452
20250724,738.0452
20250724,737.0452
20250724,736.0452
20250724,735.0452
20250724,738.3676
20250724,737.3676
20250724,739.3676
20250725,738.3676
20250725,740.9403
20250725,739.9403
20250725,738.9403
20250725,740.7827
20250725,739.7827
20250725,738.7827
20250725,737.7827
20250725,736.7827
20250725,735.7827
20250725,734.7827
20250725,733.7827
20250725,735.073
20250725,737.073
20250725,736.073
20250725,738.1715
20250725,740.4846
20250725,739.4846
20250725,737.2369
20250725,736.2369
20250725,738.4144
20250725,737.4144
20250725,735.2401
20250725,738.1671
20250725,737.1671
20250725,736.1671
20250725,735.1671
20250725,736.118
20250725,735.118
20250725,734.118
20250725,733.118
20250725,735.118
20250728,734.118
20250728,733.118
20250728,732.118
20250728,731.118
20250728,730.118
20250728,732.118
20250728,731.118
20250728,730.118
20250728,729.118
20250728,730.6056
20250728,729.6056
20250728,731.6056
20250728,733.4477
20250728,732.4477
20250728,734.4477
20250728,736.6654
20250728,735.6536
20250728,734.6536
20250728,733.6536
20250728,735.5036
20250728,736.6696
20250728,738.6696
20250728,737.6696
20250728,736.5881
20250728,735.5881
20250728,737.559
20250728,739.0723
20250728,741.0723
20250728,743.0921
20250728,745.3475
20250728,746.7455
20250728,745.7455
20250729,747.7455
20250729,746.7455
20250729,745.7455
20250729,744.7455
20250729,746.8435
20250729,745.8435
20250729,744.8435
20250729,743.1245
20250729,745.0296
20250729,747.1551
20250729,746.1551
20250729,745.1551
20250729,744.1551
20250729,743.1551
20250729,742.1551
20250729,743.9601
20250729,747.0657
20250729,746.0657
20250729,745.0657
20250729,744.0657
20250729,743.0657
20250729,742.0657
20250729,744.697
20250729,747.0063
20250729,746.0063
20250729,747.7637
20250729,746.7637
20250729,749.2869
20250729,748.2869
20250729,747.2869
20250729,748.8485
20250729,747.8485
20250730,746.8485
20250730,745.8485
20250730,744.8485
20250730,743.8485
20250730,742.8485
20250730,744.8485
20250730,744.8485
20250730,746.5998
20250730,745.5934
20250730,744.5934
20250730,745.8857
20250730,748.3784
20250730,749.9948
20250730,748.8588
20250730,747.8588
20250730,746.8588
20250730,748.8414
20250730,747.8414
20250730,746.8414
20250730,745.8414
20250730,744.8414
20250730,743.8414
20250730,742.8414
20250730,741.8414
20250730,740.8414
20250730,739.8414
20250730,738.8414
20250730,740.5316
20250730,739.5316
20250730,738.5316
20250730,740.2845
20250731,739.2845
20250731,738.2845
20250731,737.2845
20250731,736.2845
20250731,737.6595
20250731,736.6595
20250731,735.6595
20250731,734.6595
20250731,733.6595
20250731,732.6595
20250731,731.6595
20250731,733.6595
20250731,735.3445
20250731,734.3445
20250731,733.3445
20250731,732.3445
20250731,731.3445
20250731,733.3445
20250731,732.3445
20250731,734.1185
20250731,733.1185
20250731,735.5444
20250731,734.5444
20250731,738.1435
20250731,737.1435
20250731,739.3181
20250731,740.9885
20250731,739.9885
20250731,741.7029
20250731,744.5947
20250731,743.5947
20250731,742.5947
20250801,744.5209
20250801,743.5209
20250801,742.5209
20250801,741.5209
20250801,740.5209
20250801,739.5209
20250801,741.7944
20250801,740.7944
20250801,742.8984
20250801,741.8984
20250801,743.7276
20250801,742.7276
20250801,741.7276
20250801,740.7276
20250801,739.7276
20250801,741.6864
20250801,742.5369
20250801,743.3055
20250801,742.3055
20250801,741.3055
20250801,740.3055
20250801,739.3055
20250801,738.3055
20250801,737.3055
20250801,738.932
20250801,740.6629
20250801,739.6629
20250801,738.6629
20250801,737.6629
20250801,736.6629
20250801,738.6629
20250801,737.6629
20250804,736.6629
20250804,738.7947
20250804,737.7947
20250804,736.7947
20250804,738.6762
20250804,737.6762
20250804,736.6762
20250804,735.6762
20250804,734.6762
20250804,736.6762
20250804,738.1932
20250804,737.1932
20250804,736.1932
20250804,735.1932
20250804,734.1932
20250804,733.1932
20250804,735.1932
20250804,734.1932
20250804,733.1932
20250804,734.8647
20250804,733.8647
20250804,735.8185
20250804,737.5994
20250804,736.5994
20250804,735.5994
20250804,734.5994
20250804,736.4933
20250804,735.4933
20250804,737.7218
20250804,736.7218
20250804,739.0687
20250804,738.0687
20250805,739.9228
20250805,741.9115
20250805,743.9027
20250805,745.9027
20250805,744.9027
20250805,746.7246
20250805,748.2267
20250805,747.2267
20250805,749.2267
20250805,748.2267
20250805,750.409
20250805,752.2172
20250805,751.2172
20250805,750.2172
20250805,749.2172
20250805,748.2172
20250805,749.9057
20250805,748.9057
20250805,747.9057
20250805,771.4441
20250805,770.4441
20250805,769.4441
20250805,771.1368
20250805,770.1368
20250805,770.955
20250805,769.955
20250805,768.955
20250805,767.955
20250805,766.955
20250805,769.8388
20250805,768.8388
20250806,767.8388
20250806,766.8388
20250806,768.8234
20250806,770.8234
20250806,769.8234
20250806,768.787
20250806,770.7578
20250806,769.517
20250806,771.517
20250806,770.517
20250806,772.6157
20250806,775.0395
20250806,774.0395
20250806,773.0395
20250806,775.0395
20250806,774.0395
20250806,775.6668
20250806,774.6668
20250806,776.6668
20250806,775.6668
20250806,774.6668
20250806,773.6668
20250806,777.0309
20250806,776.0309
20250806,775.0309
20250806,774.0309
20250806,776.0255
20250806,778.0255
20250806,777.0255
20250806,779.0255
20250806,778.0255
20250807,777.0255
20250807,776.0255
20250807,778.0571
20250807,777.0571
20250807,776.0571
20250807,775.0571
20250807,774.0571
20250807,773.0571
20250807,772.0571
20250807,771.0571
20250807,770.0571
20250807,772.2074
20250807,771.2074
20250807,770.2074
20250807,772.2074
20250807,771.2074
20250807,770.2074
20250807,769.2074
20250807,768.2074
20250807,769.9902
20250807,768.9902
20250807,767.9902
20250807,766.8621
20250807,769.4127
20250807,770.7275
20250807,769.7275
20250807,768.6769
20250807,767.6769
20250807,770.2691
20250807,772.2691
20250807,773.3015
20250807,775.2377
20250808,777.1921
20250808,776.1921
20250808,778.2791
20250808,777.2791
20250808,776.2791
20250808,775.2791
20250808,777.2791
20250808,779.2191
20250808,778.2191
20250808,780.2191
20250808,779.2191
20250808,778.2191
20250808,777.1388
20250808,776.1388
20250808,778.0249
20250808,779.7023
20250808,778.7023
20250808,777.7023
20250808,776.7023
20250808,775.7023
20250808,777.8566
20250808,776.8566
20250808,775.8566
20250808,774.8566
20250808,773.8566
20250808,772.8566
20250808,775.3807
20250808,777.3807
20250808,776.3807
20250808,779.2449
20250808,778.2449
20250808,777.2449
20250811,779.4693
20250811,778.4693
20250811,780.4693
20250811,779.4693
20250811,778.4693
20250811,777.4693
20250811,776.4693
20250811,776.5384
20250811,775.5384
20250811,774.5384
20250811,775.9074
20250811,774.9074
20250811,773.9074
20250811,772.9074
20250811,774.5516
20250811,777.1388
20250811,779.1388
20250811,778.1388
20250811,777.1388
20250811,779.1388
20250811,778.1388
20250811,777.1388
20250811,779.2985
20250811,778.2985
20250811,780.1635
20250811,784.9989
20250811,783.9989
20250811,782.9643
20250811,781.9643
20250811,780.9643
20250811,779.9643
20250811,782.1697
20250812,781.1697
20250812,780.1697
20250812,782.1672
20250812,781.1672
20250812,780.1672
20250812,781.727
20250812,783.6303
20250812,785.6303
20250812,787.6308
20250812,788.9292
20250812,787.9292
20250812,786.9292
20250812,785.9292
20250812,784.9292
20250812,783.9292
20250812,782.9292
20250812,784.9292
20250812,783.9292
20250812,782.9292
20250812,781.9292
20250812,782.7781
20250812,784.7369
20250812,786.5895
20250812,785.5895
20250812,784.5895
20250812,783.5895
20250812,782.5895
20250812,781.5895
20250812,780.5895
20250812,779.5895
20250812,778.5895
20250812,777.5895
20250813,776.5895
20250813,775.5895
20250813,774.5895
20250813,776.5895
20250813,778.8893
20250813,780.7051
20250813,782.4264
20250813,781.4264
20250813,780.4264
20250813,779.4264
20250813,778.4264
20250813,777.4264
20250813,779.3003
20250813,781.2206
20250813,783.496
20250813,782.496
20250813,784.0615
20250813,785.9036
20250813,787.9036
20250813,791.7903
20250813,790.7903
20250813,789.7903
20250813,788.7751
20250813,789.9764
20250813,788.9764
20250813,790.9764
20250813,789.9764
20250813,792.2523
20250813,791.2523
20250813,793.2523
20250813,792.2523
20250813,791.2523
20250814,790.2523
20250814,789.2523
20250814,788.2523
20250814,787.2523
20250814,786.2523
20250814,788.9231
20250814,790.8812
20250814,789.8812
20250814,788.8812
20250814,790.4091
20250814,794.5326
20250814,793.5326
20250814,792.5326
20250814,794.037
20250814,795.8857
20250814,797.5711
20250814,798.8997
20250814,797.8997
20250814,796.8997
20250814,795.8997
20250814,798.1545
20250814,797.1545
20250814,796.1545
20250814,797.5542
20250814,796.5542
20250814,795.5542
20250814,797.202
20250814,799.475
20250814,798.475
20250814,797.475
20250814,796.475
20250814,795.475
20250815,797.475
20250815,796.475
20250815,795.475
20250815,796.8324
20250815,798.4727
20250815,797.4727
20250815,796.4727
20250815,795.4727
20250815,794.4727
20250815,796.4727
20250815,795.4727
20250815,794.4727
20250815,796.241
20250815,795.241
20250815,794.241
20250815,793.241
20250815,795.241
20250815,794.241
20250815,793.241
20250815,795.1082
20250815,794.1082
20250815,796.1082
20250815,795.1082
20250815,796.8397
20250815,800.2771
20250815,799.2771
20250815,798.2771
20250815,797.2771
20250815,798.5231
20250815,800.5231
20250815,799.5231
20250815,798.5231
20250818,797.5231
20250818,796.5231
20250818,800.5924
20250818,802.5924
20250818,801.5924
20250818,803.7159
20250818,802.7159
20250818,804.598
20250818,803.598
20250818,802.598
20250818,801.598
20250818,800.598
20250818,799.598
20250818,802.6872
20250818,801.6872
20250818,800.6872
20250818,799.6872
20250818,798.6872
20250818,800.6872
20250818,802.3641
20250818,804.2262
20250818,806.2262
20250818,805.2262
20250818,804.2262
20250818,803.2202
20250818,802.2202
20250818,801.2202
20250818,800.2202
20250818,799.2202
20250818,798.2202
20250818,799.9623
20250818,798.9623
20250819,797.9623
20250819,796.9623
20250819,798.9623
20250819,797.9623
20250819,799.9193
20250819,798.9193
20250819,797.9193
20250819,796.9193
20250819,795.9193
20250819,794.9193
20250819,796.3889
20250819,795.3889
20250819,794.3889
20250819,793.3889
20250819,795.8312
20250819,798.1779
20250819,797.1779
20250819,799.1779
20250819,798.1779
20250819,797.1779
20250819,799.3065
20250819,798.3065
20250819,800.8819
20250819,804.4107
20250819,806.0878
20250819,805.0878
20250819,804.0878
20250819,803.0878
20250819,805.1806
20250819,807.1806
20250819,810.3222
20250819,809.3222
20250820,811.3222
20250820,810.3222
20250820,812.178
20250820,811.178
20250820,810.178
20250820,811.8403
20250820,810.8403
20250820,814.5197
20250820,813.5197
20250820,812.5197
20250820,811.5197
20250820,810.5197
20250820,809.5197
20250820,808.5197
20250820,810.1893
20250820,809.1893
20250820,808.1893
20250820,809.2178
20250820,808.2178
20250820,810.2505
20250820,812.2009
20250820,811.2009
20250820,813.2009
20250820,812.2009
20250820,814.2009
20250820,813.2009
20250820,812.2009
20250820,811.2009
20250820,810.2009
20250820,811.737
20250820,810.737
20250820,809.737
20250821,808.737
20250821,807.7254
20250821,806.7254
20250821,805.7254
20250821,807.568
20250821,806.568
20250821,805.568
20250821,804.568
20250821,807.2933
20250821,809.4178
20250821,808.4178
20250821,807.4178
20250821,806.4178
20250821,805.4178
20250821,806.9685
20250821,805.9685
20250821,804.9685
20250821,803.9685
20250821,802.9685
20250821,801.9685
20250821,800.9685
20250821,799.9685
20250821,801.9552
20250821,803.6798
20250821,805.3209
20250821,807.3209
20250821,809.3348
20250821,808.3348
20250821,808.4277
20250821,810.4277
20250821,809.4277
20250822,808.4277
20250822,807.4277
20250822,806.4277
20250822,805.4277
20250822,804.4277
20250822,806.2161
20250822,805.2161
20250822,804.2161
20250822,803.2161
20250822,804.5614
20250822,803.5614
20250822,805.6347
20250822,804.6347
20250822,803.6347
20250822,802.6347
20250822,801.6347
20250822,800.6347
20250822,799.6347
20250822,801.8311
20250822,800.8311
20250822,799.8311
20250822,798.8311
20250822,800.696
20250822,799.696
20250822,798.696
20250822,797.696
20250822,797.696
20250822,796.696
20250822,798.696
20250822,800.3792
20250822,802.7491
20250822,803.9773
20250825,802.9773
20250825,801.9773
20250825,800.9773
20250825,799.9773
20250825,802.0905
20250825,803.7187
20250825,802.7187
20250825,804.7187
20250825,807.351
20250825,806.351
20250825,807.9865
20250825,809.1884
20250825,811.6618
20250825,810.6618
20250825,809.3468
20250825,811.2123
20250825,813.7802
20250825,815.3683
20250825,816.808
20250825,815.808
20250825,814.808
20250825,817.233
20250825,816.233
20250825,815.233
20250825,817.2122
20250825,816.2122
20250825,815.2122
20250825,817.5022
20250825,816.5022
20250825,815.5022
20250825,814.1592
20250825,813.088
20250826,812.088
20250826,811.088
20250826,810.088
20250826,809.088
20250826,808.088
20250826,807.088
20250826,809.1575
20250826,808.1575
20250826,807.1575
20250826,806.1518
20250826,808.2845
20250826,807.2845
20250826,806.2845
20250826,805.2845
20250826,804.2845
20250826,803.2845
20250826,805.5759
20250826,807.8504
20250826,810.4112
20250826,812.4112
20250826,811.4112
20250826,810.4112
20250826,812.4112
20250826,811.4112
20250826,813.5702
20250826,814.0107
20250826,815.5944
20250826,817.2222
20250826,816.2222
20250826,818.4221
20250826,821.2956
20250826,820.2956
20250827,822.4632
20250827,821.4632
20250827,823.4369
20250827,822.4369
20250827,821.4369
20250827,822.5471
20250827,821.5471
20250827,820.5471
20250827,819.5471
20250827,820.0295
20250827,819.0295
20250827,818.0295
20250827,817.0295
20250827,815.579
20250827,817.7127
20250827,816.7127
20250827,818.5571
20250827,817.5571
20250827,819.5547
20250827,818.5547
20250827,820.2678
20250827,821.556
20250827,820.556
20250827,821.6916
20250827,820.6916
20250827,819.6916
20250827,818.6916
20250827,817.6916
20250827,816.6916
20250827,815.6916
20250827,814.6916
20250827,813.6916
20250828,812.5822
20250828,811.5822
20250828,812.8541
20250828,811.8541
20250828,813.7581
20250828,812.7581
20250828,811.7581
20250828,814.5069
20250828,817.0858
20250828,819.0858
20250828,818.0858
20250828,820.2132
20250828,819.2132
20250828,818.2132
20250828,817.2132
20250828,816.2132
20250828,815.2132
20250828,814.2132
20250828,813.2132
20250828,812.2132
20250828,811.2132
20250828,812.4798
20250828,811.4798
20250828,810.4798
20250828,812.9496
20250828,815.387
20250828,817.9122
20250828,819.8463
20250828,818.8463
20250828,817.8463
20250828,816.8463
20250828,815.8463
20250829,817.1754
20250829,816.1754
20250829,815.1754
20250829,814.1754
20250829,815.2098
20250829,817.4006
20250829,819.9149
20250829,822.3525
20250829,824.3525
20250829,826.5581
20250829,825.5581
20250829,824.5581
20250829,823.5581
20250829,822.5581
20250829,821.5581
20250829,820.5581
20250829,822.2808
20250829,824.2808
20250829,823.2808
20250829,825.0145
20250829,824.0145
20250829,823.0145
20250829,822.0145
20250829,821.0145
20250829,823.3239
20250829,822.3239
20250829,821.3239
20250829,820.3239
20250829,819.0314
20250829,818.0314
20250829,817.0314
20250829,816.0314
20250902,818.0314
20250902,817.0314
20250902,816.0314
20250902,815.0314
20250902,816.9103
20250902,818.9103
20250902,821.1689
20250902,820.1689
20250902,819.1689
20250902,818.1689
20250902,821.4494
20250902,823.4094
20250902,822.4094
20250902,821.4094
20250902,820.4094
20250902,819.4094
20250902,818.4094
20250902,817.4094
20250902,820.4407
20250902,822.7069
20250902,821.7069
20250902,820.7069
20250902,819.7069
20250902,821.7069
20250902,820.7069
20250902,819.7069
20250902,818.7069
20250902,817.7069
20250902,816.7069
20250902,818.7069
20250902,820.8725
20250902,819.8725
20250903,818.8725
20250903,817.8725
20250903,819.6049
20250903,818.6049
20250903,817.6049
20250903,819.5698
20250903,818.5698
20250903,823.0198
20250903,822.0198
20250903,821.0198
20250903,823.0198
20250903,822.0198
20250903,823.9247
20250903,826.0177
20250903,825.0177
20250903,824.0177
20250903,825.7824
20250903,824.7417
20250903,826.4579
20250903,827.9855
20250903,829.8919
20250903,828.8919
20250903,827.8919
20250903,826.8919
20250903,825.8919
20250903,824.8919
20250903,823.8919
20250903,822.1628
20250903,821.1628
20250903,820.1628
20250903,819.1628
20250903,818.1628
20250904,817.1628
20250904,819.1141
20250904,818.1141
20250904,817.1141
20250904,816.1141
20250904,818.2772
20250904,817.2772
20250904,816.2772
20250904,815.2772
20250904,814.2772
20250904,813.2772
20250904,815.5768
20250904,814.5768
20250904,813.5768
20250904,815.3816
20250904,817.2956
20250904,819.2113
20250904,821.0856
20250904,820.0856
20250904,821.5861
20250904,820.5861
20250904,819.5861
20250904,820.9289
20250904,819.9289
20250904,821.7071
20250904,823.6438
20250904,825.6233
20250904,827.4322
20250904,828.8828
20250904,827.8828
20250904,829.2859
20250905,828.2859
20250905,830.8299
20250905,832.7277
20250905,834.7277
20250905,833.7277
20250905,832.7277
20250905,835.0836
20250905,834.0836
20250905,836.2074
20250905,835.2074
20250905,834.2074
20250905,833.2074
20250905,832.2074
20250905,831.2074
20250905,830.2074
20250905,829.2074
20250905,828.2074
20250905,830.074
20250905,833.1083
20250905,832.1083
20250905,834.594
20250905,833.594
20250905,832.594
20250905,831.594
20250905,830.594
20250905,829.594
20250905,831.594
20250905,832.519
20250905,831.519
20250905,833.1307
20250905,835.2934
20250908,837.2934
20250908,839.1675
20250908,838.1675
20250908,840.2021
20250908,842.2021
20250908,844.2021
20250908,846.2991
20250908,845.2991
20250908,847.0155
20250908,846.0155
20250908,848.1904
20250908,847.1904
20250908,846.1904
20250908,845.1904
20250908,844.1904
20250908,843.1904
20250908,842.1904
20250908,841.1904
20250908,839.8707
20250908,841.8715
20250908,840.8715
20250908,839.8715
20250908,838.8715
20250908,837.8715
20250908,839.7933
20250908,841.7933
20250908,840.7933
20250908,842.7933
20250908,841.7933
20250908,840.7933
20250908,844.0595
20250908,843.0595
20250909,842.0595
20250909,841.0595
20250909,843.0107
20250909,845.0107
20250909,844.0107
20250909,843.0107
20250909,845.2743
20250909,844.2743
20250909,843.2743
20250909,842.2743
20250909,841.2743
20250909,842.7088
20250909,845.916
20250909,847.5546
20250909,846.5546
20250909,845.5546
20250909,844.5546
20250909,843.5546
20250909,842.5546
20250909,843.3285
20250909,842.3285
20250909,841.3285
20250909,840.3285
20250909,839.3285
20250909,838.3285
20250909,840.3285
20250909,839.3285
20250909,838.3285
20250909,837.3285
20250909,844.5356
20250909,847.0908
20250910,846.0908
20250910,845.0908
20250910,844.0908
20250910,843.0908
20250910,842.0908
20250910,844.1384
20250910,843.1384
20250910,842.1384
20250910,841.1384
20250910,840.1384
20250910,839.1384
20250910,838.1384
20250910,837.1384
20250910,839.7425
20250910,842.134
20250910,843.8213
20250910,842.8213
20250910,841.8213
20250910,840.8213
20250910,839.8213
20250910,841.3642
20250910,843.1539
20250910,842.1539
20250910,843.9282
20250910,842.9282
20250910,841.5301
20250910,840.5301
20250910,839.5301
20250910,838.5301
20250910,840.2992
20250910,839.2992
20250910,838.2992
20250911,837.2992
20250911,836.2992
20250911,835.2992
20250911,834.2992
20250911,836.7203
20250911,838.0485
20250911,840.2951
20250911,839.2951
20250911,841.1461
20250911,840.1461
20250911,839.1461
20250911,838.1461
20250911,837.1461
20250911,839.1461
20250911,838.1461
20250911,840.0544
20250911,842.84
20250911,841.84
20250911,840.84
20250911,839.84
20250911,838.84
20250911,840.5304
20250911,839.5304
20250911,838.5304
20250911,837.5304
20250911,836.5304
20250911,835.454
20250911,837.8607
20250911,839.515
20250911,838.515
20250911,840.3223
20250911,839.3223
20250912,838.3223
20250912,837.3223
20250912,836.3223
20250912,835.3223
20250912,834.3223
20250912,833.3223
20250912,835.3223
20250912,837.0812
20250912,838.9532
20250912,840.9532
20250912,842.7054
20250912,844.984
20250912,843.984
20250912,842.984
20250912,841.984
20250912,843.2097
20250912,842.2097
20250912,841.2097
20250912,843.11
20250912,842.11
20250912,844.2365
20250912,844.1885
20250912,843.1885
20250912,844.8646
20250912,843.8646
20250912,842.8646
20250912,841.8646
20250912,840.8646
20250912,839.8646
20250912,838.8646
20250912,837.8646
20250912,836.8646
20250915,838.778
20250915,837.778
20250915,839.809
20250915,838.809
20250915,840.5214
20250915,842.4639
20250915,841.4639
20250915,840.4639
20250915,842.7411
20250915,844.739
20250915,845.568
20250915,847.568
20250915,849.5739
20250915,848.5739
20250915,847.5739
20250915,846.5739
20250915,845.5739
20250915,844.5739
20250915,843.5739
20250915,842.5739
20250915,841.5739
20250915,843.6999
20250915,844.7353
20250915,843.7353
20250915,842.7353
20250915,841.7353
20250915,840.7353
20250915,839.7353
20250915,838.7353
20250915,839.7465
20250915,838.7465
20250915,841.0933
20250916,840.0933
20250916,839.0933
20250916,838.0933
20250916,837.0933
20250916,836.0933
20250916,835.0933
20250916,834.0933
20250916,833.0933
20250916,835.0933
20250916,834.0933
20250916,833.0933
20250916,835.0933
20250916,837.2623
20250916,836.2623
20250916,835.2421
20250916,834.2421
20250916,833.2421
20250916,835.2421
20250916,834.2421
20250916,836.0726
20250916,835.0726
20250916,836.45
20250916,838.2102
20250916,837.2102
20250916,836.2102
20250916,835.2102
20250916,834.2102
20250916,835.9585
20250916,834.9585
20250916,833.9585
20250916,835.7658
20250916,834.7658
20250917,836.7658
20250917,838.858
20250917,837.858
20250917,836.858
20250917,835.858
20250917,836.2998
20250917,835.2998
20250917,834.2998
20250917,833.2998
20250917,832.2998
20250917,834.1057
20250917,836.1057
20250917,835.0154
20250917,837.9159
20250917,836.9159
20250917,838.6584
20250917,837.6584
20250917,836.6584
20250917,835.6584
20250917,834.6584
20250917,836.0932
20250917,837.976
20250917,836.976
20250917,835.976
20250917,834.976
20250917,839.0025
20250917,838.0025
20250917,837.0025
20250917,836.0025
20250917,837.9681
20250917,836.9681
20250918,835.9681
20250918,838.0172
20250918,837.0172
20250918,836.0172
20250918,838.2857
20250918,839.8165
20250918,841.486
20250918,840.486
20250918,839.486
20250918,838.486
20250918,837.486
20250918,839.6477
20250918,838.6477
20250918,840.6172
20250918,842.4977
20250918,844.735
20250918,847.5625
20250918,849.7144
20250918,848.7144
20250918,847.7144
20250918,849.7144
20250918,848.7144
20250918,850.9191
20250918,849.9191
20250918,848.9191
20250918,847.9191
20250918,849.7434
20250918,851.4814
20250918,850.4814
20250918,849.4814
20250918,848.4814
20250919,847.4814
20250919,849.444
20250919,848.444
20250919,850.444
20250919,852.4543
20250919,851.4543
20250919,850.4543
20250919,852.941
20250919,851.941
20250919,850.941
20250919,852.4247
20250919,851.4247
20250919,850.4247
20250919,849.4247
20250919,851.4247
20250919,850.4247
20250919,852.4247
20250919,851.4247
20250919,853.1256
20250919,852.1256
20250919,851.1256
20250919,850.1256
20250919,849.1256
20250919,851.1256
20250919,852.7628
20250919,851.7628
20250919,853.874
20250919,852.874
20250919,854.9144
20250919,856.9144
20250919,855.9144
20250919,854.9144
20250922,853.9144
20250922,855.676
20250922,854.676
20250922,853.676
20250922,855.2485
20250922,857.5351
20250922,856.5351
20250922,855.5351
20250922,857.5351
20250922,856.5351
20250922,855.5351
20250922,854.5351
20250922,853.5351
20250922,852.5351
20250922,854.8475
20250922,853.8475
20250922,852.8475
20250922,851.8475
20250922,850.8475
20250922,849.8475
20250922,851.9289
20250922,853.4761
20250922,852.4761
20250922,851.4761
20250922,850.4761
20250922,852.4761
20250922,851.4761
20250922,853.313
20250922,852.313
20250922,851.313
20250922,850.313
20250922,849.313
20250923,851.4986
20250923,850.4986
20250923,849.4986
20250923,851.4418
20250923,850.4418
20250923,852.6273
20250923,851.6273
20250923,850.6273
20250923,853.2529
20250923,852.2529
20250923,851.2529
20250923,850.2529
20250923,852.2529
20250923,851.2529
20250923,852.7867
20250923,854.823
20250923,853.823
20250923,852.823
20250923,851.823
20250923,850.823
20250923,849.823
20250923,852.078
20250923,851.078
20250923,850.078
20250923,849.078
20250923,848.078
20250923,847.078
20250923,846.078
20250923,845.078
20250923,843.7612
20250923,842.7612
20250924,841.7612
20250924,840.7612
20250924,839.7612
20250924,841.6605
20250924,840.6605
20250924,839.6605
20250924,838.6605
20250924,837.6605
20250924,836.6605
20250924,838.1782
20250924,840.954
20250924,839.954
20250924,842.7733
20250924,841.7733
20250924,840.7733
20250924,842.8321
20250924,841.8321
20250924,843.6314
20250924,842.6314
20250924,844.0504
20250924,845.5661
20250924,847.5661
20250924,851.639
20250924,850.639
20250924,849.639
20250924,848.639
20250924,850.1419
20250924,849.1419
20250924,848.1419
20250924,847.1419
20250924,846.1419
20250924,847.6058
20250925,849.1978
20250925,848.1978
20250925,847.1978
20250925,846.1978
20250925,847.6387
20250925,846.6387
20250925,845.6387
20250925,844.6387
20250925,843.6387
20250925,842.6387
20250925,841.6387
20250925,840.6387
20250925,842.4549
20250925,841.4549
20250925,840.3469
20250925,839.3469
20250925,840.9483
20250925,842.9483
20250925,844.8713
20250925,843.8713
20250925,846.4076
20250925,845.4076
20250925,847.5837
20250925,849.7133
20250925,848.7133
20250925,850.4845
20250925,850.4845
20250925,852.2742
20250925,851.2742
20250925,850.2742
20250925,849.2742
20250925,848.2742
20250926,850.183
20250926,852.3209
20250926,854.2821
20250926,856.2821
20250926,853.6177
20250926,852.6177
20250926,851.6177
20250926,850.6177
20250926,849.6177
20250926,848.6177
20250926,847.6177
20250926,849.0277
20250926,850.4796
20250926,852.4796
20250926,851.4796
20250926,850.4796
20250926,849.4796
20250926,848.4796
20250926,850.8504
20250926,852.8504
20250926,855.6194
20250926,854.6194
20250926,853.6194
20250926,852.6194
20250926,851.6194
20250926,850.6194
20250926,849.6194
20250926,848.6194
20250926,847.6194
20250926,846.6194
20250926,845.6194
20250926,844.6194
20250929,846.5667
20250929,849.9339
20250929,848.9339
20250929,850.667
20250929,849.667
20250929,848.667
20250929,850.4781
20250929,849.4781
20250929,851.4781
20250929,850.4781
20250929,849.4781
20250929,848.4781
20250929,859.4101
20250929,858.4101
20250929,857.4101
20250929,856.4101
20250929,855.4101
20250929,854.4101
20250929,853.4101
20250929,852.3855
20250929,851.3855
20250929,853.0793
20250929,855.0793
20250929,854.0793
20250929,855.3883
20250929,854.3883
20250929,856.78
20250929,855.78
20250929,858.0345
20250929,862.3422
20250929,861.3422
20250929,860.3422
20250930,862.2415
20250930,861.2415
20250930,863.2415
20250930,862.2415
20250930,861.2415
20250930,863.4106
20250930,862.4106
20250930,861.4106
20250930,863.0987
20250930,862.0987
20250930,863.7535
20250930,862.7535
20250930,861.7535
20250930,860.7535
20250930,861.9319
20250930,860.9319
20250930,863.511
20250930,865.3945
20250930,864.3945
20250930,863.3945
20250930,862.3945
20250930,861.3945
20250930,860.3945
20250930,862.6629
20250930,861.6629
20250930,864.0653
20250930,863.0653
20250930,862.0653
20250930,861.0653
20250930,862.8165
20250930,861.8165
20250930,860.8165
20251001,859.8165
20251001,858.8165
20251001,860.5647
20251001,859.5647
20251001,858.5647
20251001,857.5647
20251001,859.5647
20251001,858.5647
20251001,857.5647
20251001,859.6452
20251001,858.6452
20251001,857.6452
20251001,856.6452
20251001,855.6452
20251001,854.6452
20251001,856.6452
20251001,856.6452
20251001,859.2481
20251001,858.2481
20251001,857.2481
20251001,856.2481
20251001,858.5612
20251001,861.302
20251001,861.7664
20251001,860.7664
20251001,859.7664
20251001,858.7664
20251001,857.7664
20251001,856.7664
20251001,855.7664
20251001,854.7664
20251001,853.7664
20251002,852.7664
20251002,851.7664
20251002,850.7664
20251002,849.2708
20251002,848.2708
20251002,847.2708
20251002,846.2708
20251002,845.2708
20251002,844.2708
20251002,843.2708
20251002,842.2708
20251002,844.2188
20251002,843.2188
20251002,842.2188
20251002,841.2188
20251002,840.2188
20251002,839.2188
20251002,841.2188
20251002,840.115
20251002,839.115
20251002,841.6294
20251002,840.6294
20251002,839.6294
20251002,838.6294
20251002,837.6294
20251002,839.6294
20251002,838.6294
20251002,841.0573
20251002,841.5683
20251002,840.5683
20251002,842.5382
20251002,841.5382
20251003,840.5382
20251003,839.5382
20251003,841.7566
20251003,840.7566
20251003,843.1333
20251003,842.1333
20251003,844.1333
20251003,843.1333
20251003,842.1333
20251003,841.1333
20251003,840.1333
20251003,842.1333
20251003,840.3797
20251003,839.3797
20251003,841.3797
20251003,840.3797
20251003,839.3797
20251003,841.3797
20251003,840.3797
20251003,839.3797
20251003,840.9313
20251003,839.9313
20251003,838.9313
20251003,837.9313
20251003,836.9313
20251003,835.9313
20251003,838.601
20251003,837.601
20251003,836.601
20251003,835.601
20251003,837.5227
20251003,836.5227
20251006,838.5227
20251006,837.5227
20251006,836.5227
20251006,838.5519
20251006,840.7339
20251006,843.7271
20251006,846.3407
20251006,845.3407
20251006,844.3407
20251006,846.3593
20251006,845.3593
20251006,847.3593
20251006,846.3593
20251006,845.3593
20251006,847.0098
20251006,846.0098
20251006,845.0098
20251006,844.0098
20251006,843.0098
20251006,842.0098
20251006,841.0098
20251006,843.0098
20251006,842.0098
20251006,844.3559
20251006,843.3559
20251006,845.2315
20251006,845.8721
20251006,847.8721
20251006,846.8721
20251006,845.8721
20251006,844.8721
20251006,843.8721
20251007,842.8721
20251007,845.0544
20251007,846.9087
20251007,848.7603
20251007,850.4726
20251007,851.91
20251007,850.91
20251007,849.91
20251007,852.0765
20251007,851.0765
20251007,852.9667
20251007,851.9667
20251007,850.9667
20251007,849.9667
20251007,848.9667
20251007,847.9667
20251007,846.9667
20251007,848.9667
20251007,847.9667
20251007,846.9667
20251007,845.9667
20251007,844.9667
20251007,843.9667
20251007,842.9667
20251007,844.9667
20251007,843.9667
20251007,842.9667
20251007,841.9667
20251007,840.9667
20251007,839.9667
20251007,841.7904
20251007,840.7904
20251008,839.7904
20251008,838.7904
20251008,837.7904
20251008,836.7904
20251008,838.8601
20251008,840.8601
20251008,839.8601
20251008,838.8601
20251008,841.199
20251008,840.199
20251008,839.199
20251008,841.2684
20251008,840.2684
20251008,839.2684
20251008,841.2684
20251008,840.2684
20251008,839.2684
20251008,840.6192
20251008,839.6192
20251008,840.139
20251008,839.139
20251008,841.4196
20251008,843.4196
20251008,842.4196
20251008,841.4196
20251008,843.4676
20251008,845.1233
20251008,846.6405
20251008,845.6405
20251008,844.6405
20251008,843.6405
20251008,842.6405
20251009,841.6405
20251009,840.6405
20251009,839.6405
20251009,838.6405
20251009,840.6405
20251009,842.6405
20251009,841.6405
20251009,843.5938
20251009,846.1856
20251009,845.1856
20251009,844.1856
20251009,843.1856
20251009,845.2742
20251009,844.2742
20251009,843.2742
20251009,845.2742
20251009,844.2742
20251009,843.2742
20251009,845.2761
20251009,844.2761
20251009,843.2761
20251009,844.6737
20251009,843.6737
20251009,842.6737
20251009,844.6815
20251009,843.6815
20251009,842.6815
20251009,841.6815
20251009,840.6815
20251009,839.6815
20251009,841.6815
20251009,840.6815
20251010,842.6064
20251010,841.6064
20251010,840.6064
20251010,839.6064
20251010,838.6064
20251010,837.6064
20251010,840.2322
20251010,839.2322
20251010,838.2322
20251010,837.2322
20251010,840.4912
20251010,839.4912
20251010,838.4912
20251010,841.0345
20251010,843.1764
20251010,846.3418
20251010,845.3418
20251010,844.3418
20251010,843.3418
20251010,842.3418
20251010,844.968
20251010,843.968
20251010,842.968
20251010,841.968
20251010,840.968
20251010,839.968
20251010,838.968
20251010,837.968
20251010,836.968
20251010,835.968
20251010,834.968
20251013,833.968
20251013,832.968
20251013,831.968
20251013,830.968
20251013,829.968
20251013,828.968
20251013,827.968
20251013,826.968
20251013,825.968
20251013,827.4189
20251013,826.4189
20251013,825.4189
20251013,824.4189
20251013,823.4189
20251013,822.4189
20251013,823.0717
20251013,824.7707
20251013,826.7707
20251013,825.7707
20251013,824.7707
20251013,823.7707
20251013,826.0106
20251013,825.0106
20251013,824.0106
20251013,826.0106
20251013,825.0106
20251013,826.3709
20251013,825.3709
20251013,826.5862
20251013,825.5862
20251013,827.3742
20251013,826.3742
20251014,825.3742
20251014,824.3742
20251014,826.5939
20251014,828.6659
20251014,827.6659
20251014,826.6659
20251014,825.6659
20251014,827.6704
20251014,830.1424
20251014,829.1424
20251014,828.1424
20251014,827.1424
20251014,826.1424
20251014,827.0408
20251014,826.0408
20251014,825.0408
20251014,826.8971
20251014,832.0727
20251014,830.7699
20251014,829.7699
20251014,828.7699
20251014,827.7699
20251014,833.1894
20251014,835.1616
20251014,834.1616
20251014,836.4016
20251014,837.9918
20251014,836.9918
20251014,835.9918
20251014,834.9918
20251014,836.9918
20251014,835.9918
20251015,834.9918
20251015,833.9918
20251015,832.9918
20251015,831.9918
20251015,833.1565
20251015,832.1565
20251015,831.1565
20251015,830.1565
20251015,832.0385
20251015,831.0385
20251015,833.0385
20251015,835.22
20251015,834.22
20251015,833.22
20251015,832.22
20251015,832.22
20251015,831.22
20251015,830.22
20251015,832.22
20251015,831.22
20251015,833.22
20251015,832.22
20251015,833.7647
20251015,832.7647
20251015,831.7647
20251015,830.7647
20251015,829.7647
20251015,828.7647
20251015,830.9975
20251015,829.9975
20251015,828.9975
20251015,827.9975
20251016,826.9975
20251016,825.9975
20251016,824.9975
20251016,826.8229
20251016,825.8229
20251016,824.8229
20251016,823.8229
20251016,822.8229
20251016,821.8229
20251016,823.7595
20251016,825.8201
20251016,827.3764
20251016,826.3764
20251016,825.3764
20251016,827.3764
20251016,829.1814
20251016,828.1814
20251016,827.1814
20251016,829.4026
20251016,828.4026
20251016,827.4026
20251016,829.4026
20251016,830.885
20251016,832.885
20251016,831.885
20251016,830.885
20251016,832.885
20251016,831.885
20251016,833.7895
20251016,832.7895
20251016,831.7895
20251016,833.7616
20251017,835.5229
20251017,834.5229
20251017,837.2958
20251017,839.0236
20251017,841.0832
20251017,840.0832
20251017,841.8172
20251017,843.8172
20251017,842.8172
20251017,845.5007
20251017,849.9755
20251017,848.9755
20251017,847.9755
20251017,846.9755
20251017,845.9755
20251017,847.9056
20251017,846.9056
20251017,845.9056
20251017,847.9299
20251017,846.9299
20251017,845.9299
20251017,844.9299
20251017,843.9299
20251017,842.9299
20251017,841.9299
20251017,843.9299
20251017,842.9299
20251017,841.9299
20251017,840.9299
20251017,839.9299
20251017,842.3982
20251017,841.3982
20251020,843.0642
20251020,842.0642
20251020,845.7342
20251020,844.7342
20251020,849.1639
20251020,848.1639
20251020,847.1639
20251020,849.0301
20251020,848.0301
20251020,847.0301
20251020,847.0301
20251020,849.0301
20251020,848.0301
20251020,847.0301
20251020,848.4022
20251020,849.9978
20251020,851.601
20251020,850.601
20251020,849.601
20251020,851.0257
20251020,852.5087
20251020,851.5087
20251020,850.5087
20251020,849.5087
20251020,848.5087
20251020,856.4594
20251020,855.4594
20251020,857.7509
20251020,856.7509
20251020,855.7509
20251020,854.7509
20251020,856.2085
20251021,855.2085
20251021,857.0584
20251021,858.921
20251021,861.0648
20251021,860.0648
20251021,859.0648
20251021,858.0648
20251021,859.8069
20251021,861.8069
20251021,860.8069
20251021,859.8069
20251021,858.8069
20251021,857.8069
20251021,856.8069
20251021,855.8069
20251021,854.8069
20251021,853.8069
20251021,852.8069
20251021,854.6922
20251021,856.8326
20251021,855.8326
20251021,854.8326
20251021,853.8326
20251021,852.8326
20251021,851.8326
20251021,850.8326
20251021,849.8326
20251021,848.8326
20251021,847.8326
20251021,846.8326
20251021,845.8326
20251021,844.8326
20251022,847.5622
20251022,846.5622
20251022,845.5622
20251022,844.5622
20251022,843.5622
20251022,842.5622
20251022,841.5622
20251022,840.5622
20251022,842.9735
20251022,841.9735
20251022,840.9735
20251022,843.1211
20251022,842.1211
20251022,841.1211
20251022,843.1211
20251022,844.7595
20251022,843.7595
20251022,842.7595
20251022,841.7595
20251022,840.7595
20251022,839.7595
20251022,841.5523
20251022,843.5523
20251022,842.5523
20251022,844.4085
20251022,843.4085
20251022,842.4085
20251022,844.9729
20251022,843.9729
20251022,845.4535
20251022,847.5052
20251022,846.5052
20251023,848.5052
20251023,847.5052
20251023,846.5052
20251023,848.4054
20251023,847.4054
20251023,849.2812
20251023,848.2812
20251023,849.3175
20251023,848.3175
20251023,850.3475
20251023,849.3475
20251023,848.3475
20251023,847.3475
20251023,849.0764
20251023,848.0764
20251023,847.0764
20251023,848.6396
20251023,847.6396
20251023,846.6396
20251023,849.3746
20251023,848.3746
20251023,850.0746
20251023,849.0746
20251023,848.0746
20251023,850.0746
20251023,851.8062
20251023,850.8062
20251023,849.8062
20251023,848.7695
20251023,850.7695
20251023,849.7695
20251023,848.7695
20251024,847.7695
20251024,846.7695
20251024,845.7695
20251024,844.7695
20251024,846.7965
20251024,848.7815
20251024,852.3521
20251024,851.3521
20251024,850.3521
20251024,849.3521
20251024,851.5394
20251024,853.8936
20251024,856.0411
20251024,855.0411
20251024,854.0411
20251024,853.0411
20251024,855.1435
20251024,856.5873
20251024,858.5521
20251024,861.1095
20251024,860.1095
20251024,859.1095
20251024,860.7044
20251024,862.4654
20251024,864.7622
20251024,863.7622
20251024,862.7622
20251024,864.4827
20251024,863.4827
20251024,862.4827
20251024,861.4827
20251024,860.4827
20251027,859.4827
20251027,861.4827
20251027,860.4827
20251027,859.4827
20251027,858.4827
20251027,857.4827
20251027,856.4827
20251027,858.0171
20251027,860.0158
20251027,859.0158
20251027,858.0158
20251027,857.0158
20251027,856.0158
20251027,858.0158
20251027,857.0158
20251027,856.0158
20251027,855.0158
20251027,856.9516
20251027,855.9516
20251027,854.9516
20251027,853.9324
20251027,856.1575
20251027,856.1575
20251027,858.1575
20251027,857.1575
20251027,856.1575
20251027,855.1575
20251027,857.1575
20251027,856.1575
20251027,855.1575
20251027,857.308
20251027,856.308
20251028,858.0094
20251028,857.0094
20251028,859.8142
20251028,862.3424
20251028,861.3424
20251028,860.3424
20251028,859.3424
20251028,858.3424
20251028,857.3424
20251028,859.2095
20251028,858.2095
20251028,859.8823
20251028,858.8823
20251028,860.859
20251028,859.859
20251028,858.859
20251028,861.4131
20251028,860.4131
20251028,863.2851
20251028,865.5764
20251028,864.5764
20251028,863.5764
20251028,865.2213
20251028,864.2213
20251028,863.2213
20251028,862.2213
20251028,864.5937
20251028,866.7425
20251028,865.4636
20251028,864.4636
20251028,863.4636
20251028,862.4636
20251029,861.4636
20251029,863.7331
20251029,862.7331
20251029,861.7331
20251029,862.5561
20251029,861.5561
20251029,863.4934
20251029,862.4934
20251029,864.127
20251029,863.127
20251029,862.127
20251029,863.0017
20251029,862.0017
20251029,864.0011
20251029,863.0011
20251029,864.5266
20251029,866.1706
20251029,868.1333
20251029,867.1333
20251029,866.1333
20251029,865.1333
20251029,864.1333
20251029,865.3935
20251029,864.3935
20251029,863.3935
20251029,865.8032
20251029,864.8032
20251029,863.8032
20251029,865.8032
20251029,864.8032
20251029,863.8032
20251030,862.8032
20251030,864.8032
20251030,863.8032
20251030,862.7225
20251030,863.3251
20251030,865.5231
20251030,867.6695
20251030,866.6695
20251030,868.6695
20251030,870.5677
20251030,869.5677
20251030,868.5677
20251030,870.6459
20251030,869.6459
20251030,868.6459
20251030,869.1572
20251030,868.1572
20251030,869.9917
20251030,871.9917
20251030,870.9917
20251030,869.9917
20251030,868.9917
20251030,867.9917
20251030,866.9917
20251030,869.8457
20251030,871.8549
20251030,870.8549
20251030,869.8549
20251030,868.8549
20251030,867.8549
20251030,869.8863
20251030,868.8863
20251031,867.8863
20251031,866.8863
20251031,865.8863
20251031,864.8863
20251031,866.9332
20251031,865.9332
20251031,864.9332
20251031,863.9332
20251031,865.6283
20251031,864.6283
20251031,863.6283
20251031,862.6283
20251031,861.6283
20251031,860.6283
20251031,859.6283
20251031,858.6283
20251031,860.5535
20251031,859.5535
20251031,861.7847
20251031,860.7847
20251031,862.4752
20251031,861.4752
20251031,860.4752
20251031,859.4752
20251031,858.4752
20251031,857.4752
20251031,856.4752
20251031,855.4752
20251031,857.419
20251031,856.419
20251031,858.3042
20251031,857.3042
20251103,859.2882
20251103,858.2882
20251103,857.2882
20251103,856.2882
20251103,855.2882
20251103,854.2882
20251103,853.2882
20251103,855.458
20251103,854.458
20251103,856.458
20251103,855.458
20251103,854.458
20251103,855.9749
20251103,857.9556
20251103,860.0948
20251103,861.7164
20251103,860.7164
20251103,862.6281
20251103,865.0519
20251103,866.4163
20251103,865.4163
20251103,867.4937
20251103,866.4937
20251103,868.4937
20251103,870.4937
20251103,869.4937
20251103,871.4937
20251103,870.4937
20251103,869.4937
20251103,868.4937
20251103,867.4937
20251103,868.8859
20251104,867.8859
20251104,866.8859
20251104,868.8859
20251104,867.8859
20251104,866.8859
20251104,865.8859
20251104,864.8859
20251104,863.8859
20251104,862.8859
20251104,861.8859
20251104,863.8
20251104,862.8
20251104,861.8
20251104,860.8
20251104,859.8
20251104,861.2223
20251104,863.1149
20251104,862.1149
20251104,863.363
20251104,862.363
20251104,861.363
20251104,860.363
20251104,859.363
20251104,858.363
20251104,857.363
20251104,859.5413
20251104,858.5413
20251104,857.5413
20251104,860.3834
20251104,862.5665
20251104,861.5665
20251104,865.627
20251105,864.627
20251105,863.627
20251105,862.627
20251105,861.627
20251105,860.627
20251105,859.627
20251105,858.627
20251105,857.627
20251105,856.627
20251105,855.627
20251105,854.627
20251105,857.5188
20251105,860.8976
20251105,859.8976
20251105,858.8976
20251105,857.8976
20251105,856.8976
20251105,855.8976
20251105,857.7908
20251105,856.7908
20251105,855.7908
20251105,857.7908
20251105,856.7908
20251105,855.7908
20251105,857.7908
20251105,856.7908
20251105,855.7908
20251105,854.7908
20251105,856.7908
20251105,855.7908
20251105,854.7908
20251105,853.7908
20251106,852.7908
20251106,854.6907
20251106,853.6907
20251106,852.6907
20251106,851.6907
20251106,850.6907
20251106,849.6907
20251106,848.6907
20251106,847.6907
20251106,846.6907
20251106,845.6907
20251106,844.6907
20251106,846.384
20251106,845.384
20251106,844.384
20251106,843.384
20251106,842.384
20251106,844.5363
20251106,847.0249
20251106,846.0249
20251106,848.0307
20251106,850.0307
20251106,854.0987
20251106,853.0987
20251106,852.0987
20251106,851.0987
20251106,853.6879
20251106,852.6879
20251106,851.6879
20251106,850.6879
20251106,852.6879
20251106,851.6879
20251107,850.6879
20251107,849.6879
20251107,851.8579
20251107,854.285
20251107,856.015
20251107,855.015
20251107,857.192
20251107,856.192
20251107,858.192
20251107,857.192
20251107,856.192
20251107,855.192
20251107,857.1057
20251107,858.7278
20251107,857.7278
20251107,856.7278
20251107,858.7278
20251107,860.7678
20251107,859.7678
20251107,858.7678
20251107,860.5059
20251107,859.5059
20251107,858.4536
20251107,860.7151
20251107,865.9236
20251107,864.9236
20251107,863.9236
20251107,862.9236
20251107,861.9236
20251107,860.9236
20251107,859.9236
20251107,862.4988
20251110,861.4988
20251110,860.4988
20251110,859.4988
20251110,861.7431
20251110,860.7431
20251110,859.7431
20251110,858.7431
20251110,860.8933
20251110,859.8933
20251110,858.8933
20251110,857.8933
20251110,856.8933
20251110,855.8933
20251110,854.8933
20251110,853.8933
20251110,855.9458
20251110,854.9458
20251110,857.0483
20251110,856.0483
20251110,855.0483
20251110,856.8429
20251110,855.8429
20251110,854.8429
20251110,853.8429
20251110,855.426
20251110,854.426
20251110,853.426
20251110,852.426
20251110,851.426
20251110,850.426
20251110,852.8799
20251110,854.8799
20251111,853.8799
20251111,852.8799
20251111,854.9749
20251111,853.9749
20251111,852.9749
20251111,851.9749
20251111,850.9749
20251111,849.9749
20251111,848.9749
20251111,851.1689
20251111,852.7083
20251111,851.7083
20251111,853.7083
20251111,852.7083
20251111,851.7083
20251111,850.7083
20251111,849.7083
20251111,851.537
20251111,850.3073
20251111,849.3073
20251111,848.3073
20251111,847.3073
20251111,848.8866
20251111,847.8866
20251111,849.8866
20251111,848.8866
20251111,847.8866
20251111,846.8866
20251111,848.2871
20251111,847.2871
20251111,849.2307
20251111,848.2307
20251112,850.1926
20251112,849.1926
20251112,851.4293
20251112,853.4569
20251112,852.4569
20251112,851.4569
20251112,850.4569
20251112,852.4569
20251112,851.4569
20251112,850.4569
20251112,852.4569
20251112,851.4569
20251112,853.4191
20251112,852.4191
20251112,854.4191
20251112,853.4191
20251112,855.2778
20251112,854.2778
20251112,853.2778
20251112,852.2778
20251112,851.2778
20251112,853.2628
20251112,852.2628
20251112,851.2628
20251112,850.2628
20251112,851.9083
20251112,850.9083
20251112,852.1933
20251112,851.1933
20251112,853.1316
20251112,852.1316
20251112,851.1316
20251113,850.1316
20251113,852.154
20251113,854.1805
20251113,853.1805
20251113,855.1805
20251113,857.1802
20251113,859.1802
20251113,861.1797
20251113,860.1797
20251113,859.1797
20251113,858.1797
20251113,857.1797
20251113,858.1212
20251113,859.8489
20251113,858.8489
20251113,857.8489
20251113,856.8489
20251113,855.8489
20251113,854.8489
20251113,853.8489
20251113,852.8489
20251113,854.4995
20251113,857.2249
20251113,856.2249
20251113,855.2249
20251113,856.6219
20251113,855.6219
20251113,854.6219
20251113,856.6219
20251113,855.6219
20251113,854.6219
20251113,856.6219
20251114,855.6219
20251114,854.6219
20251114,853.6219
20251114,852.6219
20251114,851.6219
20251114,853.8424
20251114,852.8424
20251114,854.7533
20251114,856.7533
20251114,858.8836
20251114,857.8836
20251114,856.8836
20251114,858.8836
20251114,857.8836
20251114,859.8318
20251114,861.3231
20251114,863.3231
20251114,862.3231
20251114,861.3231
20251114,860.3231
20251114,859.3231
20251114,858.3231
20251114,857.314
20251114,859.119
20251114,861.0888
20251114,860.0888
20251114,859.0888
20251114,858.0888
20251114,857.0888
20251114,856.0888
20251114,855.0888
20251114,854.0888
20251117,853.0888
20251117,852.0888
20251117,854.2882
20251117,853.2882
20251117,852.2882
20251117,854.0398
20251117,853.0398
20251117,852.0398
20251117,851.0398
20251117,850.0398
20251117,852.4318
20251117,854.3571
20251117,853.3571
20251117,852.3571
20251117,851.3571
20251117,852.5957
20251117,851.5957
20251117,850.5957
20251117,849.5957
20251117,848.5957
20251117,850.5957
20251117,849.5957
20251117,848.5957
20251117,850.5957
20251117,852.8001
20251117,851.8001
20251117,850.8001
20251117,849.8001
20251117,851.8001
20251117,850.8001
20251117,852.8001
20251117,854.805
20251118,853.805
20251118,855.8916
20251118,857.6463
20251118,856.6463
20251118,858.1429
20251118,857.1429
20251118,856.1429
20251118,858.1429
20251118,857.1429
20251118,856.1429
20251118,858.0613
20251118,860.6345
20251118,859.6345
20251118,858.5824
20251118,857.5824
20251118,859.1036
20251118,858.1036
20251118,857.1036
20251118,856.1036
20251118,855.1036
20251118,854.1036
20251118,853.1036
20251118,855.1036
20251118,854.1036
20251118,856.1036
20251118,857.533
20251118,856.533
20251118,855.533
20251118,857.4322
20251118,856.4322
20251118,855.4322
20251118,854.4322
20251119,853.4322
20251119,855.4738
20251119,854.4738
20251119,853.4738
20251119,852.4738
20251119,851.4738
20251119,850.4738
20251119,852.4738
20251119,851.4738
20251119,850.4738
20251119,852.4738
20251119,851.4738
20251119,850.4738
20251119,852.4423
20251119,851.4423
20251119,853.4423
20251119,852.4423
20251119,851.4423
20251119,853.6646
20251119,852.6646
20251119,851.6646
20251119,850.6646
20251119,849.6646
20251119,848.6646
20251119,847.6646
20251119,846.6646
20251119,848.4071
20251119,847.4071
20251119,846.4071
20251119,845.4071
20251119,847.4687
20251119,846.4687
20251120,845.4687
20251120,844.4687
20251120,846.9856
20251120,845.9856
20251120,844.9856
20251120,846.9856
20251120,849.3911
20251120,851.3911
20251120,850.3911
20251120,849.3911
20251120,851.3911
20251120,850.3911
20251120,849.3911
20251120,848.3911
20251120,847.3911
20251120,846.2612
20251120,845.2612
20251120,850.1175
20251120,852.0436
20251120,851.0436
20251120,850.0436
20251120,849.0436
20251120,848.0436
20251120,847.0436
20251120,846.0436
20251120,847.8709
20251120,846.8709
20251120,845.8709
20251120,844.8709
20251120,843.8709
20251120,842.8709
20251120,841.8709
20251121,840.8709
20251121,842.8709
20251121,841.8709
20251121,840.8709
20251121,839.8709
20251121,838.8709
20251121,840.8709
20251121,839.8709
20251121,838.8709
20251121,840.0702
20251121,839.0702
20251121,841.127
20251121,843.1304
20251121,842.1304
20251121,844.0232
20251121,843.0232
20251121,842.0232
20251121,841.0232
20251121,840.0232
20251121,839.0232
20251121,838.0232
20251121,837.0232
20251121,836.0232
20251121,835.0232
20251121,834.0232
20251121,833.0232
20251121,834.8696
20251121,833.8696
20251121,832.8696
20251121,831.8696
20251121,830.8696
20251121,829.8696
20251124,828.8696
20251124,830.8134
20251124,829.8134
20251124,831.5068
20251124,830.5068
20251124,829.5068
20251124,831.2454
20251124,830.2454
20251124,831.9669
20251124,830.9669
20251124,832.932
20251124,831.932
20251124,834.6099
20251124,836.6454
20251124,838.6712
20251124,840.6712
20251124,843.0004
20251124,842.0004
20251124,841.0004
20251124,840.0004
20251124,839.0004
20251124,840.596
20251124,839.596
20251124,838.596
20251124,837.596
20251124,836.596
20251124,835.596
20251124,834.596
20251124,833.596
20251124,832.596
20251124,834.7645
20251124,837.0186
20251125,836.0186
20251125,835.0186
20251125,834.0186
20251125,835.942
20251125,834.942
20251125,833.942
20251125,832.942
20251125,831.942
20251125,830.942
20251125,829.942
20251125,831.4247
20251125,830.4247
20251125,829.4247
20251125,828.4247
20251125,827.4247
20251125,826.4247
20251125,825.4247
20251125,824.4247
20251125,823.4247
20251125,826.2013
20251125,825.2013
20251125,827.2013
20251125,829.1453
20251125,831.1453
20251125,830.1453
20251125,829.1453
20251125,828.1453
20251125,827.1453
20251125,826.1453
20251125,825.1453
20251125,826.3347
20251125,828.4709
20251126,827.4709
20251126,826.4709
20251126,825.4709
20251126,824.4709
20251126,823.4709
20251126,822.4709
20251126,824.4709
20251126,826.4709
20251126,825.4709
20251126,824.4709
20251126,823.4709
20251126,825.336
20251126,829.5772
20251126,828.5772
20251126,827.5772
20251126,826.5772
20251126,828.0812
20251126,827.0812
20251126,826.0812
20251126,827.6364
20251126,826.6364
20251126,828.5591
20251126,830.2798
20251126,832.3358
20251126,831.3358
20251126,833.0349
20251126,834.8303
20251126,836.7522
20251126,835.7522
20251126,837.7522
20251126,836.7522
20251126,835.7522
20251128,834.7522
20251128,833.7522
20251128,832.7522
20251128,831.6429
20251128,830.6429
20251128,829.6429
20251128,828.6429
20251128,827.6429
20251128,826.6429
20251128,829.2323
20251128,828.2323
20251128,827.2323
20251128,826.2323
20251128,825.2323
20251128,824.2323
20251128,823.2323
20251128,825.5334
20251128,825.0303
20251201,824.0303
20251201,828.2011
20251201,827.2011
20251201,826.2011
20251201,825.2011
20251201,827.2011
20251201,828.9383
20251201,831.4072
20251201,830.4072
20251201,832.6763
20251201,831.6763
20251201,830.6763
20251201,829.6763
20251201,831.5037
20251201,833.1645
20251201,832.1645
20251201,831.1645
20251201,833.6694
20251201,832.6694
20251201,836.2904
20251201,838.2904
20251201,837.2904
20251201,836.2904
20251201,838.7755
20251201,837.7755
20251201,839.5589
20251201,838.5515
20251201,840.5515
20251201,839.5515
20251201,841.4348
20251201,840.4348
20251201,839.4348
20251202,841.5501
20251202,840.5501
20251202,839.5501
20251202,838.5501
20251202,837.5501
20251202,839.8246
20251202,838.8246
20251202,841.1098
20251202,840.1098
20251202,839.1098
20251202,840.8183
20251202,839.8183
20251202,838.8183
20251202,837.8183
20251202,836.8183
20251202,835.8183
20251202,834.8183
20251202,833.8183
20251202,832.8183
20251202,831.8183
20251202,833.5345
20251202,832.5345
20251202,831.5345
20251202,830.5345
20251202,832.7981
20251202,831.7981
20251202,830.7981
20251202,832.6647
20251202,831.6647
20251202,832.9796
20251202,834.9796
20251202,833.9796
20251203,832.9796
20251203,835.1277
20251203,834.1277
20251203,833.0007
20251203,832.0007
20251203,831.0007
20251203,830.0007
20251203,829.0007
20251203,828.0007
20251203,827.0007
20251203,826.0007
20251203,825.0007
20251203,824.0007
20251203,823.0007
20251203,824.8173
20251203,823.8173
20251203,822.8173
20251203,821.8173
20251203,820.8173
20251203,822.769
20251203,821.769
20251203,823.9723
20251203,822.9723
20251203,824.9723
20251203,823.9723
20251203,822.9723
20251203,825.5188
20251203,827.6251
20251203,830.426
20251203,829.426
20251203,828.426
20251203,827.426
20251204,826.426
20251204,825.426
20251204,824.426
20251204,826.426
20251204,825.426
20251204,824.426
20251204,823.426
20251204,822.426
20251204,821.426
20251204,820.426
20251204,819.426
20251204,818.1742
20251204,819.9782
20251204,818.9782
20251204,817.9782
20251204,816.9782
20251204,815.9782
20251204,814.9782
20251204,813.9782
20251204,812.9782
20251204,811.9782
20251204,810.9782
20251204,809.9782
20251204,808.9782
20251204,807.9782
20251204,806.9782
20251204,808.9782
20251204,810.181
20251204,812.0802
20251204,811.0802
20251204,810.0802
20251204,809.0802
20251205,808.0802
20251205,807.0802
20251205,806.0802
20251205,805.0802
20251205,807.7074
20251205,806.7074
20251205,808.5703
20251205,807.5703
20251205,809.583
20251205,808.583
20251205,807.583
20251205,809.1046
20251205,808.1046
20251205,807.1046
20251205,806.1046
20251205,805.1046
20251205,804.1046
20251205,806.0883
20251205,805.0883
20251205,804.0883
20251205,803.0883
20251205,804.5152
20251205,807.4333
20251205,809.4333
20251205,811.0101
20251205,810.0101
20251205,809.0101
20251205,808.0101
20251205,809.7288
20251205,811.5305
20251205,810.5305
20251205,812.1688
20251208,811.1688
20251208,810.1688
20251208,809.1688
20251208,808.1688
20251208,807.1688
20251208,806.1688
20251208,805.1688
20251208,804.1688
20251208,805.9273
20251208,808.0158
20251208,810.0158
20251208,812.5743
20251208,811.5743
20251208,813.5743
20251208,812.5743
20251208,811.5743
20251208,813.4341
20251208,816.6814
20251208,815.6814
20251208,814.6814
20251208,813.6814
20251208,812.6814
20251208,811.6814
20251208,813.0387
20251208,815.1355
20251208,816.8124
20251208,815.8124
20251208,814.8124
20251208,813.8124
20251208,812.8124
20251208,811.8124
20251208,813.7213
20251209,812.7213
20251209,814.7213
20251209,813.7213
20251209,812.7213
20251209,811.7213
20251209,810.7213
20251209,809.7213
20251209,808.7213
20251209,807.7213
20251209,809.7213
20251209,811.6106
20251209,813.6869
20251209,812.6869
20251209,814.6369
20251209,813.6369
20251209,815.6369
20251209,814.6369
20251209,813.6369
20251209,812.6369
20251209,815.6331
20251209,814.6331
20251209,816.6331
20251209,815.6331
20251209,817.754
20251209,816.754
20251209,815.754
20251209,814.754
20251209,813.754
20251209,812.6136
20251209,811.6136
20251209,810.6136
20251209,809.6136
20251210,808.6136
20251210,807.6136
20251210,806.6136
20251210,805.6136
20251210,807.3658
20251210,806.3658
20251210,808.1973
20251210,807.1973
20251210,806.1973
20251210,805.1973
20251210,806.7649
20251210,805.7649
20251210,804.7649
20251210,803.7649
20251210,802.7649
20251210,801.7649
20251210,803.638
20251210,806.8813
20251210,805.8813
20251210,807.2132
20251210,809.2132
20251210,808.2132
20251210,810.2132
20251210,809.2132
20251210,808.2132
20251210,807.2132
20251210,806.2132
20251210,805.2132
20251210,804.2132
20251210,803.2132
20251210,805.0391
20251210,804.0391
20251211,806.027
20251211,805.027
20251211,806.9759
20251211,805.9759
20251211,804.9759
20251211,807.8006
20251211,806.8006
20251211,809.2743
20251211,808.2743
20251211,810.2743
20251211,809.2743
20251211,808.2743
20251211,807.2743
20251211,809.0874
20251211,808.0874
20251211,807.0874
20251211,809.0051
20251211,811.0051
20251211,813.2851
20251211,812.2851
20251211,815.3902
20251211,817.3902
20251211,816.3902
20251211,818.3902
20251211,817.3902
20251211,819.2464
20251211,818.2464
20251211,817.2464
20251211,819.1017
20251211,818.1017
20251211,820.1017
20251211,819.1017
20251212,820.8094
20251212,819.7439
20251212,818.7439
20251212,820.355
20251212,819.355
20251212,821.5485
20251212,820.5485
20251212,822.4447
20251212,824.4447
20251212,823.4447
20251212,825.0828
20251212,824.0828
20251212,826.2566
20251212,825.2566
20251212,824.2566
20251212,823.2566
20251212,822.2348
20251212,821.2348
20251212,820.2348
20251212,819.2108
20251212,818.2108
20251212,817.2108
20251212,818.9062
20251212,820.9062
20251212,822.8228
20251212,826.4597
20251212,825.4597
20251212,827.8263
20251212,829.8263
20251212,828.8263
20251212,830.7489
20251212,829.7489
20251215,831.7489
20251215,833.8802
20251215,835.9879
20251215,834.9879
20251215,833.9879
20251215,832.9879
20251215,834.9879
20251215,833.9879
20251215,832.9879
20251215,834.7748
20251215,833.7748
20251215,835.7757
20251215,834.7757
20251215,836.7757
20251215,835.7757
20251215,834.7757
20251215,833.7757
20251215,832.7757
20251215,831.7757
20251215,830.7757
20251215,829.7757
20251215,828.7757
20251215,827.7757
20251215,826.7757
20251215,825.7757
20251215,824.7757
20251215,823.7757
20251215,822.7757
20251215,821.7757
20251215,823.7538
20251215,826.4179
20251215,825.4179
20251216,827.5274
20251216,826.5274
20251216,828.7022
20251216,827.7022
20251216,829.5995
20251216,832.0578
20251216,834.0859
20251216,836.0121
20251216,837.6908
20251216,839.2516
20251216,838.2516
20251216,839.9851
20251216,838.9851
20251216,837.9851
20251216,836.9851
20251216,838.6129
20251216,837.6129
20251216,839.6129
20251216,838.6129
20251216,837.6129
20251216,839.2865
20251216,841.2865
20251216,840.2865
20251216,839.2865
20251216,838.2865
20251216,837.2865
20251216,836.2865
20251216,835.2865
20251216,834.2865
20251216,835.8329
20251216,834.8329
20251216,836.2907
20251217,835.2907
20251217,834.2907
20251217,833.2907
20251217,832.2907
20251217,831.2907
20251217,833.2907
20251217,835.4222
20251217,834.4222
20251217,833.4222
20251217,832.4222
20251217,831.4222
20251217,830.4222
20251217,832.1289
20251217,831.1289
20251217,830.1289
20251217,829.1289
20251217,828.1289
20251217,827.1289
20251217,826.1289
20251217,825.1289
20251217,824.1289
20251217,823.1289
20251217,825.9378
20251217,824.9378
20251217,826.9378
20251217,828.5324
20251217,827.5324
20251217,826.5324
20251217,825.5324
20251217,827.5324
20251217,826.5324
20251217,829.3922
20251218,828.3922
20251218,830.499
20251218,832.5393
20251218,831.5393
20251218,830.5393
20251218,829.5393
20251218,831.7284
20251218,833.3993
20251218,832.3993
20251218,831.3993
20251218,830.3993
20251218,829.3993
20251218,828.3993
20251218,827.3993
20251218,830.9451
20251218,829.9451
20251218,828.9451
20251218,830.9451
20251218,829.9451
20251218,828.9451
20251218,827.9451
20251218,826.9451
20251218,828.9451
20251218,830.9451
20251218,829.9451
20251218,831.8892
20251218,830.8892
20251218,829.8892
20251218,828.8892
20251218,829.8093
20251218,828.8093
20251218,827.8093
20251219,826.8093
20251219,825.8093
20251219,824.8093
20251219,823.8093
20251219,822.8093
20251219,821.8093
20251219,820.8093
20251219,822.8093
20251219,821.8093
20251219,820.8093
20251219,819.8093
20251219,821.8093
20251219,820.8093
20251219,822.8305
20251219,821.8305
20251219,824.8734
20251219,826.8734
20251219,825.8734
20251219,824.8734
20251219,823.8734
20251219,822.8734
20251219,821.8734
20251219,820.8734
20251219,822.731
20251219,825.0273
20251219,824.0273
20251219,830.0746
20251219,829.0746
20251219,828.0746
20251219,827.0746
20251219,826.0746
20251219,825.0746
20251222,824.0746
20251222,826.0746
20251222,828.0746
20251222,827.0746
20251222,826.0746
20251222,828.3353
20251222,827.3353
20251222,829.2981
20251222,828.2981
20251222,827.2981
20251222,826.2981
20251222,825.2981
20251222,827.1146
20251222,826.1146
20251222,827.6382
20251222,830.2233
20251222,832.2233
20251222,834.16
20251222,833.1338
20251222,832.1338
20251222,831.1338
20251222,830.1338
20251222,829.1338
20251222,828.1338
20251222,827.1338
20251222,829.617
20251222,831.617
20251222,833.617
20251222,835.709
20251222,838.2933
20251222,837.2933
20251222,836.2933
20251223,835.2933
20251223,837.2933
20251223,839.3636
20251223,838.3636
20251223,837.3636
20251223,839.3213
20251223,838.3213
20251223,837.3213
20251223,838.9431
20251223,837.9431
20251223,836.9431
20251223,835.9431
20251223,837.9431
20251223,836.9431
20251223,835.9431
20251223,837.8552
20251223,836.8552
20251223,835.8552
20251223,837.8552
20251223,836.8552
20251223,838.8531
20251223,840.1749
20251223,841.3721
20251223,840.3721
20251223,842.8635
20251223,841.8635
20251223,843.6125
20251223,842.6125
20251223,841.6125
20251223,840.6125
20251223,839.6125
20251223,838.6125
20251224,837.6125
20251224,836.6125
20251224,835.6125
20251224,837.1483
20251224,838.9167
20251224,837.9167
20251224,836.7429
20251224,835.7429
20251224,834.7429
20251224,833.7429
20251224,832.7429
20251224,831.7429
20251224,830.7429
20251224,829.7429
20251224,828.7429
20251224,827.7429
20251224,826.7429
20251224,825.7179
20251224,824.7179
20251224,823.7179
20251226,822.7179
20251226,826.1525
20251226,825.1525
20251226,826.7272
20251226,828.7272
20251226,827.7272
20251226,826.7272
20251226,825.7272
20251226,824.7272
20251226,826.8929
20251226,825.8929
20251226,824.8929
20251226,826.8929
20251226,828.5823
20251226,830.293
20251226,829.293
20251226,828.293
20251226,827.293
20251226,826.293
20251226,825.293
20251226,824.293
20251226,823.293
20251226,825.293
20251226,824.293
20251226,823.293
20251226,829.4772
20251226,831.0845
20251226,830.0845
20251226,829.0845
20251226,828.0845
20251226,827.0845
20251226,826.0845
20251229,825.0845
20251229,826.5462
20251229,825.5462
20251229,827.6349
20251229,826.6349
20251229,828.5737
20251229,831.5567
20251229,830.5567
20251229,829.5567
20251229,831.4321
20251229,833.0367
20251229,832.0367
20251229,831.0367
20251229,833.7648
20251229,832.7648
20251229,834.4736
20251229,833.4736
20251229,835.8886
20251229,837.8886
20251229,836.8886
20251229,838.2586
20251229,837.2586
20251229,839.0688
20251229,838.0688
20251229,837.0688
20251229,839.4479
20251229,840.8095
20251229,839.8095
20251229,838.8095
20251229,837.8095
20251229,839.8095
20251229,838.8095
20251230,840.9244
20251230,839.9244
20251230,838.9244
20251230,840.7526
20251230,842.7526
20251230,841.7526
20251230,840.7526
20251230,842.8833
20251230,841.8833
20251230,840.8833
20251230,839.8833
20251230,841.5227
20251230,840.4727
20251230,839.4727
20251230,838.4727
20251230,837.4727
20251230,836.4727
20251230,835.4544
20251230,834.4544
20251230,833.4544
20251230,832.4544
20251230,831.4544
20251230,830.4544
20251230,829.4544
20251230,828.4544
20251230,830.0793
20251230,829.0793
20251230,830.709
20251230,829.709
20251230,831.6541
20251230,830.6541
20251230,829.6541
20251231,828.6541
20251231,827.6541
20251231,829.4362
20251231,828.4362
20251231,827.4362
20251231,828.8848
20251231,830.6018
20251231,829.6018
20251231,831.286
20251231,830.286
20251231,829.286
20251231,828.286
20251231,830.5553
20251231,829.5553
20251231,828.5553
20251231,827.5553
20251231,826.5553
20251231,825.5553
20251231,828.2976
20251231,827.2976
20251231,826.2976
20251231,829.4814
20251231,828.4814
20251231,830.7145
20251231,829.7145
20251231,828.7145
20251231,830.3658
20251231,829.3658
20251231,831.3658
20251231,830.3658
20251231,832.1145
20251231,831.1145
20260102,830.1145
20260102,829.1145
20260102,828.1145
20260102,827.1145
20260102,826.1145
20260102,825.1145
20260102,827.0553
20260102,828.9723
20260102,827.9723
20260102,826.9723
20260102,825.9723
20260102,828.2046
20260102,827.2046
20260102,826.2046
20260102,825.2046
20260102,824.2046
20260102,823.2046
20260102,825.0398
20260102,824.0398
20260102,825.5779
20260102,824.5779
20260102,823.5779
20260102,824.5317
20260102,825.4609
20260102,828.3474
20260102,830.5721
20260102,829.5721
20260102,828.5721
20260102,830.6815
20260102,829.6815
20260102,828.6815
20260102,830.8298
20260105,829.8298
20260105,831.5071
20260105,830.5071
20260105,829.5071
20260105,828.5071
20260105,831.4269
20260105,833.3318
20260105,832.3318
20260105,831.3318
20260105,830.3318
20260105,829.3318
20260105,831.1324
20260105,830.1324
20260105,832.2011
20260105,831.2011
20260105,830.2011
20260105,832.0006
20260105,831.0006
20260105,830.0006
20260105,829.0006
20260105,828.0006
20260105,830.2165
20260105,829.2165
20260105,828.2165
20260105,827.2165
20260105,826.2165
20260105,825.2165
20260105,824.2165
20260105,825.3589
20260105,827.3964
20260105,826.3964
20260105,828.7137
20260106,827.7137
20260106,826.7137
20260106,825.7137
20260106,827.6559
20260106,826.6559
20260106,825.6559
20260106,827.6939
20260106,829.8388
20260106,832.2278
20260106,831.2278
20260106,833.6576
20260106,832.6576
20260106,831.6576
20260106,830.6576
20260106,829.6576
20260106,828.6576
20260106,827.6576
20260106,826.6576
20260106,827.8153
20260106,831.2536
20260106,830.2536
20260106,832.0421
20260106,834.0421
20260106,833.0421
20260106,832.0421
20260106,831.0421
20260106,830.0421
20260106,829.0421
20260106,830.2567
20260106,829.2567
20260106,831.8988
20260106,830.8988
20260107,832.637
20260107,831.637
20260107,830.637
20260107,829.637
20260107,828.637
20260107,827.637
20260107,826.637
20260107,828.7289
20260107,830.4844
20260107,832.4844
20260107,835.1314
20260107,834.1314
20260107,836.2453
20260107,835.2453
20260107,834.2453
20260107,836.2453
20260107,835.2453
20260107,837.0943
20260107,838.8987
20260107,837.8987
20260107,836.8987
20260107,835.8987
20260107,834.8987
20260107,840.2555
20260107,839.2555
20260107,838.2555
20260107,837.2555
20260107,836.2555
20260107,835.2555
20260107,838.1409
20260107,840.0143
20260107,839.0143
20260108,838.0143
20260108,837.0143
20260108,836.0143
20260108,835.0143
20260108,834.0143
20260108,832.9932
20260108,831.9932
20260108,830.9932
20260108,832.5732
20260108,831.5732
20260108,833.5732
20260108,832.5732
20260108,831.5732
20260108,830.5732
20260108,829.5732
20260108,828.5732
20260108,827.5732
20260108,826.5732
20260108,825.5732
20260108,824.5732
20260108,826.5732
20260108,825.5732
20260108,827.6702
20260108,826.6702
20260108,825.6702
20260108,824.6702
20260108,828.0932
20260108,827.0932
20260108,826.0932
20260108,825.0932
20260108,824.0932
20260108,823.0932
20260109,822.0932
20260109,821.0932
20260109,822.8329
20260109,821.8329
20260109,823.8329
20260109,822.8329
20260109,821.8329
20260109,820.8329
20260109,819.8329
20260109,818.8329
20260109,817.8329
20260109,819.8329
20260109,818.8329
20260109,820.8329
20260109,819.8329
20260109,821.3493
20260109,820.3493
20260109,821.8448
20260109,823.8448
20260109,822.8448
20260109,821.8448
20260109,820.8448
20260109,822.8448
20260109,821.8448
20260109,820.8448
20260109,819.8448
20260109,818.8448
20260109,820.8001
20260109,819.8001
20260109,818.8001
20260109,820.7603
20260109,819.7603
20260112,818.7603
20260112,817.7603
20260112,818.9858
20260112,817.9858
20260112,819.9858
20260112,818.9858
20260112,817.9858
20260112,819.9858
20260112,818.9858
20260112,820.3598
20260112,822.4705
20260112,824.3794
20260112,823.3794
20260112,822.3794
20260112,825.0667
20260112,824.0667
20260112,823.0667
20260112,822.0667
20260112,821.0667
20260112,823.8173
20260112,825.8173
20260112,827.7932
20260112,831.3731
20260112,830.3731
20260112,829.3731
20260112,831.7429
20260112,833.2685
20260112,835.2685
20260112,834.2685
20260112,837.1107
20260112,836.1107
20260112,835.1107
20260113,836.8756
20260113,835.8756
20260113,834.8756
20260113,833.8756
20260113,835.7045
20260113,838.7271
20260113,837.7271
20260113,836.7271
20260113,835.7271
20260113,837.7271
20260113,836.7271
20260113,838.7271
20260113,839.9305
20260113,841.9305
20260113,840.9305
20260113,843.0559
20260113,845.2985
20260113,846.8663
20260113,845.8663
20260113,847.6613
20260113,849.3587
20260113,851.4077
20260113,850.4077
20260113,852.018
20260113,851.018
20260113,850.018
20260113,849.018
20260113,848.018
20260113,850.018
20260113,851.8098
20260113,850.8098
20260113,849.8098
20260114,853.362
20260114,852.362
20260114,851.362
20260114,853.1456
20260114,852.1456
20260114,854.0531
20260114,856.0531
20260114,855.0531
20260114,854.0531
20260114,856.1985
20260114,855.1985
20260114,854.1985
20260114,855.4507
20260114,854.4507
20260114,853.4507
20260114,852.4507
20260114,854.4623
20260114,856.4623
20260114,858.222
20260114,857.222
20260114,856.222
20260114,855.222
20260114,854.222
20260114,853.222
20260114,852.222
20260114,853.7376
20260114,852.7376
20260114,851.7376
20260114,850.7376
20260114,852.5864
20260114,851.5864
20260114,853.1759
20260115,852.1759
20260115,851.1759
20260115,852.9262
20260115,851.9262
20260115,850.9262
20260115,852.9262
20260115,851.9262
20260115,850.9262
20260115,853.6151
20260115,852.6151
20260115,851.6151
20260115,850.6151
20260115,849.6151
20260115,851.441
20260115,850.441
20260115,852.7199
20260115,854.2446
20260115,853.2446
20260115,852.2446
20260115,854.0602
20260115,853.0602
20260115,852.0602
20260115,851.0602
20260115,850.0602
20260115,849.0602
20260115,851.121
20260115,852.3695
20260115,851.3695
20260115,853.6186
20260115,855.6186
20260115,857.3128
20260115,856.3128
20260116,855.3128
20260116,854.3128
20260116,856.4816
20260116,858.5944
20260116,857.5944
20260116,859.1582
20260116,858.1582
20260116,857.1582
20260116,856.1582
20260116,855.1582
20260116,856.7116
20260116,855.7116
20260116,854.7116
20260116,853.7116
20260116,852.7116
20260116,851.7116
20260116,850.7116
20260116,849.7116
20260116,848.7116
20260116,847.7116
20260116,846.7116
20260116,848.7116
20260116,847.7116
20260116,849.9638
20260116,848.9638
20260116,847.9638
20260116,846.9638
20260116,845.9638
20260116,844.9638
20260116,843.9638
20260116,842.9638
20260116,845.0996
20260120,844.0996
20260120,843.0996
20260120,842.0996
20260120,844.0041
20260120,845.6219
20260120,847.786
20260120,849.8139
20260120,851.8227
20260120,850.8227
20260120,852.8256
20260120,854.6108
20260120,853.6108
20260120,852.6108
20260120,851.6108
20260120,850.6108
20260120,849.6108
20260120,848.6108
20260120,847.6108
20260120,849.9553
20260120,848.9553
20260120,847.9553
20260120,846.9553
20260120,845.9553
20260120,847.7922
20260120,850.0574
20260120,852.2012
20260120,851.2012
20260120,850.2012
20260120,849.2012
20260120,848.2012
20260120,850.5354
20260120,852.2493
20260121,854.3299
20260121,853.3299
20260121,852.3299
20260121,851.3299
20260121,856.8105
20260121,858.8613
20260121,860.826
20260121,862.826
20260121,861.826
20260121,865.3831
20260121,867.4663
20260121,868.9626
20260121,870.7837
20260121,869.7837
20260121,868.7837
20260121,867.7837
20260121,866.7837
20260121,869.0098
20260121,868.0098
20260121,869.6743
20260121,868.6743
20260121,867.6743
20260121,869.7455
20260121,871.7455
20260121,873.6544
20260121,872.6544
20260121,874.3958
20260121,873.3958
20260121,875.5786
20260121,874.5786
20260121,876.5355
20260121,875.5355
20260122,877.5055
20260122,876.5055
20260122,875.5055
20260122,874.5055
20260122,873.5055
20260122,872.5055
20260122,874.4327
20260122,873.4327
20260122,875.8026
20260122,877.5138
20260122,876.5138
20260122,875.5138
20260122,874.5138
20260122,876.5138
20260122,878.6985
20260122,880.6985
20260122,879.6985
20260122,878.6985
20260122,880.52
20260122,882.2385
20260122,884.1856
20260122,885.5432
20260122,884.5432
20260122,886.4492
20260122,885.4492
20260122,887.4353
20260122,886.4353
20260122,887.917
20260122,886.917
20260122,885.917
20260122,887.681
20260122,886.681
20260123,885.681
20260123,884.681
20260123,886.8738
20260123,885.8738
20260123,887.9074
20260123,886.9074
20260123,889.118
20260123,891.152
20260123,893.9814
20260123,892.9814
20260123,894.9814
20260123,896.9814
20260123,895.9814
20260123,894.9814
20260123,893.9814
20260123,892.9814
20260123,891.9814
20260123,893.8731
20260123,892.8731
20260123,894.0658
20260123,893.0658
20260123,892.0658
20260123,891.0658
20260123,890.0658
20260123,889.0658
20260123,888.0658
20260123,889.8653
20260123,888.8653
20260123,890.8245
20260123,889.8245
20260123,888.8245
20260123,891.1169
20260126,893.1169
20260126,892.1169
20260126,891.1169
20260126,890.1169
20260126,889.1169
20260126,890.537
20260126,889.537
20260126,891.4899
20260126,893.8458
20260126,892.8458
20260126,891.8458
20260126,893.8458
20260126,892.8458
20260126,891.1406
20260126,890.1406
20260126,892.1983
20260126,894.1983
20260126,893.1983
20260126,892.1983
20260126,891.1983
20260126,890.1983
20260126,891.8543
20260126,890.8543
20260126,893.2217
20260126,892.2217
20260126,891.2217
20260126,890.2217
20260126,891.7739
20260126,890.7739
20260126,892.4682
20260126,891.4682
20260126,893.9937
20260127,892.9937
20260127,894.9937
20260127,897.1174
20260127,899.282
20260127,898.282
20260127,900.282
20260127,899.282
20260127,901.5275
20260127,900.5275
20260127,899.5275
20260127,898.5275
20260127,897.5275
20260127,896.5275
20260127,895.5275
20260127,894.5275
20260127,893.5275
20260127,892.5275
20260127,891.5275
20260127,893.7151
20260127,895.215
20260127,894.215
20260127,893.215
20260127,894.6284
20260127,896.6284
20260127,898.3367
20260127,897.3367
20260127,896.3367
20260127,895.3367
20260127,894.3367
20260127,893.3367
20260127,892.3367
20260127,891.3367
20260128,890.3367
20260128,889.3367
20260128,888.3367
20260128,892.2045
20260128,891.2045
20260128,890.2045
20260128,889.2045
20260128,891.2045
20260128,890.2045
20260128,889.2045
20260128,888.2045
20260128,887.2045
20260128,889.2045
20260128,888.2045
20260128,890.331
20260128,892.516
20260128,891.516
20260128,893.8384
20260128,895.8384
20260128,894.8384
20260128,897.1627
20260128,896.1627
20260128,897.9289
20260128,899.9289
20260128,898.9289
20260128,900.8642
20260128,899.8642
20260128,902.094
20260128,901.094
20260128,900.094
20260128,901.6927
20260128,904.7358
20260129,903.7358
20260129,902.7358
20260129,905.2091
20260129,904.2091
20260129,903.2091
20260129,902.2091
20260129,904.2803
20260129,903.2803
20260129,902.2803
20260129,904.394
20260129,906.4066
20260129,905.4066
20260129,907.3314
20260129,906.3314
20260129,909.0068
20260129,908.0068
20260129,910.341
20260129,909.341
20260129,908.341
20260129,907.341
20260129,906.341
20260129,905.341
20260129,907.341
20260129,909.6327
20260129,911.5264
20260129,910.5264
20260129,909.5264
20260129,908.5264
20260129,907.5264
20260129,906.5264
20260129,908.5264
20260129,910.772
20260130,912.7102
20260130,911.7102
20260130,910.7102
20260130,912.7864
20260130,914.6854
20260130,916.6166
20260130,915.6166
20260130,918.4109
20260130,917.3938
20260130,916.3938
20260130,918.362
20260130,917.362
20260130,919.5032
20260130,918.5032
20260130,917.5032
20260130,919.2635
20260130,918.2635
20260130,919.8989
20260130,918.8989
20260130,917.8989
20260130,916.8989
20260130,915.8989
20260130,914.8989
20260130,916.9676
20260130,915.9676
20260130,917.9676
20260130,916.9676
20260130,915.9676
20260130,914.9676
20260130,917.0577
20260130,916.0577
20260130,915.0577
20260202,914.0577
20260202,913.0577
20260202,912.0577
20260202,911.0577
20260202,910.0577
20260202,911.647
20260202,913.526
20260202,912.526
20260202,914.1634
20260202,916.1634
20260202,915.1634
20260202,917.4341
20260202,916.4341
20260202,918.3534
20260202,920.2757
20260202,922.1863
20260202,921.1863
20260202,920.1863
20260202,918.832
20260202,917.832
20260202,919.832
20260202,921.832
20260202,923.7074
20260202,925.614
20260202,927.8478
20260202,929.8478
20260202,928.8478
20260202,927.8478
20260202,926.8478
20260202,925.8478
20260202,927.8478
20260202,926.8478
20260203,928.9479
20260203,930.8673
20260203,933.0722
20260203,932.0722
20260203,931.0722
20260203,930.0722
20260203,929.0722
20260203,928.0722
20260203,927.0722
20260203,929.0722
20260203,928.0722
20260203,927.0722
20260203,926.0722
20260203,928.215
20260203,930.4956
20260203,929.4956
20260203,931.4402
20260203,930.4402
20260203,929.4402
20260203,928.4402
20260203,927.4402
20260203,926.4402
20260203,927.9111
20260203,926.9111
20260203,925.9111
20260203,924.9111
20260203,923.9111
20260203,926.6056
20260203,925.6056
20260203,928.5706
20260203,927.5706
20260203,926.5706
20260204,928.4519
20260204,929.7895
20260204,928.7895
20260204,927.7895
20260204,929.8191
20260204,928.8191
20260204,927.8191
20260204,926.8191
20260204,928.7009
20260204,927.7009
20260204,926.7009
20260204,925.7009
20260204,924.7009
20260204,923.7009
20260204,922.7009
20260204,924.7823
20260204,923.7823
20260204,922.7823
20260204,921.7823
20260204,923.7817
20260204,925.7817
20260204,924.7817
20260204,923.7817
20260204,922.7817
20260204,921.7817
20260204,923.6916
20260204,922.6175
20260204,924.8815
20260204,923.8815
20260204,926.0684
20260204,925.0684
20260204,927.5161
20260205,926.5161
20260205,925.5161
20260205,928.0769
20260205,930.0769
20260205,932.0449
20260205,931.0449
20260205,930.0449
20260205,932.0449
20260205,934.2113
20260205,935.9135
20260205,934.9135
20260205,933.9135
20260205,935.9513
20260205,934.9513
20260205,936.9513
20260205,935.9513
20260205,934.9513
20260205,937.4555
20260205,939.3057
20260205,938.3057
20260205,937.3057
20260205,936.3057
20260205,938.3057
20260205,940.1736
20260205,939.1736
20260205,941.4549
20260205,940.4549
20260205,939.4549
20260205,941.4549
20260205,943.4084
20260205,946.245
20260205,945.245
20260206,947.1485
20260206,946.1485
20260206,945.1485
20260206,944.1485
20260206,943.1485
20260206,942.1485
20260206,941.1485
20260206,943.1938
20260206,942.1938
20260206,941.1938
20260206,940.1938
20260206,941.3801
20260206,943.6892
20260206,942.6892
20260206,944.754
20260206,943.754
20260206,942.754
20260206,941.754
20260206,940.754
20260206,939.754
20260206,941.754
20260206,940.754
20260206,939.5635
20260206,938.5635
20260206,937.5635
20260206,940.7952
20260206,942.7952
20260206,941.7952
20260206,940.7264
20260206,942.7264
20260206,944.406
20260206,947.0278
20260209,949.1949
20260209,951.2496
20260209,950.2496
20260209,952.3058
20260209,951.3058
20260209,952.7638
20260209,954.7638
20260209,956.7638
20260209,958.7638
20260209,957.7638
20260209,956.7638
20260209,955.7638
20260209,957.9128
20260209,959.3795
20260209,958.3795
20260209,961.0933
20260209,960.0933
20260209,962.0933
20260209,961.0933
20260209,962.918
20260209,961.918
20260209,960.918
20260209,962.918
20260209,961.918
20260209,960.918
20260209,958.6784
20260209,960.607
20260209,962.8848
20260209,961.8848
20260209,960.8848
20260209,959.8848
20260209,958.8848
20260210,957.8848
20260210,956.8848
20260210,959.3983
20260210,958.3983
20260210,960.3492
20260210,962.3492
20260210,961.3492
20260210,960.3492
20260210,959.3492
20260210,958.3492
20260210,957.3492
20260210,956.3492
20260210,955.3492
20260210,954.3492
20260210,956.3403
20260210,955.3403
20260210,954.3403
20260210,953.3403
20260210,955.3403
20260210,954.3403
20260210,953.3403
20260210,952.3403
20260210,954.3403
20260210,952.8071
20260210,951.8071
20260210,950.8071
20260210,949.8071
20260210,951.8071
20260210,950.8071
20260210,953.0579
20260210,952.0579
20260210,954.0548
20260211,953.0548
20260211,952.0548
20260211,953.9215
20260211,952.9215
20260211,951.9215
20260211,950.9215
20260211,949.9215
20260211,948.9215
20260211,950.9723
20260211,949.9723
20260211,948.9723
20260211,947.9723
20260211,950.5914
20260211,952.5237
20260211,951.5237
20260211,954.1044
20260211,953.1044
20260211,955.4161
20260211,954.4161
20260211,953.4161
20260211,952.4161
20260211,954.3197
20260211,955.918
20260211,958.4038
20260211,957.4038
20260211,956.4038
20260211,955.4038
20260211,954.4038
20260211,953.4038
20260211,952.4038
20260211,953.9213
20260211,952.9213
20260212,951.9213
20260212,953.9213
20260212,952.9213
20260212,951.9213
20260212,950.9213
20260212,949.9213
20260212,948.9213
20260212,947.9213
20260212,946.9213
20260212,949.3689
20260212,951.3637
20260212,950.3637
20260212,949.3637
20260212,948.3637
20260212,947.3637
20260212,946.3637
20260212,945.3637
20260212,944.3637
20260212,945.88
20260212,944.88
20260212,943.88
20260212,942.88
20260212,941.88
20260212,940.88
20260212,939.88
20260212,938.88
20260212,937.88
20260212,936.88
20260212,935.88
20260212,934.88
20260212,936.88
20260212,935.88
20260213,937.6802
20260213,940.1052
20260213,942.0775
20260213,940.8406
20260213,939.8406
20260213,941.8406
20260213,940.8406
20260213,939.8406
20260213,938.8406
20260213,940.9959
20260213,942.6077
20260213,943.532
20260213,945.4782
20260213,944.4782
20260213,946.4782
20260213,948.1624
20260213,947.1624
20260213,949.1624
20260213,948.1624
20260213,947.1624
20260213,948.8176
20260213,947.8176
20260213,949.8176
20260213,948.8176
20260213,947.8176
20260213,946.8176
20260213,945.8176
20260213,944.8176
20260213,943.8176
20260213,942.8176
20260213,941.8176
20260213,940.8176
20260217,939.8176
20260217,941.6159
20260217,943.6159
20260217,942.6159
20260217,941.6159
20260217,940.6159
20260217,939.6159
20260217,938.6159
20260217,941.986
20260217,940.986
20260217,939.986
20260217,940.8357
20260217,942.9737
20260217,941.9737
20260217,940.9737
20260217,939.9737
20260217,938.9737
20260217,937.9737
20260217,936.9737
20260217,938.8852
20260217,937.8852
20260217,936.8852
20260217,938.7765
20260217,937.7765
20260217,940.2459
20260217,939.2459
20260217,938.2459
20260217,937.2459
20260217,939.2459
20260217,938.2459
20260217,941.1025
20260217,942.882
20260218,944.8106
20260218,946.9504
20260218,948.8314
20260218,947.8314
20260218,946.8314
20260218,945.8314
20260218,947.2975
20260218,949.2975
20260218,948.2975
20260218,950.1828
20260218,949.1828
20260218,953.251
20260218,952.251
20260218,951.251
20260218,953.1451
20260218,952.1451
20260218,951.1451
20260218,950.1451
20260218,951.815
20260218,953.8036
20260218,952.8036
20260218,951.8036
20260218,954.135
20260218,955.857
20260218,958.2042
20260218,957.2042
20260218,956.2042
20260218,955.2042
20260218,954.2042
20260218,956.2042
20260218,955.2042
20260218,954.2042
20260219,953.2042
20260219,952.2042
20260219,951.2042
20260219,950.2042
20260219,949.2042
20260219,948.2042
20260219,950.2845
20260219,949.2845
20260219,948.2845
20260219,950.2448
20260219,952.2448
20260219,951.2448
20260219,953.2448
20260219,952.2448
20260219,951.2448
20260219,953.3979
20260219,952.3979
20260219,951.3979
20260219,950.3979
20260219,952.0935
20260219,951.0935
20260219,950.0935
20260219,952.162
20260219,951.162
20260219,950.162
20260219,949.162
20260219,948.162
20260219,947.162
20260219,946.162
20260219,947.6561
20260219,949.7766
20260219,948.7766
20260220,947.7766
20260220,949.7646
20260220,951.7646
20260220,950.7646
20260220,952.9758
20260220,955.1789
20260220,954.1789
20260220,953.1789
20260220,955.0905
20260220,957.0905
20260220,959.2801
20260220,961.1009
20260220,960.1009
20260220,962.6924
20260220,964.6595
20260220,967.7229
20260220,970.1064
20260220,972.2876
20260220,971.2876
20260220,970.2876
20260220,969.2876
20260220,968.2876
20260220,967.2876
20260220,969.0111
20260220,970.8347
20260220,969.8347
20260220,968.8347
20260220,970.8347
20260220,969.8347
20260220,971.4435
20260220,970.4435
20260220,972.3239
20260223,971.3239
20260223,970.3239
20260223,969.3239
20260223,968.3239
20260223,967.3239
20260223,969.435
20260223,968.435
20260223,967.435
20260223,966.435
20260223,968.435
20260223,967.435
20260223,966.435
20260223,968.9311
20260223,967.9311
20260223,966.9311
20260223,969.1426
20260223,968.1426
20260223,967.1426
20260223,966.1426
20260223,965.1426
20260223,966.7414
20260223,965.7414
20260223,964.7414
20260223,966.8452
20260223,965.8452
20260223,964.8452
20260223,963.8452
20260223,962.8452
20260223,961.8452
20260223,960.8452
20260223,959.8452
20260223,958.8452
20260224,960.8452
20260224,959.8452
20260224,958.8452
20260224,957.8452
20260224,958.9701
20260224,960.9805
20260224,962.9805
20260224,961.9805
20260224,960.9805
20260224,962.9221
20260224,961.9221
20260224,963.9221
20260224,962.9221
20260224,961.9221
20260224,963.9221
20260224,962.9221
20260224,961.9221
20260224,963.9221
20260224,962.9221
20260224,961.9221
20260224,960.9221
20260224,959.9221
20260224,958.9221
20260224,957.9221
20260224,956.9221
20260224,955.9221
20260224,954.9221
20260224,953.9221
20260224,952.9221
20260224,955.3723
20260224,956.6774
20260224,955.6774
20260225,954.6774
20260225,953.6774
20260225,952.6774
20260225,951.6774
20260225,950.6774
20260225,949.6774
20260225,948.6774
20260225,950.5906
20260225,949.5906
20260225,948.5906
20260225,947.5906
20260225,946.5906
20260225,945.5906
20260225,944.5906
20260225,946.9089
20260225,945.9089
20260225,944.9089
20260225,946.8184
20260225,945.8184
20260225,944.8184
20260225,946.3715
20260225,945.3715
20260225,946.6696
20260225,945.6696
20260225,944.6696
20260225,943.6696
20260225,945.9341
20260225,947.9341
20260225,949.535
20260225,948.535
20260225,951.0203
20260225,953.8046
20260226,952.8046
20260226,951.8046
20260226,954.3695
20260226,956.0268
20260226,957.5716
20260226,959.6394
20260226,958.6394
20260226,960.7673
20260226,962.4478
20260226,961.4478
20260226,963.3753
20260226,965.3933
20260226,964.3933
20260226,963.3933
20260226,965.4429
20260226,964.4429
20260226,963.4429
20260226,965.4429
20260226,964.4429
20260226,966.5834
20260226,965.5834
20260226,967.2627
20260226,969.339
20260226,968.339
20260226,970.3072
20260226,969.3072
20260226,968.3072
20260226,967.3072
20260226,966.3072
20260226,968.3072
20260226,967.3072
20260226,969.4142
20260227,971.6015
20260227,970.6015
20260227,969.6015
20260227,968.5908
20260227,970.6319
20260227,972.0852
20260227,974.0852
20260227,976.0852
20260227,975.0852
20260227,977.2035
20260227,976.2035
20260227,975.2023
20260227,974.2023
20260227,976.2023
20260227,975.2023
20260227,974.2023
20260227,976.1398
20260227,978.7956
20260227,977.7956
20260227,980.387
20260227,982.2619
20260227,981.2619
20260227,980.2619
20260227,979.2619
20260227,978.2619
20260227,977.2619
20260227,976.2619
20260227,975.2619
20260227,974.2619
20260227,973.2619
20260227,972.2619
20260227,971.2619
20260302,970.2619
20260302,969.2619
20260302,968.2619
20260302,970.0589
20260302,969.0589
20260302,971.1081
20260302,970.1081
20260302,971.6897
20260302,970.6897
20260302,969.6897
20260302,968.6897
20260302,967.6897
20260302,966.6897
20260302,967.5868
20260302,966.5868
20260302,965.5868
20260302,964.5868
20260302,963.5868
20260302,965.3915
20260302,964.3915
20260302,966.1045
20260302,965.1045
20260302,966.8576
20260302,969.1205
20260302,968.1205
20260302,967.1205
20260302,966.1205
20260302,965.1205
20260302,967.1205
20260302,966.1205
20260302,965.1205
20260302,964.1205
20260303,965.8852
20260303,964.8852
20260303,963.8852
20260303,962.8852
20260303,965.0926
20260303,967.5862
20260303,966.5862
20260303,965.5862
20260303,964.5862
20260303,963.5862
20260303,965.6808
20260303,967.6808
20260303,966.6808
20260303,965.6808
20260303,964.6808
20260303,966.6536
20260303,965.6536
20260303,967.6536
20260303,969.7086
20260303,968.7086
20260303,970.7689
20260303,969.7689
20260303,968.7689
20260303,967.7689
20260303,966.7689
20260303,965.7689
20260303,967.5005
20260303,969.1
20260303,968.1
20260303,967.1
20260303,966.1
20260303,965.1
20260304,967.0758
20260304,969.1509
20260304,968.1509
20260304,967.1509
20260304,966.1509
20260304,965.1509
20260304,964.1509
20260304,966.1509
20260304,965.1509
20260304,964.1509
20260304,963.1509
20260304,962.1509
20260304,961.1509
20260304,963.0042
20260304,965.0042
20260304,966.8255
20260304,965.8255
20260304,967.8255
20260304,968.9774
20260304,967.9774
20260304,966.9774
20260304,965.9774
20260304,964.9774
20260304,963.9774
20260304,962.9774
20260304,961.9774
20260304,963.8702
20260304,962.8702
20260304,964.9746
20260304,966.8179
20260304,968.8179
20260304,967.8179
20260305,966.8179
20260305,965.8179
20260305,964.8179
20260305,966.8908
20260305,965.8908
20260305,964.8908
20260305,963.8908
20260305,965.8346
20260305,967.3448
20260305,969.3663
20260305,972.025
20260305,971.025
20260305,970.025
20260305,969.025
20260305,970.9392
20260305,972.515
20260305,971.515
20260305,973.5535
20260305,974.9671
20260305,973.9671
20260305,972.9671
20260305,971.9671
20260305,970.9671
20260305,972.8406
20260305,971.8406
20260305,970.8406
20260305,972.4637
20260305,971.4637
20260305,973.4637
20260305,972.4637
20260305,974.5559
20260305,973.5559
20260306,975.6328
20260306,974.6328
20260306,973.6328
20260306,975.2817
20260306,974.2817
20260306,973.2817
20260306,974.7677
20260306,975.9801
20260306,977.9801
20260306,976.9801
20260306,975.9801
20260306,974.9801
20260306,973.9801
20260306,975.8316
20260306,974.8316
20260306,973.8316
20260306,972.8316
20260306,975.0234
20260306,976.8699
20260306,975.8699
20260306,977.8933
20260306,979.739
20260306,981.4432
20260306,980.4432
20260306,979.4432
20260306,978.4432
20260306,977.4432
20260306,979.6366
20260306,978.6366
20260306,977.6366
20260306,979.4346
20260306,981.1494
20260309,980.1494
20260309,981.941
20260309,983.941
20260309,982.941
20260309,981.941
20260309,980.941
20260309,982.941
20260309,981.941
20260309,980.941
20260309,979.941
20260309,978.941
20260309,981.0101
20260309,982.7186
20260309,981.7186
20260309,983.3428
20260309,982.3428
20260309,981.3428
20260309,980.3428
20260309,979.2799
20260309,978.2799
20260309,977.2799
20260309,976.2799
20260309,975.2799
20260309,974.2799
20260309,976.1288
20260309,977.6844
20260309,978.8131
20260309,980.6494
20260309,979.6494
20260309,982.4158
20260309,981.4158
20260309,980.4158
20260310,982.2873
20260310,984.2175
20260310,983.2175
20260310,985.1998
20260310,987.0637
20260310,986.0637
20260310,985.0637
20260310,984.0637
20260310,983.0637
20260310,982.0637
20260310,981.0637
20260310,980.0637
20260310,979.0637
20260310,978.0637
20260310,980.0637
20260310,979.0637
20260310,980.5876
20260310,983.1578
20260310,985.2507
20260310,984.2507
20260310,983.2507
20260310,985.2507
20260310,986.7681
20260310,985.7681
20260310,984.7681
20260310,983.7681
20260310,984.8055
20260310,983.8055
20260310,986.0939
20260310,985.0939
20260310,984.0939
20260310,983.0939
20260311,985.0939
20260311,984.0939
20260311,983.0939
20260311,985.3464
20260311,987.3464
20260311,986.3464
20260311,985.3464
20260311,984.3464
20260311,983.3464
20260311,982.3464
20260311,984.261
20260311,983.261
20260311,985.5934
20260311,984.5934
20260311,986.5472
20260311,985.5472
20260311,986.5587
20260311,988.9313
20260311,987.9313
20260311,989.9313
20260311,990.8039
20260311,989.8039
20260311,992.1309
20260311,991.1309
20260311,993.2156
20260311,995.6436
20260311,994.6436
20260311,996.0148
20260311,995.0148
20260311,994.0148
20260311,993.0148
20260311,994.981
20260312,993.981
20260312,995.981
20260312,994.981
20260312,993.981
20260312,992.981
20260312,991.981
20260312,990.981
20260312,989.981
20260312,988.981
20260312,990.893
20260312,992.893
20260312,991.893
20260312,990.893
20260312,989.893
20260312,991.4052
20260312,992.7794
20260312,991.7794
20260312,990.7794
20260312,992.6989
20260312,994.9809
20260312,993.9809
20260312,995.4997
20260312,997.657
20260312,999.9007
20260312,998.9007
20260312,1001.0976
20260312,1003.1766
20260312,1002.1766
20260312,1004.252
20260312,1003.252
20260312,1002.252
20260312,1001.252
20260313,1000.252
20260313,999.252
20260313,1001.3904
20260313,1000.3904
20260313,1002.7287
20260313,1001.7287
20260313,1000.7287
20260313,1001.9181
20260313,1000.9181
20260313,999.9181
20260313,1001.9177
20260313,1000.9177
20260313,1002.9183
20260313,1004.4116
20260313,1003.4116
20260313,1005.8766
20260313,1007.8766
20260313,1006.8766
20260313,1005.8766
20260313,1004.8766
20260313,1006.3736
20260313,1005.3736
20260313,1004.3736
20260313,1003.3736
20260313,1005.2889
20260313,1004.2889
20260313,1003.2889
20260313,1004.2641
20260313,1006.1879
20260313,1005.1879
20260313,1006.57
20260313,1005.57
20260316,1004.57
20260316,1003.57
20260316,1002.57
20260316,1004.4907
20260316,1006.2409
20260316,1008.1896
20260316,1010.0873
20260316,1009.0873
20260316,1011.3821
20260316,1013.64
20260316,1012.64
20260316,1011.64
20260316,1010.64
20260316,1009.64
20260316,1011.64
20260316,1013.997
20260316,1015.3467
20260316,1014.3467
20260316,1015.9971
20260316,1017.9971
20260316,1016.9971
20260316,1018.9983
20260316,1017.9983
20260316,1016.9983
20260316,1015.9983
20260316,1014.9983
20260316,1013.9983
20260316,1012.9983
20260316,1014.7865
20260316,1013.7865
20260316,1014.952
20260316,1013.952
20260317,1012.952
20260317,1015.2365
20260317,1014.2365
20260317,1013.2365
20260317,1015.2787
20260317,1016.9947
20260317,1019.2097
20260317,1018.2097
20260317,1017.2097
20260317,1021.2954
20260317,1020.2954
20260317,1022.2954
20260317,1024.3707
20260317,1023.3707
20260317,1022.3707
20260317,1021.3707
20260317,1020.3707
20260317,1019.3707
20260317,1021.6755
20260317,1023.8121
20260317,1022.8121
20260317,1021.8121
20260317,1020.8121
20260317,1019.8121
20260317,1018.8121
20260317,1017.8121
20260317,1016.8121
20260317,1018.6654
20260317,1017.6654
20260317,1016.6654
20260317,1015.6654
20260317,1017.9338
20260318,1016.9338
20260318,1015.9338
20260318,1017.9338
20260318,1016.9338
20260318,1015.9338
20260318,1014.9338
20260318,1017.0721
20260318,1016.0721
20260318,1015.0721
20260318,1014.0721
20260318,1013.0721
20260318,1012.0721
20260318,1014.0721
20260318,1015.7443
20260318,1014.7443
20260318,1016.638
20260318,1015.638
20260318,1017.638
20260318,1019.5402
20260318,1018.5402
20260318,1020.4316
20260318,1022.4316
20260318,1021.4316
20260318,1023.97
20260318,1025.673
20260318,1024.673
20260318,1026.673
20260318,1025.673
20260318,1027.308
20260318,1029.308
20260318,1028.308
20260318,1027.308
20260319,1026.308
20260319,1028.308
20260319,1027.308
20260319,1028.8477
20260319,1030.7439
20260319,1034.1521
20260319,1033.1521
20260319,1032.1521
20260319,1031.1521
20260319,1030.1521
20260319,1032.7245
20260319,1031.7245
20260319,1034.2829
20260319,1036.2829
20260319,1035.2829
20260319,1034.2829
20260319,1033.2829
20260319,1036.0349
20260319,1035.0349
20260319,1034.0349
20260319,1035.8727
20260319,1034.8727
20260319,1036.8004
20260319,1038.7371
20260319,1037.7371
20260319,1039.839
20260319,1038.839
20260319,1037.839
20260319,1036.5547
20260319,1038.5547
20260319,1037.5547
20260319,1039.5547
20260320,1041.5191
20260320,1043.6302
20260320,1042.6302
20260320,1044.5098
20260320,1046.2718
20260320,1045.2718
20260320,1047.2718
20260320,1046.2718
20260320,1046.2718
20260320,1048.7448
20260320,1047.7448
20260320,1046.7448
20260320,1045.7448
20260320,1047.4646
20260320,1046.4646
20260320,1045.4646
20260320,1046.9691
20260320,1049.1446
20260320,1048.1446
20260320,1047.1446
20260320,1048.5264
20260320,1047.5264
20260320,1049.5726
20260320,1050.8661
20260320,1049.8661
20260320,1053.2985
20260320,1052.2985
20260320,1051.2985
20260320,1050.2985
20260320,1049.2985
20260320,1048.2985
20260320,1047.2985
20260323,1046.2985
20260323,1048.2985
20260323,1050.3678
20260323,1049.3678
20260323,1051.5435
20260323,1053.4315
20260323,1055.0325
20260323,1057.0325
20260323,1058.8916
20260323,1057.8916
20260323,1059.6235
20260323,1058.6235
20260323,1060.6235
20260323,1059.6235
20260323,1058.6235
20260323,1061.2615
20260323,1063.451
20260323,1065.3965
20260323,1064.3965
20260323,1063.3965
20260323,1062.3965
20260323,1061.3965
20260323,1060.3965
20260323,1059.3965
20260323,1058.3965
20260323,1060.3105
20260323,1059.3105
20260323,1058.3105
20260323,1060.3105
20260323,1062.3796
20260323,1061.3796
20260323,1060.3796
20260324,1059.3796
20260324,1058.3796
20260324,1057.3796
20260324,1056.3796
20260324,1058.0862
20260324,1057.0862
20260324,1056.0862
20260324,1055.0862
20260324,1057.0413
20260324,1059.0413
20260324,1058.0413
20260324,1061.0223
20260324,1063.4236
20260324,1062.4236
20260324,1061.4236
20260324,1060.4236
20260324,1059.4236
20260324,1058.4236
20260324,1057.4236
20260324,1059.5354
20260324,1060.8791
20260324,1059.8791
20260324,1062.2096
20260324,1061.2096
20260324,1060.2096
20260324,1059.2096
20260324,1058.2096
20260324,1057.2096
20260324,1056.2096
20260324,1055.2096
20260324,1054.2096
20260324,1056.2485
20260325,1058.0911
20260325,1059.9958
20260325,1058.9958
20260325,1060.9651
20260325,1062.6888
20260325,1061.6888
20260325,1063.3023
20260325,1062.3023
20260325,1061.3023
20260325,1063.3004
20260325,1062.3004
20260325,1061.3004
20260325,1060.3004
20260325,1059.3004
20260325,1062.0317
20260325,1061.0317
20260325,1063.0317
20260325,1064.8784
20260325,1063.8784
20260325,1062.8784
20260325,1061.8784
20260325,1062.2368
20260325,1064.3731
20260325,1067.5263
20260325,1066.5263
20260325,1065.5263
20260325,1064.5263
20260325,1063.5263
20260325,1065.4052
20260325,1064.4052
20260325,1063.4052
20260325,1064.9974
20260326,1066.7105
20260326,1065.7105
20260326,1067.9166
20260326,1066.9166
20260326,1065.9166
20260326,1064.9166
20260326,1066.7116
20260326,1065.7116
20260326,1064.7116
20260326,1063.7116
20260326,1066.0527
20260326,1065.0527
20260326,1066.8788
20260326,1065.8788
20260326,1064.8788
20260326,1066.441
20260326,1065.441
20260326,1064.441
20260326,1063.441
20260326,1062.441
20260326,1061.441
20260326,1060.441
20260326,1062.4405
20260326,1061.4405
20260326,1063.4405
20260326,1065.452
20260326,1067.452
20260326,1066.452
20260326,1065.452
20260326,1064.452
20260326,1063.452
20260326,1062.452
20260327,1061.452
20260327,1060.452
20260327,1059.3848
20260327,1061.4327
20260327,1060.4327
20260327,1059.4327
20260327,1058.4327
20260327,1057.4327
20260327,1056.4327
20260327,1058.7162
20260327,1057.7162
20260327,1059.4759
20260327,1058.4759
20260327,1057.4759
20260327,1056.4759
20260327,1055.4759
20260327,1054.4759
20260327,1056.6193
20260327,1058.9441
20260327,1061.4393
20260327,1063.4393
20260327,1062.4393
20260327,1064.4393
20260327,1063.4393
20260327,1062.4393
20260327,1061.4393
20260327,1063.1838
20260327,1062.1838
20260327,1063.6967
20260327,1065.7304
20260327,1064.7304
20260327,1063.7304
20260330,1062.7304
20260330,1061.7304
20260330,1060.7304
20260330,1062.9441
20260330,1065.0563
20260330,1064.0563
20260330,1063.0563
20260330,1065.1262
20260330,1064.1262
20260330,1065.9155
20260330,1067.804
20260330,1066.804
20260330,1065.804
20260330,1064.804
20260330,1063.804
20260330,1065.8839
20260330,1067.9818
20260330,1066.9818
20260330,1065.9818
20260330,1067.893
20260330,1070.7708
20260330,1073.2181
20260330,1072.2181
20260330,1074.7437
20260330,1073.7437
20260330,1072.7437
20260330,1071.7437
20260330,1070.7437
20260330,1069.7437
20260330,1068.7437
20260330,1070.2533
20260330,1072.2533
20260331,1074.2533
20260331,1073.2533
20260331,1072.2533
20260331,1074.1068
20260331,1076.5023
20260331,1075.5023
20260331,1074.5023
20260331,1073.5023
20260331,1072.5023
20260331,1075.1166
20260331,1074.1166
20260331,1075.9139
20260331,1074.9139
20260331,1073.9139
20260331,1075.9842
20260331,1074.9842
20260331,1073.9842
20260331,1072.9842
20260331,1071.9842
20260331,1070.9842
20260331,1073.2096
20260331,1072.2096
20260331,1074.5458
20260331,1073.5458
20260331,1072.5458
20260331,1071.5458
20260331,1073.5458
20260331,1075.2916
20260331,1077.3595
20260331,1076.3595
20260331,1078.3595
20260331,1077.3595
20260401,1079.2821
20260401,1078.2821
20260401,1079.4492
20260401,1078.4492
20260401,1077.4492
20260401,1079.8199
20260401,1078.8199
20260401,1077.8199
20260401,1079.8199
20260401,1081.7869
20260401,1084.3648
20260401,1086.1742
20260401,1088.1742
20260401,1087.1742
20260401,1086.1742
20260401,1088.1742
20260401,1090.1742
20260401,1089.1742
20260401,1091.1148
20260401,1090.1148
20260401,1093.0444
20260401,1094.2093
20260401,1095.4041
20260401,1094.4041
20260401,1093.4041
20260401,1092.4041
20260401,1091.4041
20260401,1090.4041
20260401,1092.6983
20260401,1094.8527
20260401,1096.7075
20260401,1095.7075
20260402,1094.7075
20260402,1093.6604
20260402,1099.1518
20260402,1098.1518
20260402,1097.1518
20260402,1096.1518
20260402,1097.7924
20260402,1096.7924
20260402,1095.7924
20260402,1098.3743
20260402,1097.3743
20260402,1096.3743
20260402,1095.3743
20260402,1097.2923
20260402,1096.2923
20260402,1095.2923
20260402,1094.2923
20260402,1093.2923
20260402,1094.5583
20260402,1093.5583
20260402,1096.6261
20260402,1095.6261
20260402,1094.6261
20260402,1093.6261
20260402,1092.6261
20260402,1091.6261
20260402,1090.6261
20260402,1089.6261
20260402,1091.6261
20260402,1090.6261
20260402,1089.6261
20260402,1088.6261
20260406,1090.6826
20260406,1089.6826
20260406,1088.6826
20260406,1091.2079
20260406,1090.2079
20260406,1092.4469
20260406,1094.5495
20260406,1096.5495
20260406,1095.5495
20260406,1094.5495
20260406,1093.5495
20260406,1092.5495
20260406,1093.8813
20260406,1092.8813
20260406,1096.1184
20260406,1095.1184
20260406,1097.4364
20260406,1099.8413
20260406,1098.8413
20260406,1097.8413
20260406,1096.8413
20260406,1095.8413
20260406,1094.8413
20260406,1093.8413
20260406,1092.8413
20260406,1091.8413
20260406,1090.8413
20260406,1089.8413
20260406,1088.8413
20260406,1087.8413
20260406,1086.8413
20260406,1088.8413
20260407,1087.8413
20260407,1086.8413
20260407,1085.8413
20260407,1084.8413
20260407,1086.9742
20260407,1085.9742
20260407,1084.9742
20260407,1087.429
20260407,1086.429
20260407,1085.429
20260407,1084.429
20260407,1086.8606
20260407,1085.8606
20260407,1084.8606
20260407,1088.9979
20260407,1091.7352
20260407,1090.7352
20260407,1089.7352
20260407,1088.7352
20260407,1087.7352
20260407,1086.7352
20260407,1085.7352
20260407,1087.0864
20260407,1086.0864
20260407,1087.846
20260407,1086.846
20260407,1085.846
20260407,1084.846
20260407,1083.846
20260407,1082.846
20260407,1081.846
20260407,1080.846
20260408,1079.846
20260408,1078.846
20260408,1077.846
20260408,1076.846
20260408,1075.846
20260408,1074.846
20260408,1073.846
20260408,1072.846
20260408,1071.846
20260408,1070.846
20260408,1073.0642
20260408,1075.122
20260408,1074.122
20260408,1073.122
20260408,1075.122
20260408,1076.9945
20260408,1078.9188
20260408,1080.9188
20260408,1082.9188
20260408,1085.2162
20260408,1086.8694
20260408,1085.8694
20260408,1084.8694
20260408,1083.8694
20260408,1082.8694
20260408,1081.8694
20260408,1080.8694
20260408,1079.8694
20260408,1078.8694
20260408,1077.8694
20260408,1079.5203
20260408,1078.5203
20260409,1077.5203
20260409,1076.5203
20260409,1075.5203
20260409,1074.5203
20260409,1073.5203
20260409,1075.17
20260409,1074.17
20260409,1076.2606
20260409,1075.2606
20260409,1074.2606
20260409,1076.4526
20260409,1080.1295
20260409,1079.1295
20260409,1078.1295
20260409,1077.1295
20260409,1078.8079
20260409,1077.8079
20260409,1079.8104
20260409,1078.8104
20260409,1077.8104
20260409,1076.7017
20260409,1078.725
20260409,1077.725
20260409,1076.725
20260409,1078.5257
20260409,1080.3025
20260409,1081.8209
20260409,1084.3076
20260409,1083.3076
20260409,1082.3076
20260409,1081.3076
20260409,1080.3076
20260410,1082.3076
20260410,1081.3076
20260410,1080.3076
20260410,1079.3076
20260410,1078.3076
20260410,1077.3076
20260410,1079.6055
20260410,1078.6055
20260410,1080.7817
20260410,1079.7817
20260410,1082.1344
20260410,1083.9612
20260410,1082.9612
20260410,1081.9612
20260410,1083.9612
20260410,1082.9612
20260410,1081.9612
20260410,1080.9612
20260410,1079.9612
20260410,1078.9612
20260410,1077.9612
20260410,1079.9612
20260410,1081.5232
20260410,1080.5232
20260410,1082.9592
20260410,1081.9592
20260410,1083.5307
20260410,1082.5307
20260410,1084.5307
20260410,1086.6848
20260410,1085.6848
20260410,1087.1886
20260413,1086.1886
20260413,1088.5454
20260413,1087.5454
20260413,1089.5454
20260413,1088.5454
20260413,1090.5454
20260413,1092.675
20260413,1094.5029
20260413,1093.5029
20260413,1092.5029
20260413,1091.5029
20260413,1090.5029
20260413,1089.5029
20260413,1088.5029
20260413,1087.5029
20260413,1086.5029
20260413,1088.7107
20260413,1090.4914
20260413,1092.4914
20260413,1091.4914
20260413,1093.5562
20260413,1092.5562
20260413,1091.5562
20260413,1090.5562
20260413,1089.5562
20260413,1088.5562
20260413,1091.0407
20260413,1090.0407
20260413,1091.2317
20260413,1093.888
20260413,1092.888
20260413,1091.888
20260414,1090.888
20260414,1089.888
20260414,1088.888
20260414,1091.4075
20260414,1090.4075
20260414,1089.4075
20260414,1088.4075
20260414,1090.0084
20260414,1089.0084
20260414,1088.0084
20260414,1089.8984
20260414,1092.0158
20260414,1093.6074
20260414,1095.6262
20260414,1097.6262
20260414,1099.401
20260414,1101.401
20260414,1100.401
20260414,1099.401
20260414,1098.401
20260414,1100.6491
20260414,1099.6491
20260414,1098.6491
20260414,1100.789
20260414,1099.789
20260414,1098.789
20260414,1097.789
20260414,1100.1304
20260414,1099.1304
20260414,1101.287
20260414,1103.4333
20260414,1102.4333
20260415,1104.1751
20260415,1103.1751
20260415,1102.1751
20260415,1103.9381
20260415,1105.8187
20260415,1107.8197
20260415,1109.772
20260415,1108.772
20260415,1107.772
20260415,1106.772
20260415,1105.7377
20260415,1104.7377
20260415,1103.7377
20260415,1105.7668
20260415,1104.7668
20260415,1103.7668
20260415,1102.7668
20260415,1101.7668
20260415,1100.7668
20260415,1102.908
20260415,1101.908
20260415,1100.908
20260415,1099.908
20260415,1100.9076
20260415,1099.9076
20260415,1098.9076
20260415,1097.9076
20260415,1096.9076
20260415,1095.9076
20260415,1097.6189
20260415,1099.6189
20260415,1098.6189
20260416,1100.384
20260416,1099.384
20260416,1098.384
20260416,1100.3247
20260416,1102.3247
20260416,1103.8859
20260416,1105.8859
20260416,1104.8859
20260416,1103.8859
20260416,1102.8859
20260416,1104.5869
20260416,1106.5869
20260416,1108.4615
20260416,1109.456
20260416,1108.456
20260416,1107.456
20260416,1106.456
20260416,1105.456
20260416,1104.386
20260416,1103.386
20260416,1105.701
20260416,1104.701
20260416,1106.701
20260416,1108.6999
20260416,1107.6999
20260416,1110.1756
20260416,1109.1756
20260416,1108.1756
20260416,1109.8544
20260416,1108.8544
20260416,1107.8544
20260416,1106.6863
20260417,1105.6863
20260417,1104.6863
20260417,1103.6863
20260417,1106.0805
20260417,1107.93
20260417,1106.93
20260417,1105.93
20260417,1104.93
20260417,1103.93
20260417,1105.8291
20260417,1104.8291
20260417,1103.8291
20260417,1102.8291
20260417,1101.8291
20260417,1100.8291
20260417,1099.8291
20260417,1101.7033
20260417,1103.7033
20260417,1102.7033
20260417,1104.4853
20260417,1103.4853
20260417,1102.4853
20260417,1101.4853
20260417,1103.1309
20260417,1105.3827
20260417,1107.3196
20260417,1106.3196
20260417,1105.3196
20260417,1104.3196
20260417,1103.3196
20260417,1105.3196
20260417,1104.3196
20260420,1103.3196
20260420,1105.3745
20260420,1104.3745
20260420,1103.3745
20260420,1105.5354
20260420,1107.6839
20260420,1110.3901
20260420,1109.3901
20260420,1108.3901
20260420,1107.3901
20260420,1106.3901
20260420,1105.3901
20260420,1104.2824
20260420,1106.2824
20260420,1105.2824
20260420,1104.2824
20260420,1103.2824
20260420,1102.2824
20260420,1101.2824
20260420,1100.2824
20260420,1099.2824
20260420,1101.2824
20260420,1103.135
20260420,1102.135
20260420,1101.135
20260420,1100.135
20260420,1099.135
20260420,1100.4355
20260420,1099.4355
20260420,1101.8984
20260420,1103.5113
20260420,1102.5113
20260421,1101.5113
20260421,1100.5113
20260421,1102.6401
20260421,1101.6401
20260421,1100.6401
20260421,1099.6401
20260421,1098.6401
20260421,1097.6401
20260421,1099.5128
20260421,1098.5128
20260421,1097.5128
20260421,1096.5128
20260421,1095.5128
20260421,1096.0589
20260421,1095.0589
20260421,1094.0589
20260421,1096.5064
20260421,1095.5064
20260421,1097.083
20260421,1096.083
20260421,1098.083
20260421,1097.083
20260421,1096.083
20260421,1095.083
20260421,1096.6967
20260421,1095.6217
20260421,1094.6217
20260421,1096.6217
20260421,1095.6217
20260421,1094.6217
20260421,1093.6217
20260421,1092.6217
20260422,1091.6217
20260422,1090.6217
20260422,1092.8142
20260422,1091.8142
20260422,1090.8142
20260422,1089.8142
20260422,1088.8142
20260422,1090.7741
20260422,1089.7741
20260422,1088.7741
20260422,1091.805
20260422,1090.805
20260422,1092.6292
20260422,1095.5763
20260422,1094.5763
20260422,1093.5763
20260422,1095.7717
20260422,1097.7717
20260422,1096.7717
20260422,1095.4802
20260422,1097.651
20260422,1096.651
20260422,1095.651
20260422,1097.5782
20260422,1096.5782
20260422,1099.5461
20260422,1098.5461
20260422,1097.5461
20260422,1096.5461
20260422,1095.5461
20260422,1096.9864
20260422,1099.0234
20260423,1098.0234
20260423,1097.0234
20260423,1096.0234
20260423,1095.0234
20260423,1094.0234
20260423,1096.0234
20260423,1095.0234
20260423,1094.0234
20260423,1093.0234
20260423,1092.0234
20260423,1091.0234
20260423,1093.0613
20260423,1095.2677
20260423,1094.2677
20260423,1097.2466
20260423,1096.2466
20260423,1095.2466
20260423,1094.2466
20260423,1093.2466
20260423,1095.2577
20260423,1097.5717
20260423,1099.4071
20260423,1101.3717
20260423,1100.3717
20260423,1102.1963
20260423,1101.1963
20260423,1100.1963
20260423,1099.1963
20260423,1098.1963
20260423,1100.1552
20260423,1099.1552
20260423,1098.1552
20260424,1100.0102
20260424,1101.6306
20260424,1103.6306
20260424,1105.6306
20260424,1104.6306
20260424,1106.2157
20260424,1107.0978
20260424,1106.0978
20260424,1105.0978
20260424,1104.0978
20260424,1103.0978
20260424,1102.0978
20260424,1101.0978
20260424,1100.0978
20260424,1099.0978
20260424,1101.2018
20260424,1100.2018
20260424,1099.2018
20260424,1098.2018
20260424,1097.2018
20260424,1096.2018
20260424,1095.2018
20260424,1094.2018
20260424,1093.2018
20260424,1094.7642
20260424,1096.7488
20260424,1097.9052
20260424,1096.9052
20260424,1095.9052
20260424,1097.124
20260424,1099.6995
20260424,1098.6995
20260427,1097.6995
20260427,1101.4802
20260427,1103.5552
20260427,1102.5552
20260427,1101.5552
20260427,1100.5552
20260427,1102.903
20260427,1101.903
20260427,1100.903
20260427,1099.903
20260427,1098.903
20260427,1097.903
20260427,1096.903
20260427,1098.3719
20260427,1097.3719
20260427,1100.4581
20260427,1099.4581
20260427,1098.4581
20260427,1100.4534
20260427,1102.1723
20260427,1101.1723
20260427,1103.1723
20260427,1102.1723
20260427,1101.1723
20260427,1099.7977
20260427,1098.7977
20260427,1100.5309
20260427,1099.5309
20260427,1098.5309
20260427,1097.5309
20260427,1099.5309
20260427,1098.5309
20260428,1100.4898
20260428,1099.4898
20260428,1098.4898
20260428,1100.7906
20260428,1099.7906
20260428,1098.7906
20260428,1097.7906
20260428,1096.7906
20260428,1095.7906
20260428,1094.7906
20260428,1093.7906
20260428,1095.7906
20260428,1094.7906
20260428,1096.2831
20260428,1098.4718
20260428,1097.4718
20260428,1100.8206
20260428,1099.8206
20260428,1100.8874
20260428,1103.6356
20260428,1102.6356
20260428,1104.5304
20260428,1106.4561
20260428,1105.4561
20260428,1107.4561
20260428,1106.4561
20260428,1105.4561
20260428,1107.4561
20260428,1109.3601
20260428,1111.3601
20260428,1110.3601
20260428,1112.2235
20260429,1113.5924
20260429,1112.5924
20260429,1111.5924
20260429,1110.5924
20260429,1109.5924
20260429,1108.5924
20260429,1107.5924
20260429,1109.7372
20260429,1111.9286
20260429,1110.9286
20260429,1109.9286
20260429,1108.9286
20260429,1107.9286
20260429,1106.9286
20260429,1105.9286
20260429,1108.0041
20260429,1107.0041
20260429,1106.0041
20260429,1105.0041
20260429,1107.0041
20260429,1106.0041
20260429,1105.0041
20260429,1107.0041
20260429,1107.7452
20260429,1109.233
20260429,1108.233
20260429,1107.233
20260429,1109.1146
20260429,1108.1146
20260429,1109.3236
20260429,1108.316
20260429,1110.3683
20260430,1109.3683
20260430,1111.2661
20260430,1112.8392
20260430,1111.8392
20260430,1110.8392
20260430,1109.8392
20260430,1108.8392
20260430,1107.8392
20260430,1106.8392
20260430,1105.8392
20260430,1104.8392
20260430,1106.736
20260430,1105.736
20260430,1104.736
20260430,1103.736
20260430,1102.736
20260430,1104.9594
20260430,1103.9594
20260430,1102.9594
20260430,1101.9594
20260430,1100.9594
20260430,1099.9594
20260430,1098.9594
20260430,1097.9594
20260430,1096.9594
20260430,1095.9594
20260430,1094.9594
20260430,1093.9594
20260430,1092.9594
20260430,1094.667
20260430,1093.667
20260430,1092.667
20260501,1091.667
20260501,1093.667
20260501,1092.667
20260501,1095.0047
20260501,1096.9614
20260501,1098.9128
20260501,1097.9128
20260501,1096.9128
20260501,1095.9128
20260501,1096.5666
20260501,1098.642
20260501,1097.642
20260501,1096.642
20260501,1095.642
20260501,1094.642
20260501,1093.642
20260501,1095.642
20260501,1094.642
20260501,1093.642
20260501,1092.642
20260501,1091.642
20260501,1094.5597
20260501,1093.5597
20260501,1092.5597
20260501,1091.5597
20260501,1090.5597
20260501,1089.1594
20260501,1088.1594
20260501,1090.3817
20260501,1092.3275
20260501,1091.3275
20260501,1093.3275
20260504,1095.2814
20260504,1094.2814
20260504,1093.2814
20260504,1095.2106
20260504,1094.2106
20260504,1096.0404
20260504,1101.5609
20260504,1100.5609
20260504,1102.9007
20260504,1104.9333
20260504,1107.256
20260504,1106.256
20260504,1105.256
20260504,1104.256
20260504,1106.5117
20260504,1105.5117
20260504,1104.5117
20260504,1103.5117
20260504,1102.5117
20260504,1101.5117
20260504,1100.5117
20260504,1099.5117
20260504,1098.5117
20260504,1097.5117
20260504,1096.5117
20260504,1095.5117
20260504,1097.8077
20260504,1099.8077
20260504,1098.8077
20260504,1097.8077
20260504,1099.6122
20260504,1098.6122
20260505,1097.6122
20260505,1096.6122
20260505,1095.6122
20260505,1094.6122
20260505,1093.6122
20260505,1092.6122
20260505,1094.9508
20260505,1093.9508
20260505,1092.9508
20260505,1091.9508
20260505,1090.9508
20260505,1089.9508
20260505,1091.9508
20260505,1090.9508
20260505,1089.9508
20260505,1091.6811
20260505,1090.6811
20260505,1091.8697
20260505,1090.8697
20260505,1092.7676
20260505,1091.7676
20260505,1090.7676
20260505,1089.7676
20260505,1088.7676
20260505,1087.7676
20260505,1086.7676
20260505,1085.4923
20260505,1084.4923
20260505,1083.4923
20260505,1082.4923
20260505,1084.2302
20260505,1086.4912
20260506,1085.4912
20260506,1084.4912
20260506,1083.4912
20260506,1082.4912
20260506,1081.4912
20260506,1083.6315
20260506,1082.6315
20260506,1081.6315
20260506,1083.6315
20260506,1082.6315
20260506,1081.6315
20260506,1083.192
20260506,1082.192
20260506,1081.192
20260506,1083.1333
20260506,1085.1333
20260506,1086.9777
20260506,1085.9777
20260506,1088.0744
20260506,1087.0744
20260506,1085.7029
20260506,1084.7029
20260506,1086.7029
20260506,1088.2433
20260506,1087.2433
20260506,1088.9749
20260506,1087.9749
20260506,1089.9749
20260506,1088.9749
20260506,1091.1095
20260506,1090.1095
20260506,1089.1095
20260507,1091.274
20260507,1093.4667
20260507,1092.4667
20260507,1093.9544
20260507,1092.9544
20260507,1095.1237
20260507,1094.1237
20260507,1096.2325
20260507,1097.8321
20260507,1096.8321
20260507,1098.9551
20260507,1100.9551
20260507,1099.9551
20260507,1102.0185
20260507,1103.9536
20260507,1102.8966
20260507,1101.8966
20260507,1100.8966
20260507,1099.8966
20260507,1102.1051
20260507,1101.1051
20260507,1100.1051
20260507,1099.1051
20260507,1100.8626
20260507,1099.8626
20260507,1098.8626
20260507,1100.5189
20260507,1102.1647
20260507,1104.395
20260507,1106.2063
20260507,1107.8575
20260507,1109.637
20260508,1108.637
20260508,1112.2382
20260508,1111.2382
20260508,1110.2382
20260508,1109.2382
20260508,1108.2382
20260508,1109.8577
20260508,1108.6344
20260508,1111.0812
20260508,1112.7763
20260508,1111.7763
20260508,1115.3737
20260508,1116.8167
20260508,1115.8167
20260508,1117.8167
20260508,1119.8167
20260508,1118.8167
20260508,1120.8167
20260508,1119.8167
20260508,1124.0614
20260508,1123.0614
20260508,1122.0614
20260508,1121.0614
20260508,1123.1064
20260508,1122.1064
20260508,1121.1064
20260508,1122.649
20260508,1130.0367
20260508,1132.1775
20260508,1131.1775
20260508,1130.1775
20260508,1129.1775
20260511,1128.1775
20260511,1127.1775
20260511,1126.1775
20260511,1125.1775
20260511,1127.3535
20260511,1126.3535
20260511,1128.3535
20260511,1127.3535
20260511,1126.3535
20260511,1128.3535
20260511,1127.3535
20260511,1126.3535
20260511,1125.3535
20260511,1127.3535
20260511,1126.3535
20260511,1125.3535
20260511,1127.645
20260511,1126.645
20260511,1125.645
20260511,1124.645
20260511,1123.645
20260511,1122.645
20260511,1124.771
20260511,1126.951
20260511,1125.951
20260511,1124.951
20260511,1126.951
20260511,1125.951
20260511,1124.951
20260511,1123.951
20260511,1122.951
20260511,1121.951
20260512,1120.8304
20260512,1119.8304
20260512,1118.8304
20260512,1117.8304
20260512,1116.8304
20260512,1115.8304
20260512,1114.8304
20260512,1113.8304
20260512,1116.0839
20260512,1115.0839
20260512,1114.0839
20260512,1113.0839
20260512,1112.0839
20260512,1111.0839
20260512,1110.0839
20260512,1109.0839
20260512,1108.0839
20260512,1109.634
20260512,1111.887
20260512,1110.887
20260512,1109.887
20260512,1110.9882
20260512,1109.9882
20260512,1111.8061
20260512,1110.8061
20260512,1109.8061
20260512,1108.8061
20260512,1107.8061
20260512,1106.8061
20260512,1105.8061
20260512,1104.8061
20260512,1103.7006
20260513,1102.7006
20260513,1104.9426
20260513,1106.885
20260513,1105.885
20260513,1107.8784
20260513,1106.8784
20260513,1105.8784
20260513,1107.8799
20260513,1106.8799
20260513,1105.8799
20260513,1107.8799
20260513,1106.8799
20260513,1105.8799
20260513,1108.0211
20260513,1107.0211
20260513,1106.0211
20260513,1105.0211
20260513,1104.0211
20260513,1103.0211
20260513,1105.2875
20260513,1107.7377
20260513,1106.7377
20260513,1108.7377
20260513,1109.7587
20260513,1108.7587
20260513,1107.7587
20260513,1106.7587
20260513,1108.7587
20260513,1110.7587
20260513,1109.7587
20260513,1108.7587
20260513,1107.7587
20260514,1106.7587
20260514,1105.7587
20260514,1107.5526
20260514,1106.5526
20260514,1105.5526
20260514,1106.7679
20260514,1105.7679
20260514,1107.7679
20260514,1106.7679
20260514,1105.7679
20260514,1104.7012
20260514,1103.7012
20260514,1102.7012
20260514,1104.6436
20260514,1103.6436
20260514,1106.354
20260514,1108.354
20260514,1110.5294
20260514,1112.1639
20260514,1111.1639
20260514,1110.1304
20260514,1109.1304
20260514,1111.1304
20260514,1110.1304
20260514,1109.1304
20260514,1110.8801
20260514,1109.8801
20260514,1108.8801
20260514,1107.8801
20260514,1109.8102
20260514,1108.8102
20260514,1107.8102
20260515,1106.8102
20260515,1105.8102
20260515,1107.8102
20260515,1109.3436
20260515,1108.3436
20260515,1107.3436
20260515,1106.3436
20260515,1105.3436
20260515,1104.3436
20260515,1103.3436
20260515,1105.2612
20260515,1104.2612
20260515,1106.5292
20260515,1108.6718
20260515,1107.6718
20260515,1106.6718
20260515,1105.6718
20260515,1104.6718
20260515,1103.6718
20260515,1102.6718
20260515,1103.4832
20260515,1102.4832
20260515,1101.4832
20260515,1100.4832
20260515,1099.4832
20260515,1098.4832
20260515,1097.4832
20260515,1099.4832
20260515,1098.4832
20260515,1097.4832
20260515,1096.4832
20260515,1095.4832
20260518,1097.4557
20260518,1096.4557
20260518,1098.5127
20260518,1097.5127
20260518,1099.1923
20260518,1098.1923
20260518,1097.1923
20260518,1099.1246
20260518,1098.1246
20260518,1099.6335
20260518,1098.6335
20260518,1100.7832
20260518,1102.5991
20260518,1101.5991
20260518,1100.5991
20260518,1099.5991
20260518,1101.8012
20260518,1100.8012
20260518,1099.8012
20260518,1101.8012
20260518,1100.8012
20260518,1102.8946
20260518,1101.8946
20260518,1103.8604
20260518,1106.0802
20260518,1108.6738
20260518,1110.3149
20260518,1109.3149
20260518,1111.2224
20260518,1110.2224
20260518,1109.2224
20260518,1108.2224
20260519,1107.2224
20260519,1109.2578
20260519,1111.3177
20260519,1112.8245
20260519,1111.8245
20260519,1110.8245
20260519,1109.8245
20260519,1108.8245
20260519,1107.8245
20260519,1106.8245
20260519,1105.8245
20260519,1104.8245
20260519,1106.8245
20260519,1109.035
20260519,1111.1471
20260519,1110.1471
20260519,1111.5268
20260519,1110.5268
20260519,1109.5268
20260519,1108.5268
20260519,1107.5268
20260519,1106.5268
20260519,1109.7977
20260519,1111.8336
20260519,1113.5583
20260519,1115.2357
20260519,1117.1512
20260519,1116.1512
20260519,1115.1152
20260519,1114.1152
20260519,1113.1151
20260519,1114.9242
20260520,1113.9242
20260520,1116.1993
20260520,1120.8321
20260520,1119.8321
20260520,1118.8321
20260520,1117.8321
20260520,1116.8321
20260520,1118.6883
20260520,1119.9137
20260520,1121.756
20260520,1123.0532
20260520,1122.0532
20260520,1121.0532
20260520,1120.0532
20260520,1119.0532
20260520,1118.0532
20260520,1117.0532
20260520,1116.0532
20260520,1118.1099
20260520,1119.5637
20260520,1118.5637
20260520,1117.5637
20260520,1119.1016
20260520,1120.6101
20260520,1122.8223
20260520,1124.8223
20260520,1123.8223
20260520,1122.8223
20260520,1125.2788
20260520,1124.2788
20260520,1126.2788
20260520,1125.2788
20260521,1124.2788
20260521,1126.3569
20260521,1125.3569
20260521,1127.7997
20260521,1126.7997
20260521,1125.7997
20260521,1124.7997
20260521,1123.7997
20260521,1125.2547
20260521,1128.1874
20260521,1127.1874
20260521,1126.1874
20260521,1125.1874
20260521,1124.1874
20260521,1126.377
20260521,1125.377
20260521,1127.377
20260521,1126.377
20260521,1125.377
20260521,1126.8267
20260521,1129.1857
20260521,1128.1857
20260521,1127.1857
20260521,1126.1857
20260521,1125.1857
20260521,1127.1857
20260521,1129.1857
20260521,1131.7843
20260521,1130.7843
20260521,1129.7843
20260521,1128.7843
20260521,1127.7843
20260522,1129.6455
20260522,1128.6455
20260522,1130.6455
20260522,1129.6455
20260522,1128.6455
20260522,1127.6455
20260522,1126.6455
20260522,1125.6455
20260522,1124.6455
20260522,1126.6296
20260522,1125.6296
20260522,1124.6296
20260522,1123.6296
20260522,1122.6296
20260522,1121.6296
20260522,1120.6296
20260522,1122.6656
20260522,1121.6656
20260522,1123.6656
20260522,1122.6656
20260522,1121.6656
20260522,1120.6656
20260522,1119.6656
20260522,1122.0309
20260522,1124.2764
20260522,1123.2764
20260522,1125.2294
20260522,1124.2294
20260522,1125.9137
20260522,1124.9137
20260522,1123.9137
20260522,1122.9137
20260526,1121.9137
20260526,1120.9137
20260526,1122.9137
20260526,1121.9137
20260526,1120.9137
20260526,1123.006
20260526,1124.8445
20260526,1123.8445
20260526,1125.8445
20260526,1127.8445
20260526,1129.8445
20260526,1131.9844
20260526,1130.9844
20260526,1132.9844
20260526,1134.6875
20260526,1133.6875
20260526,1135.6875
20260526,1134.6875
20260526,1133.6875
20260526,1132.6875
20260526,1131.6875
20260526,1136.4369
20260526,1135.4369
20260526,1134.4369
20260526,1133.4369
20260526,1132.4369
20260526,1134.4369
20260526,1133.4369
20260526,1132.4369
20260526,1131.4369
20260526,1130.4369
20260526,1129.4369
20260527,1128.4369
20260527,1130.8811
20260527,1129.8811
20260527,1128.8811
20260527,1127.8811
20260527,1126.8811
20260527,1129.1004
20260527,1128.1004
20260527,1127.1004
20260527,1126.1004
20260527,1125.1004
20260527,1124.1004
20260527,1123.1004
20260527,1125.0682
20260527,1124.0682
20260527,1123.0682
20260527,1124.8252
20260527,1123.8252
20260527,1122.8252
20260527,1121.8252
20260527,1120.8252
20260527,1122.6183
20260527,1121.6183
20260527,1120.6183
20260527,1119.6183
20260527,1118.6183
20260527,1120.6183
20260527,1122.4167
20260527,1121.4167
20260527,1123.4167
20260527,1122.4167
20260527,1121.4167
20260528,1123.2385
20260528,1125.2385
20260528,1127.0143
20260528,1126.0143
20260528,1127.9934
20260528,1129.9362
20260528,1128.9362
20260528,1127.9362
20260528,1130.3915
20260528,1129.3915
20260528,1128.3915
20260528,1127.3915
20260528,1129.3231
20260528,1128.3231
20260528,1127.3231
20260528,1126.3231
20260528,1125.3231
20260528,1124.3231
20260528,1123.3231
20260528,1122.3231
20260528,1121.3231
20260528,1123.3231
20260528,1122.3231
20260528,1121.3231
20260528,1120.3231
20260528,1121.8558
20260528,1120.8558
20260528,1119.8558
20260528,1118.8558
20260528,1117.8558
20260528,1116.8558
20260528,1115.8558
20260529,1118.0259
20260529,1117.0259
20260529,1116.0259
20260529,1115.0259
20260529,1114.0259
20260529,1116.4866
20260529,1115.4866
20260529,1114.4866
20260529,1116.4866
20260529,1115.4866
20260529,1114.4866
20260529,1116.5703
20260529,1115.5703
20260529,1114.5703
20260529,1116.5703
20260529,1115.5703
20260529,1114.5703
20260529,1113.5703
20260529,1112.5703
20260529,1111.5703
20260529,1110.5703
20260529,1109.5703
20260529,1108.5703
20260529,1110.5703
20260529,1109.5703
20260529,1108.5703
20260529,1110.4379
20260529,1109.4379
20260529,1108.4379
20260529,1107.4379
20260529,1109.4379
20260529,1108.4379
20260601,1107.4379
20260601,1109.5444
20260601,1111.7199
20260601,1110.7199
20260601,1112.8239
20260601,1114.6359
20260601,1113.6359
20260601,1112.6359
20260601,1111.6359
20260601,1110.6359
20260601,1112.4727
20260601,1111.4727
20260601,1110.4727
20260601,1109.4417
20260601,1111.7044
20260601,1110.7044
20260601,1109.7044
20260601,1111.7044
20260601,1113.896
20260601,1112.896
20260601,1111.896
20260601,1110.896
20260601,1112.1542
20260601,1114.3974
20260601,1113.3974
20260601,1115.3974
20260601,1117.4627
20260601,1119.4277
20260601,1118.4277
20260601,1117.4277
20260601,1116.4277
20260601,1119.3032
20260602,1118.3032
20260602,1117.3032
20260602,1119.5183
20260602,1121.0085
20260602,1122.8701
20260602,1124.8701
20260602,1126.5049
20260602,1125.5049
20260602,1124.5049
20260602,1123.5049
20260602,1125.809
20260602,1124.809
20260602,1123.809
20260602,1125.5696
20260602,1124.5696
20260602,1123.5696
20260602,1125.8318
20260602,1127.6469
20260602,1130.7804
20260602,1129.7804
20260602,1128.7804
20260602,1127.7804
20260602,1126.7804
20260602,1125.7804
20260602,1124.7804
20260602,1123.7804
20260602,1125.2532
20260602,1124.2532
20260602,1126.0356
20260602,1125.0356
20260602,1124.0356
20260602,1123.0163
20260603,1125.1762
20260603,1126.8105
20260603,1125.8105
20260603,1124.8105
20260603,1126.9345
20260603,1125.9345
20260603,1124.9345
20260603,1123.9345
20260603,1122.9345
20260603,1121.9345
20260603,1124.0373
20260603,1123.0373
20260603,1122.0373
20260603,1121.0373
20260603,1120.0373
20260603,1119.0373
20260603,1120.7238
20260603,1119.7238
20260603,1121.759
20260603,1123.2348
20260603,1125.1612
20260603,1127.0967
20260603,1128.934
20260603,1130.9179
20260603,1129.9179
20260603,1128.9179
20260603,1127.9179
20260603,1126.9179
20260603,1125.9179
20260603,1127.9179
20260603,1126.9179
20260603,1125.9179
20260604,1127.7973
20260604,1126.7973
20260604,1125.7973
20260604,1127.7973
20260604,1126.7973
20260604,1128.7564
20260604,1127.7564
20260604,1126.7564
20260604,1125.7564
20260604,1124.7564
20260604,1126.514
20260604,1125.514
20260604,1124.514
20260604,1126.4828
20260604,1125.2867
20260604,1124.2867
20260604,1126.5844
20260604,1125.5844
20260604,1124.5844
20260604,1123.5844
20260604,1122.5844
20260604,1121.5844
20260604,1123.6474
20260604,1125.7614
20260604,1124.7614
20260604,1123.7614
20260604,1122.7614
20260604,1125.3277
20260604,1124.3277
20260604,1123.3277
20260604,1125.3277
20260604,1124.3277
20260605,1126.1274
20260605,1125.1274
20260605,1126.6303
20260605,1128.5011
20260605,1127.5011
20260605,1129.3587
20260605,1128.3587
20260605,1130.5479
20260605,1129.5479
20260605,1128.5479
20260605,1130.7142
20260605,1129.7142
20260605,1128.7142
20260605,1127.7142
20260605,1129.219
20260605,1131.5794
20260605,1133.484
20260605,1136.3517
20260605,1135.3517
20260605,1134.3517
20260605,1133.3517
20260605,1132.3517
20260605,1131.3517
20260605,1133.3517
20260605,1132.3517
20260605,1134.8639
20260605,1136.9257
20260605,1135.9257
20260605,1134.9257
20260605,1133.9257
20260605,1132.9257
20260605,1131.9257
20260608,1130.9257
20260608,1129.9257
20260608,1128.9257
20260608,1127.9257
20260608,1129.9257
20260608,1128.9257
20260608,1127.9257
20260608,1126.9257
20260608,1125.9257
20260608,1124.9257
20260608,1126.8929
20260608,1129.0901
20260608,1128.0901
20260608,1130.0222
20260608,1129.0222
20260608,1130.3622
20260608,1133.0849
20260608,1134.9747
20260608,1133.9747
20260608,1132.9747
20260608,1131.9747
20260608,1130.9747
20260608,1129.9747
20260608,1128.9747
20260608,1127.9747
20260608,1126.9747
20260608,1129.1973
20260608,1128.1973
20260608,1127.1973
20260608,1126.1973
20260608,1125.1973
20260608,1126.6658
20260609,1125.6658
20260609,1128.5966
20260609,1127.5966
20260609,1126.5966
20260609,1125.5966
20260609,1124.5966
20260609,1123.5966
20260609,1122.5966
20260609,1121.5966
20260609,1120.5966
20260609,1122.6275
20260609,1124.9261
20260609,1123.9261
20260609,1122.9261
20260609,1121.9261
20260609,1120.9261
20260609,1123.3079
20260609,1122.3079
20260609,1121.3079
20260609,1120.3079
20260609,1122.0437
20260609,1121.0437
20260609,1123.0437
20260609,1125.4455
20260609,1124.4455
20260609,1123.4455
20260609,1122.4455
20260609,1121.4455
20260609,1120.4455
20260609,1119.4455
20260609,1118.4455
20260609,1120.9655
20260610,1119.9655
20260610,1118.9655
20260610,1117.9655
20260610,1119.9655
20260610,1118.9655
20260610,1121.0182
20260610,1122.5241
20260610,1121.5241
20260610,1120.5241
20260610,1119.5241
20260610,1121.2044
20260610,1120.2044
20260610,1121.6667
20260610,1120.6667
20260610,1122.7942
20260610,1121.7942
20260610,1123.7168
20260610,1122.7168
20260610,1121.7168
20260610,1123.521
20260610,1122.521
20260610,1124.1717
20260610,1126.0357
20260610,1125.0357
20260610,1127.2224
20260610,1126.2224
20260610,1125.2224
20260610,1127.2224
20260610,1128.4042
20260610,1129.9035
20260610,1131.9035
20260610,1130.9035
20260611,1129.9035
20260611,1131.9191
20260611,1133.7108
20260611,1132.7108
20260611,1134.8771
20260611,1133.8771
20260611,1135.8771
20260611,1134.8771
20260611,1133.8771
20260611,1132.8771
20260611,1131.8771
20260611,1130.8771
20260611,1129.8771
20260611,1131.8771
20260611,1130.8771
20260611,1129.8771
20260611,1131.1872
20260611,1130.1872
20260611,1129.1872
20260611,1128.1872
20260611,1130.1872
20260611,1129.1872
20260611,1128.1872
20260611,1130.1872
20260611,1132.3587
20260611,1131.3587
20260611,1130.3587
20260611,1129.3587
20260611,1128.3587
20260611,1130.6784
20260611,1129.6784
20260611,1128.6784
20260612,1130.6359
20260612,1132.8744
20260612,1134.4962
20260612,1136.5435
20260612,1138.5943
20260612,1137.5943
20260612,1136.5943
20260612,1135.5943
20260612,1134.5943
20260612,1133.5943
20260612,1132.5943
20260612,1134.7215
20260612,1133.7215
20260612,1132.7215
20260612,1131.7215
20260612,1130.7215
20260612,1132.3077
20260612,1131.3077
20260612,1132.9965
20260612,1131.9965
20260612,1130.9965
20260612,1132.8298
20260612,1131.8298
20260612,1130.8298
20260612,1132.8298
20260612,1134.8298
20260612,1133.8298
20260612,1132.8298
20260612,1135.0774
20260612,1137.3046
20260612,1136.3046
20260612,1135.3046
20260615,1137.1189
20260615,1139.0868
20260615,1138.0868
20260615,1139.8463
20260615,1138.8463
20260615,1137.8463
20260615,1140.2157
20260615,1139.2157
20260615,1138.2157
20260615,1137.2157
20260615,1136.2157
20260615,1135.2157
20260615,1134.2157
20260615,1133.2157
20260615,1132.2157
20260615,1131.2157
20260615,1130.2157
20260615,1129.2157
20260615,1128.2157
20260615,1129.9925
20260615,1128.9925
20260615,1127.9925
20260615,1130.1604
20260615,1129.1604
20260615,1128.1604
20260615,1127.1078
20260615,1126.1078
20260615,1125.1078
20260615,1124.1078
20260615,1123.1078
20260615,1122.1078
20260615,1128.1424
20260616,1130.3282
20260616,1132.7109
20260616,1131.7109
20260616,1130.7109
20260616,1129.7109
20260616,1128.7109
20260616,1127.7109
20260616,1126.7109
20260616,1125.7109
20260616,1127.9235
20260616,1129.9235
20260616,1131.8779
20260616,1134.4486
20260616,1133.4486
20260616,1132.4486
20260616,1134.5849
20260616,1133.5849
20260616,1132.5849
20260616,1131.5849
20260616,1130.5849
20260616,1132.9756
20260616,1131.9756
20260616,1130.9756
20260616,1129.9756
20260616,1131.9756
20260616,1130.9756
20260616,1129.9756
20260616,1128.6931
20260616,1130.6931
20260616,1129.6931
20260616,1131.6931
20260616,1135.2673
20260617,1137.0262
20260617,1136.0262
20260617,1135.0262
20260617,1134.0262
20260617,1136.1585
20260617,1135.1585
20260617,1139.0872
20260617,1138.0872
20260617,1137.0872
20260617,1139.0872
20260617,1140.6456
20260617,1139.6456
20260617,1138.6456
20260617,1137.6456
20260617,1136.6456
20260617,1138.3966
20260617,1140.1518
20260617,1139.1518
20260617,1138.1518
20260617,1140.1518
20260617,1139.1518
20260617,1138.1518
20260617,1137.1518
20260617,1136.1518
20260617,1138.1518
20260617,1137.1518
20260617,1138.2183
20260617,1139.9214
20260617,1138.9214
20260617,1137.9214
20260617,1139.7756
20260617,1138.7756
20260618,1137.7756
20260618,1136.7756
20260618,1138.7018
20260618,1140.7018
20260618,1139.7018
20260618,1138.7018
20260618,1137.7018
20260618,1139.7018
20260618,1138.7018
20260618,1137.7018
20260618,1136.7018
20260618,1138.5871
20260618,1137.5871
20260618,1136.5871
20260618,1135.5871
20260618,1134.5871
20260618,1136.019
20260618,1138.1747
20260618,1137.1477
20260618,1136.1477
20260618,1135.1477
20260618,1137.4681
20260618,1139.7988
20260618,1138.7988
20260618,1140.6508
20260618,1139.6508
20260618,1138.6508
20260618,1141.0863
20260618,1140.0863
20260618,1139.0863
20260618,1138.0863
20260618,1137.0863
20260622,1136.0863
20260622,1138.0863
20260622,1140.0871
20260622,1142.2543
20260622,1144.4537
20260622,1143.4537
20260622,1142.4537
20260622,1141.4537
20260622,1143.4537
20260622,1142.4537
20260622,1141.4537
20260622,1140.4537
20260622,1139.4537
20260622,1141.1518
20260622,1140.1518
20260622,1142.7337
20260622,1144.7337
20260622,1143.7337
20260622,1142.7337
20260622,1141.7337
20260622,1140.5996
20260622,1139.5996
20260622,1138.5996
20260622,1137.5996
20260622,1136.5996
20260622,1138.6244
20260622,1137.6244
20260622,1136.6244
20260622,1135.6244
20260622,1134.6244
20260622,1133.6244
20260622,1135.6244
20260623,1137.68
20260623,1139.68
20260623,1138.68
20260623,1140.5627
20260623,1144.0074
20260623,1143.0074
20260623,1142.0074
20260623,1141.0074
20260623,1144.5634
20260623,1143.5634
20260623,1142.5634
20260623,1145.2079
20260623,1144.2079
20260623,1143.2079
20260623,1142.2079
20260623,1141.2079
20260623,1140.2079
20260623,1139.2079
20260623,1138.2079
20260623,1137.0519
20260623,1139.0519
20260623,1141.0519
20260623,1142.9624
20260623,1141.9624
20260623,1156.0901
20260623,1155.0901
20260623,1154.0901
20260623,1153.0901
20260623,1155.0901
20260623,1157.2246
20260623,1159.1597
20260623,1161.3004
20260624,1160.3004
20260624,1159.3004
20260624,1158.3004
20260624,1160.3004
20260624,1159.3004
20260624,1158.3004
20260624,1157.3004
20260624,1156.3004
20260624,1157.7443
20260624,1159.8286
20260624,1158.8286
20260624,1157.8286
20260624,1159.8286
20260624,1158.8286
20260624,1157.8286
20260624,1156.8286
20260624,1155.8286
20260624,1157.5273
20260624,1156.5273
20260624,1158.5273
20260624,1157.5273
20260624,1156.5273
20260624,1155.5273
20260624,1154.5273
20260624,1153.5273
20260624,1155.6203
20260624,1154.6203
20260624,1153.6203
20260624,1155.6847
20260624,1154.6847
20260624,1153.6847
20260624,1152.6847
20260625,1151.6847
20260625,1150.6847
20260625,1152.5777
20260625,1154.3538
20260625,1153.3538
20260625,1152.3538
20260625,1151.3538
20260625,1150.3538
20260625,1152.0864
20260625,1157.3257
20260625,1159.1776
20260625,1161.3139
20260625,1160.3139
20260625,1159.3139
20260625,1158.3139
20260625,1160.1969
20260625,1159.1969
20260625,1161.3812
20260625,1160.3812
20260625,1159.3812
20260625,1161.8236
20260625,1160.8236
20260625,1162.8236
20260625,1161.8236
20260625,1160.8236
20260625,1159.8236
20260625,1158.8236
20260625,1157.8236
20260625,1156.8236
20260625,1158.3871
20260625,1160.2018
20260625,1159.2018
20260626,1158.2018
20260626,1157.2018
20260626,1158.9668
20260626,1157.9668
20260626,1159.9863
20260626,1158.9863
20260626,1157.9863
20260626,1156.9863
20260626,1155.9863
20260626,1154.9863
20260626,1153.9863
20260626,1152.9863
20260626,1151.9863
20260626,1150.9863
20260626,1149.9863
20260626,1148.9863
20260626,1147.9863
20260626,1149.2579
20260626,1148.2579
20260626,1147.2579
20260626,1146.2579
20260626,1145.2579
20260626,1144.2579
20260626,1143.2579
20260626,1142.1088
20260626,1141.1088
20260626,1140.1088
20260626,1139.1088
20260626,1138.1088
20260626,1140.1088
20260626,1139.1088
20260626,1138.1088
20260629,1140.3035
20260629,1139.3035
20260629,1138.3035
20260629,1140.5434
20260629,1142.5434
20260629,1141.5434
20260629,1140.5434
20260629,1139.5434
20260629,1141.0775
20260629,1143.0622
20260629,1145.0622
20260629,1144.0622
20260629,1145.4233
20260629,1147.1666
20260629,1146.1666
20260629,1145.1666
20260629,1144.1666
20260629,1146.1679
20260629,1145.1679
20260629,1144.1679
20260629,1143.1679
20260629,1142.1679
20260629,1141.1679
20260629,1140.1679
20260629,1139.1679
20260629,1141.1679
20260629,1143.5314
20260629,1146.5819
20260629,1145.5819
20260629,1146.3036
20260629,1145.3036
20260629,1144.3036
20260630,1146.4838
20260630,1148.4743
20260630,1147.4743
20260630,1150.1383
20260630,1149.1383
20260630,1147.9145
20260630,1150.1728
20260630,1149.1728
20260630,1148.1728
20260630,1149.9521
20260630,1148.9521
20260630,1150.8548
20260630,1149.8548
20260630,1148.7641
20260630,1147.7641
20260630,1146.7641
20260630,1149.0335
20260630,1151.5313
20260630,1153.7245
20260630,1156.0081
20260630,1158.1869
20260630,1157.1869
20260630,1156.1869
20260630,1155.1869
20260630,1157.4963
20260630,1159.6942
20260630,1161.6942
20260630,1160.6942
20260630,1159.6942
20260630,1158.6942
20260630,1157.6942
20260630,1159.4671
20260701,1161.4671
20260701,1163.2619
20260701,1162.2619
20260701,1161.2619
20260701,1163.1891
20260701,1162.1891
20260701,1164.1914
20260701,1163.1914
20260701,1162.1914
20260701,1164.307
20260701,1166.4869
20260701,1168.8265
20260701,1167.8265
20260701,1169.9168
20260701,1171.9168
20260701,1170.9168
20260701,1169.9168
20260701,1172.0003
20260701,1173.902
20260701,1172.902
20260701,1174.7608
20260701,1173.7608
20260701,1172.7608
20260701,1173.9916
20260701,1176.7264
20260701,1175.723
20260701,1177.5696
20260701,1178.9322
20260701,1177.9322
20260701,1179.8437
20260701,1178.8437
20260701,1177.8437
20260702,1180.0368
20260702,1179.0368
20260702,1181.0112
20260702,1180.0112
20260702,1179.0112
20260702,1180.7801
20260702,1182.5078
20260702,1181.5078
20260702,1180.5078
20260702,1182.0667
20260702,1181.0667
20260702,1180.0667
20260702,1182.6241
20260702,1181.6241
20260702,1180.6241
20260702,1182.437
20260702,1184.2722
20260702,1183.2722
20260702,1185.2996
20260702,1187.2996
20260702,1188.5457
20260702,1187.5457
20260702,1186.5457
20260702,1185.5457
20260702,1184.5457
20260702,1183.5457
20260702,1182.5457
20260702,1184.8271
20260702,1187.1067
20260702,1186.1067
20260702,1185.1067
20260702,1187.287
20260706,1186.287
20260706,1185.287
20260706,1184.287
20260706,1183.287
20260706,1185.3459
20260706,1184.3459
20260706,1183.3459
20260706,1182.3459
20260706,1181.3459
20260706,1180.3459
20260706,1179.3459
20260706,1181.3459
20260706,1180.3459
20260706,1179.3459
20260706,1181.152
20260706,1180.152
20260706,1181.766
20260706,1180.766
20260706,1183.516
20260706,1185.062
20260706,1186.7083
20260706,1185.7083
20260706,1187.6144
20260706,1190.0015
20260706,1189.0015
20260706,1188.0015
20260706,1187.0015
20260706,1185.9638
20260706,1188.4355
20260706,1191.1629
20260706,1193.3893
20260706,1192.3893
20260707,1194.2527
20260707,1193.2527
20260707,1192.2527
20260707,1191.2527
20260707,1190.2527
20260707,1189.1605
20260707,1188.1605
20260707,1187.1605
20260707,1186.1605
20260707,1188.0956
20260707,1187.0956
20260707,1186.0956
20260707,1188.6792
20260707,1187.6792
20260707,1186.6792
20260707,1189.0086
20260707,1188.0086
20260707,1187.0086
20260707,1186.0086
20260707,1187.8903
20260707,1186.8903
20260707,1185.8903
20260707,1184.8903
20260707,1183.8903
20260707,1182.8903
20260707,1184.8903
20260707,1183.8903
20260707,1182.8903
20260707,1185.3199
20260707,1184.3199
20260707,1186.731
20260707,1185.731
20260708,1184.731
20260708,1187.3629
20260708,1186.3629
20260708,1185.3629
20260708,1184.3629
20260708,1183.3629
20260708,1182.3629
20260708,1181.3629
20260708,1183.4686
20260708,1185.0415
20260708,1186.949
20260708,1185.949
20260708,1184.949
20260708,1183.949
20260708,1182.949
20260708,1181.949
20260708,1184.1526
20260708,1183.1526
20260708,1185.1126
20260708,1184.1126
20260708,1183.1126
20260708,1185.3372
20260708,1184.3372
20260708,1185.787
20260708,1184.787
20260708,1183.787
20260708,1186.2303
20260708,1188.2303
20260708,1187.2303
20260708,1186.2303
20260708,1185.2303
20260708,1184.2303
20260709,1183.2303
20260709,1182.2303
20260709,1184.2303
20260709,1186.8098
20260709,1185.8098
20260709,1187.8359
20260709,1186.8359
20260709,1185.8359
20260709,1184.8359
20260709,1183.8359
20260709,1182.8359
20260709,1181.8266
20260709,1180.8266
20260709,1179.8266
20260709,1178.8266
20260709,1177.8266
20260709,1178.8108
20260709,1180.8108
20260709,1179.8108
20260709,1178.8108
20260709,1177.8108
20260709,1179.8108
20260709,1178.8108
20260709,1177.8108
20260709,1176.8108
20260709,1175.8108
20260709,1174.8108
20260709,1173.8108
20260709,1172.8108
20260709,1171.8108
20260709,1170.8108
20260709,1169.8108
20260710,1171.5359
20260710,1170.5359
20260710,1169.5359
20260710,1168.5359
20260710,1170.5604
20260710,1172.894
20260710,1174.894
20260710,1173.894
20260710,1175.8039
20260710,1177.6866
20260710,1176.6866
20260710,1175.6866
20260710,1174.6866
20260710,1175.601
20260710,1174.601
20260710,1173.601
20260710,1172.601
20260710,1171.601
20260710,1170.601
20260710,1172.294
20260710,1175.0119
20260710,1174.0119
20260710,1173.0119
20260710,1172.0119
20260710,1174.0119
20260710,1175.9973
20260710,1174.9973
20260710,1173.9973
20260710,1172.9973
20260710,1171.9973
20260710,1174.5126
20260710,1176.5126
20260713,1175.5126
20260713,1174.5126
20260713,1176.5126
20260713,1175.5126
20260713,1174.5126
20260713,1176.6146
20260713,1178.9342
20260713,1177.9342
20260713,1176.9342
20260713,1175.9342
20260713,1174.9342
20260713,1176.4947
20260713,1175.4947
20260713,1174.4947
20260713,1173.4947
20260713,1172.4947
20260713,1171.4947
20260713,1170.4947
20260713,1169.4947
20260713,1171.2471
20260713,1170.2471
20260713,1169.2471
20260713,1168.2471
20260713,1167.2471
20260713,1166.2471
20260713,1168.7006
20260713,1167.7006
20260713,1169.7006
20260713,1171.3147
20260713,1170.3147
20260713,1169.3147
20260713,1171.3147
20260714,1170.3147
20260714,1169.3147
20260714,1171.3147
20260714,1170.3147
20260714,1171.8425
20260714,1173.8421
20260714,1172.8421
20260714,1174.8421
20260714,1176.9667
20260714,1178.7185
20260714,1180.8906
20260714,1179.8906
20260714,1181.7231
20260714,1180.7231
20260714,1179.7231
20260714,1178.7231
20260714,1177.7231
20260714,1179.6998
20260714,1181.1814
20260714,1183.561
20260714,1182.561
20260714,1184.3993
20260714,1186.3993
20260714,1188.1752
20260714,1190.4513
20260714,1192.2339
20260714,1191.2339
20260714,1190.2339
20260714,1189.2339
20260714,1188.2339
20260714,1187.2339
20260714,1186.2339
20260715,1188.2025
20260715,1187.2025
20260715,1186.2025
20260715,1185.2025
20260715,1184.2025
20260715,1186.5122
20260715,1185.5122
20260715,1184.5122
20260715,1185.5369
20260715,1184.5369
20260715,1183.5369
20260715,1182.5369
20260715,1184.217
20260715,1186.0418
20260715,1188.0418
20260715,1189.9105
20260715,1188.9105
20260715,1187.7848
20260715,1190.235
20260715,1189.235
20260715,1190.3628
20260715,1192.8431
20260715,1194.8096
20260715,1193.8096
20260715,1192.8096
20260715,1191.8096
20260715,1193.3125
20260715,1192.3125
20260715,1191.3125
20260715,1192.6555
20260715,1191.6555
20260715,1190.6555
20260716,1189.6555
20260716,1191.7178
20260716,1190.7178
20260716,1189.7178
20260716,1188.7178
20260716,1187.7178
20260716,1186.7178
20260716,1185.7178
20260716,1184.7178
20260716,1183.7178
20260716,1185.7178
20260716,1184.7178
20260716,1183.7178
20260716,1182.7178
20260716,1181.7178
20260716,1180.7178
20260716,1182.3914
20260716,1181.3914
20260716,1180.3914
20260716,1182.3914
20260716,1184.5954
20260716,1183.5954
20260716,1182.5954
20260716,1181.5954
20260716,1183.5954
20260716,1182.5954
20260716,1181.5954
20260716,1180.5954
20260716,1179.5954
20260716,1181.492
20260716,1180.492
20260716,1179.492
20260717,1178.492
20260717,1177.492
20260717,1179.7925
20260717,1178.7925
20260717,1177.7925
20260717,1179.7925
20260717,1178.7925
20260717,1177.7925
20260717,1176.7925
20260717,1175.7925
20260717,1174.7925
20260717,1173.7925
20260717,1172.7925
20260717,1173.9372
20260717,1172.9163
20260717,1171.9163
20260717,1170.9163
20260717,1169.9163
20260717,1171.252
20260717,1170.252
20260717,1169.252
20260717,1168.252
20260717,1170.252
20260717,1169.252
20260717,1168.252
20260717,1167.252
20260717,1166.252
20260717,1165.252
20260717,1164.252
20260717,1163.252
20260717,1162.252
20260717,1165.0702
20260720,1164.0702
20260720,1163.0702
20260720,1164.7571
20260720,1166.7542
20260720,1168.551
20260720,1167.551
20260720,1166.5314
20260720,1165.5314
20260720,1164.5314
20260720,1163.5314
20260720,1162.5314
20260720,1161.5314
20260720,1160.5314
20260720,1159.5314
20260720,1161.5314
20260720,1160.5314
20260720,1159.5314
20260720,1158.5314
20260720,1160.5314
20260720,1161.7522
20260720,1160.7522
20260720,1159.7522
20260720,1158.7522
20260720,1160.7522
20260720,1167.192
20260720,1166.192
20260720,1165.192
20260720,1167.0952
20260720,1166.0952
20260720,1167.5763
20260720,1169.6959
20260720,1168.6959
20260721,1167.6959
20260721,1169.6959
20260721,1168.6959
20260721,1170.7527
20260721,1169.7527
20260721,1168.7527
20260721,1167.7527
20260721,1166.7527
20260721,1165.7527
20260721,1164.7527
20260721,1163.7527
20260721,1165.1813
20260721,1164.1813
20260721,1163.1813
20260721,1162.1813
20260721,1161.1813
20260721,1162.7241
20260721,1164.7241
20260721,1163.7241
20260721,1166.2299
20260721,1167.8565
20260721,1166.8565
20260721,1165.761
20260721,1164.761
20260721,1163.761
20260721,1165.5148
20260721,1164.5148
20260721,1163.5148
20260721,1162.5148
20260721,1161.5148
20260721,1160.5148
20260721,1159.5148
20260722,1158.5148
20260722,1157.5148
20260722,1156.5148
20260722,1155.5148
20260722,1154.5148
20260722,1153.5148
20260722,1152.5148
20260722,1151.5148
20260722,1150.5148
20260722,1149.5148
20260722,1148.5148
20260722,1150.8708
20260722,1149.8162
20260722,1151.9595
20260722,1153.9595
20260722,1156.2439
20260722,1155.2439
20260722,1154.2439
20260722,1155.9221
20260722,1154.9221
20260722,1153.9221
20260722,1152.9221
20260722,1151.9221
20260722,1153.6534
20260722,1155.8684
20260722,1154.8684
20260722,1153.8684
20260722,1152.8684
20260722,1154.3185
20260722,1153.3185
20260722,1152.3185
20260722,1151.3185
20260723,1153.2924
20260723,1152.2924
20260723,1151.2924
20260723,1153.2924
20260723,1152.2924
20260723,1151.2924
20260723,1153.826
20260723,1152.826
20260723,1151.826
20260723,1154.138
20260723,1156.596
20260723,1155.596
20260723,1154.596
20260723,1153.596
20260723,1155.2573
20260723,1157.4763
20260723,1156.4763
20260723,1155.4763
20260723,1154.4763
20260723,1153.4763
20260723,1155.4763
20260723,1154.4763
20260723,1153.4763
20260723,1154.7486
20260723,1153.7486
20260723,1152.7486
20260723,1151.7486
20260723,1150.7486
20260723,1149.7486
20260723,1148.7486
20260723,1150.4807
20260723,1153.6615
20260724,1152.6615
20260724,1151.6615
20260724,1154.5441
20260724,1153.5441
20260724,1152.5441
20260724,1151.5441
20260724,1150.5441
20260724,1149.5441
20260724,1151.5441
20260724,1153.5441
20260724,1152.5441
20260724,1151.5441
20260724,1153.4089
20260724,1152.4089
20260724,1151.4089
20260724,1150.4089
20260724,1149.4089
20260724,1151.3378
20260724,1153.5425
20260724,1155.9157
20260724,1154.9157
20260724,1156.8635
20260724,1158.8635
20260724,1157.8635
20260724,1156.8635
20260724,1155.8635
20260724,1154.8635
20260724,1153.8635
20260724,1156.1229
20260724,1155.1229
20260724,1154.1229
20260724,1153.1229
20260727,1155.1229
20260727,1154.1229
20260727,1153.1229
20260727,1152.1229
20260727,1154.1549
20260727,1153.1549
20260727,1156.5292
20260727,1155.5292
20260727,1154.5292
20260727,1156.5292
20260727,1155.5292
20260727,1154.5292
20260727,1156.1474
20260727,1155.1474
20260727,1156.5649
20260727,1158.9517
20260727,1160.4964
20260727,1159.4964
20260727,1158.4964
20260727,1160.6545
20260727,1162.4513
20260727,1164.6613
20260727,1163.6613
20260727,1162.6613
20260727,1161.6613
20260727,1163.6613
20260727,1162.6613
20260727,1161.4915
20260727,1160.4915
20260727,1161.921
20260727,1163.8372
20260727,1162.8372
20260728,1164.7343
20260728,1167.1193
20260728,1169.1193
20260728,1171.6637
20260728,1170.6637
20260728,1172.6637
20260728,1173.8952
20260728,1172.8952
20260728,1174.1189
20260728,1173.1189
20260728,1172.1189
20260728,1174.4197
20260728,1173.4197
20260728,1172.4197
20260728,1171.4197
20260728,1170.4197
20260728,1171.8346
20260728,1170.8346
20260728,1172.8346
20260728,1174.1818
20260728,1173.1818
20260728,1172.1818
20260728,1171.1818
20260728,1170.1818
20260728,1172.386
20260728,1174.386
20260728,1177.0191
20260728,1176.0191
20260728,1177.9025
20260728,1179.9025
20260728,1183.0493
20260728,1184.1487
20260729,1186.4863
20260729,1188.2936
20260729,1189.6933
20260729,1191.9328
20260729,1193.7158
20260729,1195.3281
20260729,1194.3281
20260729,1193.3281
20260729,1195.9348
20260729,1194.9348
20260729,1197.2072
20260729,1199.2072
20260729,1198.2072
20260729,1197.2072
20260729,1196.0981
20260729,1195.0981
20260729,1196.931
20260729,1195.931
20260729,1194.931
20260729,1196.931
20260729,1198.931
20260729,1197.924
20260729,1196.924
20260729,1195.924
20260729,1198.3687
20260729,1197.3687
20260729,1196.3687
20260729,1195.3687
20260729,1194.3687
20260729,1193.3687
20260729,1192.3687
20260729,1191.3687
20260730,1190.3687
20260730,1189.3687
20260730,1188.3687
20260730,1187.3687
20260730,1188.9747
20260730,1187.9747
20260730,1186.9747
20260730,1188.6293
20260730,1190.5153
20260730,1192.8003
20260730,1191.8003
20260730,1190.8003
20260730,1192.7187
20260730,1191.7187
20260730,1190.7187
20260730,1189.7187
20260730,1188.7187
20260730,1187.7187
20260730,1190.0588
20260730,1192.3154
20260730,1191.3154
20260730,1190.3154
20260730,1192.3154
20260730,1191.3154
20260730,1190.3154
20260730,1192.4866
20260730,1191.4866
20260730,1190.4866
20260730,1189.4866
20260730,1188.4866
20260730,1187.4866
20260730,1186.4866
20260731,1185.4866
20260731,1184.4866
20260731,1183.4866
20260731,1182.4866
20260731,1181.4866
20260731,1180.4866
20260731,1179.4866
20260731,1178.4866
20260731,1177.4866
20260731,1176.4866
20260731,1178.6453
20260731,1181.5875
20260731,1180.5875
20260731,1182.227
20260731,1184.227
20260731,1183.227
20260731,1182.227
20260731,1181.227
20260731,1180.227
20260731,1179.227
20260731,1178.227
20260731,1177.227
20260731,1179.227
20260731,1178.227
20260731,1177.227
20260731,1179.1181
20260731,1178.1181
20260731,1177.1181
20260731,1178.4004
20260731,1181.608
20260731,1180.608
20260731,1179.608
20260803,1181.6677
20260803,1183.4996
20260803,1182.4996
20260803,1181.4996
20260803,1180.4996
20260803,1179.4996
20260803,1178.4996
20260803,1177.4996
20260803,1179.4082
20260803,1183.2261
20260803,1182.2261
20260803,1184.2261
20260803,1186.6094
20260803,1185.6094
20260803,1187.5862
20260803,1186.5862
20260803,1185.5862
20260803,1184.5862
20260803,1183.5862
20260803,1182.5862
20260803,1181.5862
20260803,1183.5862
20260803,1185.3532
20260803,1187.5175
20260803,1189.4168
20260803,1191.5325
20260803,1190.5325
20260803,1189.5325
20260803,1188.5325
20260803,1187.5325
20260803,1189.4317
20260803,1191.4317
20260804,1190.4317
20260804,1189.4317
20260804,1191.9606
20260804,1190.9606
20260804,1192.9606
20260804,1195.0462
20260804,1194.0462
20260804,1193.0462
20260804,1195.2785
20260804,1194.2785
20260804,1193.2785
20260804,1192.2785
20260804,1191.2785
20260804,1190.2785
20260804,1189.2785
20260804,1188.2785
20260804,1187.2785
20260804,1186.2785
20260804,1189.056
20260804,1188.056
20260804,1187.056
20260804,1186.056
20260804,1185.056
20260804,1184.056
20260804,1183.056
20260804,1184.6607
20260804,1186.0175
20260804,1185.0175
20260804,1184.0175
20260804,1183.0175
20260804,1184.4381
20260804,1186.8066
20260805,1185.8066
20260805,1184.8066
20260805,1183.8066
20260805,1182.8066
20260805,1184.9449
20260805,1183.9449
20260805,1182.9449
20260805,1185.1645
20260805,1184.1645
20260805,1185.6728
20260805,1184.6728
20260805,1186.284
20260805,1185.284
20260805,1184.284
20260805,1183.284
20260805,1185.1909
20260805,1187.0128
20260805,1186.0128
20260805,1185.0128
20260805,1184.0128
20260805,1185.8476
20260805,1187.8476
20260805,1186.8476
20260805,1185.8476
20260805,1184.8476
20260805,1183.8476
20260805,1182.8476
20260805,1184.7637
20260805,1186.7637
20260805,1185.7637
20260805,1187.4218
20260805,1186.4218
20260806,1188.679
20260806,1187.679
20260806,1186.679
20260806,1185.679
20260806,1187.7198
20260806,1189.8201
20260806,1191.8017
20260806,1190.8017
20260806,1189.8017
20260806,1191.8017
20260806,1190.8017
20260806,1189.8017
20260806,1188.8017
20260806,1187.8017
20260806,1186.8017
20260806,1185.8017
20260806,1184.8017
20260806,1183.8017
20260806,1182.8017
20260806,1181.8017
20260806,1183.6296
20260806,1185.6296
20260806,1187.5651
20260806,1186.5651
20260806,1188.7302
20260806,1187.7302
20260806,1186.7302
20260806,1185.7302
20260806,1184.7302
20260806,1183.7302
20260806,1185.8633
20260806,1184.8633
20260807,1183.8633
20260807,1185.9309
20260807,1184.9309
20260807,1186.9309
20260807,1185.9309
20260807,1187.5378
20260807,1186.5378
20260807,1185.5378
20260807,1184.5378
20260807,1183.5378
20260807,1182.5378
20260807,1184.568
20260807,1186.2187
20260807,1185.2187
20260807,1184.2187
20260807,1183.2187
20260807,1182.2187
20260807,1184.2187
20260807,1186.6009
20260807,1185.6009
20260807,1184.6009
20260807,1183.6009
20260807,1185.6009
20260807,1184.6009
20260807,1187.1335
20260807,1188.8996
20260807,1187.8996
20260807,1190.0282
20260807,1189.0282
20260807,1187.7187
20260807,1186.7187
20260807,1185.7187
20260810,1184.7187
20260810,1183.7187
20260810,1182.7187
20260810,1184.9925
20260810,1183.9925
20260810,1182.9925
20260810,1181.9925
20260810,1184.4976
20260810,1186.4976
20260810,1187.7304
20260810,1190.3677
20260810,1189.3677
20260810,1191.587
20260810,1190.587
20260810,1189.587
20260810,1188.587
20260810,1190.381
20260810,1189.381
20260810,1188.381
20260810,1190.1996
20260810,1189.1996
20260810,1188.1996
20260810,1190.1298
20260810,1192.0204
20260810,1191.0204
20260810,1190.0204
20260810,1194.0409
20260810,1193.0409
20260810,1192.0409
20260810,1191.0409
20260810,1190.0409
20260810,1192.7213
20260811,1194.4894
20260811,1193.4894
20260811,1192.4894
20260811,1191.4894
20260811,1190.4894
20260811,1192.1658
20260811,1191.1658
20260811,1190.1658
20260811,1191.8562
20260811,1190.8562
20260811,1189.8562
20260811,1188.8562
20260811,1187.8562
20260811,1190.01
20260811,1192.0287
20260811,1191.0287
20260811,1190.0287
20260811,1189.0287
20260811,1191.0287
20260811,1190.0287
20260811,1189.0287
20260811,1191.4644
20260811,1190.4644
20260811,1190.4644
20260811,1189.4644
20260811,1188.4644
20260811,1187.4644
20260811,1186.4644
20260811,1187.333
20260811,1186.333
20260811,1188.0978
20260811,1187.0978
20260812,1188.947
20260812,1187.947
20260812,1186.947
20260812,1185.947
20260812,1184.947
20260812,1183.947
20260812,1186.1187
20260812,1185.1187
20260812,1184.1187
20260812,1186.2433
20260812,1185.2433
20260812,1187.4652
20260812,1190.5157
20260812,1189.5157
20260812,1188.5157
20260812,1191.5594
20260812,1190.5594
20260812,1192.3457
20260812,1194.3457
20260812,1196.3457
20260812,1195.3457
20260812,1194.3457
20260812,1193.3457
20260812,1192.3457
20260812,1194.663
20260812,1193.663
20260812,1192.663
20260812,1191.663
20260812,1190.663
20260812,1192.663
20260812,1191.663
20260812,1190.663
20260813,1189.663
20260813,1192.148
20260813,1191.148
20260813,1190.148
20260813,1189.148
20260813,1192.7899
20260813,1195.4704
20260813,1194.4704
20260813,1196.3073
20260813,1195.3073
20260813,1194.3073
20260813,1193.3073
20260813,1195.3817
20260813,1194.3817
20260813,1195.9903
20260813,1194.9903
20260813,1193.9903
20260813,1192.9903
20260813,1191.9903
20260813,1193.9903
20260813,1192.9903
20260813,1191.9903
20260813,1190.9903
20260813,1192.9093
20260813,1191.9093
20260813,1190.9093
20260813,1192.9093
20260813,1191.9093
20260813,1190.9093
20260813,1189.9093
20260813,1188.9093
20260813,1187.9093
20260814,1190.0401
20260814,1191.9055
20260814,1190.9055
20260814,1192.8169
20260814,1191.8169
20260814,1190.8169
20260814,1191.6686
20260814,1193.72
20260814,1196.1013
20260814,1195.1013
20260814,1194.1013
20260814,1195.9755
20260814,1194.9755
20260814,1193.9755
20260814,1192.9755
20260814,1191.9755
20260814,1190.9755
20260814,1189.9755
20260814,1188.9755
20260814,1187.9755
20260814,1186.9755
20260814,1189.3998
20260814,1188.3998
20260814,1187.3998
20260814,1186.3998
20260814,1190.4274
20260814,1189.4274
20260814,1188.4274
20260814,1187.4274
20260814,1189.5622
20260814,1191.4378
20260814,1190.4378
20260817,1192.3682
20260817,1191.3682
20260817,1190.3682
20260817,1189.3682
20260817,1188.3682
20260817,1187.3682
20260817,1186.3682
20260817,1185.3682
20260817,1187.261
20260817,1188.4812
20260817,1187.4812
20260817,1186.4812
20260817,1185.4812
20260817,1188.0783
20260817,1187.0783
20260817,1186.0783
20260817,1185.0783
20260817,1187.1521
20260817,1189.1521
20260817,1191.6015
20260817,1190.6015
20260817,1189.6015
20260817,1188.6015
20260817,1187.6015
20260817,1186.6015
20260817,1188.6015
20260817,1187.6015
20260817,1189.7191
20260817,1191.7191
20260817,1193.7025
20260817,1192.7025
20260817,1191.7025
20260818,1190.7025
20260818,1189.7025
20260818,1188.7025
20260818,1187.7025
20260818,1186.7025
20260818,1188.825
20260818,1187.825
20260818,1186.825
20260818,1188.9578
20260818,1187.9578
20260818,1186.9578
20260818,1188.9578
20260818,1187.9578
20260818,1186.9578
20260818,1185.9578
20260818,1184.9578
20260818,1187.2447
20260818,1186.2447
20260818,1188.2011
20260818,1187.2011
20260818,1186.2011
20260818,1185.2011
20260818,1184.2011
20260818,1183.2011
20260818,1182.2011
20260818,1181.2011
20260818,1183.0585
20260818,1185.0585
20260818,1187.0585
20260818,1186.0585
20260818,1185.0585
20260818,1184.0585
20260819,1183.0585
20260819,1182.0585
20260819,1184.0585
20260819,1183.0585
20260819,1182.0585
20260819,1181.0585
20260819,1180.0585
20260819,1181.5664
20260819,1180.5664
20260819,1179.5664
20260819,1178.5664
20260819,1177.5664
20260819,1176.5664
20260819,1175.5664
20260819,1174.5664
20260819,1176.5268
20260819,1175.5268
20260819,1177.7916
20260819,1176.7916
20260819,1175.7916
20260819,1174.7916
20260819,1173.7916
20260819,1172.7916
20260819,1173.7037
20260819,1175.5265
20260819,1174.5265
20260819,1173.5265
20260819,1172.5265
20260819,1174.4257
20260819,1173.4257
20260819,1172.4257
20260819,1174.4257
20260820,1173.4257
20260820,1175.4257
20260820,1177.079
20260820,1179.1199
20260820,1181.0244
20260820,1180.0244
20260820,1179.0244
20260820,1178.0244
20260820,1177.0244
20260820,1176.0244
20260820,1175.0244
20260820,1174.0244
20260820,1176.0244
20260820,1177.8933
20260820,1176.8933
20260820,1175.8933
20260820,1174.8933
20260820,1173.8933
20260820,1172.8933
20260820,1171.8933
20260820,1170.8933
20260820,1169.8933
20260820,1168.8933
20260820,1167.8813
20260820,1169.8813
20260820,1171.9641
20260820,1174.5121
20260820,1173.5121
20260820,1172.5121
20260820,1171.5121
20260820,1173.9736
20260820,1172.9736
20260821,1174.5267
20260821,1173.5267
20260821,1175.5267
20260821,1177.7516
20260821,1176.7516
20260821,1175.7516
20260821,1174.7516
20260821,1177.0092
20260821,1176.0092
20260821,1175.0092
20260821,1174.0092
20260821,1176.6379
20260821,1175.6379
20260821,1174.6379
20260821,1173.6379
20260821,1177.5973
20260821,1176.5973
20260821,1175.5973
20260821,1174.5973
20260821,1175.3846
20260821,1177.3038
20260821,1176.3038
20260821,1175.3038
20260821,1177.3495
20260821,1176.3495
20260821,1178.3039
20260821,1179.6429
20260821,1181.2914
20260821,1183.1598
20260821,1182.1598
20260821,1184.1598
20260821,1183.1598
20260824,1185.126
20260824,1187.0346
20260824,1189.0367
20260824,1190.7774
20260824,1192.9346
20260824,1191.9346
20260824,1190.9346
20260824,1192.7454
20260824,1191.7454
20260824,1193.8638
20260824,1195.2828
20260824,1194.2828
20260824,1193.2828
20260824,1192.2828
20260824,1191.2828
20260824,1190.2828
20260824,1193.0932
20260824,1194.672
20260824,1193.672
20260824,1195.6252
20260824,1194.6252
20260824,1196.3678
20260824,1195.3678
20260824,1194.3678
20260824,1193.3678
20260824,1192.3678
20260824,1194.3678
20260824,1193.3678
20260824,1195.3848
20260824,1197.607
20260824,1196.607
20260824,1198.0195
20260825,1197.0195
20260825,1196.0195
20260825,1195.0195
20260825,1197.0195
20260825,1196.0195
20260825,1195.0195
20260825,1197.4897
20260825,1196.4897
20260825,1198.823
20260825,1197.823
20260825,1199.4191
20260825,1200.378
20260825,1199.378
20260825,1201.9194
20260825,1200.9194
20260825,1199.9194
20260825,1198.9194
20260825,1197.9194
20260825,1196.9194
20260825,1199.04
20260825,1200.7501
20260825,1199.7501
20260825,1198.7501
20260825,1197.7501
20260825,1196.7501
20260825,1195.7501
20260825,1194.7501
20260825,1193.7501
20260825,1195.1539
20260825,1194.1539
20260825,1196.8251
20260825,1195.8251
20260826,1194.8251
20260826,1197.9431
20260826,1198.4535
20260826,1200.4535
20260826,1199.4535
20260826,1201.2635
20260826,1200.2635
20260826,1202.2635
20260826,1201.2635
20260826,1203.714
20260826,1202.714
20260826,1201.714
20260826,1200.714
20260826,1199.714
20260826,1198.714
20260826,1197.714
20260826,1199.714
20260826,1198.714
20260826,1201.6592
20260826,1200.6592
20260826,1203.1675
20260826,1204.3377
20260826,1203.3377
20260826,1202.3377
20260826,1201.3377
20260826,1203.3377
20260826,1202.3377
20260826,1203.9104
20260826,1202.9104
20260826,1204.9104
20260826,1203.7882
20260826,1202.7882
20260827,1201.7882
20260827,1203.7569
20260827,1202.7569
20260827,1201.7569
20260827,1203.4763
20260827,1202.4763
20260827,1204.4763
20260827,1206.4313
20260827,1205.4137
20260827,1207.4928
20260827,1209.4738
20260827,1208.4738
20260827,1207.4738
20260827,1209.6272
20260827,1208.6272
20260827,1207.6272
20260827,1206.6272
20260827,1205.6272
20260827,1208.54
20260827,1207.54
20260827,1209.6611
20260827,1208.6611
20260827,1207.6611
20260827,1206.6611
20260827,1205.6611
20260827,1204.6611
20260827,1206.9853
20260827,1209.9722
20260827,1208.9722
20260827,1207.9722
20260827,1206.9722
20260827,1208.8244
20260828,1210.7555
20260828,1209.7555
20260828,1208.7555
20260828,1207.7555
20260828,1206.7555
20260828,1208.9318
20260828,1207.9318
20260828,1209.9305
20260828,1208.9305
20260828,1210.7624
20260828,1212.5871
20260828,1211.5871
20260828,1210.5871
20260828,1212.6662
20260828,1214.7562
20260828,1216.6398
20260828,1218.3194
20260828,1220.3198
20260828,1222.2109
20260828,1224.2109
20260828,1223.2109
20260828,1222.2109
20260828,1221.2109
20260828,1220.2109
20260828,1219.2109
20260828,1221.4491
20260828,1223.4491
20260828,1222.4491
20260828,1221.3759
20260828,1220.2537
20260828,1219.2537
20260828,1218.2537