day,equity,daily_return,exposure_ratio
20120103,98922.82,-0.010772,3.3340
20120104,97940.46,-0.009931,4.0000
20120105,100786.17,0.029056,2.5791
20120106,99740.56,-0.010374,1.5957
20120109,98669.59,-0.010738,3.1551
20120110,97969.49,-0.007095,4.0000
20120111,97969.49,0.000000,0.0000
20120112,97226.51,-0.007584,4.0000
20120113,96175.52,-0.010810,3.4923
20120117,95131.82,-0.010852,3.7160
20120118,95131.82,0.000000,0.0000
20120119,94121.61,-0.010619,2.7052
20120120,93273.48,-0.009011,4.0000
20120123,92256.75,-0.010901,3.9603
20120124,91262.19,-0.010780,3.4034
20120125,90288.70,-0.010667,2.9254
20120126,89320.33,-0.010725,3.2107
20120127,91045.77,0.019318,2.4878
20120130,90096.10,-0.010431,4.0000
20120131,89138.98,-0.010623,2.7703
20120201,88441.30,-0.007827,4.0000
20120202,87539.33,-0.010199,4.0000
20120203,86593.93,-0.010800,3.6052
20120206,85812.09,-0.009029,4.0000
20120207,84890.83,-0.010736,3.3202
20120208,84290.41,-0.007073,4.0000
20120209,85626.28,0.015848,3.3342
20120210,84701.89,-0.010796,3.5634
20120213,84408.21,-0.003467,2.9611
20120214,84408.21,0.000000,0.0000
20120215,88711.76,0.050985,4.0000
20120216,87750.92,-0.010831,3.7363
20120217,89010.71,0.014356,3.8061
20120221,88079.21,-0.010465,4.0000
20120222,87133.85,-0.010733,3.3119
20120223,86198.67,-0.010733,3.2871
20120224,85264.44,-0.010838,3.7903
20120227,84363.04,-0.010572,2.5645
20120228,83517.57,-0.010022,4.0000
20120229,82844.80,-0.008055,4.0000
20120301,81962.34,-0.010652,2.9349
20120302,81172.92,-0.009631,4.0000
20120305,80294.36,-0.010823,4.0000
20120306,80294.36,0.000000,0.0000
20120307,79537.79,-0.009422,4.0000
20120308,78673.60,-0.010865,3.8544
20120309,82355.81,0.046804,4.0000
20120312,82482.30,0.001536,2.2756
20120313,81588.63,-0.010835,3.7528
20120314,80973.40,-0.007541,4.0000
20120315,80101.65,-0.010766,3.4511
20120316,80615.68,0.006417,4.0000
20120319,80005.72,-0.007566,4.0000
20120320,79208.54,-0.009964,4.0000
20120321,78349.97,-0.010839,3.8030
20120322,77497.92,-0.010875,3.9358
20120323,76666.09,-0.010734,3.2961
20120326,77913.88,0.016276,3.2352
20120327,77077.91,-0.010729,4.0000
20120328,76318.35,-0.009854,4.0000
20120329,75594.43,-0.009485,4.0000
20120330,77406.49,0.023971,3.8189
20120402,76564.53,-0.010877,3.9598
20120403,75754.73,-0.010577,2.6360
20120404,75913.78,0.002100,2.0600
20120405,75182.26,-0.009636,4.0000
20120409,74373.58,-0.010756,3.3714
20120410,73571.11,-0.010790,3.5181
20120411,73064.81,-0.006882,4.0000
20120412,76657.95,0.049177,4.0000
20120413,78816.92,0.028164,3.6782
20120416,77971.58,-0.010725,3.2308
20120417,78300.80,0.004222,2.0785
20120418,77473.36,-0.010567,2.5201
20120419,76665.19,-0.010432,1.9132
20120420,75859.95,-0.010503,2.2510
20120423,75048.69,-0.010694,3.0531
20120424,74230.22,-0.010906,3.9959
20120425,73451.48,-0.010491,2.2020
20120426,75238.80,0.024333,3.2675
20120427,74433.38,-0.010705,3.1654
20120430,75968.13,0.020619,2.9504
20120501,75152.83,-0.010732,3.2809
20120502,74338.94,-0.010830,3.7025
20120503,76826.36,0.033461,3.1571
20120504,78495.06,0.021720,2.3617
20120507,77645.66,-0.010821,3.6097
20120508,76805.48,-0.010821,3.6075
20120509,75984.37,-0.010691,3.0394
20120510,75164.79,-0.010786,3.4837
20120511,75515.32,0.004663,2.7341
20120514,74730.15,-0.010397,1.7510
20120515,73931.33,-0.010689,3.0252
20120516,73125.52,-0.010899,3.9491
20120517,77116.40,0.054576,2.5882
20120518,76296.53,-0.010632,2.7237
20120521,75542.21,-0.009887,4.0000
20120522,74967.30,-0.007610,4.0000
20120523,74179.86,-0.010504,2.1709
20120524,73377.90,-0.010811,3.5060
20120525,72599.04,-0.010614,2.6565
20120529,71837.04,-0.010496,2.1549
20120530,73327.70,0.020751,2.9798
20120531,72652.71,-0.009205,4.0000
20120601,71905.68,-0.010282,1.2126
20120604,71138.01,-0.010676,2.8858
20120605,73626.59,0.034982,2.3920
20120606,73626.59,0.000000,0.0000
20120607,79550.15,0.080454,4.0000
20120608,78719.45,-0.010442,1.8992
20120611,81695.65,0.037808,1.3986
20120612,80844.39,-0.010420,1.8145
20120613,79986.44,-0.010612,2.6359
20120614,79146.17,-0.010505,2.1643
20120615,78290.55,-0.010811,3.5016
20120618,78290.55,0.000000,0.0000
20120619,81472.10,0.040638,3.7433
20120620,80606.79,-0.010621,2.7255
20120621,79734.75,-0.010818,3.6046
20120622,78889.95,-0.010595,2.5813
20120625,78057.23,-0.010555,2.3961
20120626,77227.12,-0.010635,2.7343
20120627,76399.27,-0.010720,4.0000
20120628,75573.19,-0.010813,3.5220
20120629,74782.57,-0.010462,2.0286
20120702,73975.72,-0.010789,3.4970
20120703,73512.21,-0.006266,4.0000
20120705,72729.08,-0.010653,2.9263
20120706,72932.81,0.002801,3.5342
20120709,72932.81,0.000000,0.0000
20120710,72225.51,-0.009698,4.0000
20120711,71454.87,-0.010670,2.9562
20120712,70697.50,-0.010599,2.6252
20120713,72332.88,0.023132,3.6361
20120716,71692.37,-0.008855,4.0000
20120717,71097.97,-0.008291,4.0000
20120718,72227.61,0.015888,3.2179
20120719,71442.68,-0.010867,3.8784
20120720,70772.23,-0.009384,4.0000
20120723,70024.96,-0.010559,2.4308
20120724,72242.34,0.031666,2.5237
20120725,71466.14,-0.010744,3.2470
20120726,71466.14,0.000000,0.0000
20120727,70690.31,-0.010856,3.7361
20120730,70690.31,0.000000,0.0000
20120731,69955.21,-0.010399,1.7662
20120801,73646.28,0.052763,2.5560
20120802,72847.30,-0.010849,3.6831
20120803,72115.33,-0.010048,4.0000
20120806,73668.83,0.021542,4.0000
20120807,72876.44,-0.010756,3.3496
20120808,73257.01,0.005222,4.0000
20120809,74372.93,0.015233,4.0000
20120810,73640.99,-0.009841,4.0000
20120813,73640.99,0.000000,0.0000
20120814,75042.28,0.019029,2.8826
20120815,76668.47,0.021670,2.7642
20120816,78789.50,0.027665,3.1146
20120817,78789.50,0.000000,0.0000
20120820,78146.45,-0.008162,4.0000
20120821,77321.77,-0.010553,4.0000
20120822,76505.82,-0.010553,2.4688
20120823,76967.56,0.006035,2.8038
20120824,76138.07,-0.010777,4.0000
20120827,75325.77,-0.010669,4.0000
20120828,75325.77,0.000000,0.0000
20120829,75325.77,0.000000,0.0000
20120830,75601.46,0.003660,2.8939
20120831,75744.04,0.001886,2.4013
20120904,77137.37,0.018395,2.4839
20120905,76315.52,-0.010654,2.9590
20120906,77841.36,0.019994,2.3861
20120907,77072.31,-0.009880,4.0000
20120910,76423.94,-0.008412,4.0000
20120911,76617.62,0.002534,4.0000
20120912,76287.98,-0.004302,3.3972
20120913,75472.62,-0.010688,3.1431
20120914,76327.00,0.011320,3.3289
20120917,75698.08,-0.008240,4.0000
20120918,74879.56,-0.010813,3.7440
20120919,74080.78,-0.010668,3.0754
20120920,73286.89,-0.010717,3.2850
20120921,72579.73,-0.009649,4.0000
20120924,72042.04,-0.007408,4.0000
20120925,71308.45,-0.010183,4.0000
20120926,73396.70,0.029285,4.0000
20120927,72739.64,-0.008952,4.0000
20120928,71965.87,-0.010637,2.8965
20121001,71216.74,-0.010410,1.8750
20121002,71713.37,0.006973,3.3813
20121003,71176.90,-0.007481,4.0000
20121004,70415.96,-0.010691,3.1435
20121005,69665.17,-0.010662,3.0416
20121008,69665.17,0.000000,0.0000
20121009,69192.35,-0.006787,4.0000
20121010,68702.01,-0.007086,4.0000
20121011,68051.32,-0.009471,4.0000
20121012,67372.38,-0.009977,4.0000
20121015,66795.50,-0.008563,4.0000
20121016,66068.82,-0.010879,3.9810
20121017,65357.27,-0.010770,3.4928
20121018,64927.64,-0.006573,4.0000
20121019,66847.22,0.029565,3.1991
20121022,66126.68,-0.010779,3.5106
20121023,65485.87,-0.009691,4.0000
20121024,65485.87,0.000000,0.0000
20121025,64789.70,-0.010631,2.8492
20121026,64229.57,-0.008645,4.0000
20121031,63551.85,-0.010551,2.4773
20121101,64393.07,0.013237,1.9593
20121102,67283.28,0.044884,2.6809
20121105,66559.29,-0.010760,3.4140
20121106,66019.83,-0.008105,4.0000
20121107,68108.82,0.031642,3.4058
20121108,67613.20,-0.007277,4.0000
20121109,68474.90,0.012745,2.8420
20121112,68474.90,0.000000,0.0000
20121113,68474.90,0.000000,0.0000
20121114,68474.90,0.000000,0.0000
20121115,67739.15,-0.010745,3.2519
20121116,67033.75,-0.010414,1.7866
20121119,67033.75,0.000000,0.0000
20121120,66332.47,-0.010462,2.0273
20121121,65614.60,-0.010822,3.6476
20121123,66590.96,0.014880,3.1063
20121126,66006.71,-0.008774,4.0000
20121127,66006.71,0.000000,0.0000
20121128,65393.92,-0.009284,4.0000
20121129,64695.63,-0.010678,3.0646
20121130,64990.11,0.004552,4.0000
20121203,66655.13,0.025620,3.9640
20121204,65930.28,-0.010875,3.9335
20121205,65213.20,-0.010876,3.9515
20121206,64515.15,-0.010704,3.1784
20121207,64920.93,0.006290,3.6069
20121210,64317.96,-0.009288,4.0000
20121211,63833.42,-0.007533,4.0000
20121212,63147.88,-0.010740,3.3591
20121213,62641.13,-0.008025,4.0000
20121214,62225.57,-0.006634,4.0000
20121217,62225.57,0.000000,0.0000
20121218,62225.57,0.000000,0.0000
20121219,61612.21,-0.009857,4.0000
20121220,60944.11,-0.010844,3.8471
20121221,62044.68,0.018059,2.2059
20121224,61625.63,-0.006754,4.0000
20121226,62993.04,0.022189,3.2415
20121227,62816.93,-0.002796,3.4863
20121228,62341.81,-0.007564,4.0000
20121231,62341.81,0.000000,0.0000
20130102,61665.31,-0.010852,3.9521
20130103,61217.82,-0.007257,4.0000
20130104,60569.72,-0.010587,2.7207
20130107,60102.01,-0.007722,4.0000
20130108,59638.63,-0.007710,4.0000
20130109,59837.20,0.003330,4.0000
20130110,59659.76,-0.002965,2.6575
20130111,59203.07,-0.007655,4.0000
20130114,58586.50,-0.010415,4.0000
20130115,60668.64,0.035540,4.0000
20130116,60203.86,-0.007661,4.0000
20130117,61058.89,0.014202,4.0000
20130118,61058.89,0.000000,0.0000
20130122,61058.89,0.000000,0.0000
20130123,61557.76,0.008170,4.0000
20130124,61039.55,-0.008418,4.0000
20130125,60417.97,-0.010183,4.0000
20130128,60020.13,-0.006585,4.0000
20130129,59492.37,-0.008793,4.0000
20130130,61696.22,0.037044,4.0000
20130131,61090.80,-0.009813,4.0000
20130201,60606.69,-0.007924,4.0000
20130204,59965.27,-0.010583,4.0000
20130205,59965.27,0.000000,0.0000
20130206,59965.27,0.000000,0.0000
20130207,60156.59,0.003191,4.0000
20130208,61146.70,0.016459,4.0000
20130211,60881.82,-0.004332,4.0000
20130212,61342.15,0.007561,4.0000
20130213,60863.02,-0.007811,4.0000
20130214,61934.53,0.017605,4.0000
20130215,61345.66,-0.009508,4.0000
20130219,62736.90,0.022679,4.0000
20130220,67407.32,0.074445,4.0000
20130221,66687.16,-0.010684,3.2435
20130222,65967.18,-0.010796,3.7906
20130225,72702.36,0.102099,4.0000
20130226,72188.29,-0.007071,4.0000
20130227,73917.08,0.023948,3.1007
20130228,73917.08,0.000000,0.0000
20130301,73132.47,-0.010615,2.9004
20130304,72622.97,-0.006967,4.0000
20130305,73260.89,0.008784,2.9726
20130306,72694.46,-0.007732,4.0000
20130307,72321.72,-0.005128,4.0000
20130308,71542.31,-0.010777,3.7490
20130311,71239.91,-0.004227,4.0000
20130312,70755.74,-0.006796,4.0000
20130313,70215.70,-0.007633,4.0000
20130314,70215.70,0.000000,0.0000
20130315,69685.44,-0.007552,4.0000
20130318,70499.08,0.011676,3.7659
20130319,70054.57,-0.006305,4.0000
20130320,69552.75,-0.007163,4.0000
20130321,68803.12,-0.010778,3.7798
20130322,68803.12,0.000000,0.0000
20130325,68310.16,-0.007165,4.0000
20130326,67965.64,-0.005044,4.0000
20130327,67518.90,-0.006573,4.0000
20130328,66992.86,-0.007791,2.9609
20130401,66485.26,-0.007577,4.0000
20130402,65768.78,-0.010777,3.7656
20130403,70365.77,0.069896,4.0000
20130404,69753.23,-0.008705,4.0000
20130405,68997.89,-0.010829,3.9302
20130408,68281.14,-0.010388,4.0000
20130409,67858.26,-0.006193,4.0000
20130410,70819.22,0.043635,3.5776
20130411,70819.22,0.000000,0.0000
20130412,70249.49,-0.008045,4.0000
20130415,78778.79,0.121414,4.0000
20130416,77942.31,-0.010618,2.9349
20130417,77124.08,-0.010498,4.0000
20130418,76309.05,-0.010568,4.0000
20130419,75514.37,-0.010414,1.9505
20130422,74712.58,-0.010618,2.9318
20130423,73509.43,-0.016104,4.0000
20130424,72727.13,-0.010642,3.0901
20130425,73449.89,0.009938,4.0000
20130426,72853.91,-0.008114,4.0000
20130429,72076.65,-0.010669,3.2210
20130430,71372.97,-0.009763,4.0000
20130501,70583.85,-0.011056,4.0000
20130502,72660.15,0.029416,3.3107
20130503,73100.16,0.006056,3.7922
20130506,73986.34,0.012123,3.2825
20130507,73308.69,-0.009159,4.0000
20130508,72699.31,-0.008312,4.0000
20130509,72158.40,-0.007440,4.0000
20130510,73748.83,0.022041,4.0000
20130513,73080.77,-0.009059,4.0000
20130514,74750.46,0.022847,3.0417
20130515,74171.45,-0.007746,4.0000
20130516,73748.75,-0.005699,4.0000
20130517,73016.62,-0.009927,4.0000
20130520,73695.90,0.009303,4.0000
20130521,72925.13,-0.010459,4.0000
20130522,72455.61,-0.006438,4.0000
20130523,74155.27,0.023458,2.6599
20130524,73364.53,-0.010663,4.0000
20130528,72744.39,-0.008453,4.0000
20130529,72037.55,-0.009717,4.0000
20130530,72037.55,0.000000,0.0000
20130531,71266.10,-0.010709,3.5063
20130603,70517.25,-0.010508,2.5231
20130604,69780.25,-0.010451,2.2496
20130605,69045.15,-0.010534,2.6301
20130606,68313.59,-0.010595,2.9303
20130607,67598.98,-0.010461,2.2704
20130610,66887.63,-0.010523,2.5885
20130611,66197.67,-0.010315,1.5477
20130612,69373.71,0.047978,3.3880
20130613,68643.03,-0.010533,2.6103
20130614,67946.40,-0.010149,4.0000
20130617,67218.68,-0.010710,3.5177
20130618,66538.73,-0.010115,4.0000
20130619,69611.00,0.046173,3.8254
20130620,68873.31,-0.010597,2.9288
20130621,68152.47,-0.010466,2.2888
20130624,67440.01,-0.010454,2.2014
20130625,66712.73,-0.010784,3.8238
20130626,67569.91,0.012849,3.8608
20130627,69293.19,0.025504,3.5269
20130628,68667.50,-0.009030,4.0000
20130701,68936.14,0.003912,1.5360
20130702,68320.03,-0.008938,4.0000
20130703,68320.03,0.000000,0.0000
20130705,67607.20,-0.010434,2.1526
20130708,67147.67,-0.006797,4.0000
20130709,66613.73,-0.007952,4.0000
20130710,66112.79,-0.007520,4.0000
20130711,66112.79,0.000000,0.0000
20130712,66343.24,0.003486,4.0000
20130715,66558.00,0.003237,2.4023
20130716,66093.19,-0.006984,4.0000
20130717,65382.46,-0.010753,3.8244
20130718,64926.40,-0.006975,4.0000
20130719,64274.61,-0.010039,4.0000
20130722,63631.19,-0.010011,4.0000
20130723,63191.58,-0.006909,4.0000
20130724,65178.69,0.031446,3.1667
20130725,67591.80,0.037023,4.0000
20130726,67121.05,-0.006965,4.0000
20130729,66551.19,-0.008490,4.0000
20130730,66551.19,0.000000,0.0000
20130731,65837.32,-0.010727,3.7111
20130801,65145.33,-0.010511,2.6200
20130802,66037.88,0.013701,4.0000
20130805,65657.90,-0.005754,4.0000
20130806,65206.36,-0.006877,4.0000
20130807,64627.73,-0.008874,4.0000
20130808,64105.74,-0.008077,4.0000
20130809,63537.38,-0.008866,4.0000
20130812,65965.22,0.038211,4.0000
20130813,65816.71,-0.002251,3.8607
20130814,65816.71,0.000000,0.0000
20130815,65225.36,-0.008985,4.0000
20130816,64789.24,-0.006686,4.0000
20130819,66706.47,0.029592,3.8975
20130820,69932.55,0.048362,4.0000
20130821,69189.59,-0.010624,4.0000
20130822,71631.21,0.035289,4.0000
20130823,70869.45,-0.010634,3.2127
20130826,70109.33,-0.010726,3.6794
20130827,69366.65,-0.010593,3.0017
20130828,69696.38,0.004753,4.0000
20130829,71628.50,0.027722,3.2608
20130830,74537.74,0.040616,3.2791
20130903,73758.95,-0.010448,2.2722
20130904,73027.94,-0.009911,4.0000
20130905,72426.14,-0.008241,4.0000
20130906,71746.57,-0.009383,4.0000
20130909,74617.87,0.040020,4.0000
20130910,73833.56,-0.010511,2.6032
20130911,73125.52,-0.009590,4.0000
20130912,74601.82,0.020189,4.0000
20130913,73804.99,-0.010681,3.4720
20130916,76172.90,0.032083,4.0000
20130917,78486.01,0.030367,4.0000
20130918,78082.45,-0.005142,4.0000
20130919,79009.85,0.011877,4.0000
20130920,78385.86,-0.007898,4.0000
20130923,77881.99,-0.006428,4.0000
20130924,77204.01,-0.008705,4.0000
20130925,76563.33,-0.008298,4.0000
20130926,75743.25,-0.010711,3.6818
20130927,75764.45,0.000280,3.4289
20130930,78009.50,0.029632,3.0121
20131001,79248.13,0.015878,1.9788
20131002,78446.32,-0.010118,4.0000
20131003,77842.92,-0.007692,4.0000
20131004,77842.92,0.000000,0.0000
20131007,77840.04,-0.000037,3.4046
20131008,77263.55,-0.007406,4.0000
20131009,78418.68,0.014951,3.7117
20131010,81489.98,0.039165,4.0000
20131011,86652.39,0.063350,4.0000
20131014,89816.93,0.036520,4.0000
20131015,88876.36,-0.010472,2.4423
20131016,88179.61,-0.007839,4.0000
20131017,92282.42,0.046528,4.0000
20131018,91403.79,-0.009521,4.0000
20131021,90737.68,-0.007287,4.0000
20131022,90174.81,-0.006203,4.0000
20131023,90174.81,0.000000,0.0000
20131024,91243.48,0.011851,4.0000
20131025,91243.48,0.000000,0.0000
20131028,90446.90,-0.008730,4.0000
20131029,89758.01,-0.007617,4.0000
20131030,94395.97,0.051672,4.0000
20131031,93424.79,-0.010288,4.0000
20131101,93695.37,0.002896,1.8744
20131104,93140.38,-0.005923,4.0000
20131105,92180.09,-0.010310,4.0000
20131106,93811.35,0.017696,2.4373
20131107,92807.88,-0.010697,3.6343
20131108,96533.54,0.040144,2.9875
20131111,95501.13,-0.010695,3.6151
20131112,94793.48,-0.007410,4.0000
20131113,100186.55,0.056893,3.8770
20131114,100186.55,0.000000,0.0000
20131115,99380.40,-0.008047,4.0000
20131118,103163.52,0.038067,4.0000
20131119,102220.61,-0.009140,4.0000
20131120,101122.02,-0.010747,3.9033
20131121,105549.50,0.043784,3.6539
20131122,104636.83,-0.008647,4.0000
20131125,104031.35,-0.005786,4.0000
20131126,103242.97,-0.007578,4.0000
20131127,103242.97,0.000000,0.0000
20131129,102361.64,-0.008536,4.0000
20131202,106320.91,0.038679,4.0000
20131203,105327.64,-0.009342,4.0000
20131204,105327.64,0.000000,0.0000
20131205,104526.17,-0.007609,4.0000
20131206,103664.33,-0.008245,4.0000
20131209,102992.88,-0.006477,4.0000
20131210,102432.76,-0.005438,4.0000
20131211,108327.83,0.057551,3.9579
20131212,107728.34,-0.005534,4.0000
20131213,106626.82,-0.010225,4.0000
20131216,105502.22,-0.010547,4.0000
20131217,104379.82,-0.010639,3.3562
20131218,103471.08,-0.008706,4.0000
20131219,105227.18,0.016972,4.0000
20131220,108357.40,0.029747,2.4940
20131223,107358.04,-0.009223,4.0000
20131224,106749.48,-0.005669,4.0000
20131226,106037.30,-0.006671,4.0000
20131227,106911.83,0.008247,3.7050
20131230,106008.45,-0.008450,4.0000
20131231,105152.83,-0.008071,4.0000
20140102,106331.18,0.011206,2.4847
20140103,105427.58,-0.008498,4.0000
20140106,108641.21,0.030482,3.1351
20140107,109884.38,0.011443,4.0000
20140108,108716.41,-0.010629,3.3522
20140109,107950.86,-0.007042,4.0000
20140110,107112.53,-0.007766,4.0000
20140113,107112.53,0.000000,0.0000
20140114,109710.15,0.024251,4.0000
20140115,111366.33,0.015096,4.0000
20140116,110702.17,-0.005964,4.0000
20140117,110080.17,-0.005619,4.0000
20140121,109501.96,-0.005253,4.0000
20140122,108814.47,-0.006278,4.0000
20140123,109100.68,0.002630,3.9941
20140124,114554.02,0.049984,3.1052
20140127,118396.54,0.033543,2.4576
20140128,121892.08,0.029524,4.0000
20140129,120581.36,-0.010753,3.9854
20140130,119539.04,-0.008644,4.0000
20140131,120350.27,0.006786,1.9563
20140203,130168.08,0.081577,3.0109
20140204,128965.66,-0.009237,4.0000
20140205,129253.12,0.002229,2.4658
20140206,130575.67,0.010232,3.5110
20140207,129210.52,-0.010455,2.3895
20140210,127840.82,-0.010601,3.1466
20140211,126478.39,-0.010657,3.4683
20140212,125207.70,-0.010047,4.0000
20140213,131785.06,0.052532,2.7858
20140214,130382.10,-0.010646,4.0000
20140218,129004.26,-0.010568,4.0000
20140219,127780.29,-0.009488,4.0000
20140220,126444.44,-0.010454,2.4316
20140221,125207.43,-0.009783,4.0000
20140224,125982.50,0.006190,2.2726
20140225,124718.14,-0.010036,4.0000
20140226,123397.26,-0.010591,3.1924
20140227,122245.79,-0.009331,4.0000
20140228,121320.01,-0.007573,4.0000
20140303,120019.70,-0.010718,3.8547
20140304,122730.56,0.022587,2.3188
20140305,121483.02,-0.010165,4.0000
20140306,122438.80,0.007868,4.0000
20140307,122901.26,0.003777,2.0962
20140310,122098.07,-0.006535,3.8186
20140311,121304.42,-0.006500,4.0000
20140312,120013.09,-0.010645,3.4940
20140313,126471.17,0.053811,4.0000
20140314,127465.37,0.007861,2.3817
20140317,126287.24,-0.009243,4.0000
20140318,126287.24,0.000000,0.0000
20140319,125086.73,-0.009506,4.0000
20140320,124059.04,-0.008216,4.0000
20140321,122966.37,-0.008808,4.0000
20140324,129939.17,0.056705,4.0000
20140325,128595.72,-0.010339,1.8426
20140326,134820.00,0.048402,2.2897
20140327,133534.95,-0.009532,4.0000
20140328,133534.95,0.000000,0.0000
20140331,132112.92,-0.010649,3.4644
20140401,134858.91,0.020785,2.7748
20140402,133442.14,-0.010506,2.7295
20140403,132522.72,-0.006890,4.0000
20140404,140921.97,0.063380,2.3920
20140407,139620.85,-0.009233,4.0000
20140408,138170.79,-0.010386,2.0531
20140409,136723.47,-0.010475,2.5231
20140410,144804.06,0.059102,2.4844
20140411,143283.41,-0.010501,2.6299
20140414,141781.78,-0.010480,2.5241
20140415,140278.72,-0.010601,3.1540
20140416,138803.70,-0.010515,2.7276
20140417,137334.27,-0.010586,3.1054
20140421,135863.77,-0.010707,3.7449
20140422,138774.61,0.021425,3.6588
20140423,137448.57,-0.009555,4.0000
20140424,140174.74,0.019834,3.3485
20140425,144771.49,0.032793,3.0391
20140428,143258.61,-0.010450,2.3692
20140429,141773.94,-0.010364,1.9249
20140430,140277.74,-0.010553,2.8998
20140501,138824.70,-0.010358,1.8815
20140502,138824.70,0.000000,0.0000
20140505,137382.26,-0.010390,2.0456
20140506,136086.07,-0.009435,4.0000
20140507,136086.07,0.000000,0.0000
20140508,137193.01,0.008134,1.9873
20140509,135757.62,-0.010463,2.4178
20140512,142196.23,0.047427,3.2500
20140513,140691.87,-0.010579,3.0740
20140514,144046.93,0.023847,2.5678
20140515,143541.33,-0.003510,2.3596
20140516,142031.08,-0.010521,2.7091
20140519,142031.08,0.000000,0.0000
20140520,145765.47,0.026293,2.8162
20140521,144215.39,-0.010634,4.0000
20140522,142680.70,-0.010642,4.0000
20140523,145078.94,0.016808,2.0908
20140527,143522.23,-0.010730,3.8776
20140528,144135.90,0.004276,3.5211
20140529,142902.60,-0.008556,4.0000
20140530,142902.60,0.000000,0.0000
20140602,145676.54,0.019411,4.0000
20140603,144136.66,-0.010571,3.0007
20140604,146652.23,0.017453,2.7160
20140605,145101.73,-0.010573,3.0431
20140606,147444.55,0.016146,3.8274
20140609,150160.84,0.018422,2.7533
20140610,148572.96,-0.010575,3.1007
20140611,146984.16,-0.010694,3.7180
20140612,145426.57,-0.010597,3.1940
20140613,143868.28,-0.010715,3.8270
20140616,142355.27,-0.010517,4.0000
20140617,142355.27,0.000000,0.0000
20140618,140972.60,-0.009713,4.0000
20140619,141567.09,0.004217,4.0000
20140620,140446.02,-0.007919,4.0000
20140623,139003.39,-0.010272,4.0000
20140624,137666.49,-0.009618,4.0000
20140625,140960.98,0.023931,2.3704
20140626,140575.31,-0.002736,3.4376
20140627,144819.79,0.030194,3.6475
20140630,144819.79,0.000000,0.0000
20140701,145326.24,0.003497,1.8961
20140702,143807.60,-0.010450,4.0000
20140703,142274.47,-0.010661,3.6076
20140707,146412.93,0.029088,2.7561
20140708,148080.37,0.011389,1.9141
20140709,146523.51,-0.010514,2.7743
20140710,148336.35,0.012372,2.0044
20140711,146767.15,-0.010579,3.1050
20140714,147181.07,0.002820,1.9586
20140715,145600.46,-0.010739,3.9732
20140716,148475.92,0.019749,4.0000
20140717,146927.97,-0.010426,2.2719
20140718,150941.15,0.027314,2.3962
20140721,149334.41,-0.010645,3.4198
20140722,149781.02,0.002991,2.9271
20140723,148172.69,-0.010738,3.9378
20140724,146588.66,-0.010690,3.7045
20140725,145042.68,-0.010546,2.8984
20140728,146191.06,0.007917,2.5131
20140729,144634.96,-0.010644,3.4143
20140730,143454.24,-0.008163,4.0000
20140731,141960.12,-0.010415,2.2066
20140801,140455.22,-0.010601,3.1709
20140804,138948.78,-0.010725,3.8088
20140805,137491.21,-0.010490,2.5703
20140806,141596.76,0.029860,4.0000
20140807,140273.28,-0.009347,4.0000
20140808,138902.48,-0.009772,4.0000
20140811,137805.24,-0.007899,4.0000
20140812,136335.92,-0.010662,3.5209
20140813,135262.69,-0.007872,4.0000
20140814,134012.46,-0.009243,4.0000
20140815,137707.44,0.027572,4.0000
20140818,136459.96,-0.009059,4.0000
20140819,136570.75,0.000812,3.4805
20140820,135175.19,-0.010219,4.0000
20140821,133728.20,-0.010705,4.0000
20140822,132434.29,-0.009676,4.0000
20140825,131011.85,-0.010741,3.9674
20140826,134566.24,0.027130,4.0000
20140827,135887.24,0.009817,4.0000
20140828,134437.06,-0.010672,3.5994
20140829,133495.12,-0.007007,4.0000
20140902,132173.70,-0.009899,4.0000
20140903,136747.61,0.034605,4.0000
20140904,136747.61,0.000000,0.0000
20140905,135455.75,-0.009447,4.0000
20140908,134369.81,-0.008017,4.0000
20140909,136209.91,0.013694,2.3104
20140910,134967.95,-0.009118,4.0000
20140911,138577.49,0.026744,2.9514
20140912,142851.66,0.030843,4.0000
20140915,145226.55,0.016625,2.3380
20140916,143674.65,-0.010686,3.6594
20140917,142206.58,-0.010218,4.0000
20140918,140682.93,-0.010714,3.8164
20140919,148086.69,0.052627,3.8337
20140922,151087.55,0.020264,3.0475
20140923,149502.46,-0.010491,2.6031
20140924,151459.05,0.013087,3.0877
20140925,151459.05,0.000000,0.0000
20140926,151459.05,0.000000,0.0000
20140929,157066.21,0.037021,4.0000
20140930,162560.41,0.034980,2.9822
20141001,167768.60,0.032038,2.9393
20141002,165996.90,-0.010560,2.9166
20141003,164221.22,-0.010697,3.6381
20141006,170551.11,0.038545,4.0000
20141007,168757.05,-0.010519,2.6871
20141008,166949.93,-0.010708,3.6655
20141009,176302.23,0.056019,2.5176
20141010,174452.90,-0.010490,2.5074
20141013,172648.93,-0.010341,1.7518
20141014,170870.46,-0.010301,1.5514
20141015,169103.53,-0.010341,1.7320
20141016,175886.83,0.040113,1.8494
20141017,180727.40,0.027521,2.3598
20141020,183740.72,0.016673,1.6799
20141021,188166.46,0.024087,2.5396
20141022,186180.70,-0.010553,2.8978
20141023,184544.37,-0.008789,4.0000
20141024,182595.77,-0.010559,4.0000
20141027,181125.07,-0.008054,4.0000
20141028,192897.38,0.064996,2.9300
20141029,190859.98,-0.010562,2.9892
20141030,188961.11,-0.009949,4.0000
20141031,188333.14,-0.003323,2.0009
20141103,186363.35,-0.010459,2.4806
20141104,184421.08,-0.010422,2.2751
20141105,186548.24,0.011534,3.5638
20141106,184595.53,-0.010468,2.5196
20141107,182632.62,-0.010634,3.3986
20141110,180986.12,-0.009015,4.0000
20141111,180096.94,-0.004913,4.0000
20141112,185337.33,0.029098,3.6937
20141113,183745.58,-0.008588,4.0000
20141114,181962.71,-0.009703,4.0000
20141117,180042.50,-0.010553,2.9846
20141118,178227.88,-0.010079,4.0000
20141119,178557.93,0.001852,1.2795
20141120,185907.90,0.041163,3.2709
20141121,190310.00,0.023679,2.5760
20141124,188326.31,-0.010423,2.2900
20141125,186317.41,-0.010667,3.6220
20141126,184334.36,-0.010643,4.0000
20141128,189179.96,0.026287,2.4499
20141201,197755.22,0.045329,4.0000
20141202,201113.62,0.016983,2.5564
20141203,201113.62,0.000000,0.0000
20141204,198957.66,-0.010720,3.8764
20141205,199342.76,0.001936,1.9536
20141208,197218.86,-0.010655,3.5407
20141209,195275.00,-0.009856,4.0000
20141210,204487.92,0.047179,3.2464
20141211,202349.31,-0.010458,2.4738
20141212,200229.61,-0.010475,2.5497
20141215,198122.59,-0.010523,2.8103
20141216,198122.59,0.000000,0.0000
20141217,210905.45,0.064520,2.4697
20141218,208715.77,-0.010382,2.0636
20141219,206509.04,-0.010573,3.1002
20141222,204303.27,-0.010681,3.6958
20141223,205041.10,0.003611,2.7780
20141224,202850.77,-0.010682,3.7075
20141226,202850.77,0.000000,0.0000
20141229,203016.92,0.000819,3.0596
20141230,200851.83,-0.010665,3.6450
20141231,199091.86,-0.008762,4.0000
20150102,197018.61,-0.010414,2.2660
20150105,194906.01,-0.010723,3.9255
20150106,202990.70,0.041480,2.4865
20150107,200842.87,-0.010581,3.1282
20150108,206051.44,0.025934,3.4464
20150109,209546.44,0.016962,2.6201
20150112,209546.44,0.000000,0.0000
20150113,207375.04,-0.010362,1.9721
20150114,205217.11,-0.010406,2.1882
20150115,212281.67,0.034425,1.9738
20150116,217797.84,0.025985,1.6615
20150120,217797.84,0.000000,0.0000
20150121,215508.28,-0.010512,2.7405
20150122,213283.65,-0.010323,1.7281
20150123,211050.19,-0.010472,2.5626
20150126,208796.75,-0.010677,3.6548
20150127,206619.94,-0.010426,2.3114
20150128,213573.23,0.033653,1.8804
20150129,219738.36,0.028867,3.4317
20150130,217435.22,-0.010481,2.6097
20150202,215186.36,-0.010343,1.8330
20150203,216609.59,0.006614,1.2685
20150204,214296.40,-0.010679,3.6734
20150205,219469.86,0.024142,3.0363
20150206,217115.16,-0.010729,3.9690
20150209,214819.32,-0.010574,3.1353
20150210,212561.89,-0.010508,2.7595
20150211,210314.31,-0.010574,3.1295
20150212,208564.61,-0.008319,4.0000
20150213,206332.16,-0.010704,4.0000
20150217,204128.83,-0.010679,4.0000
20150218,202687.46,-0.007061,4.0000
20150219,200992.76,-0.008361,4.0000
20150220,202372.78,0.006866,3.2800
20150223,200218.29,-0.010646,4.0000
20150224,198880.21,-0.006683,4.0000
20150225,197291.54,-0.007988,4.0000
20150226,195400.76,-0.009584,4.0000
20150227,195400.76,0.000000,0.0000
20150302,200145.99,0.024285,4.0000
20150303,200897.95,0.003757,4.0000
20150304,199026.41,-0.009316,4.0000
20150305,196955.92,-0.010403,2.2095
20150306,194872.00,-0.010581,3.2002
20150309,192985.55,-0.009680,4.0000
20150310,190941.24,-0.010593,3.2328
20150311,189073.09,-0.009784,4.0000
20150312,193245.33,0.022067,3.1139
20150313,191452.59,-0.009277,4.0000
20150316,189409.57,-0.010671,3.7126
20150317,187472.83,-0.010225,4.0000
20150318,185800.72,-0.008919,4.0000
20150319,187620.84,0.009796,4.0000
20150320,189198.30,0.008408,3.4662
20150323,188146.40,-0.005560,4.0000
20150324,188146.40,0.000000,0.0000
20150325,205343.62,0.091403,4.0000
20150326,203902.41,-0.007019,4.0000
20150327,202009.68,-0.009283,4.0000
20150330,205523.21,0.017393,3.2448
20150331,203347.38,-0.010587,3.2426
20150401,201611.47,-0.008537,4.0000
20150402,201196.33,-0.002059,3.0233
20150406,207280.92,0.030242,3.8522
20150407,205075.90,-0.010638,3.5514
20150408,208061.07,0.014556,2.9541
20150409,205900.05,-0.010386,2.1582
20150410,203894.06,-0.009743,4.0000
20150413,202241.08,-0.008107,4.0000
20150414,202241.08,0.000000,0.0000
20150415,200345.03,-0.009375,4.0000
20150416,198407.77,-0.009670,4.0000
20150417,196286.58,-0.010691,4.0000
20150420,194810.34,-0.007521,4.0000
20150421,194810.34,0.000000,0.0000
20150422,193349.69,-0.007498,4.0000
20150423,191840.82,-0.007804,4.0000
20150424,193997.49,0.011242,4.0000
20150427,192798.11,-0.006182,4.0000
20150428,190731.60,-0.010719,3.9949
20150429,188748.04,-0.010400,2.2097
20150430,186753.27,-0.010568,3.1451
20150501,184810.85,-0.010401,2.2090
20150504,185158.92,0.001883,2.4112
20150505,183317.84,-0.009943,4.0000
20150506,183317.84,0.000000,0.0000
20150507,181366.05,-0.010647,3.5372
20150508,179426.91,-0.010692,3.8055
20150511,178248.02,-0.006570,1.7051
20150512,176412.82,-0.010296,1.6181
20150513,174597.88,-0.010288,1.5951
20150514,172731.02,-0.010692,3.8109
20150515,171643.50,-0.006296,4.0000
20150518,171643.50,0.000000,0.0000
20150519,169858.09,-0.010402,4.0000
20150520,168059.50,-0.010589,3.2631
20150521,166415.55,-0.009782,4.0000
20150522,164947.72,-0.008820,4.0000
20150526,164947.72,0.000000,0.0000
20150527,163225.57,-0.010441,2.4241
20150528,161481.49,-0.010685,3.8066
20150529,163187.57,0.010565,3.0894
20150601,161459.74,-0.010588,3.2555
20150602,164614.38,0.019538,4.0000
20150603,162876.25,-0.010559,3.0930
20150604,161166.50,-0.010497,2.7728
20150605,159501.83,-0.010329,1.8130
20150608,160393.48,0.005590,3.1072
20150609,161192.25,0.004980,4.0000
20150610,165546.77,0.027014,4.0000
20150611,163778.84,-0.010679,3.7971
20150612,162037.59,-0.010632,4.0000
20150615,160374.42,-0.010264,1.4578
20150616,164691.56,0.026919,4.0000
20150617,163366.55,-0.008045,4.0000
20150618,168229.05,0.029764,4.0000
20150619,167095.73,-0.006737,4.0000
20150622,167173.27,0.000464,2.4609
20150623,165950.01,-0.007317,4.0000
20150624,164632.87,-0.007937,4.0000
20150625,166325.14,0.010279,4.0000
20150626,164682.91,-0.009874,4.0000
20150629,162979.02,-0.010347,1.9431
20150630,161387.81,-0.009763,4.0000
20150701,159661.05,-0.010699,3.9047
20150702,161647.64,0.012443,2.4770
20150706,162414.60,0.004745,1.9835
20150707,160719.47,-0.010437,2.4089
20150708,159041.03,-0.010443,2.4519
20150709,157368.55,-0.010516,2.8574
20150710,156277.41,-0.006934,4.0000
20150713,158239.65,0.012556,3.8781
20150714,161489.65,0.020538,4.0000
20150715,159790.38,-0.010522,2.9230
20150716,160320.89,0.003320,4.0000
20150717,162530.76,0.013784,4.0000
20150720,164083.18,0.009552,3.1962
20150721,162903.85,-0.007187,4.0000
20150722,161164.86,-0.010675,3.7309
20150723,159440.80,-0.010697,3.8841
20150724,162925.18,0.021854,1.8865
20150727,161246.68,-0.010302,1.6464
20150728,159549.79,-0.010524,2.8562
20150729,157874.52,-0.010500,2.7480
20150730,156202.97,-0.010588,3.2174
20150731,154803.56,-0.008959,4.0000
20150803,156183.39,0.008913,2.8385
20150804,156183.39,0.000000,0.0000
20150805,154516.95,-0.010670,3.6984
20150806,163029.12,0.055089,4.0000
20150807,161309.50,-0.010548,2.9816
20150810,162387.94,0.006686,2.1504
20150811,160692.87,-0.010438,2.4025
20150812,159025.30,-0.010377,2.0452
20150813,157355.94,-0.010497,2.7220
20150814,155914.75,-0.009159,4.0000
20150817,154288.58,-0.010430,2.3359
20150818,155516.10,0.007956,2.8675
20150819,153881.76,-0.010509,2.7660
20150820,152270.12,-0.010473,2.5571
20150821,150677.92,-0.010456,2.4334
20150824,151169.45,0.003262,0.6318
20150825,154136.96,0.019630,0.7603
20150826,154756.51,0.004019,1.8975
20150827,153134.09,-0.010484,2.5606
20150828,156746.29,0.023588,2.8549
20150831,155118.83,-0.010383,2.0570
20150901,153523.06,-0.010287,1.5347
20150902,151911.87,-0.010495,2.6195
20150903,150307.54,-0.010561,2.9972
20150904,148728.65,-0.010504,2.6804
20150908,147135.47,-0.010712,3.7925
20150909,155804.66,0.058920,3.8442
20150910,157032.91,0.007883,2.2122
20150911,155804.78,-0.007821,4.0000
20150914,156614.99,0.005200,2.0121
20150915,160598.43,0.025435,3.8194
20150916,158920.47,-0.010448,2.4156
20150917,157485.86,-0.009027,4.0000
20150918,155845.86,-0.010414,2.2292
20150921,154329.06,-0.009733,4.0000
20150922,152713.99,-0.010465,2.4737
20150923,151304.52,-0.009229,4.0000
20150924,152522.79,0.008052,4.0000
20150925,158244.20,0.037512,2.1645
20150928,164289.87,0.038205,1.8705
20150929,162592.63,-0.010331,1.7127
20150930,160870.10,-0.010594,3.1014
20151001,160870.10,0.000000,0.0000
20151002,159190.30,-0.010442,2.2852
20151005,167321.32,0.051077,4.0000
20151006,165706.96,-0.009648,4.0000
20151007,163937.54,-0.010678,4.0000
20151008,162188.80,-0.010667,3.5499
20151009,160472.67,-0.010581,3.1091
20151012,160501.61,0.000180,3.0307
20151013,159203.84,-0.008086,4.0000
20151014,157540.87,-0.010446,2.3679
20151015,155970.57,-0.009968,4.0000
20151016,155842.07,-0.000824,2.8739
20151019,154219.48,-0.010412,2.2103
20151020,153081.12,-0.007381,4.0000
20151021,163384.85,0.067309,4.0000
20151022,161659.03,-0.010563,2.9973
20151023,159993.44,-0.010303,1.6157
20151026,158279.14,-0.010715,3.8424
20151027,156939.16,-0.008466,4.0000
20151028,171629.18,0.093603,4.0000
20151029,169785.30,-0.010743,3.9948
20151030,168017.60,-0.010411,2.1989
20151102,174775.75,0.040223,2.5105
20151103,173445.72,-0.007610,4.0000
20151104,171964.40,-0.008541,4.0000
20151105,170120.47,-0.010723,3.9243
20151106,168319.55,-0.010586,3.1824
20151109,170840.11,0.014975,2.0401
20151110,169036.94,-0.010555,3.0046
20151111,174853.59,0.034411,4.0000
20151112,173013.10,-0.010526,2.8194
20151113,171171.05,-0.010647,3.4621
20151116,169773.78,-0.008163,4.0000
20151117,167982.73,-0.010550,2.9314
20151118,166501.75,-0.008816,4.0000
20151119,165108.43,-0.008368,4.0000
20151120,165938.81,0.005029,4.0000
20151123,168247.10,0.013911,4.0000
20151124,167135.20,-0.006609,4.0000
20151125,170051.28,0.017447,3.1036
20151127,168543.80,-0.008865,4.0000
20151130,171953.35,0.020229,3.8387
20151201,170434.24,-0.008834,4.0000
20151202,168929.80,-0.008827,4.0000
20151203,168929.80,0.000000,0.0000
20151204,172146.48,0.019042,2.6778
20151207,178243.92,0.035420,3.1555
20151208,176400.71,-0.010341,1.8159
20151209,174539.84,-0.010549,2.9471
20151210,174539.84,0.000000,0.0000
20151211,172725.65,-0.010394,2.0836
20151214,170907.21,-0.010528,2.7965
20151215,172193.40,0.007526,1.8065
20151216,170780.32,-0.008206,4.0000
20151217,179697.41,0.052214,4.0000
20151218,177875.84,-0.010137,4.0000
20151221,175986.53,-0.010621,3.2942
20151222,174656.29,-0.007559,4.0000
20151223,178679.33,0.023034,4.0000
20151224,177227.19,-0.008127,4.0000
20151228,176649.56,-0.003259,4.0000
20151229,174786.31,-0.010548,2.9333
20151230,173069.42,-0.009823,4.0000
20151231,171531.23,-0.008888,4.0000
20160104,169907.18,-0.009468,4.0000
20160105,168085.20,-0.010723,3.7880
20160106,166301.46,-0.010612,3.1977
20160107,164537.48,-0.010607,3.1252
20160108,164537.48,0.000000,0.0000
20160111,164537.48,0.000000,0.0000
20160112,162812.23,-0.010485,2.4858
20160113,161092.02,-0.010566,2.8914
20160114,159385.83,-0.010591,2.9637
20160115,157732.69,-0.010372,1.8597
20160119,164162.35,0.040763,2.1497
20160120,162435.28,-0.010520,2.5613
20160121,160766.71,-0.010272,1.3619
20160122,159058.14,-0.010628,3.1419
20160125,157357.54,-0.010692,3.4796
20160126,158796.46,0.009144,1.2235
20160127,157088.41,-0.010756,4.0000
20160128,157088.41,0.000000,0.0000
20160129,164457.78,0.046912,1.9321
20160201,162734.07,-0.010481,2.4223
20160202,166158.47,0.021043,2.6595
20160203,167496.18,0.008051,2.7969
20160204,167495.86,-0.000002,1.2290
20160205,173961.95,0.038605,1.9988
20160208,174128.51,0.000957,1.8216
20160209,174128.51,0.000000,0.0000
20160210,172311.06,-0.010437,2.1392
20160211,170504.24,-0.010486,2.3645
20160212,168734.44,-0.010380,1.8650
20160216,166918.56,-0.010762,3.7581
20160217,168550.51,0.009777,2.2218
20160218,169497.33,0.005617,2.2514
20160219,167693.27,-0.010644,3.2199
20160222,167693.27,0.000000,0.0000
20160223,169225.24,0.009136,2.8846
20160224,167472.04,-0.010360,1.7896
20160225,165740.08,-0.010342,1.7334
20160226,163953.33,-0.010780,3.9525
20160229,162202.98,-0.010676,3.4396
20160301,160480.88,-0.010617,3.1324
20160302,158940.71,-0.009597,4.0000
20160303,158940.71,0.000000,0.0000
20160304,157290.37,-0.010383,1.9740
20160307,165890.58,0.054677,4.0000
20160308,176540.85,0.064201,3.9888
20160309,176540.85,0.000000,0.0000
20160310,174676.91,-0.010558,2.8938
20160311,181204.79,0.037371,3.3359
20160314,179851.60,-0.007468,4.0000
20160315,182804.78,0.016420,2.8840
20160316,187718.75,0.026881,3.2081
20160317,185708.10,-0.010711,3.6798
20160318,188217.07,0.013510,2.7907
20160321,186967.24,-0.006640,4.0000
20160322,185171.17,-0.009606,4.0000
20160323,195548.75,0.056043,4.0000
20160324,193515.73,-0.010396,2.0335
20160328,191563.65,-0.010087,4.0000
20160329,214300.46,0.118691,4.0000
20160330,212032.28,-0.010584,3.0613
20160331,210405.69,-0.007671,4.0000
20160401,208474.61,-0.009178,4.0000
20160404,206274.98,-0.010551,4.0000
20160405,204904.70,-0.006643,4.0000
20160406,203388.30,-0.007401,4.0000
20160407,201236.52,-0.010580,3.0361
20160408,199301.59,-0.009615,4.0000
20160411,197165.36,-0.010719,3.7519
20160412,195065.27,-0.010651,3.3876
20160413,205528.48,0.053640,3.9416
20160414,204193.31,-0.006496,4.0000
20160415,204193.31,0.000000,0.0000
20160418,204193.31,0.000000,0.0000
20160419,203023.84,-0.005727,4.0000
20160420,201356.04,-0.008215,4.0000
20160421,199229.78,-0.010560,2.9847
20160422,201853.23,0.013168,2.3817
20160425,199919.29,-0.009581,4.0000
20160426,198490.88,-0.007145,4.0000
20160427,196601.32,-0.009520,4.0000
20160428,194515.41,-0.010610,3.2422
20160429,192480.45,-0.010462,2.4596
20160502,190823.74,-0.008607,4.0000
20160503,195563.66,0.024839,4.0000
20160504,193473.68,-0.010687,3.6235
20160505,193473.68,0.000000,0.0000
20160506,191412.50,-0.010654,3.4301
20160509,189668.55,-0.009111,4.0000
20160510,188155.56,-0.007977,4.0000
20160511,186762.00,-0.007406,4.0000
20160512,185338.26,-0.007623,4.0000
20160513,183576.93,-0.009503,4.0000
20160516,186148.53,0.014008,2.2475
20160517,184250.75,-0.010195,4.0000
20160518,188328.57,0.022132,3.5097
20160519,186333.18,-0.010595,3.1130
20160520,190479.29,0.022251,2.3293
20160523,188437.58,-0.010719,3.7862
20160524,198156.37,0.051576,4.0000
20160525,198857.90,0.003540,3.4228
20160526,197163.28,-0.008522,4.0000
20160527,202898.13,0.029087,4.0000
20160531,202898.13,0.000000,0.0000
20160601,201247.52,-0.008135,4.0000
20160602,199763.71,-0.007373,4.0000
20160603,200245.19,0.002410,2.8901
20160606,206558.78,0.031529,4.0000
20160607,204844.89,-0.008297,4.0000
20160608,208991.95,0.020245,4.0000
20160609,208481.17,-0.002444,3.4409
20160610,207028.50,-0.006968,4.0000
20160613,204852.33,-0.010511,2.7529
20160614,202691.62,-0.010548,2.9318
20160615,200537.14,-0.010629,3.3547
20160616,200537.14,0.000000,0.0000
20160617,198479.99,-0.010258,4.0000
20160620,196365.91,-0.010651,3.4879
20160621,196754.61,0.001979,4.0000
20160622,195092.74,-0.008446,4.0000
20160623,193187.76,-0.009764,4.0000
20160624,192915.55,-0.001409,1.1126
20160627,202382.03,0.049071,2.7594
20160628,206421.00,0.019957,4.0000
20160629,209211.18,0.013517,2.2384
20160630,207270.88,-0.009274,4.0000
20160701,205071.41,-0.010612,3.2811
20160705,210333.34,0.025659,2.6612
20160706,214743.90,0.020969,2.4490
20160707,212487.32,-0.010508,2.7199
20160708,220167.34,0.036143,3.1949
20160711,218420.11,-0.007936,4.0000
20160712,216486.05,-0.008855,4.0000
20160713,222335.75,0.027021,3.9763
20160714,226405.76,0.018306,3.5093
20160715,225808.60,-0.002638,2.7689
20160718,223840.78,-0.008715,4.0000
20160719,222168.13,-0.007473,4.0000
20160720,219828.00,-0.010533,2.8937
20160721,217488.01,-0.010645,3.5258
20160722,216151.71,-0.006144,4.0000
20160725,213842.43,-0.010684,3.7399
20160726,211548.13,-0.010729,3.9885
20160727,209390.47,-0.010199,4.0000
20160728,208115.22,-0.006090,4.0000
20160729,206296.81,-0.008737,4.0000
20160801,204092.08,-0.010687,3.7571
20160802,214053.60,0.048809,4.0000
20160803,211775.66,-0.010642,3.4844
20160804,209538.90,-0.010562,3.0788
20160805,209538.90,0.000000,0.0000
20160808,207307.43,-0.010649,3.5824
20160809,205515.98,-0.008642,4.0000
20160810,210929.86,0.026343,4.0000
20160811,209449.33,-0.007019,4.0000
20160812,207496.67,-0.009323,4.0000
20160815,211062.47,0.017185,3.4854
20160816,214260.84,0.015154,4.0000
20160817,214648.76,0.001811,3.3720
20160818,217944.41,0.015354,3.5768
20160819,215664.27,-0.010462,2.5363
20160822,213871.20,-0.008314,4.0000
20160823,215219.19,0.006303,4.0000
20160824,213520.96,-0.007891,4.0000
20160825,215164.24,0.007696,3.2597
20160826,213217.35,-0.009048,4.0000
20160829,214497.07,0.006002,4.0000
20160830,212459.01,-0.009502,4.0000
20160831,214935.96,0.011658,4.0000
20160901,213024.42,-0.008894,4.0000
20160902,210769.29,-0.010586,3.2373
20160906,211006.30,0.001124,4.0000
20160907,215847.16,0.022942,4.0000
20160908,214224.96,-0.007515,4.0000
20160909,232653.99,0.086027,4.0000
20160912,248171.33,0.066697,4.0000
20160913,245533.10,-0.010631,3.4576
20160914,242935.05,-0.010581,3.1881
20160915,249099.49,0.025375,2.9362
20160916,246460.31,-0.010595,3.2716
20160919,243894.67,-0.010410,2.2655
20160920,250598.00,0.027484,4.0000
20160921,247938.06,-0.010614,3.3934
20160922,252248.09,0.017383,3.2691
20160923,249999.42,-0.008915,4.0000
20160926,247360.48,-0.010556,3.0828
20160927,247360.48,0.000000,0.0000
20160928,245329.79,-0.008209,4.0000
20160929,249837.78,0.018375,2.0253
20160930,253210.62,0.013500,3.8385
20161003,250522.08,-0.010618,3.4085
20161004,247852.76,-0.010655,3.6194
20161005,248695.09,0.003399,4.0000
20161006,246087.75,-0.010484,2.6681
20161007,250376.94,0.017430,2.2821
20161010,250323.24,-0.000214,1.7945
20161011,257590.13,0.029030,2.3213
20161012,254897.89,-0.010452,2.4747
20161013,252204.60,-0.010566,4.0000
20161014,257260.63,0.020047,3.5403
20161017,255347.22,-0.007438,4.0000
20161018,257221.37,0.007340,3.3474
20161019,255570.11,-0.006420,4.0000
20161020,253258.99,-0.009043,4.0000
20161021,258355.66,0.020124,4.0000
20161024,256204.95,-0.008325,4.0000
20161025,261648.19,0.021246,4.0000
20161026,258917.68,-0.010436,4.0000
20161027,271488.50,0.048551,3.9683
20161028,268695.04,-0.010289,4.0000
20161031,268695.04,0.000000,0.0000
20161101,279865.85,0.041574,3.7964
20161102,289334.58,0.033833,3.9977
20161103,289334.58,0.000000,0.0000
20161104,286269.09,-0.010595,3.1936
20161107,286269.09,0.000000,0.0000
20161108,283250.83,-0.010543,2.9355
20161109,297748.08,0.051182,1.6230
20161110,294569.68,-0.010675,3.7295
20161111,291511.97,-0.010380,2.1049
20161114,288507.74,-0.010306,1.7131
20161115,285583.97,-0.010134,4.0000
20161116,282547.84,-0.010631,3.5681
20161117,279585.08,-0.010486,2.7544
20161118,279585.08,0.000000,0.0000
20161121,276670.19,-0.010426,2.4267
20161122,273740.10,-0.010591,3.3523
20161123,270811.83,-0.010697,3.9822
20161125,268487.26,-0.008584,4.0000
20161128,279671.55,0.041657,4.0000
20161129,276761.47,-0.010405,2.3189
20161130,274371.72,-0.008635,4.0000
20161201,271497.46,-0.010476,2.6993
20161202,269705.98,-0.006599,4.0000
20161205,277568.77,0.029153,4.0000
20161206,274679.04,-0.010411,4.0000
20161207,272250.94,-0.008840,4.0000
20161208,269791.11,-0.009035,4.0000
20161209,267085.11,-0.010030,4.0000
20161212,264239.58,-0.010654,3.8016
20161213,261422.25,-0.010662,3.8429
20161214,258665.52,-0.010545,3.1556
20161215,255906.59,-0.010666,3.8213
20161216,253379.66,-0.009874,4.0000
20161219,250689.97,-0.010615,3.5560
20161220,253135.89,0.009757,2.9640
20161221,250459.17,-0.010574,3.3360
20161222,247841.34,-0.010452,2.6012
20161223,245206.77,-0.010630,3.6337
20161227,246303.95,0.004474,4.0000
20161228,245026.71,-0.005186,4.0000
20161229,242506.36,-0.010286,1.6547
20161230,243153.34,0.002668,2.3549
20170103,240615.98,-0.010435,2.5027
20170104,244566.77,0.016419,1.9994
20170105,244566.77,0.000000,0.0000
20170106,246132.43,0.006402,2.2180
20170109,246747.00,0.002497,1.8406
20170110,252659.15,0.023960,3.4345
20170111,250045.13,-0.010346,1.9874
20170112,252335.25,0.009159,2.8069
20170113,251052.49,-0.005084,1.0920
20170117,253522.88,0.009840,2.0663
20170118,250912.12,-0.010298,1.7010
20170119,248260.40,-0.010568,3.2750
20170120,245676.51,-0.010408,2.3460
20170123,243087.19,-0.010540,3.0986
20170124,240545.38,-0.010456,2.6262
20170125,238028.96,-0.010461,2.6765
20170126,235505.39,-0.010602,3.4897
20170127,236920.90,0.006011,2.7109
20170130,236580.93,-0.001435,1.3114
20170131,234070.83,-0.010610,3.5012
20170201,231635.39,-0.010405,2.3436
20170202,229248.56,-0.010304,1.7397
20170203,226839.31,-0.010509,2.9264
20170206,224444.24,-0.010558,3.2137
20170207,225943.21,0.006679,2.9894
20170208,223609.46,-0.010329,1.8776
20170209,230727.14,0.031831,3.4466
20170210,228300.20,-0.010519,2.9969
20170213,226469.67,-0.008018,4.0000
20170214,226469.67,0.000000,0.0000
20170215,234011.05,0.033300,4.0000
20170216,234011.05,0.000000,0.0000
20170217,231575.20,-0.010409,2.3686
20170221,233306.88,0.007478,3.1493
20170222,231383.76,-0.008243,4.0000
20170223,237692.13,0.027264,4.0000
20170224,237692.13,0.000000,0.0000
20170227,235989.12,-0.007165,4.0000
20170228,245023.40,0.038283,4.0000
20170301,245842.86,0.003344,2.5770
20170302,251319.95,0.022279,2.9203
20170303,248677.40,-0.010515,3.0012
20170306,246068.31,-0.010492,2.8415
20170307,243484.41,-0.010501,2.9066
20170308,240894.86,-0.010635,3.6680
20170309,238854.33,-0.008471,4.0000
20170310,239323.61,0.001965,4.0000
20170313,239724.55,0.001675,2.4602
20170314,237249.20,-0.010326,1.8663
20170315,234734.19,-0.010601,3.4562
20170316,232241.06,-0.010621,3.5953
20170317,229810.99,-0.010464,2.6795
20170320,229642.93,-0.000731,1.9172
20170321,256855.18,0.118498,3.9072
20170322,254200.02,-0.010337,1.9193
20170323,254200.02,0.000000,0.0000
20170324,251515.34,-0.010561,4.0000
20170327,255828.09,0.017147,1.5616
20170328,253143.28,-0.010495,2.8440
20170329,250460.15,-0.010599,3.4414
20170330,255688.34,0.020874,4.0000
20170331,252981.01,-0.010588,3.3969
20170403,250304.12,-0.010581,3.3780
20170404,247677.45,-0.010494,4.0000
20170405,245062.07,-0.010560,3.2258
20170406,242522.75,-0.010362,2.0670
20170407,239940.59,-0.010647,3.7098
20170410,237390.06,-0.010630,3.6316
20170411,234918.83,-0.010410,2.3666
20170412,241580.02,0.028355,3.2949
20170413,245574.28,0.016534,3.0316
20170417,243257.14,-0.009436,4.0000
20170418,240683.19,-0.010581,3.3437
20170419,238177.46,-0.010411,2.3755
20170420,235690.16,-0.010443,2.5653
20170421,233201.22,-0.010560,3.2317
20170424,233201.22,0.000000,0.0000
20170425,231819.10,-0.005927,4.0000
20170426,235039.60,0.013892,3.9679
20170427,232785.74,-0.009589,4.0000
20170428,239724.14,0.029806,2.6837
20170501,237191.38,-0.010565,3.2840
20170502,237191.38,0.000000,0.0000
20170503,235772.40,-0.005982,3.7971
20170504,237407.69,0.006936,3.8030
20170505,234882.00,-0.010639,3.7012
20170508,232407.00,-0.010537,3.1290
20170509,230346.54,-0.008866,4.0000
20170510,233786.29,0.014933,2.6417
20170511,233786.29,0.000000,0.0000
20170512,231423.43,-0.010107,4.0000
20170515,231950.91,0.002279,3.0840
20170516,231676.78,-0.001182,3.4327
20170517,229291.07,-0.010298,1.7256
20170518,231849.77,0.011159,2.6242
20170519,229957.73,-0.008161,4.0000
20170522,228022.20,-0.008417,4.0000
20170523,225625.27,-0.010512,2.9517
20170524,223674.62,-0.008646,4.0000
20170525,221353.73,-0.010376,4.0000
20170526,219046.72,-0.010422,4.0000
20170530,217595.35,-0.006626,4.0000
20170531,219522.98,0.008859,4.0000
20170601,217288.55,-0.010179,4.0000
20170602,215018.26,-0.010448,2.6203
20170605,219170.15,0.019309,3.7365
20170606,219170.15,0.000000,0.0000
20170607,217667.86,-0.006854,4.0000
20170608,215485.85,-0.010024,4.0000
20170609,213218.97,-0.010520,3.0543
20170612,211186.08,-0.009534,4.0000
20170613,209525.92,-0.007861,4.0000
20170614,212609.24,0.014716,4.0000
20170615,214080.79,0.006921,2.8376
20170616,211851.97,-0.010411,2.3883
20170619,209673.42,-0.010283,4.0000
20170620,215050.19,0.025644,4.0000
20170621,213032.77,-0.009381,4.0000
20170622,210792.54,-0.010516,3.0136
20170623,208545.53,-0.010660,3.8405
20170626,206325.76,-0.010644,3.7777
20170627,204161.80,-0.010488,2.8467
20170628,210372.74,0.030422,4.0000
20170629,214707.73,0.020606,3.6951
20170630,212776.42,-0.008995,4.0000
20170703,214352.60,0.007408,3.2645
20170705,213184.86,-0.005448,2.9817
20170706,211003.98,-0.010230,4.0000
20170707,208834.29,-0.010283,4.0000
20170710,206608.43,-0.010659,3.8481
20170711,204849.97,-0.008511,4.0000
20170712,202706.36,-0.010464,2.7269
20170713,200818.80,-0.009312,4.0000
20170714,201133.90,0.001569,2.7045
20170717,198996.02,-0.010629,3.6778
20170718,197146.01,-0.009297,4.0000
20170719,200494.29,0.016984,3.1335
20170720,198763.37,-0.008633,4.0000
20170721,200026.72,0.006356,3.0120
20170724,198855.62,-0.005855,4.0000
20170725,196864.41,-0.010013,4.0000
20170726,199637.08,0.014084,4.0000
20170727,202046.98,0.012071,2.4186
20170728,199913.77,-0.010558,3.2663
20170731,199913.77,0.000000,0.0000
20170801,199428.22,-0.002429,2.9330
20170802,205308.88,0.029488,4.0000
20170803,203151.36,-0.010509,4.0000
20170804,201067.67,-0.010257,4.0000
20170807,198930.25,-0.010630,4.0000
20170808,197692.82,-0.006220,4.0000
20170809,195598.83,-0.010592,3.4354
20170810,204744.93,0.046759,4.0000
20170811,202621.25,-0.010372,2.1549
20170814,207904.42,0.026074,3.8892
20170815,211661.54,0.018071,2.8011
20170816,209438.76,-0.010502,2.9152
20170817,207215.14,-0.010617,3.5741
20170818,205381.80,-0.008848,4.0000
20170821,203195.28,-0.010646,3.6995
20170822,207458.86,0.020983,3.7272
20170823,207458.86,0.000000,0.0000
20170824,205897.89,-0.007524,4.0000
20170825,203870.09,-0.009849,4.0000
20170828,202340.24,-0.007504,4.0000
20170829,200237.61,-0.010392,2.2692
20170830,204764.50,0.022608,4.0000
20170831,204764.50,0.000000,0.0000
20170901,206821.67,0.010047,4.0000
20170905,214954.26,0.039322,4.0000
20170906,215351.76,0.001849,3.1435
20170907,217588.19,0.010385,4.0000
20170908,215845.14,-0.008011,4.0000
20170911,213558.29,-0.010595,3.4836
20170912,213558.29,0.000000,0.0000
20170913,215740.24,0.010217,4.0000
20170914,213738.84,-0.009277,4.0000
20170915,215295.84,0.007285,3.4304
20170918,218136.46,0.013194,4.0000
20170919,218136.46,0.000000,0.0000
20170920,216866.17,-0.005823,4.0000
20170921,215788.12,-0.004971,4.0000
20170922,218375.89,0.011992,4.0000
20170925,216539.44,-0.008410,4.0000
20170926,217205.47,0.003076,4.0000
20170927,214947.05,-0.010398,4.0000
20170928,213401.63,-0.007190,4.0000
20170929,213298.16,-0.000485,3.6596
20171002,222094.00,0.041237,4.0000
20171003,222300.60,0.000930,4.0000
20171004,220938.82,-0.006126,4.0000
20171005,218699.14,-0.010137,4.0000
20171006,216373.91,-0.010632,3.7993
20171009,214074.02,-0.010629,4.0000
20171010,212362.98,-0.007993,4.0000
20171011,210321.79,-0.009612,4.0000
20171012,209698.43,-0.002964,4.0000
20171013,207472.03,-0.010617,3.6922
20171016,205866.53,-0.007738,4.0000
20171017,203989.73,-0.009117,4.0000
20171018,203335.76,-0.003206,4.0000
20171019,204230.47,0.004400,3.2768
20171020,202058.71,-0.010634,3.7966
20171023,207398.55,0.026427,4.0000
20171024,205569.68,-0.008818,4.0000
20171025,207174.39,0.007806,4.0000
20171026,205564.25,-0.007772,4.0000
20171027,204127.89,-0.006987,4.0000
20171030,202816.51,-0.006424,4.0000
20171031,201402.14,-0.006974,4.0000
20171101,208278.89,0.034144,3.0310
20171102,206817.90,-0.007015,4.0000
20171103,204613.10,-0.010661,3.9387
20171106,203294.81,-0.006443,4.0000
20171107,211670.61,0.041200,4.0000
20171108,209441.48,-0.010531,3.1493
20171109,209441.48,0.000000,0.0000
20171110,209441.48,0.000000,0.0000
20171113,207664.16,-0.008486,4.0000
20171114,206302.26,-0.006558,4.0000
20171115,204544.26,-0.008521,4.0000
20171116,210875.20,0.030951,3.8105
20171117,213832.03,0.014022,2.8745
20171120,211787.96,-0.009559,4.0000
20171121,210012.86,-0.008381,4.0000
20171122,208127.19,-0.008979,4.0000
20171124,205916.81,-0.010620,3.7250
20171127,204120.85,-0.008722,4.0000
20171128,202223.68,-0.009294,4.0000
20171129,200088.96,-0.010556,3.3767
20171130,198524.55,-0.007819,4.0000
20171201,196426.22,-0.010570,3.4407
20171204,194349.64,-0.010572,3.4835
20171205,199552.55,0.026771,2.7954
20171206,198335.41,-0.006099,4.0000
20171207,198335.41,0.000000,0.0000
20171208,196559.82,-0.008952,4.0000
20171211,196559.82,0.000000,0.0000
20171212,195364.55,-0.006081,4.0000
20171213,196479.62,0.005708,2.5440
20171214,196479.62,0.000000,0.0000
20171215,194386.70,-0.010652,3.9142
20171218,194963.73,0.002968,2.4835
20171219,201675.64,0.034426,4.0000
20171220,199680.43,-0.009893,4.0000
20171221,199031.61,-0.003249,2.9238
20171222,197678.88,-0.006797,2.8030
20171226,196076.25,-0.008107,4.0000
20171227,196076.25,0.000000,0.0000
20171228,194846.20,-0.006273,4.0000
20171229,201532.39,0.034315,4.0000
20180102,201532.39,0.000000,0.0000
20180103,199404.73,-0.010557,3.3881
20180104,197703.24,-0.008533,4.0000
20180105,196427.75,-0.006452,3.5490
20180108,194342.98,-0.010613,3.7171
20180109,192838.01,-0.007744,4.0000
20180110,190883.37,-0.010136,4.0000
20180111,190883.37,0.000000,0.0000
20180112,192181.11,0.006799,4.0000
20180116,191012.60,-0.006080,4.0000
20180117,188983.00,-0.010625,3.8097
20180118,187055.02,-0.010202,4.0000
20180119,185332.40,-0.009209,4.0000
20180122,188499.87,0.017091,4.0000
20180123,186515.44,-0.010527,3.2479
20180124,185108.56,-0.007543,4.0000
20180125,186143.94,0.005593,2.8926
20180126,184195.58,-0.010467,2.8605
20180129,182384.57,-0.009832,4.0000
20180130,180474.73,-0.010471,2.8926
20180131,178608.46,-0.010341,2.0962
20180201,178608.46,0.000000,0.0000
20180202,184408.14,0.032471,2.9056
20180205,193638.17,0.050052,1.9596
20180206,197769.08,0.021333,0.8415
20180207,197769.08,0.000000,0.0000
20180208,212214.91,0.073044,2.7426
20180209,210013.82,-0.010372,2.2057
20180212,207854.42,-0.010282,1.6885
20180213,209537.82,0.008099,1.7087
20180214,217088.04,0.036033,1.7318
20180215,214843.67,-0.010339,2.0331
20180216,214731.00,-0.000524,1.9774
20180220,212476.38,-0.010500,3.0284
20180221,211082.56,-0.006560,2.5637
20180222,208875.67,-0.010455,2.7604
20180223,206656.61,-0.010624,3.7808
20180226,204910.11,-0.008451,4.0000
20180227,202755.53,-0.010515,3.1394
20180228,202755.53,0.000000,0.0000
20180301,200638.26,-0.010443,2.6653
20180302,198514.51,-0.010585,3.5061
20180305,196439.37,-0.010453,2.7422
20180306,194360.16,-0.010584,3.5380
20180307,197346.36,0.015364,1.5909
20180308,195287.66,-0.010432,2.6476
20180309,193210.84,-0.010635,3.8718
20180312,191407.83,-0.009332,4.0000
20180313,190056.66,-0.007059,4.0000
20180314,193746.19,0.019413,2.8072
20180315,197288.89,0.018285,3.7042
20180316,195190.89,-0.010634,3.8664
20180319,197673.64,0.012720,4.0000
20180320,195577.75,-0.010603,3.6886
20180321,194171.53,-0.007190,4.0000
20180322,192140.23,-0.010461,4.0000
20180323,192140.23,0.000000,0.0000
20180326,190137.34,-0.010424,2.5512
20180327,195355.70,0.027445,1.7262
20180328,193668.53,-0.008636,4.0000
20180329,191625.04,-0.010551,3.3274
20180402,189608.53,-0.010523,3.1598
20180403,187616.92,-0.010504,3.0071
20180404,195195.86,0.040396,1.9484
20180405,193139.03,-0.010537,3.2562
20180406,191129.74,-0.010403,2.4439
20180409,189213.08,-0.010028,4.0000
20180410,187242.03,-0.010417,2.5086
20180411,187242.03,0.000000,0.0000
20180412,185293.57,-0.010406,4.0000
20180413,189928.97,0.025017,4.0000
20180416,187945.54,-0.010443,2.6826
20180417,187945.54,0.000000,0.0000
20180418,186408.72,-0.008177,4.0000
20180419,185075.24,-0.007154,4.0000
20180420,184027.05,-0.005664,4.0000
20180423,182129.09,-0.010314,4.0000
20180424,182129.09,0.000000,0.0000
20180425,180203.74,-0.010571,3.4579
20180426,178305.22,-0.010535,3.2409
20180427,178305.22,0.000000,0.0000
20180430,176968.23,-0.007498,4.0000
20180501,175126.89,-0.010405,2.4394
20180502,176613.79,0.008490,3.0507
20180503,174773.48,-0.010420,2.5380
20180504,174773.48,0.000000,0.0000
20180507,177095.32,0.013285,4.0000
20180508,179513.05,0.013652,3.5268
20180509,177618.56,-0.010553,3.3982
20180510,177618.56,0.000000,0.0000
20180511,176007.93,-0.009068,4.0000
20180514,174243.24,-0.010026,4.0000
20180515,172392.38,-0.010622,3.8076
20180516,176527.95,0.023989,3.8435
20180517,174898.18,-0.009232,4.0000
20180518,173547.42,-0.007723,4.0000
20180521,173670.80,0.000711,3.0950
20180522,179029.07,0.030853,4.0000
20180523,177463.98,-0.008742,4.0000
20180524,175873.01,-0.008965,4.0000
20180525,174061.11,-0.010302,4.0000
20180529,172250.22,-0.010404,2.4997
20180530,176871.51,0.026829,3.6481
20180531,174994.61,-0.010612,3.8088
20180601,173527.81,-0.008382,4.0000
20180604,171687.52,-0.010605,3.7707
20180605,169861.61,-0.010635,3.9597
20180606,168064.15,-0.010582,3.6391
20180607,168064.15,0.000000,0.0000
20180608,166957.67,-0.006584,4.0000
20180611,165649.57,-0.007835,4.0000
20180612,164131.21,-0.009166,4.0000
20180613,163118.11,-0.006173,4.0000
20180614,163118.11,0.000000,0.0000
20180615,161579.87,-0.009430,4.0000
20180618,160559.48,-0.006315,4.0000
20180619,158884.28,-0.010433,2.7237
20180620,157818.17,-0.006710,4.0000
20180621,162936.21,0.032430,4.0000
20180622,165595.89,0.016323,3.1416
20180625,173118.65,0.045428,4.0000
20180626,171637.55,-0.008555,4.0000
20180627,170221.78,-0.008249,4.0000
20180628,171051.26,0.004873,3.5084
20180629,169584.69,-0.008574,4.0000
20180702,167909.46,-0.009878,4.0000
20180703,166132.98,-0.010580,3.6188
20180705,164435.49,-0.010218,4.0000
20180706,164435.49,0.000000,0.0000
20180709,163215.64,-0.007418,4.0000
20180710,163215.64,0.000000,0.0000
20180711,161518.06,-0.010401,2.5189
20180712,159822.21,-0.010499,3.1214
20180713,158157.81,-0.010414,2.6042
20180716,161502.78,0.021150,4.0000
20180717,163046.53,0.009559,3.6577
20180718,162098.70,-0.005813,4.0000
20180719,160772.33,-0.008182,4.0000
20180720,159255.44,-0.009435,4.0000
20180723,159128.05,-0.000800,4.0000
20180724,167654.82,0.053584,4.0000
20180725,167654.82,0.000000,0.0000
20180726,169137.83,0.008846,3.8450
20180727,169137.83,0.000000,0.0000
20180730,167359.62,-0.010513,3.2082
20180731,165804.45,-0.009292,4.0000
20180801,164047.82,-0.010595,3.7167
20180802,169406.94,0.032668,3.4712
20180803,169406.94,0.000000,0.0000
20180806,169406.94,0.000000,0.0000
20180807,167609.01,-0.010613,3.8514
20180808,166434.09,-0.007010,4.0000
20180809,166975.20,0.003251,4.0000
20180810,168119.65,0.006854,4.0000
20180813,166335.38,-0.010613,3.8315
20180814,170100.57,0.022636,4.0000
20180815,175410.74,0.031218,4.0000
20180816,177496.08,0.011888,4.0000
20180817,175625.53,-0.010539,3.3622
20180820,174446.21,-0.006715,4.0000
20180821,178043.25,0.020620,3.2814
20180822,176192.71,-0.010394,2.4925
20180823,175064.66,-0.006402,4.0000
20180824,173577.06,-0.008497,4.0000
20180827,172511.68,-0.006138,4.0000
20180828,171233.20,-0.007411,4.0000
20180829,170099.94,-0.006618,4.0000
20180830,168301.95,-0.010570,3.6168
20180831,171529.75,0.019179,4.0000
20180904,170238.88,-0.007526,4.0000
20180905,169525.73,-0.004189,2.8266
20180906,168325.23,-0.007081,4.0000
20180907,168325.23,0.000000,0.0000
20180910,167206.18,-0.006648,4.0000
20180911,166012.13,-0.007141,4.0000
20180912,164867.73,-0.006893,4.0000
20180913,163811.20,-0.006408,4.0000
20180914,162489.67,-0.008067,4.0000
20180917,168740.16,0.038467,4.0000
20180918,166955.29,-0.010578,3.6447
20180919,165180.08,-0.010633,3.9970
20180920,163687.75,-0.009035,4.0000
20180921,167186.90,0.021377,3.8314
20180924,167602.32,0.002485,3.6376
20180925,166146.48,-0.008686,4.0000
20180926,170520.54,0.026327,3.0429
20180927,168731.62,-0.010491,3.0703
20180928,170512.69,0.010556,3.1588
20181001,173332.55,0.016538,1.4664
20181002,171652.64,-0.009692,4.0000
20181003,170141.98,-0.008801,4.0000
20181004,173804.56,0.021527,2.6769
20181005,173804.56,0.000000,0.0000
20181008,171974.75,-0.010528,3.2543
20181009,170175.59,-0.010462,2.8613
20181010,185394.08,0.089428,3.7117
20181011,183464.40,-0.010409,2.4967
20181012,181585.30,-0.010242,1.4657
20181015,179687.92,-0.010449,2.7111
20181016,177829.50,-0.010342,2.0734
20181017,176503.16,-0.007458,2.4405
20181018,174698.62,-0.010224,4.0000
20181019,172875.39,-0.010436,2.6459
20181022,171061.49,-0.010493,2.9954
20181023,169267.61,-0.010487,2.9363
20181024,167525.98,-0.010289,4.0000
20181025,172368.68,0.028907,2.1800
20181026,170588.40,-0.010328,1.9482
20181029,168794.88,-0.010514,3.0851
20181030,176403.22,0.045074,2.6521
20181031,174532.51,-0.010605,3.6490
20181101,184874.06,0.059253,4.0000
20181102,182969.15,-0.010304,1.8510
20181105,181024.84,-0.010626,3.8081
20181106,183622.55,0.014350,3.4568
20181107,181685.57,-0.010549,3.3284
20181108,179786.31,-0.010454,2.7784
20181109,187124.00,0.040813,4.0000
20181112,193772.57,0.035530,2.2728
20181113,191764.73,-0.010362,2.1902
20181114,190148.24,-0.008429,4.0000
20181115,188159.29,-0.010460,2.7578
20181116,186169.22,-0.010577,3.4568
20181119,184188.89,-0.010637,3.8319
20181120,182288.17,-0.010319,1.8929
20181121,184276.37,0.010907,2.3959
20181123,185544.18,0.006880,2.2522
20181126,184202.04,-0.007234,4.0000
20181127,182256.91,-0.010560,3.3605
20181128,180550.03,-0.009365,4.0000
20181129,178674.18,-0.010390,2.3564
20181130,176796.56,-0.010509,3.0564
20181203,175918.30,-0.004968,2.6283
20181204,174049.04,-0.010626,3.8005
20181206,172273.36,-0.010202,1.1886
20181207,170477.86,-0.010422,2.5239
20181210,170477.86,0.000000,0.0000
20181211,173602.43,0.018328,1.7580
20181212,173602.43,0.000000,0.0000
20181213,171792.20,-0.010427,2.5237
20181214,170106.54,-0.009812,4.0000
20181217,168338.82,-0.010392,2.2754
20181218,166578.82,-0.010455,2.6317
20181219,164848.78,-0.010386,2.2377
20181220,163146.36,-0.010327,1.8799
20181221,161484.11,-0.010189,1.0663
20181224,159770.67,-0.010611,3.4336
20181226,165830.79,0.037930,1.0680
20181227,164119.00,-0.010323,1.8330
20181228,162405.48,-0.010441,2.5042
20181231,162405.48,0.000000,0.0000
20190102,160701.69,-0.010491,2.7862
20190103,159003.65,-0.010566,3.2352
20190104,171504.06,0.078617,3.4088
20190107,169815.82,-0.009844,4.0000
20190108,168008.36,-0.010644,3.7735
20190109,166262.05,-0.010394,2.3238
20190110,164519.57,-0.010480,2.8099
20190111,163052.37,-0.008918,4.0000
20190114,161323.89,-0.010601,3.5237
20190115,159795.54,-0.009474,4.0000
20190116,161236.37,0.009017,3.4088
20190117,165470.53,0.026261,2.8085
20190118,163752.44,-0.010383,2.2693
20190122,168879.65,0.031311,3.3666
20190123,167120.59,-0.010416,4.0000
20190124,165369.97,-0.010475,4.0000
20190125,164243.71,-0.006811,4.0000
20190128,162806.02,-0.008753,4.0000
20190129,161564.47,-0.007626,4.0000
20190130,160334.41,-0.007613,4.0000
20190131,159078.18,-0.007835,4.0000
20190201,157456.52,-0.010194,4.0000
20190204,156317.69,-0.007233,4.0000
20190205,154994.26,-0.008466,4.0000
20190206,153396.09,-0.010311,4.0000
20190207,151767.48,-0.010617,3.7110
20190208,150179.16,-0.010465,2.7957
20190211,148901.27,-0.008509,4.0000
20190212,152031.25,0.021021,4.0000
20190213,150998.94,-0.006790,4.0000
20190214,149394.89,-0.010623,3.7720
20190215,149394.89,0.000000,0.0000
20190219,152612.29,0.021536,4.0000
20190220,151750.51,-0.005647,4.0000
20190221,150468.62,-0.008447,4.0000
20190222,153253.99,0.018511,4.0000
20190225,151862.30,-0.009081,4.0000
20190226,150624.44,-0.008151,4.0000
20190227,149159.27,-0.009727,4.0000
20190228,147593.31,-0.010499,3.0366
20190301,146318.69,-0.008636,4.0000
20190304,152113.93,0.039607,4.0000
20190305,153378.31,0.008312,3.4345
20190306,164358.92,0.071592,4.0000
20190307,162644.27,-0.010432,2.6050
20190308,165569.82,0.017987,4.0000
20190311,165569.82,0.000000,0.0000
20190312,164407.10,-0.007023,4.0000
20190313,164233.16,-0.001058,4.0000
20190314,163423.66,-0.004929,4.0000
20190315,162195.00,-0.007518,4.0000
20190318,161021.06,-0.007238,4.0000
20190319,166292.63,0.032738,4.0000
20190320,165081.93,-0.007281,4.0000
20190321,170095.46,0.030370,2.4524
20190322,170095.46,0.000000,0.0000
20190325,168293.59,-0.010593,3.5617
20190326,166542.45,-0.010405,2.4502
20190327,164791.53,-0.010513,3.1041
20190328,163054.46,-0.010541,3.2702
20190329,161328.86,-0.010583,3.5224
20190401,159985.13,-0.008329,4.0000
20190402,159565.48,-0.002623,2.3002
20190403,157876.13,-0.010587,3.5659
20190404,156815.96,-0.006715,4.0000
20190405,159151.34,0.014892,3.4382
20190408,157560.07,-0.009998,4.0000
20190409,155884.81,-0.010632,3.8496
20190410,154618.84,-0.008121,4.0000
20190411,152988.95,-0.010541,3.3017
20190412,151508.96,-0.009674,4.0000
20190415,151508.96,0.000000,0.0000
20190416,151657.01,0.000977,4.0000
20190417,155326.66,0.024197,2.6219
20190418,153714.07,-0.010382,2.3182
20190422,152405.51,-0.008513,4.0000
20190423,150835.38,-0.010302,4.0000
20190424,149644.98,-0.007892,4.0000
20190425,149407.65,-0.001586,1.8915
20190426,148143.52,-0.008461,4.0000
20190429,146868.67,-0.008605,4.0000
20190430,148477.10,0.010951,3.5603
20190501,154916.97,0.043373,4.0000
20190502,153267.27,-0.010649,3.9520
20190503,158031.94,0.031087,2.8563
20190506,160983.62,0.018678,1.6983
20190507,159270.97,-0.010639,3.9335
20190508,159270.97,0.000000,0.0000
20190509,157590.40,-0.010552,3.3476
20190510,156247.00,-0.008525,4.0000
20190513,156247.00,0.000000,0.0000
20190514,154619.55,-0.010416,2.5168
20190515,154619.55,0.000000,0.0000
20190516,155774.69,0.007471,4.0000
20190517,154132.00,-0.010545,3.3143
20190520,152855.56,-0.008281,4.0000
20190521,156134.13,0.021449,3.7746
20190522,154504.34,-0.010438,4.0000
20190523,155740.40,0.008000,1.7164
20190524,154105.80,-0.010496,2.9871
20190528,152473.75,-0.010590,3.5620
20190529,150872.32,-0.010503,2.9990
20190530,149270.97,-0.010614,3.6796
20190531,147691.68,-0.010580,3.4355
20190603,146144.16,-0.010478,2.8473
20190604,144622.84,-0.010410,2.4539
20190605,145715.98,0.007559,3.6697
20190606,144435.62,-0.008787,4.0000
20190607,143168.36,-0.008774,4.0000
20190610,142315.12,-0.005960,2.2365
20190611,141045.43,-0.008922,4.0000
20190612,139736.18,-0.009283,4.0000
20190613,138687.38,-0.007506,4.0000
20190614,137225.12,-0.010544,3.2764
20190617,135830.87,-0.010160,4.0000
20190618,134408.95,-0.010468,2.8426
20190619,132983.54,-0.010605,3.6616
20190620,131578.94,-0.010562,3.4165
20190621,132170.64,0.004497,1.7830
20190624,139066.45,0.052173,4.0000
20190625,137783.94,-0.009222,4.0000
20190626,136320.55,-0.010621,3.7514
20190627,139597.91,0.024042,2.1247
20190628,141373.19,0.012717,2.2890
20190701,141373.19,0.000000,0.0000
20190702,141585.23,0.001500,1.9586
20190703,140086.28,-0.010587,3.5632
20190705,138616.72,-0.010490,2.9932
20190708,137149.02,-0.010588,3.5763
20190709,135870.43,-0.009323,4.0000
20190710,134429.99,-0.010602,3.6762
20190711,135892.08,0.010876,3.1368
20190712,137981.26,0.015374,3.7405
20190715,141298.34,0.024040,4.0000
20190716,141298.34,0.000000,0.0000
20190717,144175.95,0.020365,4.0000
20190718,142711.06,-0.010160,4.0000
20190719,141193.79,-0.010632,3.8461
20190722,139706.25,-0.010535,3.2409
20190723,138287.45,-0.010156,4.0000
20190724,147526.45,0.066810,3.8112
20190725,151895.66,0.029616,3.2956
20190726,154475.72,0.016986,2.5777
20190729,156729.77,0.014592,3.2299
20190730,156729.77,0.000000,0.0000
20190731,155106.82,-0.010355,2.1831
20190801,153561.30,-0.009964,4.0000
20190802,154186.61,0.004072,2.3011
20190805,156700.94,0.016307,2.0439
20190806,156700.94,0.000000,0.0000
20190807,155085.00,-0.010312,1.8539
20190808,153447.00,-0.010562,3.3828
20190809,155587.12,0.013947,2.3484
20190812,157653.93,0.013284,2.3921
20190813,157653.93,0.000000,0.0000
20190814,162144.16,0.028482,3.0425
20190815,162984.80,0.005185,1.9866
20190816,168080.43,0.031264,2.4264
20190819,166423.45,-0.009858,4.0000
20190820,164676.84,-0.010495,2.9590
20190821,162981.22,-0.010297,1.7728
20190822,161296.49,-0.010337,4.0000
20190823,159584.22,-0.010616,3.6769
20190826,157911.83,-0.010480,2.8437
20190827,156373.75,-0.009740,4.0000
20190828,154729.36,-0.010516,3.0402
20190829,155105.89,0.002434,1.6451
20190830,158236.82,0.020186,4.0000
20190903,156558.90,-0.010604,3.6078
20190904,154903.93,-0.010571,3.3991
20190905,153282.50,-0.010467,2.7944
20190906,151663.25,-0.010564,3.3809
20190909,150055.00,-0.010604,3.6220
20190910,148465.61,-0.010592,3.5579
20190911,146927.37,-0.010361,2.1817
20190912,145405.28,-0.010359,2.1872
20190913,143874.06,-0.010531,3.2591
20190916,144822.15,0.006590,2.2623
20190917,143321.35,-0.010363,2.2104
20190918,145040.60,0.011996,3.3720
20190919,143511.98,-0.010539,3.3007
20190920,142013.13,-0.010444,2.7137
20190923,142712.12,0.004922,3.1935
20190924,152064.87,0.065536,4.0000
20190925,150496.60,-0.010313,1.8996
20190926,153533.05,0.020176,3.0973
20190927,153533.05,0.000000,0.0000
20190930,152316.83,-0.007922,4.0000
20191001,150735.07,-0.010385,2.3301
20191002,149987.18,-0.004962,1.9206
20191003,148433.36,-0.010360,2.1469
20191004,146883.86,-0.010439,2.6296
20191007,146253.92,-0.004289,4.0000
20191008,144723.28,-0.010466,2.7656
20191009,143192.40,-0.010578,4.0000
20191010,141668.48,-0.010642,3.8358
20191011,140195.18,-0.010400,2.4059
20191014,139261.16,-0.006662,4.0000
20191015,137923.67,-0.009604,4.0000
20191016,137922.60,-0.000008,3.8349
20191017,136459.50,-0.010608,3.6624
20191018,135034.96,-0.010439,2.6650
20191021,133625.99,-0.010434,2.6433
20191022,132254.10,-0.010267,4.0000
20191023,130864.34,-0.010508,3.0744
20191024,132416.68,0.011862,3.9109
20191025,134989.64,0.019431,4.0000
20191028,133585.46,-0.010402,2.4586
20191029,135976.62,0.017900,4.0000
20191030,135788.69,-0.001382,3.0311
20191031,135786.47,-0.000016,2.3354
20191101,135786.47,0.000000,0.0000
20191104,135786.47,0.000000,0.0000
20191105,134355.41,-0.010539,3.3216
20191106,132956.25,-0.010414,2.5304
20191107,132956.25,0.000000,0.0000
20191108,131741.87,-0.009134,4.0000
20191111,133167.37,0.010820,3.9986
20191112,132266.16,-0.006767,3.5551
20191113,132266.16,0.000000,0.0000
20191114,131804.76,-0.003488,3.2170
20191115,131551.67,-0.001920,3.7302
20191118,131479.63,-0.000548,4.0000
20191119,130447.40,-0.007851,4.0000
20191120,129488.48,-0.007351,4.0000
20191121,130199.25,0.005489,2.1791
20191122,129142.44,-0.008117,4.0000
20191125,135234.36,0.047172,3.4201
20191126,133919.45,-0.009723,4.0000
20191127,132853.77,-0.007958,4.0000
20191129,131665.69,-0.008943,4.0000
20191202,134558.77,0.021973,2.5398
20191203,133159.76,-0.010397,2.4262
20191204,133616.80,0.003432,4.0000
20191205,134339.00,0.005405,4.0000
20191206,133967.68,-0.002764,4.0000
20191209,133202.89,-0.005709,4.0000
20191210,132241.97,-0.007214,4.0000
20191211,132103.63,-0.001046,4.0000
20191212,132103.63,0.000000,0.0000
20191213,130715.11,-0.010511,3.1616
20191216,129344.83,-0.010483,3.0094
20191217,128167.27,-0.009104,4.0000
20191218,127458.30,-0.005532,4.0000
20191219,126699.90,-0.005950,4.0000
20191220,125896.25,-0.006343,4.0000
20191223,124560.48,-0.010610,3.7997
20191224,123243.73,-0.010571,3.5585
20191226,123243.73,0.000000,0.0000
20191227,125210.79,0.015961,3.4240
20191230,125394.70,0.001469,2.7996
20191231,125700.41,0.002438,2.1587
20200102,126376.07,0.005375,2.6510
20200103,127737.29,0.010771,2.5038
20200106,126420.58,-0.010308,4.0000
20200107,125075.38,-0.010641,3.9968
20200108,125566.06,0.003923,3.4667
20200109,124799.69,-0.006103,4.0000
20200110,123582.24,-0.009755,4.0000
20200113,122293.28,-0.010430,2.6679
20200114,125148.99,0.023351,3.4742
20200115,125567.57,0.003345,1.8837
20200116,127124.62,0.012400,3.3997
20200117,125945.94,-0.009272,4.0000
20200121,124828.98,-0.008869,4.0000
20200122,123573.05,-0.010061,4.0000
20200123,122307.21,-0.010244,1.5145
20200124,126433.01,0.033733,2.7591
20200127,126433.01,0.000000,0.0000
20200128,125122.65,-0.010364,2.2741
20200129,123793.68,-0.010621,3.8797
20200130,122497.27,-0.010472,2.9358
20200131,117155.03,-0.043611,2.4914
20200203,118596.23,0.012302,4.0000
20200204,117756.39,-0.007081,4.0000
20200205,116898.84,-0.007282,4.0000
20200206,118923.64,0.017321,3.8398
20200207,119684.18,0.006395,1.8665
20200210,122608.81,0.024436,4.0000
20200211,121316.83,-0.010537,3.3502
20200212,121316.83,0.000000,0.0000
20200213,120042.14,-0.010507,3.1831
20200214,121684.43,0.013681,4.0000
20200218,120390.44,-0.010634,3.9791
20200219,119222.43,-0.009702,4.0000
20200220,117957.11,-0.010613,3.8523
20200221,116725.35,-0.010442,2.7659
20200224,115505.00,-0.010455,2.8033
20200225,120904.98,0.046751,1.4482
20200226,119644.56,-0.010425,2.5878
20200227,118422.52,-0.010214,1.2781
20200228,117223.78,-0.010123,0.7343
20200302,116022.61,-0.010247,1.4630
20200303,114838.40,-0.010207,1.2341
20200304,116960.19,0.018476,2.0807
20200305,115762.53,-0.010240,1.4428
20200306,114580.36,-0.010212,1.2564
20200309,113417.07,-0.010153,0.8839
20200310,112934.28,-0.004257,2.2239
20200311,111786.90,-0.010160,0.9141
20200312,110655.65,-0.010120,0.6348
20200313,109540.31,-0.010079,0.4218
20200316,108439.03,-0.010054,0.2692
20200317,107346.78,-0.010073,0.3644
20200318,106264.86,-0.010079,0.4071
20200319,105192.61,-0.010090,0.4410
20200320,104131.95,-0.010083,0.4353
20200323,103079.62,-0.010106,0.5238
20200324,102038.73,-0.010098,0.5109
20200325,101009.88,-0.010083,0.4411
20200326,102727.88,0.017008,0.5417
20200327,101679.80,-0.010203,1.0794
20200330,100641.51,-0.010211,1.1149
20200331,99611.93,-0.010230,1.2378
20200401,98598.71,-0.010172,0.8873
20200402,97599.22,-0.010137,0.7141
20200403,96601.34,-0.010224,1.1666
20200406,98113.65,0.015655,0.7937
20200407,97112.28,-0.010206,1.1207
20200408,98810.87,0.017491,0.8902
20200409,97798.41,-0.010246,1.3457
20200413,98778.72,0.010024,0.8177
20200414,97765.07,-0.010262,1.4553
20200415,96763.54,-0.010244,1.3310
20200416,97002.24,0.002467,1.0093
20200417,96014.74,-0.010180,0.9800
20200420,96014.74,0.000000,0.0000
20200421,95025.27,-0.010305,1.6590
20200422,95509.01,0.005091,1.0781
20200423,95379.60,-0.001355,1.4313
20200424,96095.87,0.007510,1.8124
20200427,100872.20,0.049704,2.1185
20200428,102443.05,0.015573,1.5132
20200429,101395.23,-0.010228,1.2959
20200430,100362.33,-0.010187,1.0539
20200501,99328.07,-0.010305,1.7162
20200504,99328.07,0.000000,0.0000
20200505,98312.68,-0.010223,1.2584
20200506,98312.68,0.000000,0.0000
20200507,97301.40,-0.010286,1.6123
20200508,96298.20,-0.010310,1.7462
20200511,95305.12,-0.010313,1.7602
20200512,102975.76,0.080485,2.2202
20200513,101927.46,-0.010180,0.9940
20200514,100886.63,-0.010211,1.1452
20200515,99856.80,-0.010208,1.1348
20200518,98829.53,-0.010287,1.6393
20200519,97810.29,-0.010313,1.7755
20200520,97810.29,0.000000,0.0000
20200521,96795.46,-0.010376,2.1410
20200522,96067.25,-0.007523,1.6921
20200526,95078.23,-0.010295,1.7122
20200527,94107.67,-0.010208,1.2112
20200528,96179.37,0.022014,0.9212
20200529,95194.03,-0.010245,1.4109
20200601,95194.03,0.000000,0.0000
20200602,94189.19,-0.010556,3.2435
20200603,95225.73,0.011005,2.5528
20200604,94225.55,-0.010503,2.9783
20200605,93255.30,-0.010297,1.7775
20200608,93103.75,-0.001625,1.7703
20200609,92147.17,-0.010274,1.6397
20200610,96236.61,0.044379,1.9803
20200611,95247.80,-0.010275,1.5937
20200612,95748.87,0.005261,1.0273
20200615,102430.15,0.069779,1.3792
20200616,103316.53,0.008654,1.1978
20200617,103316.53,0.000000,0.0000
20200618,103989.88,0.006517,1.1907
20200619,105472.25,0.014255,0.9702
20200622,104399.96,-0.010166,0.9624
20200623,103296.54,-0.010569,3.3533
20200624,107551.68,0.041193,2.2231
20200625,106438.77,-0.010348,2.0042
20200626,106438.77,0.000000,0.0000
20200629,105346.85,-0.010259,1.4946
20200630,109038.13,0.035039,2.5472
20200701,107926.44,-0.010195,1.1605
20200702,106814.43,-0.010303,1.8017
20200706,105699.86,-0.010435,2.5648
20200707,104609.45,-0.010316,1.8621
20200708,103537.83,-0.010244,1.4339
20200709,106914.21,0.032610,1.8528
20200710,105819.16,-0.010242,1.4015
20200713,104714.14,-0.010443,2.5955
20200714,103632.79,-0.010327,1.8938
20200715,102561.64,-0.010336,1.9996
20200716,101508.72,-0.010266,1.5707
20200717,100460.22,-0.010329,1.9473
20200720,99418.70,-0.010368,2.1919
20200721,99678.12,0.002609,2.4044
20200722,100685.09,0.010102,2.6603
20200723,99655.47,-0.010226,1.3573
20200724,99655.47,0.000000,0.0000
20200727,98614.67,-0.010444,2.6266
20200728,97603.28,-0.010256,1.5335
20200729,99199.11,0.016350,1.6902
20200730,100354.47,0.011647,1.5630
20200731,100354.47,0.000000,0.0000
20200803,99325.36,-0.010255,1.5114
20200804,98302.09,-0.010302,1.8201
20200805,97266.91,-0.010531,3.2118
20200806,96934.23,-0.003420,2.3792
20200807,101243.65,0.044457,2.7676
20200810,101559.43,0.003119,1.8299
20200811,101559.43,0.000000,0.0000
20200812,103452.65,0.018641,3.4008
20200813,102371.08,-0.010455,2.7690
20200814,102808.37,0.004272,2.3201
20200817,101727.93,-0.010509,3.1051
20200818,103654.03,0.018934,3.1741
20200819,102562.65,-0.010529,3.2216
20200820,102912.62,0.003412,1.7749
20200821,100387.26,-0.024539,2.5707
20200824,99351.50,-0.010318,1.9254
20200825,99323.86,-0.000278,3.8560
20200826,98277.06,-0.010539,3.2806
20200827,97248.10,-0.010470,2.8566
20200828,96245.76,-0.010307,1.8642
20200831,98042.64,0.018670,2.2521
20200901,98042.64,0.000000,0.0000
20200902,97031.95,-0.010309,1.8801
20200903,102364.70,0.054959,2.2982
20200904,101302.95,-0.010372,2.2735
20200908,100271.28,-0.010184,1.0980
20200909,99204.74,-0.010637,3.8244
20200910,98176.63,-0.010364,2.2072
20200911,99385.00,0.012308,1.7775
20200914,101588.71,0.022174,1.8324
20200915,100954.21,-0.006246,4.0000
20200916,100954.21,0.000000,0.0000
20200917,99905.14,-0.010392,2.3559
20200918,98869.64,-0.010365,2.2201
20200921,99876.64,0.010185,1.3561
20200922,98839.33,-0.010386,2.2982
20200923,97816.11,-0.010352,2.1150
20200924,96821.41,-0.010169,0.9883
20200925,99322.09,0.025828,1.7076
20200928,98300.35,-0.010287,1.7252
20200929,97264.50,-0.010538,3.2151
20200930,96266.14,-0.010264,1.5958
20201001,95272.34,-0.010323,1.9549
20201002,98790.77,0.036930,1.8381
20201005,100073.01,0.012979,1.4107
20201006,99015.56,-0.010567,3.4846
20201007,100093.72,0.010889,2.1453
20201008,99051.00,-0.010417,2.5873
20201009,99051.00,0.000000,0.0000
20201012,98003.31,-0.010577,3.5712
20201013,96972.51,-0.010518,3.2150
20201014,95968.16,-0.010357,2.2226
20201015,95968.16,0.000000,0.0000
20201016,94964.63,-0.010457,2.8234
20201019,93988.50,-0.010279,1.7369
20201020,93000.44,-0.010513,3.1751
20201021,92022.97,-0.010510,3.1570
20201022,91066.82,-0.010390,2.4119
20201023,91066.82,0.000000,0.0000
20201026,92670.84,0.017614,2.4877
20201027,91684.89,-0.010639,3.9192
20201028,90828.00,-0.009346,4.0000
20201029,89884.13,-0.010392,2.3585
20201030,89884.13,0.000000,0.0000
20201102,88950.87,-0.010383,2.3161
20201103,88032.77,-0.010321,1.9631
20201104,88250.42,0.002472,0.7348
20201105,90028.26,0.020145,1.6190
20201106,91505.74,0.016411,2.0705
20201109,92754.00,0.013641,0.4935
20201110,91801.72,-0.010267,1.6743
20201111,92025.64,0.002439,2.7122
20201112,91064.98,-0.010439,2.7803
20201113,92276.70,0.013306,1.8477
20201116,91314.55,-0.010427,2.7339
20201117,90351.70,-0.010544,3.4633
20201118,89426.08,-0.010245,1.5781
20201119,89426.08,0.000000,0.0000
20201120,88479.98,-0.010580,3.6928
20201123,87699.85,-0.008817,4.0000
20201124,86792.46,-0.010347,2.2331
20201125,85879.65,-0.010517,3.3376
20201127,85101.73,-0.009058,4.0000
20201130,85101.73,0.000000,0.0000
20201201,84218.87,-0.010374,2.4129
20201202,84218.87,0.000000,0.0000
20201203,83508.08,-0.008440,4.0000
20201204,82640.99,-0.010383,2.4983
20201207,81836.53,-0.009734,4.0000
20201208,83930.24,0.025584,1.8284
20201209,83093.30,-0.009972,4.0000
20201210,83093.30,0.000000,0.0000
20201211,82293.18,-0.009629,4.0000
20201214,81428.05,-0.010513,3.3818
20201215,80586.42,-0.010336,2.1973
20201216,80586.42,0.000000,0.0000
20201217,79743.38,-0.010461,3.0399
20201218,78908.98,-0.010464,3.0826
20201221,80106.85,0.015180,1.2787
20201222,79275.71,-0.010375,2.4765
20201223,78590.59,-0.008642,4.0000
20201224,78558.00,-0.000415,2.0729
20201228,80141.46,0.020157,2.0747
20201229,82692.46,0.031831,1.7994
20201230,83173.83,0.005821,2.1900
20201231,82328.46,-0.010164,1.0772
20210104,85632.96,0.040138,2.2395
20210105,86385.82,0.008792,1.0770
20210106,88511.43,0.024606,1.3032
20210107,89762.48,0.014134,2.0453
20210108,88830.16,-0.010386,2.6058
20210111,89471.27,0.007217,1.3941
20210112,91337.08,0.020854,2.3501
20210113,91337.08,0.000000,0.0000
20210114,93810.86,0.027084,2.8585
20210115,92853.71,-0.010203,1.3866
20210119,91899.44,-0.010277,1.8773
20210120,90938.99,-0.010451,3.0849
20210121,92053.58,0.012256,1.8506
20210122,94474.28,0.026297,1.4060
20210125,93506.73,-0.010241,1.6563
20210126,95208.78,0.018202,1.7934
20210127,94238.74,-0.010189,1.2668
20210128,93274.71,-0.010230,1.5662
20210129,92324.32,-0.010189,1.2721
20210201,91378.11,-0.010249,1.6710
20210202,90439.68,-0.010270,1.8270
20210203,89506.09,-0.010323,2.2088
20210204,93533.15,0.044992,3.3626
20210205,92563.77,-0.010364,2.4974
20210208,92563.77,0.000000,0.0000
20210209,93905.11,0.014491,4.0000
20210210,96200.02,0.024439,2.3213
20210211,95196.27,-0.010434,4.0000
20210212,94220.84,-0.010246,1.6985
20210216,96172.65,0.020715,1.8376
20210217,95177.48,-0.010348,2.3947
20210218,94183.23,-0.010446,3.0689
20210219,96931.51,0.029180,2.9632
20210222,95929.21,-0.010340,2.3431
20210223,94957.15,-0.010133,0.9063
20210224,93984.24,-0.010246,1.7056
20210225,93147.50,-0.008903,4.0000
20210226,92198.77,-0.010185,1.2812
20210301,91240.56,-0.010393,2.7234
20210302,94406.75,0.034702,2.3623
20210303,93445.21,-0.010185,1.2865
20210304,92495.53,-0.010163,1.1273
20210305,91550.65,-0.010215,1.4641
20210308,90617.66,-0.010191,1.3022
20210309,89685.20,-0.010290,1.9914
20210310,90658.49,0.010852,2.3495
20210311,89703.14,-0.010538,3.7374
20210312,88780.55,-0.010285,2.0003
20210315,87857.70,-0.010395,2.7716
20210316,89768.97,0.021754,2.0740
20210317,88834.95,-0.010405,2.8071
20210318,87912.12,-0.010388,2.6992
20210319,87002.41,-0.010348,2.4176
20210322,87849.44,0.009736,1.5821
20210323,87849.44,0.000000,0.0000
20210324,86919.99,-0.010580,3.9783
20210325,86031.48,-0.010222,1.5131
20210326,85147.73,-0.010272,1.8605
20210329,84259.14,-0.010436,3.0021
20210330,83385.08,-0.010373,2.5566
20210331,84242.07,0.010277,2.5520
20210401,83385.43,-0.010169,4.0000
20210405,84378.88,0.011914,3.1469
20210406,83512.10,-0.010272,1.8960
20210407,85938.12,0.029050,2.3215
20210408,85030.37,-0.010563,3.8708
20210409,84145.43,-0.010407,2.8008
20210412,85066.73,0.010949,3.9550
20210413,85066.73,0.000000,0.0000
20210414,85258.37,0.002253,1.8246
20210415,84980.57,-0.003258,1.8020
20210416,84924.28,-0.000662,2.2917
20210419,84047.71,-0.010322,2.2143
20210420,83160.12,-0.010561,3.8675
20210421,83160.12,0.000000,0.0000
20210422,82292.83,-0.010429,2.9723
20210423,82292.83,0.000000,0.0000
20210426,81432.67,-0.010452,3.1503
20210427,80670.45,-0.009360,4.0000
20210428,80670.45,0.000000,0.0000
20210429,81979.94,0.016233,2.1030
20210430,81137.95,-0.010271,1.8854
20210503,80296.48,-0.010371,2.5662
20210504,79465.23,-0.010352,2.4282
20210505,79960.49,0.006232,1.7275
20210506,79141.66,-0.010240,1.6492
20210507,79141.66,0.000000,0.0000
20210510,81945.77,0.035432,1.6965
20210511,83272.76,0.016194,1.2341
20210512,82425.15,-0.010179,1.2337
20210513,81587.88,-0.010158,1.0838
20210514,79317.40,-0.027829,1.9507
20210517,78498.05,-0.010330,2.2756
20210518,77693.37,-0.010251,1.7200
20210519,76896.21,-0.010260,1.7883
20210520,76091.86,-0.010460,3.1470
20210521,75299.64,-0.010411,2.8240
20210524,75299.64,0.000000,0.0000
20210525,74562.36,-0.009791,4.0000
20210526,75509.95,0.012709,1.5258
20210527,74717.22,-0.010498,3.4411
20210528,73934.31,-0.010478,3.3278
20210601,73160.08,-0.010472,3.2848
20210602,72664.70,-0.006771,1.3921
20210603,71916.09,-0.010302,2.0884
20210604,71158.51,-0.010534,3.7199
20210607,70417.87,-0.010408,2.8485
20210608,69679.55,-0.010485,3.3937
20210609,70788.24,0.015911,2.6964
20210610,71446.69,0.009302,1.6942
20210611,70699.58,-0.010457,3.1949
20210614,69969.17,-0.010331,2.3251
20210615,69969.17,0.000000,0.0000
20210616,69242.42,-0.010387,2.6850
20210617,68527.04,-0.010332,2.3182
20210618,67830.35,-0.010167,1.1613
20210621,67125.31,-0.010394,2.7158
20210622,66435.05,-0.010283,1.9549
20210623,66368.24,-0.001006,2.6832
20210624,65780.97,-0.008849,4.0000
20210625,65088.61,-0.010525,3.6623
20210628,66268.77,0.018132,3.0376
20210629,65632.29,-0.009605,4.0000
20210630,64955.25,-0.010316,2.1874
20210701,64497.65,-0.007045,4.0000
20210702,65640.71,0.017722,2.1730
20210706,66418.84,0.011854,1.3996
20210707,65740.47,-0.010213,1.4882
20210708,66930.27,0.018098,2.1102
20210709,66930.27,0.000000,0.0000
20210712,66238.54,-0.010335,2.3131
20210713,68132.78,0.028597,2.5773
20210714,71901.32,0.055312,3.0043
20210715,71147.76,-0.010481,3.2841
20210716,74112.53,0.041671,2.2999
20210719,73357.16,-0.010192,1.3111
20210720,76357.13,0.040895,1.5619
20210721,77175.21,0.010714,1.6819
20210722,76382.38,-0.010273,1.8716
20210723,75934.12,-0.005869,2.1636
20210726,75160.66,-0.010186,1.2887
20210727,75607.50,0.005945,2.5612
20210728,74834.24,-0.010227,1.5698
20210729,74834.24,0.000000,0.0000
20210730,74070.10,-0.010211,1.4638
20210802,73311.76,-0.010238,1.6517
20210803,72672.23,-0.008723,1.4922
20210804,71926.09,-0.010267,1.8437
20210805,73801.31,0.026071,2.3315
20210806,73801.31,0.000000,0.0000
20210809,73047.83,-0.010209,1.4365
20210810,72290.61,-0.010366,2.5180
20210811,71553.39,-0.010198,1.3567
20210812,71236.52,-0.004429,1.7775
20210813,72048.83,0.011403,2.1744
20210816,71315.82,-0.010174,1.1851
20210817,70861.78,-0.006367,1.7091
20210818,70127.45,-0.010363,2.4712
20210819,69409.61,-0.010236,1.6144
20210820,72515.98,0.044754,2.8623
20210823,74036.65,0.020970,3.1305
20210824,73333.03,-0.009504,4.0000
20210825,73333.03,0.000000,0.0000
20210826,72574.13,-0.010349,2.4117
20210827,75583.84,0.041471,1.9582
20210830,76186.08,0.007968,2.2132
20210831,75393.72,-0.010400,2.7817
20210901,74605.69,-0.010452,3.1290
20210902,73943.85,-0.008871,4.0000
20210903,73166.66,-0.010511,3.5602
20210907,72405.68,-0.010401,2.7931
20210908,71648.04,-0.010464,3.2043
20210909,71733.30,0.001190,2.7957
20210910,75666.05,0.054825,4.0000
20210913,74892.66,-0.010221,1.5170
20210914,77346.87,0.032770,2.5851
20210915,76544.97,-0.010368,2.5182
20210916,75950.45,-0.007767,3.8897
20210917,75950.45,0.000000,0.0000
20210920,75169.22,-0.010286,1.9508
20210921,76004.33,0.011110,2.8675
20210922,76887.05,0.011614,2.4638
20210923,79755.62,0.037309,3.2576
20210924,78924.30,-0.010423,2.9319
20210927,80315.54,0.017628,2.2178
20210928,80315.54,0.000000,0.0000
20210929,80474.76,0.001982,1.4822
20210930,79644.40,-0.010318,2.1846
20211001,78823.47,-0.010307,2.1050
20211004,78004.33,-0.010392,2.6940
20211005,77197.99,-0.010337,2.3117
20211006,76405.20,-0.010269,1.8589
20211007,78228.53,0.023864,3.8788
20211008,77422.84,-0.010299,2.0581
20211011,76617.50,-0.010402,2.7607
20211012,76617.50,0.000000,0.0000
20211013,75825.52,-0.010337,4.0000
20211014,76580.53,0.009957,3.7060
20211015,80229.90,0.047654,4.0000
20211018,81209.83,0.012214,4.0000
20211019,80364.65,-0.010407,2.8147
20211020,79530.41,-0.010381,4.0000
20211021,78699.12,-0.010452,3.1504
20211022,77871.35,-0.010518,3.5909
20211025,77140.48,-0.009386,4.0000
20211026,76349.68,-0.010251,1.7429
20211027,78384.18,0.026647,2.1508
20211028,81275.61,0.036888,3.2556
20211029,80418.69,-0.010543,3.7846
20211101,84042.14,0.045057,2.5171
20211102,83178.36,-0.010278,1.9383
20211103,85740.72,0.030806,2.0556
20211104,84845.73,-0.010438,3.1008
20211105,83981.08,-0.010191,1.3584
20211108,83102.26,-0.010464,3.2851
20211109,83102.26,0.000000,0.0000
20211110,82241.02,-0.010364,2.5757
20211111,81456.36,-0.009541,4.0000
20211112,80612.23,-0.010363,2.5702
20211115,81692.97,0.013407,2.5678
20211116,80850.08,-0.010318,2.2275
20211117,82953.35,0.026014,3.8077
20211118,84714.78,0.021234,3.4078
20211119,83820.20,-0.010560,4.0000
20211122,82958.70,-0.010278,1.9379
20211123,82105.41,-0.010286,4.0000
20211124,82105.41,0.000000,0.0000
20211126,81259.50,-0.010303,2.1049
20211129,82896.95,0.020151,1.6916
20211130,82045.68,-0.010269,1.8609
20211201,81206.71,-0.010226,1.5488
20211202,81206.71,0.000000,0.0000
20211203,85807.31,0.056653,2.5768
20211206,84932.28,-0.010198,1.3422
20211207,85367.40,0.005123,1.6576
20211208,84491.76,-0.010257,1.7707
20211209,83613.05,-0.010400,2.7561
20211210,82744.38,-0.010389,2.6928
20211213,84264.02,0.018365,2.1338
20211214,83380.03,-0.010491,3.3370
20211215,82518.97,-0.010327,2.2201
20211216,81673.21,-0.010249,1.7026
20211217,84840.34,0.038778,3.5676
20211220,83979.08,-0.010151,1.0198
20211221,83118.29,-0.010250,1.7144
20211222,82247.17,-0.010481,3.2844
20211223,82650.83,0.004908,1.9562
20211227,81793.92,-0.010368,2.5280
20211228,80938.84,-0.010454,3.1475
20211229,80101.72,-0.010343,2.3543
20211230,79373.21,-0.009095,1.2881
20211231,78563.30,-0.010204,1.4155
20220103,77759.01,-0.010238,1.6519
20220104,77759.01,0.000000,0.0000
20220105,76955.20,-0.010337,2.3432
20220106,76166.79,-0.010245,1.6893
20220107,75375.20,-0.010393,2.6861
20220110,74606.71,-0.010195,1.3244
20220111,73837.14,-0.010315,2.1427
20220112,73837.14,0.000000,0.0000
20220113,73067.60,-0.010422,2.8798
20220114,72304.89,-0.010439,2.9892
20220118,74294.75,0.027520,1.7156
20220119,76703.31,0.032419,1.8907
20220120,75917.24,-0.010248,1.6785
20220121,75144.21,-0.010183,1.2255
20220124,74376.92,-0.010211,1.3995
20220125,73612.58,-0.010277,1.8300
20220126,72856.79,-0.010267,1.7762
20220127,72105.15,-0.010317,2.1128
20220128,71371.31,-0.010177,1.1574
20220131,74188.14,0.039467,1.3382
20220201,73428.77,-0.010236,1.5663
20220202,75176.57,0.023803,2.6718
20220203,74395.09,-0.010395,2.6212
20220204,73637.46,-0.010184,1.2109
20220207,72872.56,-0.010388,2.5861
20220208,72116.56,-0.010374,2.5027
20220209,72623.18,0.007025,1.5227
20220210,71879.77,-0.010237,1.5942
20220211,71138.83,-0.010308,2.0758
20220214,70405.36,-0.010310,2.0831
20220215,71135.12,0.010365,1.2239
20220216,70395.19,-0.010402,2.6920
20220217,73055.66,0.037793,2.6162
20220218,72356.62,-0.009569,4.0000
20220222,71601.96,-0.010430,2.8490
20220223,75844.52,0.059252,2.5660
20220224,80968.94,0.067565,1.4348
20220225,82429.36,0.018037,1.2641
20220228,83191.74,0.009249,1.5058
20220301,82335.86,-0.010288,1.9386
20220302,86155.25,0.046388,3.1451
20220303,88972.59,0.032701,2.6523
20220304,88044.78,-0.010428,2.8626
20220307,87115.51,-0.010554,3.6823
20220308,86226.20,-0.010208,1.3680
20220309,87961.19,0.020121,2.3083
20220310,87051.90,-0.010337,2.2480
20220311,86135.86,-0.010523,3.5008
20220314,87786.92,0.019168,1.2724
20220315,86885.22,-0.010271,1.7985
20220316,85991.51,-0.010286,1.9096
20220317,89764.48,0.043876,2.2353
20220318,89764.48,0.000000,0.0000
20220321,88835.90,-0.010345,2.3330
20220322,87898.15,-0.010556,3.7538
20220323,86981.85,-0.010425,2.8678
20220324,86093.25,-0.010216,1.4404
20220325,85188.43,-0.010510,3.4226
20220328,85362.39,0.002042,3.2678
20220329,85883.63,0.006106,0.8868
20220330,84991.41,-0.010389,2.6289
20220331,84120.14,-0.010251,1.7043
20220401,83258.34,-0.010245,1.6583
20220404,82799.23,-0.005514,2.5929
20220405,81953.43,-0.010215,1.4619
20220406,81110.79,-0.010282,1.8750
20220407,80263.36,-0.010448,2.9952
20220408,79431.38,-0.010366,2.4264
20220411,78617.99,-0.010240,1.5857
20220412,77806.02,-0.010328,2.1906
20220413,79656.21,0.023779,2.0267
20220414,78839.67,-0.010251,1.6853
20220418,79348.75,0.006457,2.1321
20220419,82543.67,0.040264,2.5450
20220420,81691.65,-0.010322,2.1669
20220421,81691.65,0.000000,0.0000
20220422,80840.14,-0.010424,2.8162
20220425,80006.39,-0.010314,2.0489
20220426,83250.99,0.040554,1.9187
20220427,82397.08,-0.010257,1.6867
20220428,81542.07,-0.010377,2.4560
20220429,80706.28,-0.010250,1.6450
20220502,79883.19,-0.010199,1.2804
20220503,80259.41,0.004710,1.1596
20220504,79436.25,-0.010256,1.6666
20220505,83834.27,0.055365,2.1446
20220506,84757.75,0.011016,1.3858
20220509,83880.99,-0.010344,2.2202
20220510,85092.45,0.014443,1.1063
20220511,84225.43,-0.010189,1.1957
20220512,83362.03,-0.010251,1.5724
20220513,84652.26,0.015477,1.4473
20220516,83785.58,-0.010238,1.5146
20220517,85024.04,0.014781,1.6807
20220518,84133.90,-0.010469,3.0102
20220519,84082.62,-0.000610,1.0223
20220520,85848.51,0.021002,2.0059
20220523,84963.88,-0.010305,1.9401
20220524,85460.00,0.005839,2.0774
20220525,88122.56,0.031156,1.8167
20220526,89069.82,0.010749,1.2862
20220527,91225.24,0.024199,1.5029
20220531,90289.76,-0.010255,1.6497
20220601,90289.76,0.000000,0.0000
20220602,95545.02,0.058204,2.8069
20220603,94551.08,-0.010403,2.6174
20220606,94857.27,0.003238,1.7722
20220607,98518.83,0.038601,1.8349
20220608,99200.26,0.006917,1.5884
20220609,98182.13,-0.010263,1.7045
20220610,99737.61,0.015843,1.9620
20220613,99737.61,0.000000,0.0000
20220614,98717.55,-0.010227,1.4424
20220615,97704.10,-0.010266,1.6883
20220616,100580.81,0.029443,1.4716
20220617,99556.62,-0.010183,1.1463
20220621,98539.26,-0.010219,1.3637
20220622,98855.64,0.003211,0.9153
20220623,97843.56,-0.010238,1.5016
20220624,100214.49,0.024232,1.4257
20220627,99192.80,-0.010195,1.2352
20220628,98182.02,-0.010190,1.2233
20220629,98327.46,0.001481,0.9899
20220630,98894.45,0.005766,1.5188
20220701,97882.74,-0.010230,1.4558
20220705,96884.92,-0.010194,1.2092
20220706,96884.92,0.000000,0.0000
20220707,98027.76,0.011796,1.3738
20220708,97003.79,-0.010446,2.8276
20220711,97003.79,0.000000,0.0000
20220712,96007.61,-0.010269,1.7122
20220713,95019.38,-0.010293,1.8520
20220714,95149.62,0.001371,2.0012
20220715,95920.50,0.008102,2.0226
20220718,94939.77,-0.010224,1.4375
20220719,97828.23,0.030424,1.7786
20220720,99673.05,0.018858,1.6805
20220721,98637.90,-0.010385,2.4704
20220722,97623.56,-0.010284,1.8236
20220725,96628.43,-0.010194,1.2344
20220726,95637.05,-0.010260,1.6597
20220727,94641.05,-0.010414,2.6586
20220728,93669.24,-0.010268,1.7493
20220729,92701.68,-0.010329,2.1333
20220801,91758.69,-0.010172,1.1110
20220802,90815.74,-0.010276,1.7905
20220803,89873.46,-0.010376,2.4464
20220804,89623.39,-0.002783,2.3106
20220805,93269.29,0.040680,2.6518
20220808,92313.29,-0.010250,1.6532
20220809,93020.37,0.007660,1.7384
20220810,92049.92,-0.010433,2.8445
20220811,91095.63,-0.010367,2.4467
20220812,90137.86,-0.010514,3.4010
20220815,89203.67,-0.010364,2.4305
20220816,88347.42,-0.009599,4.0000
20220817,87416.81,-0.010534,3.5397
20220818,86511.24,-0.010359,2.3761
20220819,86511.24,0.000000,0.0000
20220822,85615.08,-0.010359,2.3511
20220823,84732.41,-0.010310,2.0425
20220824,83858.82,-0.010310,2.0254
20220825,83858.82,0.000000,0.0000
20220826,89891.92,0.071944,2.4346
20220829,89507.08,-0.004281,1.5531
20220830,91778.43,0.025376,1.9511
20220831,90828.64,-0.010349,2.2562
20220901,90243.17,-0.006446,1.7766
20220902,89328.51,-0.010136,0.8678
20220906,90979.96,0.018487,1.9205
20220907,97651.40,0.073329,3.5136
20220908,96645.01,-0.010306,1.9598
20220909,98497.85,0.019172,2.3874
20220912,97473.89,-0.010396,2.5955
20220913,96477.95,-0.010217,1.4207
20220914,95495.32,-0.010185,1.1860
20220915,94494.61,-0.010479,3.1014
20220916,94073.18,-0.004460,1.2310
20220919,95279.05,0.012818,1.1533
20220920,94296.33,-0.010314,2.0048
20220921,93330.41,-0.010243,1.5533
20220922,95766.81,0.026105,1.5202
20220923,97462.85,0.017710,2.4533
20220926,96470.21,-0.010185,1.1617
20220927,95480.77,-0.010256,1.6096
20220928,95480.77,0.000000,0.0000
20220929,95503.41,0.000237,0.9433
20220930,94510.34,-0.010398,2.4931
20221003,93551.55,-0.010145,0.8967
20221004,94848.93,0.013868,1.1858
20221005,93871.90,-0.010301,1.9178
20221006,92919.86,-0.010142,0.9096
20221007,95109.16,0.023561,1.5001
20221010,95413.40,0.003199,1.2913
20221011,94434.16,-0.010263,1.6374
20221012,93478.08,-0.010124,0.7692
20221013,92526.34,-0.010181,1.1173
20221014,96132.76,0.038977,1.3257
20221017,96325.12,0.002001,1.0243
20221018,95344.03,-0.010185,1.1903
20221019,94367.57,-0.010241,1.5369
20221020,93408.57,-0.010162,1.0341
20221021,92456.04,-0.010197,1.2327
20221024,91512.29,-0.010208,1.3068
20221025,93990.96,0.027086,1.4240
20221026,93030.80,-0.010215,1.3739
20221027,92083.42,-0.010184,1.1908
20221028,91145.31,-0.010188,1.2147
20221031,91280.02,0.001478,1.3995
20221101,91924.01,0.007055,1.6203
20221102,90984.43,-0.010221,1.4206
20221103,90043.74,-0.010339,2.1492
20221104,89106.21,-0.010412,2.6335
20221107,89106.21,0.000000,0.0000
20221108,88187.34,-0.010312,1.9973
20221109,87280.89,-0.010279,1.7741
20221110,86382.64,-0.010292,1.8729
20221111,86594.48,0.002452,1.9674
20221114,85701.09,-0.010317,2.0525
20221115,84826.46,-0.010206,1.3513
20221116,86456.49,0.019216,2.2700
20221117,85561.79,-0.010349,2.2375
20221118,85470.41,-0.001068,1.0499
20221121,85108.86,-0.004230,2.4383
20221122,84237.94,-0.010233,1.4994
20221123,83362.23,-0.010396,2.5743
20221125,83362.23,0.000000,0.0000
20221128,83362.23,0.000000,0.0000
20221129,83158.78,-0.002441,3.5211
20221130,82283.11,-0.010530,3.4351
20221201,82283.11,0.000000,0.0000
20221202,86015.95,0.045366,2.7674
20221205,89080.77,0.035631,2.0263
20221206,92463.51,0.037974,3.0998
20221207,91505.64,-0.010359,2.3190
20221208,90571.00,-0.010214,1.3687
20221209,89644.02,-0.010235,1.5167
20221212,88708.98,-0.010431,2.7529
20221213,87799.81,-0.010249,1.6081
20221214,86885.93,-0.010409,2.6431
20221215,87836.05,0.010935,1.3054
20221216,86928.97,-0.010327,2.0853
20221219,88437.24,0.017351,1.5882
20221220,87522.00,-0.010349,2.2132
20221221,86607.18,-0.010452,2.8682
20221222,86277.26,-0.003809,1.2569
20221223,85386.97,-0.010319,2.0328
20221227,84508.61,-0.010287,1.8134
20221228,83642.62,-0.010247,1.5769
20221229,87534.54,0.046530,2.8328
20221230,86640.06,-0.010219,1.3943
20230103,85758.12,-0.010179,1.1532
20230104,84877.85,-0.010265,1.6914
20230105,84822.08,-0.000657,1.5265
20230106,83951.61,-0.010262,1.6789
20230109,83081.55,-0.010364,2.3256
20230110,82228.73,-0.010265,1.7041
20230111,82228.73,0.000000,0.0000
20230112,81383.31,-0.010281,1.8117
20230113,80535.69,-0.010415,2.7023
20230117,79705.93,-0.010303,1.9650
20230118,78871.24,-0.010472,3.0890
20230119,79390.83,0.006588,2.9054
20230120,78582.32,-0.010184,1.1789
20230123,77772.07,-0.010311,2.0103
20230124,76966.06,-0.010364,2.3586
20230125,76175.25,-0.010275,1.7755
20230126,76175.25,0.000000,0.0000
20230127,75380.22,-0.010437,2.8613
20230130,74646.98,-0.009727,4.0000
20230131,76927.45,0.030550,1.8674
20230201,76122.03,-0.010470,3.0939
20230202,75332.98,-0.010366,2.4308
20230203,75184.48,-0.001971,1.2567
20230206,75184.48,0.000000,0.0000
20230207,74409.62,-0.010306,2.0092
20230208,75225.16,0.010960,2.0010
20230209,74434.75,-0.010507,3.3560
20230210,73657.76,-0.010439,2.8784
20230213,72900.97,-0.010274,1.7894
20230214,72900.97,0.000000,0.0000
20230215,72137.16,-0.010477,3.1417
20230216,72422.92,0.003961,3.0290
20230217,71679.13,-0.010270,1.7842
20230221,70929.75,-0.010455,2.9907
20230222,70201.09,-0.010273,1.7921
20230223,69468.48,-0.010436,2.8617
20230224,68750.92,-0.010329,2.1531
20230227,68029.64,-0.010491,3.2035
20230228,67350.55,-0.009982,2.8217
20230301,66647.57,-0.010438,2.8487
20230302,65953.32,-0.010417,2.7050
20230303,65270.45,-0.010354,2.3075
20230306,67469.81,0.033696,2.7724
20230307,66764.20,-0.010458,3.0012
20230308,66068.33,-0.010423,2.7452
20230309,65373.79,-0.010512,3.3446
20230310,67379.07,0.030674,1.7114
20230313,66682.36,-0.010340,2.1448
20230314,65995.70,-0.010298,1.8994
20230315,65312.06,-0.010359,2.2772
20230316,64636.95,-0.010337,2.1178
20230317,65618.26,0.015182,1.2871
20230320,64941.83,-0.010309,1.9484
20230321,64271.48,-0.010322,2.0681
20230322,63613.40,-0.010239,1.5160
20230323,62946.19,-0.010489,3.1007
20230324,62293.76,-0.010365,2.2827
20230327,61645.24,-0.010411,2.5969
20230328,61713.79,0.001112,2.5596
20230329,61082.46,-0.010230,1.4550
20230330,62661.61,0.025853,3.6936
20230331,64568.42,0.030430,3.5538
20230403,63890.46,-0.010500,3.2173
20230404,64808.81,0.014374,1.1472
20230405,64130.44,-0.010467,2.9599
20230406,63470.18,-0.010295,1.8664
20230410,62787.87,-0.010750,3.4898
20230411,62169.64,-0.009846,4.0000
20230412,64393.43,0.035770,2.6305
20230413,63711.41,-0.010591,3.7658
20230414,63047.00,-0.010428,4.0000
20230417,64628.80,0.025089,3.1233
20230418,65219.02,0.009132,2.1086
20230419,64530.49,-0.010557,3.5523
20230420,63880.33,-0.010075,4.0000
20230421,63215.90,-0.010401,2.5576
20230424,62557.50,-0.010415,2.6643
20230425,62557.50,0.000000,0.0000
20230426,61915.89,-0.010256,1.6307
20230427,61271.51,-0.010407,2.5859
20230428,62985.34,0.027971,3.2938
20230501,62334.57,-0.010332,2.1222
20230502,63127.36,0.012718,1.4349
20230503,62477.75,-0.010290,1.8472
20230504,62924.80,0.007155,2.6829
20230505,62267.71,-0.010442,2.8148
20230508,62583.13,0.005066,1.7860
20230509,61938.14,-0.010306,1.9304
20230510,63316.51,0.022254,3.6003
20230511,63010.56,-0.004832,2.0623
20230512,62346.14,-0.010545,3.4657
20230515,62346.14,0.000000,0.0000
20230516,61720.73,-0.010031,4.0000
20230517,61186.50,-0.008656,4.0000
20230518,61186.50,0.000000,0.0000
20230519,60540.38,-0.010560,3.5785
20230522,59911.82,-0.010383,2.4517
20230523,59291.30,-0.010357,2.2966
20230524,59291.30,0.000000,0.0000
20230525,59291.30,0.000000,0.0000
20230526,60637.77,0.022709,2.7834
20230530,60009.82,-0.010356,2.2821
20230531,60009.82,0.000000,0.0000
20230601,59393.05,-0.010278,1.7542
20230602,60866.97,0.024816,1.5741
20230605,61832.89,0.015869,2.6447
20230606,66569.39,0.076602,2.9055
20230607,66588.50,0.000287,0.8589
20230608,66492.69,-0.001439,1.8205
20230609,65804.49,-0.010350,2.2697
20230612,65117.74,-0.010436,2.8228
20230613,66114.07,0.015300,2.8815
20230614,65436.57,-0.010247,1.6254
20230615,67406.87,0.030110,2.9058
20230616,67922.14,0.007644,1.2738
20230620,67213.49,-0.010433,2.8034
20230621,66517.10,-0.010361,2.3304
20230622,66534.57,0.000263,2.0641
20230623,65839.96,-0.010440,2.8420
20230626,65596.49,-0.003698,3.0257
20230627,65596.49,0.000000,0.0000
20230628,65596.49,0.000000,0.0000
20230629,67994.77,0.036561,3.9467
20230630,67281.54,-0.010490,3.1870
20230703,67175.10,-0.001582,1.3079
20230705,67282.27,0.001595,1.5390
20230706,67570.47,0.004283,2.8681
20230707,67973.72,0.005968,1.4992
20230710,68975.67,0.014740,1.1992
20230711,68254.27,-0.010459,3.0069
20230712,67543.90,-0.010408,2.6920
20230713,68221.57,0.010033,3.0153
20230714,67507.55,-0.010466,3.0624
20230717,69715.39,0.032705,3.3682
20230718,71504.89,0.025669,2.7374
20230719,70769.64,-0.010283,1.8827
20230720,71561.69,0.011192,2.3080
20230721,73045.88,0.020740,2.8005
20230724,72277.67,-0.010517,3.4219
20230725,72092.71,-0.002559,2.7894
20230726,72693.23,0.008330,2.0607
20230727,72693.23,0.000000,0.0000
20230728,71933.64,-0.010449,2.9674
20230731,72357.07,0.005886,1.7924
20230801,71608.46,-0.010346,2.2867
20230802,71504.60,-0.001450,2.1922
20230803,70761.47,-0.010393,2.5833
20230804,70025.27,-0.010404,2.6791
20230807,70025.27,0.000000,0.0000
20230808,69307.06,-0.010256,1.6769
20230809,69424.75,0.001698,1.7448
20230810,68696.67,-0.010487,3.2151
20230811,69847.98,0.016759,4.0000
20230814,69121.70,-0.010398,2.5982
20230815,70082.26,0.013897,3.1564
20230816,69349.59,-0.010454,2.9756
20230817,69349.59,0.000000,0.0000
20230818,69899.14,0.007924,1.2083
20230821,69899.14,0.000000,0.0000
20230822,69194.85,-0.010076,4.0000
20230823,69194.85,0.000000,0.0000
20230824,68472.89,-0.010434,2.8088
20230825,67765.51,-0.010331,2.1537
20230828,67701.72,-0.000941,2.2088
20230829,67701.72,0.000000,0.0000
20230830,68202.20,0.007392,2.1673
20230831,67479.01,-0.010604,3.9582
20230901,67479.01,0.000000,0.0000
20230905,68982.84,0.022286,2.0126
20230906,68266.40,-0.010386,2.5226
20230907,68266.40,0.000000,0.0000
20230908,68237.14,-0.000429,2.1432
20230911,69142.50,0.013268,3.6759
20230912,68990.87,-0.002193,3.1865
20230913,68990.87,0.000000,0.0000
20230914,68990.87,0.000000,0.0000
20230915,68990.87,0.000000,0.0000
20230918,70154.22,0.016862,3.7522
20230919,69422.12,-0.010436,2.8241
20230920,68695.69,-0.010464,3.0058
20230921,69521.29,0.012018,2.8336
20230922,69521.29,0.000000,0.0000
20230925,71684.03,0.031109,3.7641
20230926,70946.13,-0.010294,1.8804
20230927,70216.06,-0.010291,1.8605
20230928,69488.98,-0.010355,2.2729
20230929,68755.13,-0.010561,3.5876
20231002,68043.19,-0.010355,2.2721
20231003,67327.56,-0.010517,3.2863
20231004,66625.19,-0.010432,2.7360
20231005,65943.50,-0.010232,1.4709
20231006,65253.70,-0.010460,2.9108
20231009,67866.07,0.040034,3.8943
20231010,69473.96,0.023692,3.5852
20231011,68751.32,-0.010402,2.5709
20231012,70194.42,0.020990,1.3250
20231013,72059.03,0.026563,2.6178
20231016,72386.83,0.004549,1.8022
20231017,73267.23,0.012163,1.2581
20231018,74469.19,0.016405,1.9472
20231019,73699.49,-0.010336,2.1099
20231020,72941.22,-0.010289,1.8029
20231023,72179.82,-0.010439,2.7265
20231024,71430.02,-0.010388,2.4337
20231025,71430.02,0.000000,0.0000
20231026,70691.42,-0.010340,2.1240
20231027,72614.54,0.027204,2.3913
20231030,72614.54,0.000000,0.0000
20231031,73123.47,0.007009,2.1403
20231101,72378.17,-0.010192,1.1869
20231102,71633.94,-0.010283,1.7791
20231103,71999.91,0.005109,1.6289
20231106,72961.47,0.013355,1.6995
20231107,72201.47,-0.010417,2.6221
20231108,71458.52,-0.010290,1.8225
20231109,70720.51,-0.010328,2.0580
20231110,69992.38,-0.010296,1.8459
20231113,69268.86,-0.010337,2.1063
20231114,71994.36,0.039347,2.0657
20231115,71695.48,-0.004151,1.6323
20231116,71695.48,0.000000,0.0000
20231117,72089.20,0.005492,2.3018
20231120,71344.03,-0.010337,2.1499
20231121,72433.26,0.015267,3.1064
20231122,71986.97,-0.006161,1.6942
20231124,72396.11,0.005684,2.2762
20231127,71648.08,-0.010333,2.1217
20231128,70913.07,-0.010259,1.6471
20231129,70189.77,-0.010200,1.2939
20231130,69469.09,-0.010268,1.7116
20231201,69469.09,0.000000,0.0000
20231204,70274.87,0.011599,1.4163
20231205,71414.43,0.016216,2.9979
20231206,70684.41,-0.010222,1.4542
20231207,69950.68,-0.010380,2.4569
20231208,70129.30,0.002554,1.2435
20231211,69614.87,-0.007335,1.1491
20231212,68901.48,-0.010248,1.6039
20231213,73849.76,0.071817,2.2638
20231214,73102.70,-0.010116,0.7788
20231215,72343.25,-0.010389,2.5794
20231218,72165.78,-0.002453,1.6684
20231219,72769.79,0.008370,1.2515
20231220,74713.29,0.026707,1.9898
20231221,73943.63,-0.010301,2.0147
20231222,73188.98,-0.010206,1.3820
20231226,74588.82,0.019126,2.8936
20231227,73812.70,-0.010405,2.7304
20231228,73051.73,-0.010309,2.0850
20231229,72298.05,-0.010317,2.1342
20240102,71562.29,-0.010177,1.1859
20240103,70828.77,-0.010250,1.6500
20240104,70104.93,-0.010219,1.4583
20240105,70051.88,-0.000757,1.8601
20240108,69318.44,-0.010470,3.1050
20240109,68600.80,-0.010353,2.3201
20240110,67873.45,-0.010603,3.9735
20240111,67821.03,-0.000772,1.8989
20240112,67120.85,-0.010324,2.1360
20240116,66436.38,-0.010198,1.2891
20240117,66903.81,0.007036,1.6860
20240118,66551.57,-0.005265,1.7617
20240119,65871.68,-0.010216,1.4087
20240122,66815.54,0.014329,1.9138
20240123,67894.54,0.016149,1.9567
20240124,69690.90,0.026458,1.7543
20240125,69690.90,0.000000,0.0000
20240126,68977.97,-0.010230,1.5339
20240129,68261.97,-0.010380,2.5079
20240130,67551.44,-0.010409,2.7093
20240131,66860.11,-0.010234,1.5434
20240201,66175.19,-0.010244,1.6212
20240202,65488.91,-0.010371,2.4322
20240205,64814.84,-0.010293,1.9176
20240206,65649.59,0.012879,1.7167
20240207,64971.14,-0.010334,2.1976
20240208,67330.74,0.036318,2.8945
20240209,66626.70,-0.010456,3.0341
20240212,67234.36,0.009120,1.2588
20240213,66548.12,-0.010207,1.3772
20240214,65864.10,-0.010279,1.8408
20240215,66859.59,0.015114,1.3989
20240216,66171.92,-0.010285,1.9004
20240220,65485.48,-0.010374,2.4955
20240221,64801.55,-0.010444,2.9568
20240222,64126.24,-0.010421,2.7929
20240223,63451.84,-0.010517,3.4336
20240226,64380.32,0.014633,2.4387
20240227,64468.51,0.001370,2.3414
20240228,64208.00,-0.004041,2.4414
20240229,63537.15,-0.010448,3.0206
20240301,62874.52,-0.010429,2.8730
20240304,62874.52,0.000000,0.0000
20240305,62221.59,-0.010385,2.5918
20240306,62475.28,0.004077,3.3653
20240307,61830.70,-0.010317,2.1475
20240308,61196.90,-0.010251,1.7034
20240311,61196.90,0.000000,0.0000
20240312,60566.26,-0.010305,2.0418
20240313,59946.72,-0.010229,1.5494
20240314,62245.47,0.038347,3.0068
20240315,62138.24,-0.001723,1.3861
20240318,62138.24,0.000000,0.0000
20240319,62883.24,0.011989,1.8102
20240320,65828.72,0.046841,2.3480
20240321,66115.60,0.004358,2.8405
20240322,68062.22,0.029443,2.6572
20240325,67361.42,-0.010297,2.0053
20240326,67361.42,0.000000,0.0000
20240327,66656.77,-0.010461,3.1146
20240328,66401.71,-0.003826,2.9611
20240401,66884.13,0.007265,1.4580
20240402,67127.19,0.003634,2.1335
20240403,68064.62,0.013965,1.9828
20240404,72228.17,0.061171,3.0760
20240405,72768.98,0.007488,2.3145
20240408,72768.98,0.000000,0.0000
20240409,72017.52,-0.010327,2.2083
20240410,71282.71,-0.010203,1.3653
20240411,70544.54,-0.010355,2.3682
20240412,69806.92,-0.010456,3.0557
20240415,69081.19,-0.010396,2.6481
20240416,68366.43,-0.010347,2.2801
20240417,71571.70,0.046884,3.2671
20240418,70828.98,-0.010377,2.4788
20240419,70102.87,-0.010252,1.6644
20240422,69386.07,-0.010225,1.4763
20240423,72785.61,0.048995,3.4359
20240424,72041.97,-0.010217,1.4491
20240425,71296.47,-0.010348,2.2935
20240426,71296.47,0.000000,0.0000
20240429,70560.32,-0.010325,2.1755
20240430,71468.29,0.012868,2.0122
20240501,70731.12,-0.010315,2.0930
20240502,70002.95,-0.010295,1.9525
20240503,69286.17,-0.010239,1.5960
20240506,69400.87,0.001655,2.4306
20240507,69152.89,-0.003573,3.4731
20240508,69895.52,0.010739,3.4125
20240509,71462.62,0.022421,3.5847
20240510,74039.77,0.036063,4.0000
20240513,73275.77,-0.010319,4.0000
20240514,73241.34,-0.000470,2.3488
20240515,73241.34,0.000000,0.0000
20240516,74016.56,0.010584,3.2566
20240517,73248.57,-0.010376,2.5304
20240520,72480.89,-0.010480,3.2544
20240521,72638.35,0.002172,3.5236
20240522,71894.45,-0.010241,4.0000
20240523,74062.63,0.030158,1.9112
20240524,73290.44,-0.010426,2.8533
20240528,74495.90,0.016448,2.9041
20240529,74495.90,0.000000,0.0000
20240530,73716.74,-0.010459,3.0879
20240531,72947.98,-0.010429,2.8878
20240603,74983.71,0.027907,2.7366
20240604,74191.84,-0.010561,3.7643
20240605,73407.49,-0.010572,3.8244
20240606,72637.32,-0.010492,3.2921
20240607,71886.87,-0.010332,2.2064
20240610,74189.27,0.032028,2.8943
20240611,73414.68,-0.010441,2.9263
20240612,74837.54,0.019381,2.4441
20240613,74052.38,-0.010491,3.3022
20240614,73276.12,-0.010483,3.2235
20240617,72505.72,-0.010514,3.4223
20240618,72505.72,0.000000,0.0000
20240620,71749.55,-0.010429,2.8519
20240621,71006.11,-0.010362,2.4015
20240624,71006.11,0.000000,0.0000
20240625,70645.41,-0.005080,1.5865
20240626,71162.97,0.007326,2.8107
20240627,71162.97,0.000000,0.0000
20240628,70428.13,-0.010326,2.1961
20240701,69689.98,-0.010481,3.2328
20240702,68961.78,-0.010449,3.0100
20240703,68243.97,-0.010409,2.7273
20240705,67537.62,-0.010350,2.3300
20240708,66838.78,-0.010347,2.3356
20240709,66144.19,-0.010392,2.6119
20240710,66909.00,0.011563,3.5545
20240711,66212.46,-0.010410,2.7616
20240712,65951.33,-0.003944,3.0861
20240715,65259.93,-0.010484,3.2906
20240716,69387.04,0.063241,2.9226
20240717,68679.87,-0.010192,1.3316
20240718,67974.26,-0.010274,1.8967
20240719,67277.38,-0.010252,1.7173
20240722,66573.75,-0.010459,3.1510
20240723,69037.39,0.037006,2.9622
20240724,68324.46,-0.010327,2.2595
20240725,69322.03,0.014601,2.3768
20240726,68609.54,-0.010278,1.9299
20240729,67904.42,-0.010277,1.9102
20240730,67200.95,-0.010360,2.4914
20240731,66507.67,-0.010317,2.1977
20240801,65820.91,-0.010326,2.2624
20240802,65141.51,-0.010322,2.1693
20240805,65141.51,0.000000,0.0000
20240806,64479.96,-0.010155,1.0321
20240807,66378.55,0.029445,1.3851
20240808,65697.19,-0.010265,1.7674
20240809,65017.82,-0.010341,2.2896
20240812,65672.69,0.010072,1.7734
20240813,64993.12,-0.010348,2.3314
20240814,65694.08,0.010785,2.0969
20240815,65018.07,-0.010290,1.9785
20240816,64334.77,-0.010509,3.4683
20240819,65003.98,0.010402,1.8829
20240820,67073.64,0.031839,4.0000
20240821,66380.37,-0.010336,2.2820
20240822,65821.50,-0.008419,4.0000
20240823,65127.63,-0.010542,3.7066
20240826,64458.75,-0.010270,1.8543
20240827,63781.09,-0.010513,3.5123
20240828,63106.68,-0.010574,3.9257
20240829,62451.97,-0.010375,2.5621
20240830,61808.66,-0.010301,2.0762
20240903,61175.00,-0.010252,1.7382
20240904,60534.37,-0.010472,3.2185
20240905,59912.66,-0.010270,1.8323
20240906,59298.95,-0.010243,1.6632
20240909,59211.05,-0.001482,1.9124
20240910,58899.93,-0.005254,2.0162
20240911,58294.62,-0.010277,1.8582
20240912,58672.61,0.006484,1.9599
20240913,59570.46,0.015303,1.8842
20240916,59570.46,0.000000,0.0000
20240917,58944.62,-0.010506,3.4665
20240918,58332.30,-0.010388,2.6743
20240919,58021.13,-0.005334,1.5370
20240920,58265.04,0.004204,1.7604
20240923,58501.26,0.004054,1.3486
20240924,57890.94,-0.010433,2.9894
20240925,59160.59,0.021932,2.4633
20240926,58546.46,-0.010381,2.6091
20240927,57936.04,-0.010426,2.9431
20240930,57333.02,-0.010408,2.8143
20241001,57654.71,0.005611,1.4007
20241002,57047.24,-0.010536,3.6617
20241003,56450.33,-0.010464,3.1784
20241004,56055.55,-0.006993,2.7614
20241007,56279.61,0.003997,2.5876
20241008,55695.82,-0.010373,2.5458
20241009,55695.82,0.000000,0.0000
20241010,55116.62,-0.010399,2.7197
20241011,56095.54,0.017761,1.3299
20241014,55514.13,-0.010365,2.5024
20241015,54934.17,-0.010447,3.0758
20241016,54373.00,-0.010215,4.0000
20241017,54293.46,-0.001463,2.2765
20241018,54473.01,0.003307,2.2323
20241021,57505.75,0.055674,4.0000
20241022,57505.75,0.000000,0.0000
20241023,56913.55,-0.010298,2.0596
20241024,56360.79,-0.009712,4.0000
20241025,55774.86,-0.010396,2.7200
20241028,56127.12,0.006316,1.8289
20241029,55545.66,-0.010360,2.4661
20241030,55391.50,-0.002775,2.8708
20241031,57020.68,0.029412,2.1598
20241101,56426.90,-0.010413,2.8485
20241104,55841.25,-0.010379,2.5914
20241105,58592.09,0.049262,2.5222
20241106,57997.89,-0.010141,0.9833
20241107,57401.10,-0.010290,2.0289
20241108,58966.53,0.027272,3.6153
20241111,58360.34,-0.010280,1.9891
20241112,57756.98,-0.010339,2.3998
20241113,57153.81,-0.010443,3.1325
20241114,57153.81,0.000000,0.0000
20241115,58120.87,0.016920,1.6456
20241118,57514.89,-0.010426,2.9583
20241119,59650.10,0.037125,2.5460
20241120,59135.82,-0.008622,4.0000
20241121,58526.97,-0.010296,4.0000
20241122,60013.74,0.025403,2.4777
20241125,59763.65,-0.004167,1.5146
20241126,59140.00,-0.010435,3.0675
20241127,58536.74,-0.010201,1.4292
20241129,58536.74,0.000000,0.0000
20241202,57932.53,-0.010322,2.2693
20241203,58842.82,0.015713,3.0784
20241204,58242.08,-0.010209,1.4865
20241205,59575.42,0.022893,2.8438
20241206,59727.45,0.002552,3.3502
20241209,59102.07,-0.010471,3.3336
20241210,58488.97,-0.010374,2.6200
20241211,57885.96,-0.010310,2.1732
20241212,59812.92,0.033289,3.8575
20241213,59190.55,-0.010405,2.8492
20241216,59190.55,0.000000,0.0000
20241217,58581.14,-0.010296,2.0771
20241218,57972.81,-0.010384,2.6949
20241219,57379.44,-0.010235,1.6348
20241220,57879.19,0.008710,1.0474
20241223,57793.14,-0.001487,1.8874
20241224,57793.14,0.000000,0.0000
20241226,57193.84,-0.010370,2.5409
20241227,56597.92,-0.010419,2.9085
20241230,56013.27,-0.010330,2.2604
20241231,55432.77,-0.010364,4.0000
20250102,55603.51,0.003080,1.6032
20250103,55024.88,-0.010406,2.8122
20250106,54461.21,-0.010244,1.6985
20250107,53899.76,-0.010309,2.1516
20250108,53337.13,-0.010438,3.0079
20250110,52789.63,-0.010265,1.8067
20250113,52241.56,-0.010382,2.6159
20250114,51697.83,-0.010408,2.8095
20250115,52159.33,0.008927,2.9292
20250116,51621.38,-0.010314,2.1769
20250117,51084.65,-0.010397,2.7486
20250121,50553.42,-0.010399,2.7634
20250122,50029.48,-0.010364,2.5437
20250123,49512.73,-0.010329,2.2931
20250124,48994.41,-0.010468,3.2511
20250127,48484.78,-0.010402,2.7976
20250128,47983.78,-0.010333,2.3023
20250129,47564.16,-0.008745,4.0000
20250130,47062.39,-0.010549,3.8301
20250131,46570.10,-0.010460,3.2120
20250203,46089.92,-0.010311,2.1503
20250204,47282.21,0.025869,2.1932
20250205,46785.61,-0.010503,3.4883
20250206,47666.04,0.018819,3.3190
20250207,47244.05,-0.008853,4.0000
20250210,46756.33,-0.010323,2.2361
20250211,46756.33,0.000000,0.0000
20250212,47468.54,0.015232,3.0389
20250213,46970.91,-0.010483,3.3368
20250214,46479.29,-0.010466,3.2303
20250218,45990.55,-0.010515,3.5827
20250219,46444.97,0.009881,3.4591
20250220,46444.97,0.000000,0.0000
20250221,45966.90,-0.010293,2.0224
20250224,46980.85,0.022058,2.7532
20250225,46499.28,-0.010250,1.7214
20250226,46454.34,-0.000967,2.0981
20250227,45972.55,-0.010371,2.5276
20250228,45972.55,0.000000,0.0000
20250303,45496.40,-0.010357,2.4495
20250304,45031.13,-0.010227,1.5149
20250305,44561.65,-0.010426,2.8576
20250306,44102.67,-0.010300,2.0094
20250307,43645.23,-0.010372,2.4918
20250310,44457.58,0.018613,1.6505
20250311,43994.58,-0.010414,2.7577
20250312,44507.61,0.011661,1.6876
20250313,44043.55,-0.010427,2.8574
20250314,43584.77,-0.010417,2.7868
20250317,44319.08,0.016848,1.9956
20250318,44118.14,-0.004534,1.7325
20250319,43659.82,-0.010388,2.6133
20250320,43620.31,-0.000905,2.1583
20250321,43164.72,-0.010444,2.9833
20250324,43843.77,0.015731,2.4395
20250325,43843.77,0.000000,0.0000
20250326,43382.86,-0.010513,3.4711
20250327,42933.08,-0.010368,2.4632
20250328,45506.94,0.059951,3.5148
20250331,45035.93,-0.010350,2.3172
20250401,44576.34,-0.010205,1.3539
20250402,45640.34,0.023869,1.0960
20250403,45177.03,-0.010151,1.0056
20250404,44715.59,-0.010214,1.3936
20250407,45822.28,0.024750,0.9912
20250408,47850.87,0.044271,0.9021
20250409,47365.83,-0.010137,0.8745
20250410,47365.83,0.000000,0.0000
20250411,46885.35,-0.010144,0.9186
20250414,46752.31,-0.002838,0.9646
20250415,46272.72,-0.010258,1.6900
20250416,45796.76,-0.010286,1.8669
20250417,45330.26,-0.010186,1.2196
20250421,45778.17,0.009881,1.4508
20250422,45306.42,-0.010305,1.9909
20250423,44842.65,-0.010236,1.5646
20250424,44842.65,0.000000,0.0000
20250425,44378.04,-0.010361,2.3850
20250428,43924.12,-0.010228,1.5178
20250429,44443.53,0.011825,2.3515
20250430,43989.04,-0.010226,1.4804
20250501,43989.04,0.000000,0.0000
20250502,44353.24,0.008279,1.6345
20250505,44264.60,-0.001998,1.8109
20250506,43808.96,-0.010294,1.9549
20250507,43354.11,-0.010383,2.5337
20250508,42902.99,-0.010405,2.6932
20250509,42450.01,-0.010558,3.7397
20250512,42450.01,0.000000,0.0000
20250513,42010.08,-0.010364,2.4514
20250514,42010.08,0.000000,0.0000
20250515,42629.53,0.014745,2.9984
20250516,42185.48,-0.010416,2.8050
20250519,42809.39,0.014790,1.9185
20250520,42487.42,-0.007521,4.0000
20250521,42048.08,-0.010340,2.3025
20250522,41615.60,-0.010285,1.9015
20250523,41841.47,0.005428,1.0833
20250527,41414.64,-0.010201,1.3437
20250528,41414.64,0.000000,0.0000
20250529,41319.79,-0.002290,1.8054
20250530,40895.14,-0.010277,1.8545
20250602,40831.81,-0.001548,3.0024
20250603,40831.81,0.000000,0.0000
20250604,40411.49,-0.010294,1.9981
20250605,39988.64,-0.010464,3.1249
20250606,39569.65,-0.010478,3.2507
20250609,39164.03,-0.010251,1.7002
20250610,38759.52,-0.010328,4.0000
20250611,38359.34,-0.010325,2.2090
20250612,37955.14,-0.010537,3.6418
20250613,37567.20,-0.010221,1.5055
20250616,37576.63,0.000251,2.9632
20250617,37184.65,-0.010431,2.9282
20250618,37184.65,0.000000,0.0000
20250620,37722.71,0.014470,2.5629
20250623,37333.49,-0.010318,2.1383
20250624,36941.62,-0.010497,3.3711
20250625,37665.96,0.019608,2.3722
20250626,37268.48,-0.010553,4.0000
20250627,36881.28,-0.010390,2.6531
20250630,36912.03,0.000834,2.6935
20250701,38722.97,0.049061,3.2966
20250702,38320.27,-0.010400,2.7308
20250703,38449.86,0.003382,2.3147
20250707,38988.15,0.014000,2.5344
20250708,38988.15,0.000000,0.0000
20250709,38584.78,-0.010346,4.0000
20250710,38238.97,-0.008962,4.0000
20250711,39054.04,0.021315,3.8622
20250714,39824.79,0.019735,3.1140
20250715,41791.22,0.049377,2.4888
20250716,41967.32,0.004214,3.1435
20250717,42390.54,0.010085,1.4273
20250718,43307.31,0.021627,2.3440
20250721,42939.09,-0.008503,4.0000
20250722,42494.40,-0.010356,2.4646
20250723,42049.78,-0.010463,3.1949
20250724,42944.63,0.021281,3.4373
20250725,42503.40,-0.010274,1.8889
20250728,42715.35,0.004987,2.6981
20250729,44237.52,0.035635,3.4488
20250730,43771.98,-0.010524,3.6272
20250731,43315.38,-0.010431,2.9762
20250801,42870.22,-0.010277,1.8849
20250804,42870.22,0.000000,0.0000
20250805,42421.37,-0.010470,3.2241
20250806,42167.36,-0.005988,2.3359
20250807,43295.28,0.026749,2.7678
20250808,42838.84,-0.010543,3.7266
20250811,42392.90,-0.010410,2.8290
20250812,43959.24,0.036948,1.8649
20250813,46149.03,0.049814,4.0000
20250814,45665.69,-0.010473,3.3011
20250815,46676.81,0.022142,4.0000
20250818,46926.49,0.005349,4.0000
20250819,46613.32,-0.006674,4.0000
20250820,46613.32,0.000000,0.0000
20250821,47382.00,0.016491,3.1549
20250822,51021.26,0.076807,2.6129
20250825,50517.61,-0.009871,4.0000
20250826,51414.40,0.017752,3.9302
20250827,52069.40,0.012740,2.2591
20250828,52120.96,0.000990,3.7298
20250829,53190.41,0.020519,4.0000
20250902,53190.41,0.000000,0.0000
20250903,52643.52,-0.010282,1.9809
20250904,52643.52,0.000000,0.0000
20250905,52103.02,-0.010267,1.8908
20250908,51722.97,-0.007294,2.4150
20250909,51176.78,-0.010560,3.9321
20250910,50648.49,-0.010323,2.2796
20250911,52061.39,0.027896,2.0057
20250912,53131.68,0.020558,3.9029
20250915,52777.94,-0.006658,4.0000
20250916,52777.94,0.000000,0.0000
20250917,52229.47,-0.010392,2.7728
20250918,52229.47,0.000000,0.0000
20250919,52846.58,0.011815,2.0459
20250922,52294.06,-0.010455,3.2127
20250923,51751.61,-0.010373,2.6579
20250924,51751.61,0.000000,0.0000
20250925,51233.38,-0.010014,4.0000
20250926,50703.37,-0.010345,2.4428
20250929,50750.79,0.000935,2.0243
20250930,50220.63,-0.010446,3.1646
20251001,50603.40,0.007622,2.1886
20251002,50073.37,-0.010474,3.3522
20251003,49931.31,-0.002837,2.3334
20251006,49406.66,-0.010508,3.6248
20251007,50941.55,0.031067,3.0284
20251008,50413.01,-0.010376,2.6580
20251009,49889.61,-0.010382,2.7264
20251010,49368.73,-0.010441,3.1420
20251013,48860.18,-0.010301,2.1399
20251014,51720.93,0.058550,2.4343
20251015,51181.23,-0.010435,3.1167
20251016,53951.03,0.054118,2.6072
20251017,53401.63,-0.010183,1.3082
20251020,53871.83,0.008805,2.3774
20251021,53317.04,-0.010298,2.1148
20251022,53317.04,0.000000,0.0000
20251023,52758.21,-0.010481,3.4232
20251024,52490.08,-0.005082,2.7611
20251027,52611.42,0.002312,2.1353
20251028,52065.84,-0.010370,2.6314
20251029,51522.33,-0.010439,3.1209
20251030,50986.79,-0.010394,2.8098
20251031,50463.84,-0.010257,1.8126
20251103,50173.19,-0.005759,1.2865
20251104,49651.36,-0.010401,2.1844
20251105,51213.45,0.031461,3.5974
20251106,51213.45,0.000000,0.0000
20251107,50680.25,-0.010411,2.8881
20251110,50151.16,-0.010440,3.1144
20251111,50151.16,0.000000,0.0000
20251112,49635.76,-0.010277,1.9756
20251113,49635.76,0.000000,0.0000
20251114,50870.13,0.024869,1.9484
20251117,50339.34,-0.010434,3.0604
20251118,49825.98,-0.010198,1.3915
20251119,49307.79,-0.010400,2.8110
20251120,48803.01,-0.010237,1.6779
20251121,50461.90,0.033991,1.6943
20251124,51608.71,0.022726,1.7690
20251125,51078.83,-0.010267,1.8981
20251126,52135.68,0.020691,2.9966
20251128,51595.12,-0.010368,2.6162
20251201,51117.54,-0.009256,4.0000
20251202,52419.00,0.025460,4.0000
20251203,52419.00,0.000000,0.0000
20251204,53559.99,0.021767,2.7605
20251205,52995.64,-0.010537,3.8309
20251208,53676.66,0.012850,3.1292
20251209,53540.35,-0.002539,1.5210
20251210,53002.05,-0.010054,4.0000
20251211,52448.98,-0.010435,3.1315
20251212,54971.71,0.048099,3.4993
20251215,56672.84,0.030945,2.8044
20251216,56092.08,-0.010247,1.7781
20251217,55516.88,-0.010255,1.8295
20251218,55516.88,0.000000,0.0000
20251219,55511.90,-0.000090,1.4837
20251222,55735.79,0.004033,2.6226
20251223,55735.79,0.000000,0.0000
20251224,55154.06,-0.010437,3.1214
20251226,55219.07,0.001179,2.1226
20251229,54651.83,-0.010273,1.9569
20251230,55597.71,0.017307,3.2817
20251231,56935.93,0.024070,4.0000
20260102,56354.02,-0.010220,1.5604
20260105,57306.73,0.016906,2.1521
20260106,56709.20,-0.010427,3.0479
20260107,56761.50,0.000922,2.1652
20260108,57442.59,0.011999,1.4506
20260109,56851.85,-0.010284,2.0595
20260112,56851.85,0.000000,0.0000
20260113,56851.85,0.000000,0.0000
20260114,56262.06,-0.010374,2.6970
20260115,55678.26,-0.010376,2.7394
20260116,55097.40,-0.010432,3.1334
20260120,55240.06,0.002589,2.1390
20260121,54664.16,-0.010426,3.0978
20260122,54095.72,-0.010399,2.9190
20260123,55642.09,0.028586,2.4656
20260126,55840.32,0.003562,2.7930
20260127,55266.46,-0.010277,1.9986
20260128,56277.38,0.018292,2.2566
20260129,56176.84,-0.001786,1.7240
20260130,56176.84,0.000000,0.0000
20260202,56730.24,0.009851,1.3726
20260203,56148.60,-0.010253,1.8408
20260204,55567.93,-0.010342,2.4701
20260205,54999.28,-0.010233,1.6929
20260206,56017.64,0.018516,1.3862
20260209,55442.50,-0.010267,1.9287
20260210,54863.77,-0.010438,3.1994
20260211,54863.77,0.000000,0.0000
20260212,54296.81,-0.010334,2.4370
20260213,53736.15,-0.010326,2.3650
20260217,53412.81,-0.006017,1.5843
20260218,53475.56,0.001175,1.3944
20260219,52922.08,-0.010350,2.5267
20260220,52374.69,-0.010343,2.4963
20260223,51834.59,-0.010312,2.2721
20260224,53319.06,0.028639,2.9427
20260225,53189.66,-0.002427,2.9447
20260226,52641.30,-0.010310,2.2552
20260227,52641.30,0.000000,0.0000
20260302,53986.32,0.025550,1.5391
20260303,53430.33,-0.010299,2.1406
20260304,52884.09,-0.010223,1.6064
20260305,52341.01,-0.010269,1.9510
20260306,51797.70,-0.010380,2.7116
20260309,51255.53,-0.010467,3.3179
20260310,50728.56,-0.010281,2.0249
20260311,50203.82,-0.010344,2.4568
20260312,49686.27,-0.010309,2.1944
20260313,49174.25,-0.010305,2.1858
20260316,48658.38,-0.010491,3.5132
20260317,48158.45,-0.010274,1.9687
20260318,47657.44,-0.010403,2.8686
20260319,49584.37,0.040433,2.4247
20260320,50488.38,0.018232,1.3245
20260323,49973.25,-0.010203,1.4359
20260324,50587.11,0.012284,1.3218
20260325,50061.37,-0.010393,2.8217
20260326,49539.33,-0.010428,3.0629
20260327,49027.96,-0.010322,2.2831
20260330,50973.76,0.039687,2.1155
20260331,50447.60,-0.010322,2.2913
20260401,49926.63,-0.010327,2.3454
20260402,54613.35,0.093872,4.0000
20260406,54049.48,-0.010325,2.3320
20260407,53482.02,-0.010499,3.5604
20260408,53961.27,0.008961,2.7620
20260409,54945.76,0.018245,2.3498
20260410,55211.55,0.004837,2.7669
20260413,54701.64,-0.009235,4.0000
20260414,54701.64,0.000000,0.0000
20260415,54126.52,-0.010514,3.7541
20260416,53560.78,-0.010452,3.3069
20260417,53000.40,-0.010462,3.3960
20260420,54170.17,0.022071,3.1745
20260421,53606.78,-0.010400,2.9535
20260422,53872.55,0.004958,2.7765
20260423,53311.95,-0.010406,2.9918
20260424,52767.58,-0.010211,1.5412
20260427,52226.17,-0.010260,1.9220
20260428,51688.00,-0.010305,2.2447
20260429,52367.00,0.013136,2.7831
20260430,51824.95,-0.010351,2.5780
20260501,51292.35,-0.010277,2.0284
20260504,50759.39,-0.010391,2.8839
20260505,51598.40,0.016529,2.9325
20260506,51058.69,-0.010460,3.3950
20260507,52337.42,0.025044,1.9090
20260508,51791.91,-0.010423,3.1186
20260511,51248.35,-0.010495,3.6561
20260512,51147.31,-0.001971,1.5609
20260513,50620.87,-0.010293,2.1534
20260514,50100.12,-0.010287,2.1142
20260515,50308.29,0.004155,1.4749
20260518,50772.36,0.009225,1.7477
20260519,50253.46,-0.010220,1.6038
20260520,49738.97,-0.010238,1.7346
20260521,49738.97,0.000000,0.0000
20260522,49223.88,-0.010356,2.6416
20260526,49223.88,0.000000,0.0000
20260527,48709.97,-0.010440,3.2666
20260528,48206.90,-0.010328,2.4283
20260529,48121.10,-0.001780,2.4828
20260601,47624.03,-0.010330,2.4371
20260602,47757.76,0.002808,1.1640
20260603,48228.58,0.009859,2.4711
20260604,49199.85,0.020139,1.6491
20260605,52098.84,0.058923,2.5882
20260608,51563.33,-0.010279,2.0545
20260609,51035.88,-0.010229,1.7087
20260610,50514.32,-0.010220,1.6336
20260611,50514.32,0.000000,0.0000
20260612,50762.60,0.004915,3.0483
20260615,50235.80,-0.010378,2.8349
20260616,49719.45,-0.010278,2.0900
20260617,49202.13,-0.010405,3.0264
20260618,48692.27,-0.010363,2.6989
20260622,48193.70,-0.010239,1.7992
20260623,48340.73,0.003051,1.3394
20260624,47845.30,-0.010249,1.8677
20260625,47386.76,-0.009584,4.0000
20260626,47386.76,0.000000,0.0000
20260629,46903.61,-0.010196,1.4769
20260630,46421.29,-0.010283,2.1113
20260701,45942.55,-0.010313,2.3395
20260702,45942.55,0.000000,0.0000
20260706,45844.79,-0.002128,1.9302
20260707,47077.32,0.026885,2.9544
20260708,46591.23,-0.010325,2.4376
20260709,46101.71,-0.010507,3.7940
20260710,46210.10,0.002351,1.6563
20260713,45729.34,-0.010404,4.0000
20260714,45255.88,-0.010354,2.6322
20260715,44785.07,-0.010403,3.0228
20260716,44322.96,-0.010318,2.3867
20260717,44938.37,0.013885,2.8996
20260720,44938.37,0.000000,0.0000
20260721,44474.96,-0.010312,2.3383
20260722,44474.96,0.000000,0.0000
20260723,44020.92,-0.010209,1.5633
20260724,43566.14,-0.010331,2.4581
20260727,43114.60,-0.010365,2.7290
20260728,42665.59,-0.010414,3.0797
20260729,42225.65,-0.010311,2.3305
20260730,41785.39,-0.010426,3.1639
20260731,42772.34,0.023619,3.6221
20260803,42772.34,0.000000,0.0000
20260804,42322.82,-0.010510,3.8246
20260805,41884.90,-0.010347,2.5999
20260806,41451.22,-0.010354,2.6443
20260807,41064.19,-0.009337,4.0000
20260810,40636.43,-0.010417,3.1369
20260811,40247.13,-0.009580,4.0000
20260812,40247.13,0.000000,0.0000
20260813,39827.91,-0.010416,3.1403
20260814,40371.38,0.013646,3.1298
20260817,40371.38,0.000000,0.0000
20260818,40950.90,0.014355,2.5806
20260819,40521.14,-0.010495,3.7086
20260820,40153.39,-0.009075,4.0000
20260821,39733.50,-0.010457,3.4197
20260824,40071.83,0.008515,3.1791
20260825,39926.19,-0.003635,3.8837
20260826,39926.19,0.000000,0.0000
20260827,39509.21,-0.010444,3.3151
20260828,39509.21,0.000000,0.0000
