day,cum_net_r
20230911,0.4549
20230911,0.6465
20230911,-0.3829
20230911,-0.0007
20230911,-1.2078
20230911,-0.1354
20230911,0.5381
20230911,-0.6334
20230911,-1.6719
20230911,-2.6892
20230911,-3.7156
20230911,-4.7296
20230911,-4.391
20230911,-4.1543
20230911,-2.3422
20230911,-1.6519
20230911,-2.7241
20230911,-3.9266
20230912,-3.4426
20230912,-4.456
20230912,-5.5128
20230912,-5.0677
20230912,-6.1259
20230912,-7.2311
20230912,-6.8698
20230912,-6.6915
20230912,-6.7157
20230912,-7.8337
20230912,-7.3736
20230912,-7.3083
20230912,-6.8819
20230912,-8.0241
20230912,-9.2003
20230912,-9.1114
20230912,-7.9704
20230912,-7.3492
20230912,-7.0072
20230913,-6.2826
20230913,-5.826
20230913,-5.4554
20230913,-5.2524
20230913,-4.5414
20230913,-4.2801
20230913,-5.3255
20230913,-4.8711
20230913,-5.8964
20230913,-5.6568
20230913,-5.3314
20230913,-6.5192
20230914,-6.2153
20230914,-6.0456
20230914,-6.0275
20230914,-4.1279
20230914,-5.2006
20230914,-6.2841
20230914,-7.3332
20230914,-7.0783
20230914,-8.1447
20230914,-7.5461
20230914,-6.49
20230914,-6.1601
20230914,-4.8651
20230914,-4.4301
20230914,-4.0316
20230914,-3.5739
20230914,-3.0982
20230914,-4.1965
20230915,-5.2525
20230915,-6.3317
20230915,-7.3682
20230915,-6.1493
20230915,-5.7742
20230915,-6.8792
20230915,-8.3527
20230915,-7.8916
20230915,-7.8916
20230915,-7.9195
20230915,-10.432
20230915,-10.4753
20230918,-11.5173
20230918,-12.5566
20230918,-12.4937
20230918,-11.4402
20230918,-12.5215
20230918,-14.2663
20230918,-15.297
20230918,-15.1017
20230919,-14.5295
20230919,-14.0617
20230919,-13.1702
20230919,-12.727
20230919,-12.1719
20230919,-13.1907
20230919,-12.7322
20230919,-12.2595
20230919,-13.285
20230919,-13.2084
20230919,-12.7344
20230919,-12.4346
20230919,-13.4852
20230919,-14.6129
20230919,-14.2856
20230919,-13.8295
20230919,-14.8666
20230919,-15.9481
20230919,-15.5522
20230919,-16.6273
20230919,-14.8478
20230919,-16.0333
20230919,-17.0909
20230919,-18.787
20230920,-18.4599
20230920,-18.508
20230920,-19.5685
20230920,-19.1023
20230920,-18.7315
20230920,-18.0035
20230920,-17.7374
20230920,-18.7823
20230920,-18.0511
20230920,-17.545
20230920,-17.3473
20230920,-17.1826
20230920,-16.58
20230920,-15.6774
20230920,-15.5148
20230921,-15.3522
20230921,-14.6491
20230921,-14.2849
20230921,-15.3177
20230921,-15.2872
20230921,-16.3128
20230921,-17.4684
20230921,-18.516
20230921,-19.6089
20230921,-20.6597
20230921,-21.8841
20230921,-22.962
20230921,-22.5372
20230921,-21.1711
20230921,-22.2807
20230921,-21.6783
20230921,-20.9093
20230922,-21.9784
20230922,-23.0264
20230922,-24.0982
20230922,-25.1247
20230922,-26.1483
20230922,-27.229
20230922,-27.034
20230922,-26.6702
20230922,-26.4429
20230922,-27.4855
20230922,-26.6633
20230922,-27.7362
20230922,-29.0349
20230922,-26.9775
20230922,-26.5332
20230922,-26.0491
20230925,-25.9121
20230925,-26.9329
20230925,-27.9734
20230925,-27.8484
20230925,-27.8613
20230925,-28.8942
20230925,-29.983
20230925,-30.0521
20230925,-31.0938
20230925,-32.1327
20230925,-33.286
20230925,-34.4273
20230926,-33.8583
20230926,-32.7718
20230926,-33.8523
20230926,-32.8584
20230926,-33.9234
20230926,-33.8011
20230926,-33.6125
20230926,-34.7435
20230926,-35.8749
20230926,-35.5592
20230926,-36.6668
20230926,-37.8493
20230926,-37.6232
20230926,-38.9183
20230926,-39.9837
20230926,-41.163
20230926,-40.7317
20230926,-40.2768
20230927,-40.267
20230927,-40.0546
20230927,-41.1026
20230927,-41.0587
20230927,-40.6151
20230927,-41.6336
20230927,-41.2427
20230927,-42.3697
20230927,-43.5647
20230927,-44.598
20230927,-44.3262
20230927,-44.2067
20230927,-43.8908
20230927,-45.0869
20230927,-46.2405
20230927,-47.4441
20230927,-46.9239
20230927,-46.5429
20230927,-45.7849
20230928,-46.7957
20230928,-46.1188
20230928,-45.0603
20230928,-44.7377
20230928,-44.6056
20230928,-44.2201
20230928,-45.2657
20230928,-46.3317
20230928,-47.4421
20230928,-47.1404
20230928,-49.1403
20230928,-47.9276
20230928,-47.8108
20230928,-49.8107
20230928,-50.9183
20230928,-50.9918
20230929,-52.0346
20230929,-51.1364
20230929,-52.1653
20230929,-53.2142
20230929,-53.0261
20230929,-54.1043
20230929,-54.0253
20230929,-55.0503
20230929,-56.0775
20230929,-57.1317
20230929,-58.1614
20230929,-57.7351
20230929,-56.6875
20230929,-57.7614
20231002,-57.5488
20231002,-57.3413
20231002,-56.6992
20231002,-57.7262
20231002,-58.7598
20231002,-59.7849
20231002,-58.8569
20231002,-58.8102
20231002,-58.7092
20231002,-57.6336
20231002,-58.7382
20231002,-58.2775
20231002,-57.0792
20231002,-56.6043
20231002,-56.1733
20231002,-57.2481
20231002,-56.672
20231002,-58.1923
20231002,-59.6403
20231003,-59.5266
20231003,-59.3332
20231003,-60.3767
20231003,-61.3986
20231003,-61.2974
20231003,-61.2736
20231003,-60.7874
20231003,-60.6694
20231003,-60.6181
20231003,-60.0434
20231003,-58.6091
20231003,-58.5185
20231003,-58.1444
20231003,-59.2188
20231003,-58.9557
20231003,-57.4308
20231003,-56.1927
20231003,-57.2752
20231003,-58.3697
20231004,-58.2892
20231004,-58.2198
20231004,-58.1013
20231004,-58.0183
20231004,-59.054
20231004,-58.6698
20231004,-59.6904
20231004,-60.7461
20231004,-60.3078
20231004,-59.4772
20231004,-58.1458
20231004,-59.2807
20231004,-59.3425
20231004,-60.4733
20231004,-61.5529
20231004,-62.9376
20231004,-64.1573
20231005,-64.1046
20231005,-62.6164
20231005,-63.6494
20231005,-64.7569
20231005,-64.0048
20231005,-63.9226
20231005,-64.9485
20231005,-66.0158
20231005,-67.2077
20231005,-68.5573
20231005,-68.2838
20231005,-69.7742
20231005,-70.8495
20231005,-70.8499
20231005,-70.384
20231006,-71.4112
20231006,-70.1383
20231006,-70.1463
20231006,-71.1922
20231006,-70.7206
20231006,-69.8895
20231006,-70.9319
20231006,-70.5257
20231006,-70.4572
20231006,-67.6172
20231006,-67.2862
20231006,-66.948
20231006,-68.0184
20231006,-69.0571
20231006,-71.5895
20231006,-71.6464
20231009,-71.5458
20231009,-70.7766
20231009,-70.4492
20231009,-71.4751
20231009,-72.4989
20231009,-73.5906
20231009,-73.11
20231009,-72.6982
20231009,-73.8546
20231009,-73.492
20231009,-74.5908
20231009,-73.5246
20231009,-73.3597
20231009,-73.1578
20231009,-72.6326
20231009,-71.6375
20231009,-70.035
20231009,-69.7701
20231009,-69.4787
20231009,-69.0224
20231009,-68.293
20231009,-69.428
20231009,-70.6581
20231009,-70.6899
20231010,-70.5372
20231010,-70.2137
20231010,-70.0769
20231010,-69.0295
20231010,-68.0931
20231010,-68.0405
20231010,-67.5715
20231010,-66.744
20231010,-66.6881
20231010,-65.5425
20231010,-64.4281
20231010,-63.3514
20231010,-64.3869
20231010,-64.4034
20231010,-64.0146
20231010,-63.5578
20231010,-63.0748
20231010,-62.5986
20231010,-62.495
20231010,-62.2236
20231010,-62.1406
20231010,-61.6757
20231010,-62.8325
20231010,-62.4448
20231010,-110.9873
20231010,-112.1044
20231010,-112.0631
20231010,-113.1388
20231010,-113.081
20231011,-114.1183
20231011,-115.1485
20231011,-116.1994
20231011,-117.2467
20231011,-118.3195
20231011,-121.9192
20231011,-123.0022
20231011,-123.0198
20231012,-122.8476
20231012,-123.8935
20231012,-123.4196
20231012,-122.9659
20231012,-122.5569
20231012,-121.3786
20231012,-120.7239
20231012,-120.2737
20231012,-121.2923
20231012,-122.3101
20231012,-123.3868
20231012,-124.5156
20231012,-125.5665
20231012,-126.6444
20231012,-125.0528
20231012,-124.7663
20231012,-123.5337
20231012,-122.724
20231012,-121.2263
20231012,-121.2127
20231012,-122.2828
20231012,-122.2816
20231012,-121.8388
20231013,-121.4455
20231013,-121.0313
20231013,-120.9367
20231013,-121.9829
20231013,-121.5752
20231013,-121.1128
20231013,-120.8542
20231013,-119.5692
20231013,-119.0658
20231013,-118.231
20231013,-117.7714
20231013,-118.959
20231013,-117.9652
20231013,-116.0405
20231013,-117.3629
20231013,-117.5264
20231013,-117.3755
20231016,-117.2736
20231016,-117.2143
20231016,-118.2936
20231016,-119.4112
20231016,-120.483
20231016,-120.5388
20231016,-120.1242
20231016,-121.286
20231016,-123.0674
20231016,-124.3218
20231017,-123.8591
20231017,-124.9566
20231017,-124.8601
20231017,-123.2961
20231017,-123.3031
20231017,-123.0332
20231017,-122.7892
20231017,-123.8436
20231017,-123.366
20231017,-124.5262
20231017,-126.0177
20231017,-127.7618
20231017,-127.4455
20231018,-128.4814
20231018,-129.5117
20231018,-130.5455
20231018,-131.6315
20231018,-132.6796
20231018,-132.2758
20231018,-133.3382
20231018,-133.0524
20231018,-134.1249
20231018,-133.0439
20231018,-133.6929
20231018,-132.129
20231018,-130.6388
20231018,-130.3275
20231019,-131.3856
20231019,-130.2494
20231019,-131.3229
20231019,-132.4622
20231019,-132.1281
20231019,-131.9507
20231019,-132.9809
20231019,-134.0251
20231019,-135.0545
20231019,-136.0797
20231019,-135.8699
20231019,-134.8458
20231019,-134.8026
20231019,-134.5765
20231019,-135.6749
20231019,-134.7789
20231019,-135.8386
20231019,-135.8001
20231019,-136.1112
20231019,-135.1663
20231020,-135.0172
20231020,-134.6679
20231020,-134.5013
20231020,-134.0601
20231020,-133.7102
20231020,-133.376
20231020,-133.1603
20231020,-132.8804
20231020,-133.9273
20231020,-132.5568
20231020,-131.68
20231020,-131.5128
20231020,-131.0549
20231020,-130.971
20231020,-130.7019
20231020,-130.7432
20231020,-130.0936
20231020,-131.118
20231020,-132.208
20231020,-133.5143
20231020,-134.7074
20231020,-134.551
20231020,-133.9421
20231020,-135.2324
20231020,-136.3276
20231020,-135.2607
20231020,-134.9524
20231020,-134.7711
20231020,-134.3013
20231023,-134.1748
20231023,-133.5913
20231023,-133.5724
20231023,-133.414
20231023,-133.1513
20231023,-132.5304
20231023,-132.5138
20231023,-133.7705
20231024,-134.7979
20231024,-135.8179
20231024,-135.5271
20231024,-136.5641
20231024,-136.2738
20231024,-137.3135
20231024,-138.3418
20231024,-137.8768
20231024,-138.9935
20231024,-137.5049
20231024,-138.6638
20231024,-139.7704
20231024,-141.0339
20231024,-139.98
20231024,-139.005
20231024,-138.8828
20231024,-138.8701
20231024,-137.7313
20231024,-137.4037
20231025,-137.3769
20231025,-138.4619
20231025,-138.4832
20231025,-138.1998
20231025,-138.8001
20231025,-138.6838
20231025,-136.1495
20231025,-135.7261
20231025,-135.2866
20231025,-134.8754
20231025,-135.982
20231025,-137.0084
20231025,-138.0577
20231025,-137.6822
20231026,-138.0078
20231026,-136.8622
20231026,-137.871
20231026,-138.8826
20231026,-138.4201
20231026,-139.4586
20231026,-139.3339
20231026,-140.3832
20231026,-141.4783
20231026,-141.3928
20231026,-140.9707
20231026,-140.546
20231026,-140.092
20231026,-143.0836
20231026,-144.159
20231026,-143.7832
20231026,-143.6926
20231026,-143.5953
20231026,-143.1135
20231026,-142.3174
20231027,-143.3815
20231027,-144.4191
20231027,-145.451
20231027,-145.1427
20231027,-146.1814
20231027,-147.2302
20231027,-148.3187
20231027,-147.8784
20231027,-147.7617
20231027,-148.872
20231027,-148.3997
20231027,-149.4267
20231027,-150.4616
20231027,-151.5188
20231027,-148.1362
20231027,-147.9902
20231027,-147.9365
20231030,-147.7076
20231030,-146.6262
20231030,-145.515
20231030,-144.7795
20231030,-145.801
20231030,-146.8252
20231030,-145.8327
20231030,-147.0512
20231030,-148.0994
20231030,-149.1959
20231030,-148.5953
20231030,-148.2883
20231030,-148.0181
20231030,-147.5651
20231030,-146.8636
20231030,-147.9716
20231030,-147.2642
20231031,-146.4211
20231031,-147.4631
20231031,-148.5391
20231031,-149.6038
20231031,-150.7205
20231031,-151.7668
20231031,-152.8321
20231031,-153.8746
20231031,-153.3268
20231031,-154.3985
20231031,-155.5519
20231031,-155.4832
20231031,-156.5948
20231031,-157.6332
20231031,-158.7019
20231031,-157.5013
20231031,-158.847
20231101,-157.9115
20231101,-156.8067
20231101,-157.8441
20231101,-158.9559
20231101,-158.7479
20231101,-158.7287
20231101,-159.7917
20231101,-159.4956
20231101,-159.3232
20231101,-160.4011
20231101,-161.8484
20231101,-161.4871
20231101,-159.5031
20231101,-160.578
20231101,-160.1366
20231101,-159.7134
20231101,-160.7655
20231101,-160.2182
20231101,-161.4929
20231101,-160.6692
20231102,-160.6258
20231102,-159.6573
20231102,-159.3258
20231102,-158.0354
20231102,-157.9356
20231102,-159.017
20231102,-156.1858
20231102,-154.0213
20231102,-153.5575
20231102,-153.4029
20231102,-153.1069
20231102,-153.0676
20231102,-152.789
20231102,-153.882
20231102,-154.956
20231102,-153.5626
20231102,-154.6149
20231102,-154.1577
20231102,-155.3945
20231102,-155.2775
20231102,-154.6234
20231102,-154.2427
20231102,-154.2149
20231103,-155.2619
20231103,-154.2628
20231103,-155.2903
20231103,-156.2998
20231103,-157.3313
20231103,-156.6388
20231103,-156.8795
20231103,-157.9117
20231103,-156.9039
20231103,-157.9488
20231103,-158.9572
20231103,-158.1901
20231103,-159.2595
20231103,-160.2899
20231103,-159.3692
20231103,-158.3201
20231103,-157.3803
20231103,-155.8592
20231103,-152.3802
20231103,-154.3802
20231103,-155.5389
20231103,-156.6181
20231103,-157.8477
20231103,-156.7304
20231103,-157.8952
20231106,-156.1658
20231106,-157.1743
20231106,-158.2141
20231106,-159.2582
20231106,-159.2699
20231106,-157.7355
20231106,-156.7154
20231106,-156.7449
20231106,-157.8246
20231106,-157.4371
20231107,-158.4532
20231107,-157.1739
20231107,-156.4174
20231107,-155.3223
20231107,-154.8391
20231107,-154.5434
20231107,-155.5788
20231107,-154.6722
20231107,-154.1649
20231107,-155.231
20231107,-155.1449
20231107,-154.363
20231107,-153.8867
20231107,-153.4847
20231107,-154.5676
20231107,-154.1189
20231107,-153.7262
20231107,-154.8281
20231107,-155.8616
20231107,-155.9251
20231107,-155.8363
20231107,-157.5928
20231107,-158.8045
20231107,-159.9931
20231107,-161.232
20231108,-162.3117
20231108,-163.3444
20231108,-164.4684
20231108,-165.5236
20231108,-166.5674
20231108,-166.2491
20231108,-165.287
20231108,-165.0955
20231108,-163.6869
20231108,-164.7515
20231108,-163.8947
20231108,-165.0917
20231108,-167.0918
20231108,-166.9811
20231108,-167.2658
20231108,-168.3425
20231108,-169.4268
20231108,-169.2078
20231109,-168.8498
20231109,-168.27
20231109,-167.3064
20231109,-166.8241
20231109,-166.7997
20231109,-167.8069
20231109,-168.8389
20231109,-167.7036
20231109,-168.7715
20231109,-168.0967
20231109,-167.6225
20231109,-168.6808
20231109,-169.8373
20231109,-171.2655
20231109,-172.5702
20231109,-171.5375
20231109,-172.5697
20231109,-172.4621
20231110,-172.4054
20231110,-171.6616
20231110,-172.744
20231110,-172.4277
20231110,-173.4967
20231110,-173.1076
20231110,-172.7059
20231110,-173.8764
20231110,-174.9627
20231110,-174.446
20231110,-173.182
20231110,-174.2644
20231110,-175.399
20231110,-177.399
20231110,-175.0732
20231110,-175.2977
20231110,-176.6829
20231110,-173.5005
20231110,-172.7382
20231110,-173.4277
20231113,-173.4297
20231113,-173.1868
20231113,-171.5347
20231113,-171.1825
20231113,-171.1235
20231113,-172.2644
20231113,-173.5057
20231113,-174.68
20231113,-175.7967
20231113,-177.1125
20231113,-176.6566
20231113,-177.8531
20231113,-179.5812
20231113,-180.7391
20231113,-181.78
20231113,-181.9689
20231114,-180.6257
20231114,-179.6671
20231114,-178.9538
20231114,-177.0237
20231114,-177.0371
20231114,-176.7741
20231114,-174.5534
20231114,-174.0783
20231114,-173.4101
20231114,-174.4424
20231114,-173.3868
20231114,-173.2703
20231114,-174.2884
20231114,-173.5325
20231114,-172.5613
20231114,-172.0944
20231114,-173.1111
20231114,-174.2918
20231114,-175.3908
20231114,-176.5512
20231114,-176.1019
20231114,-177.2125
20231114,-179.0631
20231114,-178.9809
20231115,-177.9157
20231115,-176.5231
20231115,-176.0479
20231115,-177.1259
20231115,-178.3381
20231115,-177.8888
20231115,-178.9457
20231115,-178.9531
20231115,-180.2102
20231115,-181.2562
20231115,-182.4036
20231115,-180.1958
20231115,-181.4155
20231115,-182.4767
20231115,-183.571
20231116,-182.7452
20231116,-181.9964
20231116,-181.0195
20231116,-180.6017
20231116,-180.0819
20231116,-181.0977
20231116,-180.7159
20231116,-181.788
20231116,-182.8256
20231116,-182.3963
20231116,-182.1866
20231116,-183.4099
20231116,-184.4995
20231116,-184.3131
20231116,-185.8917
20231116,-187.1997
20231117,-187.1346
20231117,-188.1751
20231117,-187.9647
20231117,-191.0772
20231117,-192.8069
20231117,-194.2593
20231117,-194.1657
20231117,-193.772
20231117,-193.4825
20231117,-193.229
20231117,-194.3609
20231117,-193.9117
20231120,-192.7865
20231120,-190.8705
20231120,-190.3847
20231120,-191.4251
20231120,-192.4617
20231120,-193.5235
20231120,-192.9548
20231120,-191.6187
20231120,-192.6349
20231120,-192.5948
20231120,-192.6818
20231120,-193.7292
20231120,-193.0083
20231120,-191.8358
20231120,-191.0481
20231120,-192.3669
20231120,-192.0356
20231120,-193.122
20231120,-192.6925
20231120,-192.3966
20231120,-193.0306
20231121,-194.0747
20231121,-195.0942
20231121,-194.9202
20231121,-194.9125
20231121,-196.0123
20231121,-195.8188
20231121,-197.0991
20231121,-198.1781
20231121,-197.7023
20231121,-197.4957
20231121,-197.206
20231121,-198.3194
20231121,-201.461
20231121,-202.626
20231121,-203.6689
20231121,-204.8758
20231122,-205.9439
20231122,-207.0001
20231122,-206.0481
20231122,-207.1184
20231122,-208.3372
20231122,-209.377
20231122,-210.5518
20231122,-210.6468
20231122,-210.3048
20231122,-209.2513
20231122,-210.3512
20231122,-209.8366
20231122,-210.8802
20231122,-211.2342
20231124,-210.6124
20231124,-210.4896
20231124,-210.049
20231124,-210.012
20231124,-211.1089
20231124,-210.9143
20231124,-210.7506
20231124,-211.8255
20231124,-211.3915
20231127,-210.9317
20231127,-210.8234
20231127,-210.2906
20231127,-210.2759
20231127,-211.7454
20231127,-211.495
20231127,-212.5299
20231127,-213.8667
20231127,-213.4201
20231127,-213.1227
20231127,-213.2514
20231127,-212.4838
20231127,-213.8872
20231128,-213.4066
20231128,-214.4706
20231128,-215.5056
20231128,-216.5358
20231128,-217.5789
20231128,-217.6825
20231128,-218.7461
20231128,-217.415
20231128,-217.3638
20231128,-215.4201
20231128,-214.7209
20231128,-215.755
20231128,-216.7945
20231128,-216.3495
20231128,-217.4031
20231128,-217.7403
20231128,-216.1429
20231129,-215.8876
20231129,-216.9812
20231129,-218.0128
20231129,-217.9585
20231129,-217.8444
20231129,-217.7103
20231129,-217.3945
20231129,-216.9685
20231129,-215.9491
20231129,-215.5763
20231129,-217.2469
20231129,-218.4801
20231129,-220.1564
20231129,-219.7495
20231129,-219.4972
20231129,-218.7109
20231129,-218.2917
20231130,-219.3269
20231130,-218.6102
20231130,-218.0923
20231130,-216.5424
20231130,-216.1555
20231130,-215.6812
20231130,-216.7161
20231130,-216.1786
20231130,-217.3066
20231130,-217.2296
20231130,-218.4978
20231130,-219.5877
20231130,-219.4985
20231130,-219.2608
20231130,-221.2608
20231130,-222.3484
20231130,-223.6493
20231201,-223.6252
20231201,-224.6612
20231201,-224.1747
20231201,-223.4771
20231201,-224.4959
20231201,-224.6275
20231201,-223.2836
20231201,-222.3276
20231201,-223.3668
20231201,-223.3508
20231201,-223.2126
20231201,-223.0286
20231201,-222.009
20231201,-221.8392
20231201,-221.8602
20231201,-223.175
20231201,-224.2977
20231201,-225.5698
20231201,-226.681
20231204,-227.7343
20231204,-228.8541
20231204,-228.648
20231204,-229.6763
20231204,-229.6883
20231204,-230.7399
20231204,-230.2895
20231204,-231.3192
20231204,-230.8417
20231204,-230.3825
20231204,-230.1021
20231204,-231.4014
20231204,-232.6089
20231204,-233.6693
20231204,-234.7136
20231204,-234.265
20231204,-235.4457
20231204,-234.3316
20231205,-233.8659
20231205,-231.7307
20231205,-231.3626
20231205,-232.3876
20231205,-232.3443
20231205,-233.4741
20231205,-234.7433
20231205,-236.1617
20231205,-237.4279
20231205,-238.7791
20231205,-237.7641
20231205,-239.2437
20231205,-240.3152
20231205,-241.4169
20231205,-242.7803
20231206,-242.6431
20231206,-241.9085
20231206,-242.9964
20231206,-244.0287
20231206,-243.8759
20231206,-243.4002
20231206,-242.943
20231206,-242.2033
20231206,-247.4301
20231206,-246.7234
20231206,-247.7813
20231206,-249.4024
20231207,-250.4239
20231207,-251.086
20231207,-252.4038
20231207,-252.2647
20231207,-251.5238
20231207,-251.3519
20231207,-252.4247
20231207,-251.9902
20231207,-253.0255
20231207,-252.3164
20231207,-251.3876
20231207,-250.3793
20231207,-251.486
20231207,-251.1378
20231208,-249.8746
20231208,-249.4115
20231208,-248.7046
20231208,-247.9253
20231208,-248.9526
20231208,-249.9873
20231208,-248.266
20231208,-247.9924
20231208,-249.2654
20231208,-249.0303
20231208,-247.4753
20231208,-248.7418
20231208,-249.922
20231208,-249.505
20231208,-249.0674
20231208,-244.8015
20231208,-246.3892
20231208,-245.7545
20231208,-247.2604
20231208,-247.128
20231208,-248.3725
20231208,-249.6466
20231208,-249.2775
20231211,-248.1446
20231211,-246.8977
20231211,-246.4137
20231211,-247.5146
20231211,-248.6676
20231211,-248.5502
20231211,-248.3952
20231211,-248.3364
20231211,-247.9462
20231211,-247.5492
20231211,-247.1516
20231211,-248.1658
20231211,-249.2017
20231211,-250.3396
20231211,-249.932
20231211,-249.4606
20231211,-250.5727
20231211,-251.6367
20231211,-250.6085
20231211,-250.5447
20231211,-250.9114
20231212,-249.8918
20231212,-248.5856
20231212,-249.6433
20231212,-249.1804
20231212,-249.1854
20231212,-248.7946
20231212,-248.3215
20231212,-248.0607
20231212,-247.3753
20231212,-248.4216
20231212,-247.9845
20231212,-247.1921
20231212,-245.6888
20231212,-243.9178
20231212,-243.7902
20231212,-243.7616
20231212,-243.3728
20231212,-243.001
20231212,-242.6074
20231212,-243.7425
20231212,-242.3057
20231213,-243.3529
20231213,-242.8493
20231213,-242.1598
20231213,-241.6934
20231213,-243.2708
20231213,-244.354
20231213,-245.4235
20231213,-246.4527
20231213,-244.7921
20231213,-245.9826
20231213,-247.0464
20231213,-246.6144
20231213,-247.6611
20231213,-246.3507
20231213,-245.9931
20231213,-245.665
20231213,-246.7497
20231213,-244.8719
20231213,-243.9175
20231213,-244.411
20231213,-244.3738
20231214,-243.3006
20231214,-244.363
20231214,-245.3913
20231214,-246.5177
20231214,-246.0414
20231214,-245.7692
20231214,-246.8161
20231214,-246.3891
20231214,-247.6161
20231214,-246.9961
20231214,-246.557
20231214,-247.6688
20231214,-248.9325
20231215,-248.6994
20231215,-249.7157
20231215,-249.2438
20231215,-247.4207
20231215,-248.4708
20231215,-249.5161
20231215,-249.0331
20231215,-248.8379
20231215,-249.8845
20231215,-251.0131
20231215,-250.5469
20231215,-251.5941
20231215,-252.9486
20231215,-253.8098
20231218,-254.8831
20231218,-254.544
20231218,-255.608
20231218,-254.1119
20231218,-255.1375
20231218,-256.2559
20231218,-255.0627
20231218,-256.5479
20231218,-257.6895
20231218,-259.2308
20231218,-260.3965
20231219,-259.9071
20231219,-259.0444
20231219,-260.1519
20231219,-259.9322
20231219,-259.4634
20231219,-258.1629
20231219,-259.3078
20231219,-260.3599
20231219,-260.2516
20231219,-259.926
20231219,-258.8829
20231219,-260.287
20231219,-258.8566
20231219,-258.4635
20231219,-256.6551
20231219,-258.0779
20231220,-259.1428
20231220,-258.6896
20231220,-257.4512
20231220,-257.0291
20231220,-256.3542
20231220,-255.8707
20231220,-255.0224
20231220,-254.9027
20231220,-255.9173
20231220,-256.9676
20231220,-258.0609
20231220,-257.2839
20231220,-257.1024
20231220,-257.9594
20231220,-255.3405
20231220,-253.7977
20231220,-252.781
20231220,-252.7133
20231220,-253.7463
20231221,-253.3146
20231221,-254.3479
20231221,-255.388
20231221,-256.5932
20231221,-257.7321
20231221,-256.6993
20231221,-257.7397
20231221,-259.2353
20231222,-260.3314
20231222,-259.8578
20231222,-259.4858
20231222,-259.0681
20231222,-258.751
20231222,-268.1792
20231222,-268.1477
20231222,-266.6652
20231222,-266.0176
20231222,-265.7809
20231222,-264.8763
20231226,-264.6869
20231226,-264.5872
20231226,-265.6965
20231226,-266.7298
20231226,-266.337
20231226,-267.3532
20231226,-268.393
20231226,-267.9437
20231226,-269.0135
20231226,-268.594
20231226,-269.7139
20231226,-269.2185
20231226,-270.9593
20231226,-270.5204
20231227,-271.623
20231227,-272.6862
20231227,-272.2364
20231227,-271.9102
20231227,-271.4494
20231227,-273.369
20231227,-274.4879
20231227,-274.1197
20231227,-275.1794
20231227,-275.0809
20231227,-276.1292
20231227,-275.7364
20231227,-273.0541
20231227,-275.1021
20231227,-275.4863
20231227,-276.606
20231227,-277.695
20231228,-277.0154
20231228,-278.0607
20231228,-279.0721
20231228,-278.613
20231228,-279.6854
20231228,-280.878
20231228,-282.4572
20231228,-282.5452
20231228,-283.6074
20231228,-284.6585
20231228,-285.8952
20231228,-287.7309
20231229,-288.7839
20231229,-289.8302
20231229,-288.8654
20231229,-287.8733
20231229,-289.0279
20231229,-287.8327
20231229,-286.604
20231229,-286.4317
20231229,-285.97
20231229,-285.435
20231229,-284.4782
20231229,-284.0108
20231229,-283.5681
20231229,-285.3597
20231229,-289.4629
20231229,-289.0327
20231229,-290.112
20231229,-291.3073
20231229,-292.4619
20240102,-291.7588
20240102,-292.7912
20240102,-292.6105
20240102,-292.33
20240102,-291.65
20240102,-290.7224
20240102,-289.1831
20240102,-290.2199
20240102,-290.2562
20240102,-289.8185
20240102,-289.2088
20240102,-287.4577
20240102,-288.5233
20240102,-287.6677
20240102,-288.6961
20240102,-288.505
20240102,-289.5499
20240102,-289.4259
20240102,-287.8391
20240102,-288.9564
20240102,-290.3742
20240102,-291.5395
20240102,-292.6209
20240102,-293.8113
20240102,-294.8968
20240102,-296.0487
20240103,-297.1493
20240103,-296.7352
20240103,-296.5083
20240103,-295.4117
20240103,-296.4291
20240103,-297.4987
20240103,-298.5319
20240103,-299.5763
20240103,-300.6088
20240103,-299.5383
20240103,-300.824
20240103,-301.9296
20240103,-303.0054
20240104,-302.5333
20240104,-303.5637
20240104,-304.6176
20240104,-305.7192
20240104,-306.6721
20240104,-305.4564
20240104,-306.5151
20240104,-306.5314
20240104,-308.604
20240105,-308.5297
20240105,-306.7131
20240105,-307.7628
20240105,-308.7751
20240105,-308.396
20240105,-307.8797
20240105,-307.4771
20240105,-308.5243
20240105,-307.4456
20240105,-308.4979
20240105,-309.5348
20240105,-310.9218
20240105,-312.0931
20240105,-313.1618
20240105,-313.1384
20240105,-314.2056
20240105,-315.2494
20240105,-316.2886
20240105,-317.3226
20240105,-317.3198
20240105,-318.4203
20240105,-318.4088
20240108,-316.5246
20240108,-315.1678
20240108,-314.487
20240108,-315.5902
20240108,-314.176
20240108,-315.3025
20240108,-314.8993
20240108,-314.2449
20240108,-313.4226
20240109,-312.9961
20240109,-312.4039
20240109,-311.213
20240109,-310.8841
20240109,-310.8814
20240109,-309.8394
20240109,-310.8881
20240109,-311.9367
20240109,-312.9873
20240109,-309.5291
20240109,-311.1162
20240109,-312.9423
20240109,-312.8205
20240109,-312.878
20240109,-312.8678
20240109,-312.7174
20240109,-310.4986
20240109,-310.1971
20240109,-311.6015
20240109,-312.999
20240109,-312.5916
20240109,-313.7059
20240109,-313.4708
20240109,-314.5246
20240109,-315.829
20240109,-318.2345
20240110,-319.4211
20240110,-318.4524
20240110,-318.1908
20240110,-319.3519
20240110,-320.4264
20240110,-319.9536
20240110,-318.6999
20240110,-318.2168
20240110,-319.2496
20240110,-319.5593
20240110,-318.6581
20240110,-319.9555
20240110,-319.5429
20240110,-320.8863
20240110,-320.436
20240110,-319.8675
20240110,-323.0086
20240110,-324.9746
20240111,-324.1643
20240111,-323.7388
20240111,-322.7067
20240111,-322.5259
20240111,-321.7646
20240111,-321.6547
20240111,-321.3913
20240111,-321.136
20240111,-321.1138
20240111,-322.3295
20240111,-323.39
20240111,-324.671
20240111,-325.7389
20240111,-327.0411
20240111,-326.1659
20240111,-327.7864
20240111,-328.9063
20240111,-328.562
20240112,-327.8509
20240112,-327.7067
20240112,-328.7573
20240112,-329.7829
20240112,-330.8124
20240112,-330.8098
20240112,-330.8023
20240112,-330.5681
20240112,-331.6073
20240112,-330.9931
20240112,-332.0353
20240112,-331.1433
20240112,-330.6644
20240112,-330.9007
20240112,-330.5272
20240116,-330.5308
20240116,-330.0784
20240116,-329.8149
20240116,-328.4695
20240116,-329.5405
20240116,-330.6474
20240116,-331.7203
20240116,-332.7902
20240116,-332.3507
20240116,-333.4525
20240117,-334.4772
20240117,-334.2505
20240117,-335.4366
20240117,-334.9144
20240117,-334.6017
20240117,-334.156
20240117,-333.7548
20240117,-333.6917
20240117,-333.2566
20240117,-334.3754
20240117,-335.4137
20240118,-335.2045
20240118,-336.2412
20240118,-336.2886
20240118,-337.4524
20240118,-336.5378
20240118,-336.2576
20240118,-335.7868
20240118,-336.945
20240118,-338.2296
20240118,-336.9255
20240118,-338.1333
20240118,-339.5718
20240118,-339.237
20240118,-339.0123
20240118,-339.0049
20240118,-340.0921
20240118,-339.6683
20240118,-339.3537
20240118,-339.441
20240118,-339.7919
20240119,-340.8674
20240119,-337.7072
20240119,-338.7559
20240119,-336.3803
20240119,-335.6987
20240119,-336.755
20240119,-335.743
20240119,-335.5505
20240119,-335.0894
20240119,-334.1164
20240119,-333.6453
20240119,-334.7181
20240119,-335.7692
20240119,-334.7152
20240119,-333.6916
20240119,-332.5226
20240119,-333.6299
20240119,-333.1987
20240119,-333.0924
20240119,-332.1515
20240122,-331.6782
20240122,-331.2056
20240122,-332.2729
20240122,-333.4397
20240122,-334.4799
20240122,-334.222
20240122,-335.2655
20240122,-336.3836
20240123,-335.8868
20240123,-335.6135
20240123,-336.6661
20240123,-337.7258
20240123,-338.7893
20240123,-340.4102
20240123,-341.7534
20240123,-339.365
20240123,-340.4437
20240123,-341.747
20240123,-342.7985
20240124,-341.8085
20240124,-340.6915
20240124,-340.5497
20240124,-339.8411
20240124,-339.7865
20240124,-340.8266
20240124,-342.0434
20240124,-341.7003
20240124,-340.9319
20240124,-339.7169
20240124,-340.7357
20240124,-341.8554
20240124,-341.1067
20240124,-342.2786
20240124,-342.0239
20240124,-341.426
20240124,-340.977
20240124,-340.581
20240124,-340.1657
20240125,-339.6445
20240125,-338.7197
20240125,-339.7878
20240125,-340.8534
20240125,-341.9719
20240125,-341.4402
20240125,-342.483
20240125,-342.4364
20240125,-343.4732
20240125,-344.5025
20240125,-345.5551
20240125,-346.6291
20240125,-346.6591
20240125,-347.9883
20240125,-349.0532
20240125,-348.8346
20240125,-349.8665
20240125,-349.478
20240125,-350.7108
20240125,-350.3026
20240126,-351.3441
20240126,-352.4174
20240126,-351.8529
20240126,-352.9406
20240126,-352.4755
20240126,-352.0276
20240126,-351.6138
20240126,-352.6309
20240126,-352.4004
20240126,-352.2189
20240126,-353.2792
20240126,-354.3672
20240126,-353.9203
20240126,-353.5501
20240126,-352.1619
20240126,-351.7241
20240126,-352.091
20240129,-353.1071
20240129,-354.1463
20240129,-355.1859
20240129,-354.0973
20240129,-355.1436
20240129,-356.2422
20240129,-357.3297
20240129,-358.3876
20240129,-359.6024
20240129,-360.6525
20240129,-360.3858
20240129,-359.4104
20240129,-356.0761
20240129,-357.2579
20240129,-355.7102
20240129,-353.2644
20240129,-354.4248
20240129,-354.4685
20240129,-353.6951
20240130,-354.7174
20240130,-354.2705
20240130,-355.45
20240130,-356.4725
20240130,-356.3703
20240130,-357.4231
20240130,-358.48
20240130,-358.2101
20240130,-359.239
20240130,-356.771
20240130,-356.0749
20240130,-354.2273
20240130,-352.49
20240130,-353.525
20240130,-354.6621
20240130,-355.7318
20240131,-355.4871
20240131,-356.5266
20240131,-357.5441
20240131,-357.4276
20240131,-356.434
20240131,-356.2325
20240131,-357.2788
20240131,-357.3132
20240131,-357.4769
20240201,-357.1058
20240201,-358.1768
20240201,-358.1647
20240201,-358.1404
20240201,-358.1374
20240201,-356.7443
20240201,-356.6679
20240201,-356.3808
20240201,-357.411
20240201,-357.2462
20240201,-358.327
20240201,-359.369
20240201,-359.3552
20240201,-359.0984
20240201,-361.2628
20240201,-360.2881
20240202,-359.91
20240202,-359.4166
20240202,-358.838
20240202,-359.9108
20240202,-360.9254
20240202,-359.4009
20240202,-358.3702
20240202,-359.4314
20240202,-360.4918
20240202,-361.5834
20240202,-362.6549
20240202,-363.7247
20240202,-365.0513
20240202,-364.1036
20240205,-363.6575
20240205,-363.3952
20240205,-364.4187
20240205,-365.4415
20240205,-366.5218
20240205,-366.0841
20240205,-365.8393
20240205,-366.8967
20240205,-366.4532
20240205,-366.3118
20240205,-367.3728
20240205,-367.6784
20240205,-368.8531
20240205,-369.9487
20240206,-369.4753
20240206,-369.1558
20240206,-369.117
20240206,-370.3721
20240206,-369.9046
20240206,-370.9744
20240206,-372.2141
20240206,-373.3534
20240206,-374.4501
20240206,-375.4792
20240207,-374.9979
20240207,-376.042
20240207,-374.3732
20240207,-372.9262
20240207,-372.3604
20240207,-371.259
20240207,-372.2741
20240207,-369.5123
20240207,-371.1664
20240207,-372.2725
20240207,-373.3741
20240207,-374.4173
20240207,-376.0522
20240207,-377.1505
20240207,-374.3328
20240208,-375.355
20240208,-376.4299
20240208,-377.4505
20240208,-377.2022
20240208,-378.3135
20240208,-377.4809
20240208,-378.527
20240208,-377.4101
20240208,-378.4559
20240208,-379.4888
20240208,-380.6085
20240208,-381.6849
20240208,-383.3426
20240208,-384.8927
20240208,-386.0497
20240208,-388.0497
20240208,-387.5906
20240208,-387.1749
20240209,-386.1588
20240209,-383.9897
20240209,-383.9118
20240209,-382.468
20240209,-380.6962
20240209,-378.726
20240209,-379.8767
20240209,-376.8726
20240209,-376.4267
20240209,-377.4543
20240209,-375.7828
20240209,-375.4423
20240209,-375.0405
20240209,-374.6054
20240209,-373.1822
20240209,-375.1821
20240209,-376.2641
20240209,-377.522
20240209,-377.4238
20240209,-377.1609
20240209,-378.2871
20240212,-377.7129
20240212,-377.0584
20240212,-375.9707
20240212,-377.0016
20240212,-376.5398
20240212,-376.4715
20240212,-377.4948
20240212,-377.0078
20240212,-375.9269
20240212,-376.9628
20240212,-376.6409
20240212,-376.1642
20240212,-375.6844
20240212,-375.7842
20240212,-374.6104
20240212,-374.1564
20240212,-373.6571
20240212,-374.6998
20240212,-374.2171
20240212,-373.8264
20240213,-372.6174
20240213,-372.5224
20240213,-372.2358
20240213,-372.0995
20240213,-371.6107
20240213,-369.6577
20240213,-370.7276
20240213,-372.4754
20240213,-369.9387
20240213,-370.9879
20240214,-369.8696
20240214,-369.0658
20240214,-370.0862
20240214,-370.0344
20240214,-371.3525
20240214,-370.9785
20240214,-370.7339
20240214,-370.0705
20240214,-371.1381
20240214,-370.0652
20240214,-369.6096
20240214,-370.6404
20240214,-371.835
20240214,-366.1448
20240214,-367.1913
20240214,-366.0569
20240214,-365.9095
20240214,-365.4809
20240214,-365.0494
20240214,-366.1429
20240215,-365.7581
20240215,-366.7943
20240215,-366.6864
20240215,-366.3762
20240215,-366.118
20240215,-365.5726
20240215,-362.4556
20240215,-364.0742
20240215,-365.4753
20240215,-366.6403
20240215,-367.6963
20240215,-369.0065
20240215,-370.1767
20240216,-370.0872
20240216,-369.8074
20240216,-368.6269
20240216,-369.7612
20240216,-370.8281
20240216,-371.8539
20240216,-371.2461
20240216,-370.9201
20240216,-370.5028
20240216,-371.6103
20240216,-372.6993
20240216,-372.2492
20240216,-371.818
20240216,-369.7891
20240216,-370.8962
20240216,-371.9992
20240220,-371.8875
20240220,-371.5427
20240220,-371.0734
20240220,-370.5847
20240220,-370.3388
20240220,-371.3859
20240220,-372.4519
20240220,-373.5072
20240220,-374.5586
20240220,-375.6669
20240220,-377.2505
20240220,-378.321
20240220,-377.1005
20240220,-377.6359
20240220,-377.9542
20240220,-378.9876
20240220,-378.5314
20240221,-379.5527
20240221,-379.2908
20240221,-380.3378
20240221,-379.9109
20240221,-380.9271
20240221,-381.9855
20240221,-381.5098
20240221,-382.5667
20240221,-383.5954
20240221,-383.4435
20240221,-384.4616
20240221,-385.5916
20240221,-385.3448
20240221,-384.8864
20240221,-386.0041
20240221,-387.1124
20240221,-386.1337
20240222,-387.1481
20240222,-388.1762
20240222,-387.5155
20240222,-388.5605
20240222,-389.6274
20240222,-391.4787
20240222,-391.1765
20240222,-390.7078
20240222,-391.7641
20240222,-391.2842
20240222,-389.8699
20240222,-390.9305
20240222,-391.9995
20240222,-392.1556
20240222,-391.7229
20240223,-392.745
20240223,-392.2362
20240223,-393.3345
20240223,-393.2753
20240223,-393.1935
20240223,-392.9683
20240223,-392.9998
20240223,-394.0473
20240223,-393.1408
20240223,-394.3014
20240223,-394.3236
20240226,-394.203
20240226,-395.2258
20240226,-396.3676
20240226,-396.2713
20240226,-395.8689
20240226,-395.8284
20240226,-395.348
20240226,-394.3291
20240226,-395.4464
20240226,-396.479
20240226,-397.559
20240226,-397.161
20240226,-398.4664
20240226,-399.5468
20240226,-400.6186
20240226,-401.6633
20240226,-402.8872
20240226,-401.2706
20240227,-400.7882
20240227,-400.6102
20240227,-399.9044
20240227,-400.9461
20240227,-402.0205
20240227,-403.1233
20240227,-404.2627
20240227,-404.0862
20240227,-403.5704
20240227,-403.1263
20240227,-402.6966
20240227,-403.743
20240227,-404.4702
20240227,-404.463
20240228,-405.5003
20240228,-404.366
20240228,-405.4233
20240228,-406.5322
20240228,-406.4745
20240228,-406.2276
20240228,-407.2403
20240228,-406.9227
20240228,-407.981
20240228,-409.0504
20240228,-410.325
20240228,-411.5303
20240228,-412.6038
20240228,-412.5276
20240229,-411.5146
20240229,-410.734
20240229,-411.7711
20240229,-411.1837
20240229,-410.9793
20240229,-410.7454
20240229,-411.769
20240229,-412.7874
20240229,-414.0709
20240229,-413.907
20240229,-415.1154
20240229,-414.9816
20240229,-414.8577
20240229,-415.9259
20240229,-415.5899
20240229,-416.7096
20240301,-417.7429
20240301,-417.7438
20240301,-415.7209
20240301,-414.0349
20240301,-413.1044
20240301,-414.1425
20240301,-415.1731
20240301,-413.6745
20240301,-414.7228
20240301,-413.7013
20240301,-414.7554
20240301,-416.0415
20240301,-417.7094
20240301,-419.1985
20240304,-419.6858
20240304,-419.2116
20240304,-419.0847
20240304,-420.1043
20240304,-419.6424
20240304,-420.6931
20240304,-421.8354
20240304,-421.3652
20240304,-422.3954
20240304,-421.9169
20240304,-423.2097
20240304,-424.6721
20240304,-427.2251
20240304,-428.7071
20240304,-428.2303
20240304,-427.8387
20240304,-428.8873
20240304,-430.0001
20240305,-429.5222
20240305,-429.3173
20240305,-428.894
20240305,-429.9501
20240305,-430.984
20240305,-432.01
20240305,-431.9807
20240305,-431.664
20240305,-432.9231
20240305,-434.0021
20240305,-435.0839
20240305,-436.2342
20240305,-437.2429
20240305,-438.3607
20240305,-438.2365
20240305,-439.7848
20240306,-440.8302
20240306,-440.6823
20240306,-440.6228
20240306,-440.5694
20240306,-440.3168
20240306,-441.3347
20240306,-442.384
20240306,-441.9383
20240306,-441.5245
20240306,-442.6
20240306,-442.2316
20240306,-443.5415
20240306,-443.5204
20240306,-444.6065
20240306,-444.0669
20240306,-443.1544
20240306,-442.8675
20240306,-443.9894
20240307,-445.0281
20240307,-446.0691
20240307,-447.1033
20240307,-447.1418
20240307,-445.1706
20240307,-443.3923
20240307,-443.4345
20240307,-444.4467
20240307,-444.0582
20240307,-443.9369
20240307,-443.4972
20240307,-443.023
20240307,-442.6298
20240307,-443.7608
20240307,-443.3759
20240308,-444.4248
20240308,-444.464
20240308,-445.5992
20240308,-445.0468
20240308,-444.5519
20240308,-444.0481
20240308,-443.9287
20240308,-443.4524
20240308,-444.4775
20240308,-445.5414
20240308,-446.5703
20240308,-447.6355
20240308,-447.5494
20240308,-448.5813
20240308,-449.7567
20240308,-450.7868
20240308,-450.5412
20240308,-451.6274
20240311,-450.4908
20240311,-450.1189
20240311,-449.1593
20240311,-449.0986
20240311,-450.1896
20240311,-451.2676
20240311,-450.1261
20240311,-451.1683
20240311,-452.2313
20240311,-451.868
20240311,-452.8981
20240311,-454.5686
20240311,-453.8968
20240312,-454.9508
20240312,-456.0125
20240312,-457.0596
20240312,-455.2518
20240312,-456.2976
20240312,-457.5285
20240312,-458.7853
20240312,-459.93
20240312,-461.0935
20240312,-460.2623
20240312,-461.3044
20240312,-462.6964
20240312,-462.0318
20240312,-461.7375
20240312,-463.1014
20240312,-462.933
20240312,-464.5179
20240312,-465.7615
20240313,-465.4654
20240313,-466.5843
20240313,-467.6291
20240313,-466.5763
20240313,-466.0908
20240313,-467.1212
20240313,-468.1265
20240313,-466.8171
20240313,-466.7975
20240313,-466.3263
20240313,-464.8316
20240313,-465.9498
20240313,-467.7325
20240313,-468.7842
20240313,-470.5792
20240313,-471.6062
20240313,-470.9039
20240314,-470.7269
20240314,-470.4613
20240314,-470.8681
20240314,-470.6719
20240314,-469.7119
20240314,-470.729
20240314,-470.2825
20240314,-469.6492
20240314,-470.6771
20240314,-470.28
20240314,-469.9002
20240314,-471.0803
20240314,-472.4308
20240314,-472.0874
20240314,-474.6993
20240314,-475.8143
20240314,-476.9748
20240314,-476.5549
20240314,-476.1259
20240314,-477.1412
20240315,-477.0158
20240315,-478.0971
20240315,-479.135
20240315,-478.6784
20240315,-478.6281
20240315,-479.6614
20240315,-480.7755
20240315,-480.3553
20240315,-479.9349
20240315,-481.0722
20240315,-480.747
20240315,-481.8189
20240318,-482.9048
20240318,-482.4172
20240318,-482.2978
20240318,-483.3116
20240318,-482.7463
20240318,-482.6323
20240318,-483.7134
20240318,-482.6682
20240318,-481.5247
20240318,-480.9516
20240318,-482.0254
20240318,-483.1428
20240319,-482.465
20240319,-483.521
20240319,-484.5307
20240319,-485.6037
20240319,-487.1729
20240319,-488.2738
20240319,-488.4047
20240319,-489.6751
20240319,-489.285
20240319,-490.7069
20240319,-491.847
20240319,-492.8836
20240319,-490.9451
20240319,-490.593
20240320,-491.603
20240320,-491.3258
20240320,-492.4327
20240320,-491.4986
20240320,-490.5113
20240320,-490.3421
20240320,-491.4276
20240320,-491.4262
20240320,-491.4847
20240320,-492.6158
20240320,-493.7765
20240320,-493.3373
20240320,-493.3407
20240320,-492.9604
20240320,-492.6106
20240320,-492.1773
20240320,-492.013
20240320,-491.6744
20240320,-491.5512
20240320,-491.3231
20240321,-490.6817
20240321,-490.422
20240321,-490.0072
20240321,-491.1376
20240321,-489.0507
20240321,-487.8482
20240321,-486.8385
20240321,-486.1742
20240321,-484.7942
20240321,-484.3206
20240321,-487.2008
20240321,-486.9841
20240321,-488.2197
20240321,-489.4967
20240321,-490.5716
20240321,-489.7946
20240321,-491.2981
20240322,-490.8233
20240322,-490.3495
20240322,-491.4166
20240322,-492.4465
20240322,-492.4813
20240322,-492.1851
20240322,-493.22
20240322,-492.792
20240322,-493.8167
20240322,-494.986
20240322,-496.1407
20240322,-496.1407
20240325,-495.783
20240325,-495.629
20240325,-495.4104
20240325,-496.6956
20240325,-496.293
20240325,-495.8858
20240325,-497.4045
20240326,-496.5865
20240326,-496.5677
20240326,-496.5512
20240326,-495.38
20240326,-495.33
20240326,-496.4092
20240326,-494.6144
20240326,-495.7442
20240326,-497.0177
20240326,-498.1478
20240326,-498.1511
20240326,-499.2736
20240326,-499.2406
20240327,-498.9372
20240327,-498.6366
20240327,-497.7201
20240327,-497.4862
20240327,-496.6889
20240327,-496.3416
20240327,-495.231
20240327,-495.1066
20240327,-496.3062
20240327,-497.3624
20240327,-498.7604
20240327,-499.8404
20240327,-500.9837
20240327,-500.6118
20240327,-499.3592
20240327,-498.025
20240327,-497.6864
20240327,-497.1505
20240328,-498.2698
20240328,-497.7908
20240328,-497.6723
20240328,-498.7124
20240328,-498.5552
20240328,-499.609
20240328,-500.1158
20240328,-500.2969
20240328,-501.3961
20240328,-500.9766
20240328,-500.6676
20240328,-501.7613
20240328,-502.8433
20240328,-503.9619
20240328,-504.3901
20240401,-504.5894
20240401,-505.6009
20240401,-505.2647
20240401,-506.3217
20240401,-507.3518
20240401,-507.0904
20240401,-508.2726
20240401,-507.9082
20240401,-509.2224
20240401,-508.9163
20240401,-510.2771
20240401,-509.5985
20240401,-509.301
20240402,-508.225
20240402,-506.6549
20240402,-507.7372
20240402,-508.7726
20240402,-509.9021
20240402,-509.4266
20240402,-508.7453
20240402,-509.8709
20240402,-511.0478
20240402,-510.6152
20240402,-511.6816
20240402,-512.9016
20240402,-512.682
20240403,-512.3461
20240403,-511.8703
20240403,-511.4666
20240403,-511.1019
20240403,-512.1642
20240403,-512.113
20240403,-511.6559
20240403,-512.7504
20240403,-513.8222
20240403,-515.0393
20240403,-516.0995
20240403,-515.8991
20240403,-515.58
20240403,-515.2607
20240403,-516.5827
20240404,-516.2986
20240404,-517.3169
20240404,-518.3577
20240404,-518.029
20240404,-519.152
20240404,-520.1985
20240404,-521.2794
20240404,-522.3316
20240404,-523.4582
20240404,-524.5822
20240404,-524.1859
20240404,-523.735
20240404,-524.8269
20240404,-524.4305
20240404,-524.4999
20240404,-524.3703
20240404,-523.4871
20240404,-522.1543
20240404,-521.3404
20240405,-519.8152
20240405,-520.8333
20240405,-519.0622
20240405,-518.7828
20240405,-518.3406
20240405,-518.2543
20240405,-518.2724
20240408,-519.3508
20240408,-518.9396
20240408,-519.9882
20240408,-519.4539
20240408,-519.479
20240408,-519.0495
20240408,-518.0475
20240408,-517.6008
20240408,-516.9416
20240408,-518.0488
20240408,-519.1402
20240409,-518.4316
20240409,-519.459
20240409,-520.4945
20240409,-521.6321
20240409,-522.6642
20240409,-522.5958
20240409,-522.1292
20240409,-523.143
20240409,-522.7501
20240409,-522.3071
20240409,-522.1159
20240409,-521.753
20240409,-522.8144
20240409,-524.1932
20240409,-525.2982
20240409,-526.9397
20240409,-526.2108
20240409,-524.5195
20240409,-524.4036
20240409,-526.7012
20240410,-526.0533
20240410,-525.2527
20240410,-526.3081
20240410,-525.4298
20240410,-526.5312
20240410,-526.0637
20240410,-527.1888
20240410,-526.7231
20240410,-526.7465
20240410,-527.7728
20240410,-528.8025
20240410,-529.8268
20240410,-530.8618
20240410,-531.9019
20240410,-531.2276
20240410,-532.3703
20240411,-531.9864
20240411,-531.4948
20240411,-531.0812
20240411,-530.8491
20240411,-529.6904
20240411,-529.443
20240411,-530.4789
20240411,-530.3325
20240411,-531.3744
20240411,-530.4022
20240411,-531.4315
20240411,-530.5379
20240411,-531.5989
20240411,-532.6824
20240411,-533.7868
20240411,-533.0051
20240411,-532.8643
20240411,-533.9002
20240411,-533.451
20240411,-533.0002
20240412,-534.0671
20240412,-533.7372
20240412,-533.0366
20240412,-534.2262
20240412,-535.2606
20240412,-534.3042
20240412,-535.3437
20240412,-535.1543
20240415,-533.8903
20240415,-534.9149
20240415,-533.5963
20240415,-532.0541
20240415,-532.0524
20240415,-530.7886
20240415,-530.3609
20240415,-528.3959
20240415,-527.1227
20240415,-526.3999
20240415,-525.3368
20240415,-525.2675
20240415,-524.8987
20240415,-523.7257
20240415,-523.7036
20240415,-522.9307
20240415,-523.9582
20240415,-523.4429
20240416,-524.5198
20240416,-525.5689
20240416,-526.6476
20240416,-527.7356
20240416,-528.7653
20240416,-528.2831
20240416,-527.9111
20240416,-527.6678
20240416,-527.2015
20240416,-526.2713
20240416,-527.3245
20240416,-528.3786
20240417,-526.7462
20240417,-525.4684
20240417,-525.4101
20240417,-525.062
20240417,-524.3278
20240417,-523.0537
20240417,-523.0235
20240417,-522.0077
20240417,-523.1939
20240417,-523.0124
20240417,-524.0553
20240417,-525.0883
20240417,-524.8903
20240417,-526.0257
20240417,-527.199
20240418,-528.2535
20240418,-529.2823
20240418,-528.2999
20240418,-529.51
20240418,-530.7212
20240418,-528.4868
20240418,-528.0419
20240418,-527.5966
20240418,-528.6354
20240418,-529.6739
20240418,-530.779
20240419,-529.9228
20240419,-529.827
20240419,-528.6988
20240419,-528.2215
20240419,-527.8334
20240419,-529.0928
20240419,-529.0705
20240419,-525.2303
20240419,-524.7557
20240419,-524.7007
20240419,-524.2459
20240419,-523.6987
20240419,-522.5898
20240419,-522.2303
20240419,-523.2603
20240419,-524.2964
20240419,-525.3488
20240419,-524.9548
20240422,-524.9678
20240422,-526.0699
20240422,-526.0609
20240422,-527.0958
20240422,-528.1404
20240422,-527.8374
20240422,-526.3945
20240422,-525.9132
20240422,-526.9558
20240422,-527.9795
20240422,-529.0077
20240422,-531.1465
20240422,-532.1954
20240422,-531.7459
20240422,-532.8585
20240422,-534.0043
20240422,-535.1217
20240422,-534.3044
20240422,-533.0989
20240422,-534.1916
20240422,-535.2231
20240422,-535.1687
20240422,-534.9465
20240422,-534.483
20240423,-534.1071
20240423,-535.1431
20240423,-534.1473
20240423,-533.3543
20240423,-534.376
20240423,-535.4745
20240423,-535.5767
20240423,-535.1727
20240423,-534.9872
20240423,-536.0626
20240423,-537.1356
20240423,-538.5332
20240423,-541.9526
20240423,-540.6716
20240423,-540.2294
20240423,-541.3418
20240423,-540.9964
20240423,-542.0972
20240424,-540.5219
20240424,-541.5391
20240424,-541.0729
20240424,-542.1913
20240424,-543.2432
20240424,-542.8734
20240424,-543.9558
20240424,-545.024
20240424,-544.8166
20240424,-546.2601
20240424,-546.0091
20240424,-545.8446
20240425,-545.2015
20240425,-544.715
20240425,-544.236
20240425,-545.2815
20240425,-546.2957
20240425,-546.451
20240425,-545.9919
20240425,-547.0587
20240425,-546.3325
20240425,-547.5929
20240425,-548.7648
20240425,-549.977
20240426,-549.6955
20240426,-550.7141
20240426,-551.7586
20240426,-552.7711
20240426,-550.6928
20240426,-548.7913
20240426,-549.9297
20240426,-555.7407
20240426,-556.8333
20240426,-558.0521
20240429,-559.0794
20240429,-558.7438
20240429,-558.0671
20240429,-557.2929
20240429,-558.3716
20240429,-559.8302
20240429,-561.0646
20240429,-562.1221
20240429,-563.1604
20240429,-562.6863
20240430,-563.6996
20240430,-562.8534
20240430,-561.923
20240430,-559.8012
20240430,-559.6854
20240430,-560.7877
20240430,-559.8122
20240430,-560.8704
20240501,-560.869
20240501,-562.0025
20240501,-562.0333
20240501,-561.5161
20240501,-562.5865
20240501,-563.642
20240501,-564.7293
20240501,-565.7761
20240501,-567.3506
20240501,-567.2825
20240501,-569.2825
20240501,-570.3356
20240501,-569.9093
20240501,-571.06
20240502,-570.4128
20240502,-569.0688
20240502,-568.9505
20240502,-568.2296
20240502,-567.973
20240502,-568.9926
20240502,-568.8369
20240502,-568.8969
20240502,-569.095
20240502,-568.6337
20240502,-569.6502
20240502,-569.2072
20240502,-568.7489
20240502,-568.4684
20240502,-569.5197
20240502,-570.571
20240502,-571.5881
20240502,-572.6776
20240502,-573.8541
20240502,-575.4337
20240502,-573.9852
20240502,-573.978
20240502,-572.7871
20240503,-572.5528
20240503,-571.9859
20240503,-571.1164
20240503,-570.6327
20240503,-570.7627
20240503,-571.8131
20240503,-572.8338
20240503,-569.668
20240503,-570.7415
20240503,-571.8063
20240503,-571.4239
20240506,-571.8064
20240506,-572.9063
20240506,-573.9407
20240506,-572.1493
20240506,-571.6972
20240506,-571.2648
20240506,-570.7832
20240506,-571.8766
20240506,-571.4229
20240506,-572.4662
20240506,-573.6348
20240506,-574.6772
20240506,-575.0906
20240506,-574.7605
20240506,-575.9249
20240507,-575.5921
20240507,-574.2209
20240507,-573.8303
20240507,-573.843
20240507,-573.5904
20240507,-574.6534
20240507,-575.6953
20240507,-577.2807
20240507,-576.8128
20240507,-577.8508
20240507,-577.4112
20240507,-576.5096
20240507,-575.4542
20240507,-575.4912
20240507,-575.3991
20240507,-574.3937
20240508,-575.4519
20240508,-575.2001
20240508,-576.2213
20240508,-575.7098
20240508,-575.3908
20240508,-576.4197
20240508,-577.4607
20240508,-576.9931
20240508,-578.0498
20240508,-579.1027
20240508,-579.0182
20240508,-580.098
20240508,-581.1366
20240508,-582.1791
20240508,-581.803
20240508,-583.2059
20240508,-584.4327
20240508,-585.6031
20240509,-584.3996
20240509,-585.4189
20240509,-583.8817
20240509,-584.9198
20240509,-585.3454
20240509,-584.7477
20240509,-585.8661
20240509,-583.9905
20240509,-582.1953
20240509,-581.9331
20240509,-581.6409
20240509,-580.9283
20240509,-580.4682
20240509,-581.5671
20240509,-582.6568
20240509,-583.7581
20240509,-585.758
20240509,-582.1106
20240509,-581.6181
20240509,-581.4867
20240509,-581.6497
20240510,-582.6751
20240510,-583.7323
20240510,-583.6739
20240510,-584.0263
20240510,-584.1881
20240510,-585.2321
20240510,-584.4304
20240510,-584.1346
20240510,-584.1013
20240510,-583.6407
20240513,-584.6768
20240513,-585.7785
20240513,-586.8274
20240513,-586.7558
20240513,-586.2829
20240513,-585.1794
20240513,-586.1908
20240514,-585.7171
20240514,-586.9136
20240514,-586.8999
20240514,-587.9884
20240514,-589.1674
20240514,-588.6964
20240514,-586.6524
20240514,-587.7078
20240514,-587.5174
20240514,-588.6792
20240514,-589.8448
20240514,-589.5282
20240514,-589.1285
20240514,-590.8368
20240514,-590.5498
20240515,-590.1116
20240515,-589.7263
20240515,-589.7341
20240515,-588.6986
20240515,-585.9998
20240515,-585.6842
20240515,-584.254
20240515,-583.5167
20240515,-584.6039
20240515,-584.1582
20240515,-581.6243
20240515,-581.5772
20240515,-581.142
20240515,-582.1739
20240516,-583.2833
20240516,-584.3216
20240516,-585.3606
20240516,-586.4009
20240516,-585.9436
20240516,-586.9675
20240516,-587.995
20240516,-589.0793
20240516,-590.1286
20240516,-589.6985
20240516,-590.7912
20240516,-592.0377
20240516,-593.1712
20240516,-594.5754
20240516,-594.1726
20240516,-593.0582
20240517,-594.1204
20240517,-593.197
20240517,-594.6838
20240517,-593.3675
20240517,-594.4509
20240517,-595.5897
20240517,-596.6703
20240517,-596.3745
20240517,-597.4345
20240517,-597.0791
20240517,-596.8651
20240517,-597.9528
20240517,-599.2025
20240517,-598.6261
20240520,-598.1987
20240520,-599.2594
20240520,-598.8784
20240520,-598.4009
20240520,-599.5917
20240520,-600.6243
20240520,-601.7023
20240520,-602.786
20240520,-604.1033
20240520,-605.753
20240520,-605.2944
20240520,-605.2077
20240520,-605.2078
20240521,-605.5755
20240521,-604.1778
20240521,-605.2089
20240521,-604.7904
20240521,-604.1564
20240521,-603.8307
20240521,-605.0744
20240521,-606.1397
20240521,-605.7963
20240521,-607.0062
20240521,-608.0875
20240521,-609.2757
20240521,-610.7433
20240521,-611.26
20240522,-611.296
20240522,-612.3232
20240522,-611.324
20240522,-612.37
20240522,-613.4351
20240522,-613.3859
20240522,-614.4621
20240522,-615.5422
20240522,-615.0283
20240522,-616.0934
20240522,-617.1435
20240522,-618.7338
20240522,-619.9125
20240522,-619.2977
20240522,-618.8523
20240522,-619.9096
20240523,-619.3158
20240523,-618.95
20240523,-618.6709
20240523,-618.0264
20240523,-619.0504
20240523,-618.8648
20240523,-619.8989
20240523,-620.9424
20240523,-617.3539
20240523,-616.6859
20240523,-616.2602
20240523,-614.9564
20240523,-613.8684
20240523,-615.3656
20240523,-615.7798
20240524,-615.5337
20240524,-616.5809
20240524,-617.6342
20240524,-616.64
20240524,-616.1963
20240524,-615.1373
20240524,-614.6963
20240528,-614.0825
20240528,-614.0254
20240528,-614.7533
20240528,-615.7796
20240528,-615.7049
20240528,-616.7543
20240528,-616.7491
20240528,-615.4238
20240528,-616.5703
20240528,-617.6603
20240528,-617.1802
20240528,-618.2288
20240528,-616.5986
20240528,-617.7141
20240528,-618.8735
20240528,-619.9575
20240528,-618.6898
20240528,-619.7481
20240528,-619.4359
20240528,-620.485
20240528,-621.8208
20240529,-621.3486
20240529,-622.2138
20240529,-623.2335
20240529,-622.8747
20240529,-623.905
20240529,-623.425
20240529,-624.463
20240529,-625.6342
20240529,-626.6715
20240529,-627.7551
20240530,-627.4436
20240530,-628.579
20240530,-629.6297
20240530,-630.6599
20240530,-631.7103
20240530,-632.7843
20240530,-634.1623
20240530,-633.6866
20240530,-634.7203
20240530,-634.2575
20240530,-635.4801
20240530,-636.5626
20240530,-636.0162
20240530,-635.3737
20240530,-634.2073
20240530,-634.0044
20240531,-633.6539
20240531,-633.3047
20240531,-633.0222
20240531,-632.9723
20240531,-632.3444
20240531,-632.1337
20240531,-631.3982
20240531,-632.4102
20240531,-633.4664
20240531,-633.4088
20240531,-633.0555
20240531,-630.9588
20240531,-632.2775
20240531,-633.4081
20240531,-633.2694
20240531,-634.2892
20240531,-632.813
20240603,-633.8364
20240603,-633.5701
20240603,-632.4807
20240603,-632.4192
20240603,-632.1092
20240603,-630.4137
20240603,-630.4011
20240603,-629.9047
20240603,-631.1863
20240603,-632.2335
20240603,-632.2217
20240603,-633.5131
20240603,-634.9601
20240604,-634.9587
20240604,-634.814
20240604,-635.8486
20240604,-636.9025
20240604,-636.4603
20240604,-637.4802
20240604,-638.5375
20240604,-638.0382
20240604,-639.0559
20240604,-640.2624
20240604,-641.3687
20240604,-641.0848
20240604,-642.1771
20240604,-641.3079
20240604,-642.5153
20240604,-641.5232
20240604,-642.5669
20240604,-643.2963
20240605,-644.3672
20240605,-642.2277
20240605,-643.2609
20240605,-642.8107
20240605,-642.4901
20240605,-641.9525
20240605,-641.7636
20240605,-642.8183
20240605,-643.9248
20240605,-643.4431
20240605,-644.552
20240605,-644.0649
20240605,-645.3142
20240605,-644.5236
20240605,-645.687
20240606,-645.635
20240606,-645.3699
20240606,-644.8856
20240606,-644.5636
20240606,-644.0818
20240606,-643.6181
20240606,-643.1291
20240606,-642.404
20240606,-642.1599
20240606,-643.1736
20240606,-642.7989
20240606,-642.324
20240606,-643.403
20240606,-642.6738
20240606,-643.8066
20240606,-646.1125
20240607,-644.9779
20240607,-646.0011
20240607,-645.5343
20240607,-645.0043
20240607,-646.0277
20240607,-645.9094
20240607,-645.4034
20240607,-645.3386
20240607,-645.1797
20240607,-646.2421
20240607,-647.2646
20240607,-646.9353
20240607,-646.5599
20240607,-647.7954
20240607,-648.8556
20240610,-648.6925
20240610,-649.7086
20240610,-649.7299
20240610,-650.7843
20240610,-650.7204
20240610,-651.7526
20240610,-651.5049
20240610,-651.074
20240610,-650.0376
20240610,-649.7845
20240610,-649.6391
20240610,-650.8471
20240610,-649.5888
20240610,-649.0652
20240610,-647.6222
20240610,-647.2216
20240611,-648.2557
20240611,-648.9644
20240611,-649.9875
20240611,-651.0363
20240611,-652.0546
20240611,-651.7188
20240611,-651.7327
20240611,-652.1961
20240611,-653.2548
20240611,-654.2714
20240611,-653.804
20240611,-653.0293
20240611,-651.9369
20240611,-651.8934
20240611,-651.7695
20240611,-650.684
20240611,-649.8522
20240611,-650.9139
20240611,-650.0011
20240612,-649.5267
20240612,-649.2431
20240612,-648.9596
20240612,-648.6933
20240612,-648.4887
20240612,-647.3495
20240612,-646.353
20240612,-647.6143
20240612,-647.421
20240612,-648.4832
20240612,-648.3475
20240613,-649.368
20240613,-649.2354
20240613,-648.7037
20240613,-649.7128
20240613,-650.9323
20240613,-650.6297
20240613,-650.2086
20240613,-651.4068
20240613,-649.2334
20240613,-650.2844
20240614,-651.3417
20240614,-650.863
20240614,-650.4522
20240614,-649.9227
20240614,-649.0744
20240614,-650.1179
20240614,-651.1416
20240614,-652.1969
20240614,-651.849
20240614,-651.3705
20240614,-651.3169
20240614,-652.4447
20240614,-653.4805
20240614,-654.6282
20240614,-655.6365
20240614,-656.7084
20240614,-658.0659
20240614,-657.8242
20240614,-658.9442
20240614,-660.1202
20240614,-661.3573
20240614,-662.6517
20240617,-662.4686
20240617,-661.519
20240617,-662.5832
20240617,-662.182
20240617,-663.2362
20240617,-662.7825
20240617,-662.3075
20240617,-661.8467
20240617,-662.9601
20240617,-661.0463
20240617,-662.1192
20240617,-662.0313
20240618,-661.2811
20240618,-662.3051
20240618,-662.0566
20240618,-661.3503
20240618,-662.3624
20240618,-663.4647
20240618,-663.0074
20240618,-662.8714
20240618,-663.9562
20240618,-664.9753
20240618,-665.0472
20240618,-666.167
20240618,-665.8892
20240620,-666.9634
20240620,-666.9201
20240620,-666.9476
20240620,-666.5406
20240620,-667.5633
20240620,-667.2413
20240620,-667.0539
20240620,-668.091
20240620,-668.059
20240620,-665.9132
20240620,-666.9299
20240620,-668.0967
20240620,-668.0382
20240620,-669.1914
20240620,-670.7991
20240621,-671.8107
20240621,-672.8297
20240621,-672.2696
20240621,-673.2784
20240621,-672.653
20240621,-673.7569
20240621,-673.7083
20240621,-673.6978
20240621,-674.727
20240621,-674.4263
20240621,-673.9657
20240621,-673.1094
20240621,-673.919
20240621,-674.9758
20240621,-676.2767
20240621,-675.9714
20240621,-675.5108
20240624,-674.4428
20240624,-673.5829
20240624,-673.475
20240624,-674.494
20240624,-673.4772
20240624,-672.7315
20240624,-673.7569
20240624,-674.7708
20240624,-674.2883
20240624,-675.5636
20240624,-678.1086
20240624,-677.7697
20240624,-678.8146
20240624,-678.3512
20240624,-677.2429
20240624,-676.5136
20240624,-677.8726
20240624,-677.7699
20240625,-677.3763
20240625,-676.8852
20240625,-677.9217
20240625,-678.2178
20240625,-678.052
20240625,-679.0859
20240625,-680.1741
20240625,-679.5191
20240625,-680.7811
20240625,-680.631
20240625,-681.7704
20240625,-680.5872
20240625,-679.903
20240626,-680.943
20240626,-680.988
20240626,-679.9115
20240626,-678.3393
20240626,-677.9869
20240626,-677.5831
20240626,-678.6687
20240626,-679.8017
20240626,-682.0095
20240626,-683.2072
20240626,-684.2953
20240627,-685.3579
20240627,-686.4496
20240627,-687.5051
20240627,-688.5387
20240627,-688.2151
20240627,-689.5021
20240627,-688.5893
20240627,-688.4346
20240627,-689.6889
20240627,-690.8006
20240627,-691.8878
20240627,-691.8305
20240627,-691.5414
20240627,-691.1114
20240627,-692.2135
20240627,-693.3672
20240627,-694.4147
20240627,-694.3742
20240628,-693.351
20240628,-694.3705
20240628,-694.1836
20240628,-695.2126
20240628,-696.2628
20240628,-697.2953
20240628,-696.8449
20240628,-696.4107
20240628,-697.443
20240628,-697.0004
20240628,-698.03
20240628,-697.3185
20240628,-698.6421
20240701,-699.7191
20240701,-700.7394
20240701,-700.5024
20240701,-701.5431
20240701,-702.5504
20240701,-700.5432
20240701,-701.9993
20240701,-703.0307
20240701,-704.6955
20240701,-704.2293
20240701,-705.4938
20240701,-708.2685
20240701,-707.9035
20240701,-707.5419
20240701,-708.761
20240701,-709.5683
20240702,-709.3889
20240702,-710.4829
20240702,-710.4851
20240702,-711.5268
20240702,-708.8317
20240702,-709.949
20240702,-711.1109
20240702,-708.7911
20240702,-709.8918
20240702,-709.5266
20240702,-708.7474
20240702,-709.9194
20240702,-708.7878
20240702,-708.5869
20240702,-707.711
20240703,-708.7376
20240703,-709.7887
20240703,-710.9438
20240703,-711.97
20240703,-711.477
20240703,-711.4713
20240703,-712.5385
20240703,-712.2987
20240703,-713.3774
20240703,-713.7765
20240703,-713.888
20240703,-714.0146
20240705,-713.9638
20240705,-712.5188
20240705,-713.5452
20240705,-713.0413
20240705,-711.4728
20240705,-710.0072
20240705,-709.5257
20240705,-708.5548
20240705,-707.8433
20240705,-706.547
20240705,-707.6619
20240705,-708.8119
20240708,-709.8389
20240708,-709.5233
20240708,-709.3522
20240708,-708.9936
20240708,-710.0257
20240708,-711.0701
20240708,-712.13
20240708,-711.7584
20240708,-710.342
20240708,-711.413
20240708,-712.6074
20240708,-713.682
20240708,-713.6795
20240708,-714.7331
20240708,-715.8331
20240709,-715.6136
20240709,-715.6398
20240709,-714.6129
20240709,-715.6495
20240709,-715.7047
20240709,-715.1605
20240709,-714.9875
20240709,-714.9571
20240709,-715.022
20240709,-714.6329
20240709,-714.1558
20240709,-715.1695
20240709,-716.8477
20240709,-717.9393
20240709,-718.9764
20240710,-720.034
20240710,-721.0618
20240710,-720.567
20240710,-721.6533
20240710,-721.1654
20240710,-720.7109
20240710,-721.7486
20240710,-720.803
20240710,-720.0792
20240710,-719.9865
20240710,-721.1769
20240710,-719.4523
20240710,-712.7475
20240710,-713.9383
20240710,-712.7525
20240710,-712.0162
20240710,-711.3907
20240710,-711.0391
20240710,-712.0612
20240710,-713.1543
20240710,-714.4759
20240710,-711.7717
20240711,-710.5051
20240711,-711.5123
20240711,-711.5528
20240711,-711.2869
20240711,-709.9912
20240711,-709.6951
20240711,-710.7689
20240711,-710.7206
20240711,-710.1324
20240711,-706.7619
20240711,-708.9126
20240711,-708.496
20240711,-708.0208
20240712,-704.9921
20240712,-704.9643
20240712,-705.9924
20240712,-707.0134
20240712,-706.2036
20240712,-707.3057
20240712,-705.3201
20240712,-705.3144
20240712,-706.4278
20240715,-705.8543
20240715,-705.4707
20240715,-706.4976
20240715,-706.0499
20240715,-704.8733
20240715,-703.8844
20240715,-702.8742
20240715,-703.9883
20240715,-716.5061
20240715,-716.4153
20240715,-717.5173
20240715,-718.5518
20240715,-718.3457
20240715,-719.4042
20240715,-720.5121
20240715,-722.5043
20240715,-723.5431
20240716,-723.0744
20240716,-720.5805
20240716,-720.162
20240716,-719.8375
20240716,-718.2417
20240716,-718.2187
20240716,-717.4167
20240716,-716.9347
20240716,-716.4967
20240716,-715.3613
20240716,-716.4528
20240716,-717.5458
20240716,-718.6027
20240716,-719.7024
20240716,-719.3269
20240716,-720.4487
20240716,-721.552
20240717,-721.3161
20240717,-720.6079
20240717,-719.7786
20240717,-719.47
20240717,-716.7926
20240717,-717.8791
20240717,-718.9207
20240717,-718.491
20240717,-717.4079
20240717,-717.2862
20240717,-718.3018
20240717,-719.3406
20240717,-718.927
20240717,-718.5739
20240717,-719.8504
20240717,-720.8801
20240717,-720.4347
20240718,-720.171
20240718,-719.6978
20240718,-718.886
20240718,-719.8973
20240718,-720.9546
20240718,-720.5661
20240718,-719.451
20240718,-719.3761
20240718,-720.4025
20240718,-721.4435
20240718,-722.526
20240718,-722.2145
20240718,-721.7764
20240718,-721.2917
20240718,-721.2535
20240718,-720.2433
20240718,-720.1613
20240718,-719.9514
20240718,-718.7215
20240718,-718.8281
20240718,-719.9476
20240718,-721.5965
20240718,-721.1409
20240718,-722.8264
20240718,-722.5473
20240718,-721.9386
20240718,-721.476
20240718,-721.02
20240718,-722.0554
20240719,-721.0542
20240719,-720.6319
20240719,-720.2454
20240719,-721.2585
20240719,-721.1329
20240719,-721.0193
20240719,-720.6534
20240719,-720.0594
20240719,-719.5864
20240719,-719.1037
20240719,-720.2852
20240719,-721.3131
20240719,-719.6382
20240719,-719.2244
20240719,-720.2669
20240719,-721.3842
20240722,-721.089
20240722,-722.1028
20240722,-723.1143
20240722,-724.2057
20240722,-723.2729
20240722,-724.3024
20240722,-724.23
20240722,-725.2618
20240722,-726.2835
20240722,-725.7064
20240722,-724.858
20240722,-725.877
20240722,-725.5657
20240722,-725.9537
20240722,-725.3473
20240722,-724.8691
20240722,-724.4298
20240722,-724.0594
20240722,-725.1752
20240722,-723.7982
20240723,-724.8838
20240723,-724.3946
20240723,-723.4051
20240723,-724.4149
20240723,-724.3759
20240723,-725.4088
20240723,-726.4342
20240723,-727.4872
20240723,-728.6071
20240723,-730.0244
20240723,-732.6524
20240723,-732.2694
20240723,-733.3187
20240723,-733.1725
20240723,-734.3151
20240724,-735.3301
20240724,-735.1446
20240724,-736.2124
20240724,-733.9746
20240724,-735.0057
20240724,-736.0258
20240724,-735.9985
20240724,-735.5285
20240725,-735.4629
20240725,-734.9989
20240725,-736.0635
20240725,-735.743
20240725,-735.7045
20240725,-735.0774
20240725,-736.0936
20240725,-737.2299
20240725,-735.5016
20240725,-735.085
20240726,-736.1144
20240726,-736.1159
20240726,-735.6641
20240726,-736.6743
20240726,-736.2481
20240726,-737.2607
20240726,-738.2895
20240726,-739.3015
20240726,-740.3226
20240726,-741.3399
20240726,-742.3514
20240726,-743.3731
20240726,-744.4649
20240726,-745.5032
20240726,-747.1319
20240726,-745.7153
20240726,-747.0064
20240726,-746.624
20240726,-747.7207
20240726,-747.4599
20240726,-747.0641
20240726,-747.0369
20240726,-747.664
20240729,-748.7221
20240729,-749.7541
20240729,-750.7782
20240729,-750.3477
20240729,-749.8822
20240729,-749.6419
20240729,-750.7548
20240729,-752.0002
20240730,-753.0698
20240730,-753.0531
20240730,-754.1184
20240730,-755.1794
20240730,-756.2159
20240730,-755.7632
20240730,-755.5588
20240730,-756.7532
20240730,-756.7548
20240730,-757.8533
20240730,-758.9712
20240730,-757.9143
20240730,-758.9445
20240730,-760.1637
20240730,-761.2548
20240731,-762.2735
20240731,-763.2837
20240731,-763.2635
20240731,-762.7735
20240731,-762.3337
20240731,-763.3542
20240731,-764.7051
20240731,-765.7414
20240731,-766.761
20240731,-765.0075
20240731,-766.0265
20240801,-767.0517
20240801,-768.0708
20240801,-769.083
20240801,-770.0974
20240801,-771.1058
20240801,-772.1301
20240801,-773.1412
20240801,-772.1994
20240801,-768.4668
20240801,-767.7901
20240801,-768.8442
20240801,-770.0613
20240802,-769.8093
20240802,-769.301
20240802,-770.3205
20240802,-771.3866
20240802,-772.6966
20240802,-773.7816
20240802,-774.8269
20240802,-774.653
20240802,-775.1822
20240802,-776.1959
20240802,-777.2566
20240802,-778.3313
20240802,-777.8798
20240802,-777.6885
20240802,-777.211
20240802,-775.8797
20240802,-776.922
20240802,-777.9996
20240802,-778.0063
20240805,-777.4494
20240805,-778.4587
20240805,-777.2905
20240805,-777.1979
20240805,-777.1376
20240805,-778.2003
20240806,-777.7236
20240806,-777.3851
20240806,-776.969
20240806,-778.0352
20240806,-778.8055
20240806,-779.8442
20240806,-779.0611
20240806,-780.276
20240806,-781.3449
20240806,-782.5477
20240807,-782.5802
20240807,-782.4568
20240807,-782.3824
20240807,-783.4983
20240807,-784.5567
20240807,-785.5794
20240807,-785.6926
20240807,-785.299
20240807,-786.4215
20240808,-786.0377
20240808,-785.4727
20240808,-785.1778
20240808,-785.1158
20240808,-784.3341
20240808,-783.3142
20240808,-782.2103
20240808,-781.7264
20240808,-780.9207
20240808,-780.2529
20240808,-781.3262
20240808,-782.4843
20240808,-783.6977
20240808,-785.3066
20240808,-786.5042
20240808,-787.5418
20240808,-786.8182
20240808,-787.2885
20240808,-787.4061
20240809,-788.435
20240809,-788.3167
20240809,-787.339
20240809,-787.21
20240809,-786.8643
20240809,-786.8071
20240809,-786.6077
20240809,-785.962
20240809,-785.4355
20240809,-785.3091
20240809,-784.2263
20240809,-784.1188
20240809,-783.881
20240809,-784.9546
20240809,-785.9899
20240809,-785.9989
20240809,-787.0317
20240809,-784.695
20240809,-784.697
20240809,-785.7715
20240812,-786.8088
20240812,-786.1996
20240812,-786.169
20240812,-785.5978
20240812,-785.1251
20240812,-784.6789
20240812,-784.3537
20240812,-784.0731
20240812,-783.5871
20240812,-784.6325
20240812,-785.7013
20240812,-785.7403
20240812,-786.7916
20240812,-785.8032
20240812,-786.514
20240813,-787.5707
20240813,-787.453
20240813,-786.117
20240813,-784.9584
20240813,-784.6989
20240813,-785.2472
20240813,-786.2657
20240813,-786.0544
20240813,-786.6584
20240813,-787.6874
20240813,-788.7296
20240813,-787.4797
20240813,-787.0427
20240813,-786.3164
20240813,-787.3697
20240813,-786.9044
20240813,-786.1677
20240813,-786.0275
20240814,-785.9199
20240814,-786.9628
20240814,-786.4931
20240814,-787.6642
20240814,-787.034
20240814,-786.5526
20240814,-786.4082
20240814,-785.3886
20240814,-786.4378
20240814,-787.4726
20240814,-786.8947
20240814,-785.3614
20240815,-784.8833
20240815,-784.3666
20240815,-782.45
20240815,-781.9256
20240815,-780.4425
20240815,-778.7606
20240815,-779.7923
20240815,-779.2364
20240815,-779.1417
20240815,-778.2165
20240815,-777.536
20240815,-778.5646
20240815,-778.5022
20240815,-778.2818
20240815,-779.3241
20240815,-777.9724
20240815,-777.1225
20240815,-777.7119
20240815,-777.2821
20240815,-775.9636
20240815,-777.081
20240816,-776.0292
20240816,-775.6789
20240816,-775.2598
20240816,-774.2717
20240816,-773.8019
20240816,-773.1856
20240816,-772.0671
20240816,-771.5957
20240816,-770.5955
20240816,-770.2542
20240816,-771.2667
20240816,-770.6262
20240816,-770.173
20240816,-769.7319
20240816,-769.269
20240816,-768.7954
20240816,-769.8825
20240816,-768.9681
20240816,-768.5257
20240816,-769.5699
20240816,-769.4023
20240816,-769.1706
20240816,-769.0328
20240819,-769.0875
20240819,-770.1063
20240819,-768.9102
20240819,-768.5736
20240819,-769.6516
20240819,-770.6925
20240819,-770.3649
20240819,-771.4446
20240819,-766.1898
20240819,-765.9572
20240819,-767.0037
20240819,-765.707
20240819,-765.3556
20240819,-766.5036
20240819,-767.6654
20240819,-768.765
20240819,-771.6031
20240819,-773.3112
20240819,-773.2104
20240819,-774.3182
20240820,-773.7081
20240820,-772.7116
20240820,-772.2947
20240820,-771.9351
20240820,-771.4657
20240820,-772.4992
20240820,-773.6259
20240820,-773.5398
20240820,-774.6032
20240820,-773.5251
20240820,-774.5832
20240821,-774.2197
20240821,-774.0291
20240821,-775.0546
20240821,-776.087
20240821,-777.1664
20240821,-776.7128
20240821,-776.2348
20240821,-777.2683
20240821,-778.3196
20240821,-778.2809
20240821,-779.6724
20240821,-778.0182
20240821,-779.2573
20240821,-777.098
20240821,-776.6625
20240821,-776.1964
20240821,-777.2633
20240821,-777.5595
20240822,-777.0729
20240822,-778.0962
20240822,-779.1383
20240822,-780.3093
20240822,-781.3793
20240822,-780.6948
20240822,-781.7243
20240822,-783.7243
20240822,-784.1384
20240822,-785.333
20240823,-785.2338
20240823,-784.8081
20240823,-784.3503
20240823,-785.3968
20240823,-785.1814
20240823,-784.5318
20240823,-784.2946
20240823,-785.6888
20240823,-785.6042
20240823,-785.2108
20240823,-784.4868
20240823,-785.5254
20240823,-786.5646
20240823,-787.646
20240823,-787.4495
20240823,-788.6918
20240823,-788.4501
20240823,-789.7677
20240823,-791.728
20240823,-791.3224
20240823,-791.4195
20240823,-792.5466
20240826,-793.6011
20240826,-794.6698
20240826,-794.543
20240826,-794.3283
20240826,-793.9562
20240826,-793.7938
20240826,-792.608
20240826,-792.1382
20240826,-793.1925
20240826,-792.8983
20240826,-792.4731
20240826,-792.0707
20240826,-791.5955
20240826,-793.5955
20240826,-795.1455
20240826,-794.7827
20240826,-794.3574
20240826,-794.6174
20240826,-795.6629
20240826,-795.2481
20240827,-796.3036
20240827,-797.3273
20240827,-797.3391
20240827,-798.3713
20240827,-797.4144
20240827,-798.4428
20240827,-797.8643
20240827,-797.3239
20240827,-798.3668
20240827,-799.4978
20240827,-800.5941
20240827,-801.7261
20240827,-802.8262
20240827,-804.5888
20240827,-805.671
20240827,-806.9563
20240828,-806.3812
20240828,-807.472
20240828,-806.7927
20240828,-805.3978
20240828,-805.4015
20240828,-804.9271
20240828,-804.5777
20240828,-804.1268
20240828,-804.0519
20240828,-803.5681
20240828,-803.1476
20240828,-804.2565
20240828,-803.1135
20240828,-804.2221
20240828,-803.0914
20240828,-805.7143
20240828,-806.9616
20240828,-806.6638
20240828,-805.8284
20240828,-807.1211
20240828,-806.0234
20240828,-805.8299
20240829,-806.8846
20240829,-807.9351
20240829,-808.9614
20240829,-808.9463
20240829,-809.978
20240829,-809.8713
20240829,-809.4541
20240829,-810.5039
20240829,-809.4923
20240829,-809.3124
20240829,-808.1593
20240829,-807.287
20240829,-808.3516
20240829,-809.3929
20240830,-810.4111
20240830,-811.4292
20240830,-812.499
20240830,-811.9384
20240830,-811.543
20240830,-810.9188
20240830,-811.9909
20240830,-813.0173
20240830,-812.0278
20240830,-811.2262
20240830,-810.7114
20240830,-810.2398
20240830,-811.2861
20240830,-812.4396
20240830,-812.152
20240830,-810.5061
20240830,-811.5886
20240830,-810.1639
20240830,-810.0969
20240903,-809.6091
20240903,-810.6207
20240903,-811.6719
20240903,-812.8075
20240903,-809.8656
20240903,-809.2372
20240903,-808.3147
20240903,-807.9212
20240904,-807.3362
20240904,-808.4652
20240904,-808.303
20240904,-807.8893
20240904,-808.1108
20240904,-808.0438
20240904,-806.7903
20240904,-806.8181
20240904,-807.8884
20240904,-808.9885
20240904,-810.0398
20240904,-809.1521
20240904,-808.9258
20240904,-809.964
20240905,-809.4728
20240905,-809.369
20240905,-810.4279
20240905,-809.7625
20240905,-808.5744
20240905,-809.5995
20240905,-809.6122
20240905,-810.6567
20240905,-809.834
20240905,-810.8651
20240905,-810.6378
20240905,-811.6936
20240905,-811.6034
20240905,-811.313
20240905,-813.313
20240905,-814.5745
20240905,-815.8413
20240905,-816.8894
20240905,-816.2294
20240906,-814.8062
20240906,-814.9286
20240906,-814.3994
20240906,-813.6691
20240906,-813.4895
20240906,-813.4659
20240906,-812.9822
20240906,-811.6562
20240906,-811.44
20240906,-810.4313
20240906,-808.5548
20240906,-808.4299
20240906,-808.2577
20240906,-807.6913
20240906,-805.6887
20240906,-804.6817
20240906,-804.3408
20240906,-802.9482
20240906,-802.5818
20240906,-801.597
20240906,-802.7233
20240906,-803.918
20240906,-804.9539
20240906,-804.5007
20240906,-804.429
20240909,-805.4486
20240909,-806.4662
20240909,-807.4895
20240909,-807.2881
20240909,-806.1999
20240909,-805.4564
20240909,-805.0144
20240909,-804.562
20240909,-805.7976
20240909,-805.3435
20240909,-804.9406
20240909,-805.9767
20240909,-807.0511
20240909,-808.0838
20240909,-809.1315
20240910,-808.6754
20240910,-808.1969
20240910,-807.7128
20240910,-807.1968
20240910,-806.7824
20240910,-806.6455
20240910,-806.1937
20240910,-805.747
20240910,-805.6226
20240910,-805.1982
20240910,-804.7011
20240910,-804.2224
20240910,-803.8407
20240910,-804.8525
20240910,-804.7374
20240910,-805.7898
20240910,-805.5404
20240910,-806.7694
20240910,-808.2594
20240910,-808.166
20240910,-806.4901
20240910,-807.5904
20240910,-808.6675
20240910,-808.7942
20240911,-808.3453
20240911,-809.3888
20240911,-808.4288
20240911,-807.8128
20240911,-807.3331
20240911,-808.3574
20240911,-812.98
20240911,-812.6364
20240911,-815.9415
20240911,-816.9615
20240911,-816.63
20240911,-816.1646
20240911,-814.9706
20240911,-814.6996
20240911,-815.7185
20240911,-815.3366
20240911,-814.3457
20240911,-812.3361
20240911,-813.3733
20240911,-812.2244
20240911,-811.6365
20240912,-812.6994
20240912,-812.6116
20240912,-813.652
20240912,-814.6648
20240912,-814.4018
20240912,-814.1442
20240912,-813.9621
20240912,-814.0093
20240912,-813.5444
20240912,-812.4272
20240912,-813.4536
20240912,-813.3704
20240912,-813.7521
20240912,-813.3829
20240912,-814.4221
20240912,-813.9712
20240913,-814.7123
20240913,-815.7463
20240913,-814.6943
20240913,-814.7471
20240913,-815.7667
20240913,-816.7934
20240913,-815.6267
20240913,-814.7451
20240913,-814.4559
20240913,-815.5365
20240913,-816.7244
20240913,-816.3851
20240916,-817.4147
20240916,-818.4461
20240916,-819.4839
20240916,-820.5059
20240916,-820.2605
20240916,-818.9301
20240916,-817.9362
20240916,-818.9579
20240916,-819.9711
20240916,-820.987
20240916,-820.8565
20240916,-821.8735
20240916,-822.9148
20240916,-824.0226
20240916,-825.5157
20240916,-825.0245
20240916,-826.5296
20240916,-824.4015
20240916,-825.4379
20240916,-825.5212
20240917,-826.5873
20240917,-827.6054
20240917,-828.6376
20240917,-829.6766
20240917,-830.6921
20240917,-831.7648
20240917,-831.3134
20240917,-830.9172
20240917,-832.0001
20240917,-831.5288
20240917,-831.0776
20240917,-832.1287
20240917,-831.6968
20240917,-831.2448
20240917,-830.3162
20240918,-831.3602
20240918,-832.4427
20240918,-831.7708
20240918,-832.8261
20240918,-832.3856
20240918,-833.4278
20240918,-833.3533
20240918,-834.388
20240918,-834.1492
20240918,-835.2731
20240918,-836.3869
20240918,-837.4009
20240918,-836.7242
20240918,-837.7486
20240918,-837.8573
20240919,-837.5747
20240919,-838.5998
20240919,-838.4977
20240919,-838.0151
20240919,-839.0824
20240919,-838.7441
20240919,-839.8748
20240919,-840.9427
20240919,-840.8157
20240919,-840.3967
20240919,-841.765
20240919,-841.3333
20240919,-843.3334
20240920,-844.3585
20240920,-845.4191
20240920,-846.4331
20240920,-846.4146
20240920,-845.9543
20240920,-845.5643
20240920,-846.6458
20240920,-847.7364
20240920,-849.1044
20240920,-850.1572
20240920,-849.2262
20240923,-849.1699
20240923,-850.19
20240923,-849.3001
20240923,-850.3172
20240923,-851.4097
20240923,-852.4396
20240923,-853.4853
20240923,-853.0011
20240923,-852.7008
20240923,-852.2513
20240923,-858.2051
20240923,-860.963
20240923,-862.3541
20240923,-859.7911
20240923,-858.2796
20240923,-859.3759
20240924,-860.4198
20240924,-860.1612
20240924,-861.1965
20240924,-862.3321
20240924,-863.3497
20240924,-864.5019
20240924,-864.0457
20240924,-862.8121
20240924,-864.4504
20240924,-865.4944
20240924,-866.6407
20240924,-868.0517
20240924,-867.635
20240924,-869.1692
20240925,-870.2168
20240925,-869.7321
20240925,-869.2462
20240925,-868.2244
20240925,-868.0637
20240925,-868.093
20240925,-869.1498
20240925,-868.6862
20240925,-868.3873
20240925,-869.4126
20240925,-870.5562
20240925,-869.87
20240925,-870.8926
20240925,-869.8433
20240925,-871.171
20240925,-870.4439
20240925,-871.6062
20240925,-873.0683
20240925,-874.177
20240926,-873.5972
20240926,-873.4272
20240926,-873.2532
20240926,-872.2168
20240926,-873.2565
20240926,-872.7812
20240927,-872.4867
20240927,-872.5007
20240927,-873.5296
20240927,-873.1663
20240927,-873.0163
20240927,-872.5291
20240927,-872.4249
20240927,-873.4423
20240927,-872.6793
20240927,-873.816
20240927,-873.4678
20240927,-874.4964
20240927,-875.713
20240927,-876.7689
20240927,-880.9813
20240927,-882.0936
20240927,-883.2102
20240927,-884.321
20240927,-884.0397
20240927,-883.8474
20240927,-882.9816
20240930,-884.021
20240930,-883.2291
20240930,-884.2645
20240930,-883.0304
20240930,-882.7602
20240930,-883.8343
20240930,-883.7041
20240930,-883.4174
20240930,-882.2664
20240930,-883.416
20240930,-883.1362
20240930,-882.8824
20240930,-883.9806
20240930,-885.2846
20240930,-886.4994
20240930,-885.4762
20240930,-886.5761
20240930,-887.6025
20240930,-887.1872
20240930,-886.2248
20241001,-887.2554
20241001,-886.9641
20241001,-886.7122
20241001,-886.6369
20241001,-885.774
20241001,-884.7455
20241001,-884.5655
20241001,-885.6049
20241001,-884.4679
20241001,-883.9847
20241001,-883.5711
20241001,-884.6341
20241001,-884.2295
20241001,-884.4346
20241001,-884.4135
20241002,-884.8686
20241002,-885.8963
20241002,-886.9049
20241002,-886.6202
20241002,-886.3903
20241002,-887.5764
20241002,-888.7248
20241002,-887.9041
20241002,-889.0167
20241002,-890.0425
20241003,-888.5952
20241003,-888.1294
20241003,-889.1708
20241003,-888.9642
20241003,-888.9145
20241003,-888.8219
20241003,-889.861
20241003,-889.6588
20241003,-889.4905
20241003,-888.3158
20241003,-889.4625
20241003,-889.1905
20241003,-890.2708
20241003,-891.3967
20241003,-891.5843
20241003,-892.2555
20241003,-893.2922
20241003,-893.7003
20241003,-895.0258
20241003,-894.2982
20241003,-893.9362
20241003,-895.1413
20241003,-894.8967
20241003,-896.031
20241004,-895.753
20241004,-894.7476
20241004,-895.3465
20241004,-895.2807
20241004,-895.2089
20241004,-896.2376
20241004,-897.2897
20241004,-896.8415
20241004,-897.8576
20241004,-898.9266
20241004,-899.9796
20241004,-899.735
20241004,-899.3587
20241004,-899.3728
20241004,-898.3848
20241004,-898.3643
20241004,-898.8991
20241007,-899.9411
20241007,-900.5612
20241007,-900.2523
20241007,-901.3082
20241007,-901.2114
20241007,-900.8288
20241007,-900.5449
20241007,-900.0625
20241007,-899.5826
20241007,-899.1095
20241007,-898.9642
20241007,-896.7448
20241007,-896.3031
20241007,-897.5286
20241008,-896.8347
20241008,-896.3533
20241008,-895.8517
20241008,-895.4062
20241008,-894.0808
20241008,-892.9567
20241008,-892.5428
20241008,-893.6804
20241008,-893.5216
20241008,-895.0899
20241008,-894.7546
20241008,-895.1899
20241009,-895.175
20241009,-894.7137
20241009,-894.0191
20241009,-893.4855
20241009,-893.3487
20241009,-894.8226
20241009,-894.0405
20241009,-894.2408
20241009,-895.438
20241009,-897.438
20241009,-897.1079
20241009,-896.2492
20241009,-897.7418
20241009,-897.2427
20241010,-897.1448
20241010,-896.7502
20241010,-897.823
20241010,-896.583
20241010,-895.8214
20241010,-895.1389
20241010,-896.1825
20241010,-895.6368
20241010,-895.0044
20241010,-893.5082
20241010,-893.3525
20241010,-894.5045
20241010,-893.527
20241010,-894.6113
20241010,-894.1928
20241010,-895.7867
20241010,-896.8091
20241011,-897.8966
20241011,-897.8952
20241011,-897.0966
20241011,-898.1245
20241011,-897.8405
20241011,-898.9457
20241011,-898.9522
20241011,-900.0937
20241011,-899.8126
20241011,-899.3503
20241011,-900.4575
20241011,-901.7067
20241011,-901.6224
20241011,-904.1654
20241011,-905.5841
20241014,-904.5303
20241014,-904.3824
20241014,-905.4013
20241014,-904.7091
20241014,-904.7249
20241014,-904.6285
20241014,-903.6061
20241014,-904.626
20241014,-903.4878
20241014,-904.5117
20241014,-903.9165
20241014,-900.4749
20241014,-901.7701
20241014,-902.8783
20241014,-904.0651
20241014,-903.6456
20241014,-903.218
20241014,-902.344
20241014,-903.4304
20241014,-902.8321
20241015,-902.338
20241015,-903.357
20241015,-903.327
20241015,-904.5931
20241015,-905.6194
20241015,-904.6248
20241015,-905.6525
20241015,-906.8371
20241015,-906.4641
20241015,-907.5988
20241015,-908.6788
20241015,-909.7389
20241015,-910.8461
20241015,-911.9917
20241015,-913.125
20241015,-912.8976
20241015,-911.9168
20241015,-912.9676
20241015,-914.525
20241015,-915.6052
20241015,-915.724
20241016,-915.0632
20241016,-916.0798
20241016,-916.1379
20241016,-917.1548
20241016,-918.184
20241016,-918.2288
20241016,-919.2586
20241016,-920.2907
20241016,-921.356
20241016,-922.4378
20241016,-922.1046
20241016,-922.0666
20241016,-921.5083
20241016,-921.2245
20241016,-922.2383
20241016,-923.2841
20241016,-923.082
20241016,-924.2835
20241016,-924.2959
20241016,-925.3847
20241017,-926.401
20241017,-926.06
20241017,-925.6443
20241017,-925.153
20241017,-924.71
20241017,-924.4889
20241017,-925.5182
20241017,-926.5612
20241017,-926.7906
20241017,-926.8135
20241017,-927.8482
20241017,-928.9019
20241017,-929.9473
20241017,-929.7998
20241018,-929.5909
20241018,-929.148
20241018,-930.2971
20241018,-927.5795
20241018,-929.4415
20241018,-928.5528
20241018,-926.462
20241018,-926.1909
20241018,-925.9617
20241018,-927.4578
20241021,-927.4516
20241021,-926.0983
20241021,-926.0458
20241021,-925.9348
20241021,-925.3018
20241021,-926.3357
20241021,-925.9326
20241021,-927.141
20241021,-926.9051
20241021,-926.1674
20241021,-925.7506
20241021,-925.3786
20241021,-926.561
20241021,-927.7027
20241021,-927.507
20241021,-930.0212
20241021,-931.1405
20241021,-932.3582
20241021,-931.3542
20241022,-932.4731
20241022,-932.0458
20241022,-933.124
20241022,-932.8776
20241022,-932.4519
20241022,-933.4826
20241022,-934.5265
20241022,-935.55
20241022,-936.6223
20241022,-937.7422
20241022,-938.8286
20241023,-938.3467
20241023,-939.3698
20241023,-940.5234
20241023,-940.3457
20241023,-939.9119
20241023,-939.9959
20241023,-941.1452
20241023,-942.2275
20241023,-943.6764
20241023,-944.8191
20241023,-945.9494
20241023,-945.601
20241023,-946.6293
20241023,-947.7225
20241023,-948.8583
20241023,-950.1799
20241024,-950.0591
20241024,-949.5432
20241024,-950.578
20241024,-951.6778
20241024,-951.3027
20241024,-952.3308
20241024,-951.0713
20241024,-950.0222
20241024,-949.7131
20241024,-950.8393
20241024,-951.8825
20241024,-953.1183
20241024,-955.3271
20241024,-957.3272
20241024,-955.7411
20241024,-956.9814
20241025,-956.939
20241025,-956.476
20241025,-956.2101
20241025,-957.3137
20241025,-956.7345
20241025,-956.3172
20241025,-957.3841
20241025,-958.8836
20241025,-962.3138
20241025,-961.8954
20241025,-963.6411
20241025,-964.7508
20241025,-963.7203
20241025,-964.9997
20241025,-966.0602
20241028,-967.0978
20241028,-968.19
20241028,-967.7034
20241028,-967.3978
20241028,-968.4403
20241028,-967.9731
20241028,-969.0199
20241028,-970.2347
20241028,-969.8453
20241028,-969.6621
20241029,-968.8098
20241029,-967.7821
20241029,-968.7919
20241029,-969.828
20241029,-967.2193
20241029,-968.2831
20241029,-969.4022
20241029,-969.3266
20241029,-969.1306
20241029,-968.9837
20241029,-970.2135
20241030,-971.3303
20241030,-971.2549
20241030,-970.1911
20241030,-969.4924
20241030,-970.5142
20241030,-971.8132
20241030,-971.4435
20241030,-970.4953
20241030,-971.5301
20241031,-971.0538
20241031,-971.0066
20241031,-970.0668
20241031,-970.0026
20241031,-970.2287
20241031,-971.3338
20241031,-970.8259
20241031,-969.8681
20241031,-968.531
20241031,-967.3271
20241031,-966.9171
20241031,-968.0577
20241031,-969.5956
20241031,-970.6471
20241031,-970.8969
20241101,-971.9093
20241101,-971.8555
20241101,-971.2208
20241101,-971.3686
20241101,-972.4719
20241101,-973.644
20241101,-973.3121
20241101,-974.4355
20241101,-980.7403
20241104,-980.3108
20241104,-980.2232
20241104,-981.2802
20241104,-983.2801
20241104,-983.0941
20241104,-984.184
20241104,-983.9923
20241105,-983.4701
20241105,-982.2781
20241105,-981.6009
20241105,-980.7296
20241105,-981.8959
20241105,-983.0806
20241105,-984.2923
20241105,-985.5379
20241105,-986.7699
20241105,-988.2732
20241105,-989.5087
20241105,-989.5019
20241105,-989.4955
20241105,-989.3335
20241106,-990.3497
20241106,-989.6528
20241106,-989.8758
20241106,-989.2712
20241106,-988.593
20241106,-987.4183
20241106,-988.4635
20241106,-987.6596
20241106,-987.2829
20241106,-986.8771
20241106,-987.9585
20241106,-986.4753
20241106,-986.2222
20241106,-987.3077
20241106,-988.3678
20241106,-988.2688
20241106,-989.3389
20241107,-988.8621
20241107,-989.8941
20241107,-989.411
20241107,-989.2588
20241107,-988.8111
20241107,-988.5052
20241107,-987.958
20241107,-986.6786
20241107,-987.1325
20241107,-986.6081
20241107,-986.1547
20241107,-987.2197
20241107,-985.9627
20241107,-987.0748
20241107,-986.6185
20241107,-985.1494
20241107,-983.6622
20241107,-984.7646
20241107,-984.3213
20241107,-985.5088
20241108,-984.48
20241108,-984.0237
20241108,-981.1638
20241108,-981.1489
20241108,-980.6637
20241108,-981.67
20241108,-981.0879
20241108,-978.2255
20241108,-977.8442
20241108,-976.6473
20241108,-977.7075
20241108,-974.7015
20241108,-975.787
20241108,-975.3698
20241108,-976.7514
20241108,-976.1429
20241111,-976.1991
20241111,-975.7216
20241111,-976.7691
20241111,-977.8183
20241111,-977.2188
20241111,-978.2355
20241111,-977.825
20241111,-978.9611
20241111,-978.53
20241111,-978.0359
20241111,-979.1313
20241111,-980.3579
20241111,-981.4073
20241111,-982.7491
20241111,-983.925
20241111,-985.4391
20241111,-986.6089
20241111,-988.2503
20241112,-989.2929
20241112,-987.835
20241112,-988.8414
20241112,-989.8978
20241112,-991.0152
20241112,-992.063
20241112,-993.0832
20241112,-993.0093
20241112,-992.6487
20241112,-991.8647
20241112,-991.5798
20241112,-992.6193
20241112,-994.0323
20241112,-995.3231
20241112,-997.0769
20241112,-998.1244
20241112,-999.6512
20241112,-1000.7057
20241112,-1001.8565
20241112,-1000.8653
20241112,-1001.8805
20241112,-1002.9844
20241112,-1001.611
20241113,-1001.1505
20241113,-1000.7405
20241113,-1000.1969
20241113,-999.8129
20241113,-1000.8474
20241113,-999.9376
20241113,-998.6129
20241113,-998.1603
20241113,-997.8073
20241113,-997.7806
20241113,-996.3897
20241113,-996.1246
20241113,-995.7499
20241113,-994.4799
20241113,-994.4974
20241113,-994.0176
20241113,-996.0175
20241113,-995.613
20241113,-996.7352
20241113,-995.3529
20241113,-994.8685
20241114,-995.9044
20241114,-996.9279
20241114,-997.9456
20241114,-997.456
20241114,-996.9648
20241114,-998.0064
20241114,-997.512
20241114,-998.5971
20241114,-998.3992
20241114,-998.0027
20241114,-997.9172
20241114,-997.3381
20241114,-996.4528
20241114,-997.6624
20241114,-998.7481
20241114,-998.6268
20241114,-999.9563
20241114,-1000.987
20241115,-1000.8678
20241115,-1000.8718
20241115,-1001.8941
20241115,-1000.8025
20241115,-1001.8409
20241115,-1000.2164
20241115,-999.8248
20241115,-999.3951
20241115,-997.432
20241115,-998.4993
20241115,-998.0434
20241115,-997.822
20241115,-997.4394
20241118,-998.5504
20241118,-998.0871
20241118,-999.1191
20241118,-998.0531
20241118,-999.1463
20241118,-1000.1965
20241118,-1001.2722
20241118,-1002.4574
20241118,-1001.6265
20241118,-1002.6894
20241118,-1003.8174
20241118,-1004.9131
20241119,-1005.9465
20241119,-1005.5884
20241119,-1005.5328
20241119,-1005.2594
20241119,-1000.8941
20241119,-1001.9565
20241119,-1003.1403
20241119,-1003.054
20241119,-1002.9611
20241120,-1003.9778
20241120,-1004.0541
20241120,-1003.3534
20241120,-1004.3959
20241120,-1005.4246
20241120,-1005.4633
20241120,-1004.0615
20241120,-1003.2642
20241120,-1002.8442
20241120,-1003.6246
20241120,-1004.047
20241120,-1005.4437
20241121,-1005.15
20241121,-1004.872
20241121,-1004.1325
20241121,-1004.0683
20241121,-1003.3658
20241121,-1002.8696
20241121,-1002.2025
20241121,-1000.9262
20241121,-1001.9546
20241121,-1000.7661
20241121,-1000.73
20241121,-999.7537
20241121,-999.2891
20241121,-1000.7873
20241122,-999.78
20241122,-1000.8137
20241122,-1000.4266
20241122,-1001.4654
20241122,-1001.4083
20241122,-1000.905
20241122,-1001.937
20241122,-1002.9901
20241122,-1003.5978
20241122,-1004.6062
20241122,-1004.5333
20241122,-1005.5779
20241122,-1006.6044
20241122,-1005.9971
20241122,-1005.9807
20241122,-1004.9658
20241122,-1004.6584
20241122,-1006.4045
20241122,-1005.9648
20241122,-1003.6099
20241122,-1004.6839
20241122,-1005.8976
20241125,-1005.418
20241125,-1005.204
20241125,-1004.6559
20241125,-1005.7246
20241125,-1005.0835
20241125,-1004.6712
20241125,-1004.7014
20241125,-1005.7242
20241125,-1005.5895
20241126,-1006.6332
20241126,-1007.666
20241126,-1007.6757
20241126,-1008.6917
20241126,-1008.3682
20241126,-1008.0899
20241126,-1007.2963
20241126,-1006.5488
20241126,-1007.6845
20241126,-1008.7475
20241126,-1009.9281
20241126,-1009.5092
20241126,-1010.6054
20241127,-1011.6352
20241127,-1011.1522
20241127,-1009.472
20241127,-1009.2285
20241127,-1008.2331
20241127,-1007.6297
20241127,-1008.6977
20241127,-1007.9414
20241127,-1009.1233
20241127,-1010.1672
20241127,-1014.609
20241127,-1015.8215
20241127,-1015.6996
20241127,-1016.8127
20241127,-1017.9095
20241127,-1018.9814
20241127,-1019.3116
20241127,-1018.8614
20241127,-1021.5414
20241129,-1021.1415
20241129,-1022.1508
20241129,-1023.223
20241129,-1022.1593
20241129,-1022.2535
20241129,-1021.4883
20241202,-1021.2485
20241202,-1020.6845
20241202,-1020.2003
20241202,-1019.7431
20241202,-1019.4534
20241202,-1019.017
20241202,-1017.5047
20241202,-1015.1196
20241202,-1016.3116
20241202,-1018.7212
20241202,-1020.1524
20241202,-1020.0946
20241202,-1019.0693
20241203,-1018.7837
20241203,-1018.6951
20241203,-1018.2563
20241203,-1019.2764
20241203,-1018.1014
20241203,-1017.4551
20241203,-1018.4855
20241203,-1018.0726
20241203,-1017.9035
20241203,-1016.9286
20241203,-1016.0162
20241203,-1017.0555
20241203,-1014.1184
20241203,-1013.6462
20241203,-1015.2473
20241203,-1016.3789
20241203,-1016.352
20241203,-1016.1448
20241204,-1016.1654
20241204,-1017.2757
20241204,-1017.2924
20241204,-1016.5594
20241204,-1015.9041
20241204,-1015.4189
20241204,-1016.4472
20241204,-1016.1949
20241204,-1015.6664
20241204,-1014.3375
20241204,-1015.354
20241204,-1014.6019
20241204,-1015.7118
20241204,-1015.0636
20241204,-1016.686
20241204,-1014.9739
20241205,-1016.0161
20241205,-1015.4504
20241205,-1016.5591
20241205,-1016.4254
20241205,-1017.5047
20241205,-1017.0316
20241205,-1018.6199
20241205,-1018.5926
20241205,-1019.6516
20241205,-1019.1881
20241205,-1018.158
20241205,-1019.2348
20241205,-1021.0415
20241205,-1022.1236
20241205,-1023.1678
20241205,-1024.1932
20241206,-1023.3555
20241206,-1024.3983
20241206,-1025.4221
20241206,-1023.8304
20241206,-1023.0721
20241206,-1023.449
20241206,-1023.4162
20241206,-1023.36
20241206,-1023.4374
20241206,-1024.5397
20241206,-1024.1039
20241206,-1023.2525
20241206,-1021.7769
20241206,-1023.1108
20241206,-1024.3261
20241206,-1023.3504
20241206,-1025.0578
20241206,-1024.9448
20241206,-1023.8755
20241209,-1024.9444
20241209,-1025.9845
20241209,-1024.8247
20241209,-1024.3715
20241209,-1025.8486
20241209,-1026.8758
20241209,-1025.863
20241209,-1027.018
20241209,-1028.2983
20241209,-1029.6825
20241209,-1030.8265
20241209,-1031.4203
20241209,-1032.6648
20241209,-1033.8237
20241209,-1032.8534
20241209,-1033.5735
20241209,-1034.7661
20241210,-1035.7803
20241210,-1035.3634
20241210,-1033.8196
20241210,-1034.8703
20241210,-1034.6518
20241210,-1035.7845
20241210,-1036.799
20241210,-1037.8333
20241210,-1038.8947
20241210,-1040.0182
20241210,-1041.0944
20241210,-1042.3189
20241210,-1041.8561
20241210,-1041.4527
20241210,-1040.9813
20241211,-1040.0103
20241211,-1039.7843
20241211,-1040.8542
20241211,-1040.3646
20241211,-1040.2077
20241211,-1038.8523
20241211,-1039.9092
20241211,-1040.949
20241211,-1041.9737
20241211,-1043.0271
20241211,-1042.5668
20241211,-1043.6467
20241211,-1043.2001
20241211,-1044.3306
20241211,-1045.3883
20241212,-1046.4511
20241212,-1046.3081
20241212,-1047.3518
20241212,-1046.882
20241212,-1047.9002
20241212,-1047.5589
20241212,-1047.1357
20241212,-1048.4734
20241212,-1048.2713
20241212,-1049.4857
20241212,-1050.581
20241212,-1051.6609
20241212,-1053.6608
20241212,-1054.6983
20241213,-1055.7418
20241213,-1055.8289
20241213,-1056.8418
20241213,-1056.5464
20241213,-1057.6918
20241213,-1058.7606
20241213,-1059.78
20241213,-1059.5453
20241213,-1060.6162
20241213,-1061.8485
20241213,-1063.024
20241213,-1064.1651
20241213,-1060.6884
20241213,-1062.9939
20241213,-1063.409
20241213,-1064.5766
20241216,-1064.5431
20241216,-1064.2497
20241216,-1065.2547
20241216,-1064.7609
20241216,-1063.117
20241216,-1062.6846
20241216,-1062.216
20241216,-1063.2484
20241216,-1062.8834
20241216,-1063.9129
20241216,-1061.7715
20241216,-1062.8698
20241216,-1062.8338
20241216,-1064.1326
20241216,-1065.5336
20241216,-1075.8191
20241216,-1075.3592
20241216,-1076.4184
20241216,-1077.5297
20241216,-1078.8498
20241217,-1079.8811
20241217,-1080.901
20241217,-1080.4243
20241217,-1081.5212
20241217,-1081.0863
20241217,-1082.1429
20241217,-1083.2895
20241217,-1084.3915
20241217,-1084.066
20241217,-1083.6956
20241217,-1084.8589
20241217,-1084.6547
20241217,-1084.0836
20241217,-1085.582
20241218,-1085.2756
20241218,-1085.0871
20241218,-1086.1471
20241218,-1087.1951
20241218,-1086.7369
20241218,-1084.9715
20241218,-1085.0
20241218,-1086.1399
20241218,-1085.763
20241218,-1085.354
20241218,-1085.0988
20241218,-1085.0116
20241218,-1083.0006
20241218,-1082.7151
20241218,-1082.3008
20241218,-1081.0029
20241218,-1082.078
20241218,-1081.0835
20241218,-1080.6781
20241218,-1080.175
20241219,-1079.6976
20241219,-1079.6155
20241219,-1078.7097
20241219,-1079.7316
20241219,-1080.75
20241219,-1079.7812
20241219,-1079.6974
20241219,-1079.3218
20241219,-1080.333
20241219,-1081.4567
20241219,-1080.9777
20241219,-1080.496
20241219,-1080.181
20241219,-1079.9223
20241219,-1079.5821
20241219,-1080.7506
20241219,-1080.9725
20241220,-1081.9929
20241220,-1081.2992
20241220,-1080.7451
20241220,-1080.2728
20241220,-1079.7997
20241220,-1080.9858
20241223,-1080.9409
20241223,-1080.5301
20241223,-1080.0483
20241223,-1081.0668
20241223,-1079.1506
20241223,-1078.6688
20241223,-1078.7351
20241223,-1078.6315
20241223,-1078.5015
20241223,-1079.5166
20241223,-1079.5086
20241223,-1079.2161
20241223,-1079.1235
20241223,-1079.0992
20241223,-1078.871
20241223,-1079.9785
20241223,-1079.5158
20241223,-1079.0736
20241223,-1079.0068
20241223,-1080.1115
20241223,-1081.1883
20241224,-1080.6485
20241224,-1081.6796
20241224,-1079.7161
20241224,-1080.7407
20241224,-1080.2841
20241224,-1078.5493
20241224,-1077.4483
20241224,-1078.5789
20241224,-1078.6145
20241226,-1079.7089
20241226,-1080.9076
20241226,-1080.0476
20241226,-1081.0884
20241226,-1079.7809
20241226,-1079.1306
20241226,-1080.2297
20241226,-1079.7608
20241226,-1079.5489
20241226,-1079.0741
20241226,-1079.0458
20241226,-1080.249
20241226,-1080.0452
20241226,-1079.397
20241226,-1073.3601
20241226,-1072.118
20241227,-1073.1488
20241227,-1074.1983
20241227,-1075.2859
20241227,-1075.2511
20241227,-1076.339
20241227,-1075.8424
20241227,-1075.572
20241227,-1076.7874
20241227,-1076.4939
20241227,-1076.1189
20241227,-1079.3915
20241227,-1080.4489
20241227,-1081.4976
20241227,-1082.8589
20241227,-1082.5114
20241227,-1083.7644
20241227,-1083.0497
20241227,-1084.1083
20241227,-1083.6911
20241227,-1084.771
20241230,-1085.8118
20241230,-1085.4298
20241230,-1086.4769
20241230,-1087.5088
20241230,-1088.5338
20241230,-1089.5641
20241230,-1090.5874
20241230,-1090.1013
20241230,-1091.1261
20241230,-1092.1399
20241230,-1093.2246
20241230,-1092.8538
20241230,-1094.0518
20241230,-1095.2451
20241231,-1096.3121
20241231,-1095.4752
20241231,-1095.2295
20241231,-1094.8738
20241231,-1094.7886
20241231,-1095.8115
20241231,-1095.725
20241231,-1095.3097
20241231,-1094.6846
20241231,-1093.9872
20241231,-1093.1701
20241231,-1092.1287
20241231,-1091.6484
20241231,-1092.6997
20241231,-1092.5122
20241231,-1093.5728
20241231,-1093.8575
20241231,-1094.8936
20241231,-1094.8534
20241231,-1094.5812
20241231,-1094.711
20241231,-1095.7498
20241231,-1095.7303
20250102,-1095.4635
20250102,-1095.4488
20250102,-1096.5287
20250102,-1097.5562
20250102,-1097.2895
20250102,-1098.3404
20250102,-1099.4032
20250102,-1098.7872
20250102,-1098.0813
20250102,-1097.78
20250102,-1097.2899
20250102,-1097.7862
20250102,-1097.6654
20250102,-1097.3132
20250102,-1096.8517
20250102,-1096.6087
20250102,-1097.6776
20250102,-1098.9499
20250103,-1098.5512
20250103,-1098.5151
20250103,-1097.8418
20250103,-1097.6891
20250103,-1098.8001
20250103,-1099.8337
20250103,-1097.1507
20250103,-1096.7601
20250103,-1098.0447
20250103,-1099.4172
20250103,-1100.4748
20250103,-1099.4802
20250106,-1098.9976
20250106,-1098.5087
20250106,-1098.3062
20250106,-1097.9269
20250106,-1099.0502
20250106,-1100.0908
20250106,-1099.0536
20250106,-1098.8859
20250106,-1098.4534
20250106,-1097.7117
20250106,-1097.5422
20250106,-1097.0773
20250106,-1098.107
20250106,-1108.3464
20250106,-1107.9168
20250107,-1108.9307
20250107,-1109.9376
20250107,-1110.971
20250107,-1111.7169
20250107,-1111.2162
20250107,-1112.2847
20250107,-1113.3422
20250107,-1113.1256
20250107,-1112.1153
20250107,-1113.2989
20250107,-1111.8358
20250107,-1108.8961
20250107,-1109.9659
20250107,-1111.2075
20250107,-1110.7697
20250107,-1111.9516
20250108,-1111.64
20250108,-1112.7104
20250108,-1113.7294
20250108,-1114.8136
20250108,-1115.8629
20250108,-1115.044
20250108,-1116.0759
20250108,-1116.0816
20250108,-1117.18
20250108,-1116.7429
20250108,-1116.5505
20250108,-1116.4379
20250108,-1115.6624
20250108,-1116.7081
20250108,-1117.803
20250108,-1118.9165
20250108,-1118.6737
20250108,-1118.2401
20250110,-1117.7566
20250110,-1116.5043
20250110,-1116.018
20250110,-1115.8808
20250110,-1116.8985
20250110,-1116.0646
20250110,-1115.4117
20250110,-1114.9759
20250110,-1114.5436
20250110,-1114.3812
20250110,-1113.6823
20250110,-1113.931
20250110,-1114.9599
20250110,-1114.4989
20250110,-1115.5048
20250110,-1116.5297
20250110,-1117.5569
20250110,-1118.5765
20250110,-1119.6588
20250110,-1120.7963
20250110,-1121.8385
20250110,-1121.1193
20250110,-1120.2647
20250110,-1119.8118
20250110,-1120.9835
20250110,-1122.0364
20250113,-1121.7173
20250113,-1122.9121
20250113,-1123.9335
20250113,-1123.9928
20250113,-1125.1019
20250113,-1125.104
20250113,-1124.7804
20250113,-1124.6247
20250114,-1124.5477
20250114,-1123.8966
20250114,-1123.9017
20250114,-1123.4933
20250114,-1123.0472
20250114,-1122.7503
20250114,-1122.4476
20250114,-1123.4565
20250114,-1124.4936
20250114,-1125.5041
20250114,-1126.6432
20250114,-1126.2112
20250114,-1127.231
20250114,-1128.2489
20250114,-1129.2912
20250114,-1127.9249
20250114,-1127.4988
20250114,-1127.2267
20250114,-1126.7485
20250114,-1127.8143
20250114,-1128.9278
20250114,-1128.3563
20250114,-1127.9451
20250114,-1129.0264
20250114,-1126.2445
20250115,-1127.3002
20250115,-1126.5803
20250115,-1125.5125
20250115,-1125.3434
20250115,-1124.8635
20250115,-1125.8757
20250115,-1126.9173
20250115,-1127.9882
20250115,-1126.3587
20250115,-1125.8679
20250115,-1126.8981
20250115,-1126.2015
20250115,-1125.9075
20250115,-1124.5717
20250115,-1124.5303
20250115,-1124.2068
20250115,-1122.3272
20250115,-1122.2428
20250115,-1122.2229
20250116,-1123.2465
20250116,-1122.7687
20250116,-1121.7952
20250116,-1121.5437
20250116,-1121.3401
20250116,-1122.3795
20250116,-1122.2112
20250116,-1123.2625
20250116,-1124.3076
20250116,-1128.3173
20250117,-1128.1794
20250117,-1129.2337
20250117,-1130.2814
20250117,-1129.7915
20250117,-1128.4179
20250117,-1128.3447
20250117,-1129.3781
20250117,-1129.2851
20250117,-1128.7925
20250117,-1129.9143
20250117,-1130.9474
20250117,-1130.6535
20250117,-1131.798
20250117,-1132.8585
20250117,-1132.7918
20250117,-1133.8405
20250117,-1133.4888
20250117,-1133.2582
20250117,-1134.3433
20250117,-1132.4702
20250117,-1132.4299
20250121,-1133.5413
20250121,-1132.6923
20250121,-1133.7257
20250121,-1132.9896
20250121,-1132.0275
20250121,-1133.0579
20250121,-1131.1741
20250121,-1129.682
20250121,-1127.9018
20250121,-1127.4505
20250121,-1128.6912
20250121,-1129.8505
20250121,-1129.3874
20250121,-1128.6648
20250121,-1127.9627
20250121,-1127.4578
20250121,-1127.3727
20250121,-1128.4086
20250121,-1129.4292
20250121,-1130.4652
20250121,-1131.7083
20250122,-1131.2346
20250122,-1132.268
20250122,-1132.7293
20250122,-1133.7441
20250122,-1134.7589
20250122,-1134.3139
20250122,-1133.0362
20250122,-1133.0265
20250122,-1134.0817
20250122,-1134.1275
20250122,-1135.1948
20250122,-1136.3358
20250122,-1137.3917
20250122,-1136.6728
20250122,-1136.3046
20250122,-1137.5921
20250122,-1138.6489
20250122,-1139.6723
20250122,-1140.9059
20250122,-1141.9926
20250123,-1141.8493
20250123,-1140.5499
20250123,-1141.5684
20250123,-1141.0999
20250123,-1140.0949
20250123,-1140.0084
20250123,-1139.8985
20250123,-1141.0687
20250123,-1140.3936
20250123,-1139.9319
20250123,-1140.9855
20250123,-1140.9592
20250123,-1141.9794
20250123,-1141.5547
20250123,-1141.5294
20250123,-1141.2773
20250123,-1142.2952
20250123,-1141.8419
20250123,-1142.9034
20250123,-1142.6716
20250123,-1142.2498
20250124,-1143.4127
20250124,-1144.468
20250124,-1145.4762
20250124,-1145.4426
20250124,-1146.4656
20250124,-1144.9616
20250124,-1144.4998
20250124,-1145.5284
20250124,-1146.5627
20250124,-1146.6161
20250124,-1147.6257
20250124,-1147.1916
20250124,-1146.7228
20250124,-1146.6576
20250124,-1146.0249
20250124,-1141.4308
20250124,-1139.4121
20250124,-1137.9327
20250127,-1137.8157
20250127,-1137.6585
20250127,-1137.4989
20250127,-1138.5635
20250127,-1136.9586
20250127,-1136.6171
20250127,-1135.5719
20250127,-1136.5896
20250127,-1135.8743
20250127,-1136.8985
20250127,-1137.9267
20250127,-1138.4021
20250127,-1139.4602
20250127,-1138.8059
20250127,-1139.8821
20250127,-1137.9206
20250127,-1137.2379
20250127,-1136.7715
20250127,-1137.8064
20250128,-1137.1827
20250128,-1138.3734
20250128,-1137.2852
20250128,-1135.8135
20250128,-1135.3267
20250128,-1134.8402
20250128,-1135.9661
20250128,-1137.0468
20250128,-1137.0313
20250128,-1136.37
20250128,-1137.4138
20250128,-1136.9245
20250128,-1137.972
20250129,-1137.7231
20250129,-1137.5114
20250129,-1138.5191
20250129,-1138.4115
20250129,-1139.4942
20250129,-1138.3723
20250129,-1137.7403
20250129,-1137.5553
20250129,-1137.1654
20250129,-1138.2154
20250129,-1137.7273
20250129,-1137.2565
20250129,-1138.3089
20250129,-1139.7155
20250129,-1140.8997
20250129,-1139.9834
20250129,-1139.8219
20250129,-1142.6704
20250129,-1143.7648
20250130,-1144.7767
20250130,-1145.7956
20250130,-1144.7094
20250130,-1145.7225
20250130,-1145.3561
20250130,-1146.3896
20250130,-1147.522
20250130,-1147.524
20250130,-1148.6834
20250130,-1147.7768
20250130,-1149.0449
20250130,-1148.0556
20250130,-1149.1087
20250130,-1148.7769
20250130,-1149.85
20250131,-1150.86
20250131,-1150.3964
20250131,-1151.4137
20250131,-1152.6459
20250131,-1152.1723
20250131,-1151.8315
20250131,-1151.3517
20250131,-1150.8684
20250131,-1151.8846
20250131,-1151.9343
20250131,-1151.9333
20250131,-1152.985
20250131,-1154.0175
20250131,-1155.1503
20250131,-1156.2572
20250131,-1156.3931
20250131,-1156.0573
20250131,-1157.1068
20250131,-1156.6644
20250203,-1155.6652
20250203,-1156.697
20250203,-1155.6145
20250203,-1154.4277
20250203,-1154.3054
20250203,-1154.2954
20250203,-1153.81
20250203,-1154.8385
20250203,-1154.7599
20250203,-1154.3829
20250204,-1155.5421
20250204,-1155.4458
20250204,-1154.551
20250204,-1154.2267
20250204,-1153.743
20250204,-1154.8158
20250204,-1153.1489
20250204,-1152.7481
20250204,-1152.9293
20250204,-1152.4721
20250204,-1152.6594
20250204,-1152.1857
20250204,-1153.2248
20250204,-1154.2717
20250204,-1154.2255
20250204,-1155.3746
20250204,-1156.5075
20250204,-1155.8761
20250205,-1156.8924
20250205,-1156.7966
20250205,-1156.3111
20250205,-1156.2605
20250205,-1154.5472
20250205,-1155.6556
20250205,-1153.6341
20250205,-1152.607
20250205,-1152.5798
20250205,-1153.7885
20250205,-1153.6561
20250205,-1153.2109
20250205,-1154.2251
20250205,-1153.2274
20250205,-1153.0014
20250205,-1154.0955
20250206,-1153.6084
20250206,-1152.5668
20250206,-1153.6146
20250206,-1154.6249
20250206,-1154.5745
20250206,-1150.2402
20250206,-1151.2652
20250206,-1152.2913
20250206,-1152.064
20250206,-1153.0849
20250206,-1154.1657
20250206,-1156.8874
20250206,-1157.9442
20250206,-1156.2027
20250206,-1157.9409
20250206,-1159.2763
20250207,-1160.322
20250207,-1159.879
20250207,-1159.695
20250207,-1159.7094
20250207,-1160.7513
20250207,-1160.4346
20250207,-1161.5431
20250207,-1162.6341
20250207,-1162.6076
20250207,-1163.6715
20250207,-1162.6935
20250207,-1162.3632
20250207,-1161.7327
20250207,-1161.6928
20250210,-1161.6734
20250210,-1162.7852
20250210,-1163.8375
20250210,-1164.917
20250210,-1164.4346
20250210,-1164.1245
20250210,-1165.2356
20250210,-1164.2704
20250210,-1165.4493
20250210,-1166.4858
20250210,-1167.6722
20250210,-1167.1551
20250210,-1165.1265
20250210,-1163.8884
20250210,-1163.444
20250210,-1161.6595
20250210,-1161.5058
20250211,-1161.3045
20250211,-1160.4437
20250211,-1160.346
20250211,-1160.2032
20250211,-1160.0656
20250211,-1159.3782
20250211,-1158.9526
20250211,-1156.4537
20250211,-1155.3865
20250211,-1154.8099
20250211,-1155.9361
20250211,-1157.8697
20250211,-1160.9555
20250211,-1162.0616
20250211,-1161.7997
20250211,-1162.9768
20250211,-1162.2222
20250212,-1162.1734
20250212,-1161.7457
20250212,-1161.6004
20250212,-1162.6644
20250212,-1163.7435
20250212,-1164.7684
20250212,-1164.5655
20250212,-1165.583
20250212,-1165.2275
20250212,-1166.2688
20250212,-1167.6375
20250212,-1166.9989
20250212,-1168.2726
20250212,-1169.5348
20250212,-1167.0798
20250212,-1170.0469
20250212,-1170.2768
20250213,-1171.3148
20250213,-1171.037
20250213,-1170.5491
20250213,-1169.5292
20250213,-1170.5544
20250213,-1170.4564
20250213,-1171.4876
20250213,-1171.039
20250213,-1170.4239
20250213,-1169.441
20250213,-1170.6522
20250213,-1170.319
20250213,-1169.9247
20250213,-1171.0315
20250213,-1170.0678
20250213,-1171.1556
20250213,-1172.3247
20250213,-1171.9812
20250213,-1171.5041
20250213,-1171.2409
20250213,-1169.6422
20250214,-1169.167
20250214,-1170.2024
20250214,-1168.7033
20250214,-1167.1681
20250214,-1168.2194
20250214,-1169.2792
20250214,-1170.4759
20250214,-1171.5296
20250214,-1172.6283
20250214,-1173.6544
20250214,-1174.7084
20250214,-1174.2738
20250214,-1173.8106
20250214,-1173.995
20250218,-1173.2786
20250218,-1173.1068
20250218,-1172.3937
20250218,-1173.4825
20250218,-1174.5799
20250218,-1174.2865
20250218,-1173.8598
20250218,-1173.4324
20250218,-1174.5068
20250219,-1175.5202
20250219,-1175.3446
20250219,-1175.1408
20250219,-1176.1732
20250219,-1177.2984
20250219,-1178.4182
20250219,-1179.4497
20250219,-1179.0613
20250219,-1180.4072
20250219,-1181.468
20250219,-1182.6302
20250219,-1182.2448
20250219,-1182.2502
20250219,-1181.5203
20250219,-1180.9323
20250219,-1179.9388
20250219,-1180.9733
20250219,-1180.0664
20250220,-1179.5792
20250220,-1179.628
20250220,-1178.013
20250220,-1177.9391
20250220,-1178.0206
20250220,-1177.8154
20250220,-1177.7526
20250220,-1178.9543
20250220,-1181.6224
20250220,-1182.6985
20250220,-1183.776
20250220,-1184.809
20250220,-1185.9121
20250220,-1189.0501
20250220,-1187.8048
20250220,-1187.4796
20250220,-1188.5838
20250221,-1188.3204
20250221,-1188.294
20250221,-1188.1028
20250221,-1189.1506
20250221,-1188.6678
20250221,-1187.6669
20250221,-1187.5922
20250221,-1188.6562
20250221,-1186.761
20250221,-1184.758
20250221,-1184.5853
20250221,-1183.3728
20250221,-1182.9479
20250221,-1182.4738
20250221,-1181.9787
20250221,-1183.3529
20250221,-1182.9622
20250221,-1181.6972
20250221,-1179.5247
20250221,-1178.8848
20250221,-1178.407
20250221,-1178.4004
20250221,-1179.4838
20250224,-1178.5209
20250224,-1178.0463
20250224,-1176.9074
20250224,-1176.7724
20250224,-1175.5912
20250224,-1175.5286
20250224,-1175.0475
20250224,-1174.7047
20250224,-1173.9415
20250224,-1173.4537
20250224,-1172.9598
20250224,-1171.9229
20250224,-1171.656
20250224,-1171.6526
20250224,-1170.9042
20250224,-1170.5723
20250224,-1171.6478
20250224,-1172.6659
20250224,-1173.698
20250224,-1174.7389
20250224,-1175.8703
20250224,-1177.0697
20250224,-1176.6241
20250224,-1177.6553
20250225,-1177.1239
20250225,-1175.7672
20250225,-1175.2643
20250225,-1175.0757
20250225,-1173.2398
20250225,-1172.43
20250225,-1172.0719
20250225,-1171.399
20250225,-1170.9958
20250225,-1170.6979
20250225,-1169.3171
20250225,-1168.7551
20250225,-1167.6876
20250225,-1167.3268
20250225,-1166.5803
20250225,-1166.093
20250225,-1165.5987
20250225,-1165.4122
20250225,-1165.0808
20250225,-1164.2856
20250225,-1163.8008
20250225,-1163.2803
20250225,-1162.7678
20250225,-1162.394
20250225,-1162.1065
20250225,-1161.6395
20250225,-1161.2763
20250225,-1161.1087
20250226,-1160.6411
20250226,-1160.3436
20250226,-1161.362
20250226,-1162.3705
20250226,-1163.4706
20250226,-1163.055
20250226,-1162.5767
20250226,-1162.1038
20250226,-1162.3615
20250226,-1162.2536
20250226,-1162.2572
20250226,-1162.1244
20250226,-1162.1167
20250227,-1161.0045
20250227,-1160.834
20250227,-1161.8585
20250227,-1161.623
20250227,-1162.6283
20250227,-1162.2257
20250227,-1162.0729
20250227,-1163.1252
20250227,-1162.6874
20250227,-1163.8083
20250227,-1165.1179
20250227,-1162.446
20250227,-1162.0096
20250227,-1161.5718
20250227,-1161.3718
20250227,-1160.8888
20250227,-1159.8195
20250228,-1159.3731
20250228,-1159.0468
20250228,-1157.4527
20250228,-1156.8093
20250228,-1157.8369
20250228,-1158.8823
20250228,-1159.9119
20250228,-1159.9613
20250228,-1158.7499
20250228,-1159.7901
20250228,-1158.9531
20250228,-1157.7267
20250228,-1160.4055
20250228,-1159.3607
20250303,-1159.1084
20250303,-1160.1637
20250303,-1161.2224
20250303,-1162.263
20250303,-1161.7744
20250303,-1159.3999
20250303,-1160.4334
20250304,-1160.3331
20250304,-1160.0474
20250304,-1161.0759
20250305,-1160.6922
20250305,-1160.2312
20250305,-1161.7782
20250305,-1161.0274
20250305,-1161.0607
20250305,-1161.0231
20250305,-1159.9758
20250305,-1159.8066
20250305,-1159.3283
20250305,-1158.8604
20250305,-1158.3865
20250305,-1159.4246
20250305,-1159.2836
20250305,-1160.3356
20250305,-1159.8689
20250305,-1160.89
20250305,-1161.9299
20250305,-1161.5367
20250305,-1161.0722
20250306,-1160.5788
20250306,-1161.6111
20250306,-1160.5605
20250306,-1160.086
20250306,-1159.7057
20250306,-1159.2244
20250306,-1160.2469
20250306,-1158.5799
20250306,-1159.639
20250306,-1160.6692
20250306,-1161.7129
20250306,-1162.7447
20250306,-1163.903
20250306,-1164.9436
20250306,-1165.9838
20250307,-1165.8294
20250307,-1166.8589
20250307,-1166.761
20250307,-1167.8227
20250307,-1167.334
20250307,-1166.8762
20250307,-1166.3847
20250307,-1167.4161
20250307,-1167.2097
20250307,-1166.7178
20250307,-1166.64
20250307,-1166.1493
20250307,-1167.1729
20250307,-1168.2264
20250307,-1169.2808
20250307,-1169.013
20250307,-1168.7034
20250310,-1166.1685
20250310,-1165.2727
20250310,-1163.3988
20250310,-1163.357
20250310,-1164.3831
20250310,-1163.7173
20250310,-1163.6502
20250310,-1163.4791
20250310,-1163.2523
20250310,-1163.0563
20250310,-1162.2868
20250310,-1163.3006
20250310,-1162.6162
20250310,-1161.5029
20250310,-1162.5262
20250310,-1162.0821
20250310,-1161.9201
20250310,-1161.4335
20250310,-1161.0764
20250310,-1160.6654
20250310,-1160.2054
20250311,-1159.9684
20250311,-1159.1757
20250311,-1158.0441
20250311,-1157.5588
20250311,-1157.5308
20250311,-1156.459
20250311,-1156.3177
20250311,-1155.9466
20250311,-1155.4277
20250311,-1154.9441
20250311,-1154.8159
20250311,-1155.8345
20250311,-1156.8435
20250311,-1158.0018
20250311,-1157.5222
20250311,-1158.6966
20250311,-1157.1808
20250311,-1158.2533
20250311,-1157.7021
20250311,-1157.5463
20250311,-1158.5647
20250311,-1159.6562
20250312,-1159.1689
20250312,-1158.6273
20250312,-1158.5324
20250312,-1157.6323
20250312,-1156.1344
20250312,-1155.3558
20250312,-1154.8784
20250312,-1154.6538
20250312,-1153.396
20250312,-1152.2532
20250312,-1152.0163
20250312,-1153.2137
20250312,-1152.2842
20250312,-1151.9739
20250312,-1153.0734
20250312,-1152.7128
20250312,-1152.2542
20250312,-1153.3183
20250312,-1154.3724
20250313,-1153.815
20250313,-1153.704
20250313,-1154.7585
20250313,-1154.5233
20250313,-1154.52
20250313,-1152.5114
20250313,-1153.5847
20250313,-1153.2232
20250313,-1152.2206
20250313,-1151.7698
20250313,-1150.431
20250313,-1151.4716
20250314,-1150.4083
20250314,-1149.9092
20250314,-1150.93
20250314,-1150.8777
20250314,-1150.2574
20250314,-1151.2959
20250314,-1151.1425
20250314,-1151.13
20250317,-1151.0674
20250317,-1151.3305
20250317,-1152.3648
20250317,-1153.3772
20250317,-1152.0095
20250317,-1148.5728
20250317,-1148.0981
20250317,-1147.0097
20250317,-1145.165
20250317,-1146.2419
20250317,-1145.789
20250317,-1146.8434
20250317,-1147.9137
20250317,-1148.9873
20250317,-1150.178
20250318,-1151.2093
20250318,-1152.2265
20250318,-1151.7782
20250318,-1152.8287
20250318,-1153.8596
20250318,-1153.4299
20250318,-1154.5333
20250318,-1155.8687
20250318,-1156.9103
20250319,-1155.9111
20250319,-1155.7363
20250319,-1155.2514
20250319,-1154.6951
20250319,-1153.758
20250319,-1152.8796
20250319,-1151.7397
20250319,-1151.2094
20250319,-1150.9158
20250319,-1150.594
20250319,-1151.6067
20250319,-1151.7145
20250319,-1153.2684
20250319,-1152.9185
20250320,-1153.9461
20250320,-1152.8042
20250320,-1152.6821
20250320,-1151.2721
20250320,-1150.2809
20250320,-1149.1605
20250320,-1148.7542
20250320,-1148.3424
20250320,-1147.9147
20250320,-1147.4877
20250320,-1146.6242
20250320,-1145.1611
20250320,-1145.0233
20250320,-1144.7688
20250320,-1144.3338
20250320,-1145.3616
20250320,-1145.0025
20250320,-1146.0809
20250320,-1147.3213
20250320,-1147.0512
20250320,-1148.0914
20250320,-1146.7558
20250320,-1146.6384
20250320,-1146.6933
20250321,-1146.638
20250321,-1147.6545
20250321,-1147.338
20250321,-1147.2731
20250321,-1146.4759
20250321,-1145.5732
20250321,-1144.5668
20250321,-1145.6289
20250321,-1146.6552
20250321,-1146.6988
20250321,-1148.2921
20250324,-1147.6575
20250324,-1148.6763
20250324,-1148.401
20250324,-1149.4234
20250324,-1148.9273
20250324,-1150.09
20250324,-1149.005
20250324,-1150.0946
20250324,-1151.2028
20250324,-1150.9919
20250324,-1150.8774
20250324,-1149.9131
20250324,-1149.9309
20250325,-1149.6651
20250325,-1149.1846
20250325,-1150.2157
20250325,-1151.2509
20250325,-1152.2878
20250325,-1153.4792
20250325,-1154.5764
20250325,-1154.3954
20250325,-1153.9107
20250325,-1154.9546
20250325,-1156.0659
20250325,-1155.7251
20250325,-1156.7965
20250325,-1157.828
20250325,-1157.4099
20250325,-1158.5115
20250325,-1157.4366
20250325,-1158.4959
20250326,-1158.03
20250326,-1157.9177
20250326,-1159.0691
20250326,-1160.1196
20250326,-1159.1327
20250326,-1162.9747
20250326,-1161.2857
20250326,-1162.4946
20250326,-1160.9254
20250327,-1160.0264
20250327,-1159.6127
20250327,-1160.63
20250327,-1160.1669
20250327,-1159.8363
20250327,-1160.9589
20250327,-1162.1096
20250327,-1163.6105
20250327,-1163.2217
20250328,-1162.7932
20250328,-1162.2142
20250328,-1163.2672
20250328,-1163.037
20250328,-1162.0185
20250328,-1161.7803
20250328,-1161.4126
20250328,-1160.8507
20250328,-1161.893
20250328,-1162.9408
20250328,-1162.7773
20250328,-1162.4131
20250328,-1163.4589
20250328,-1163.2987
20250328,-1164.3389
20250328,-1165.4218
20250328,-1166.5246
20250328,-1167.6165
20250328,-1168.6785
20250328,-1169.722
20250331,-1170.7804
20250331,-1171.8075
20250331,-1172.824
20250331,-1173.865
20250331,-1173.7716
20250331,-1174.9264
20250401,-1175.9857
20250401,-1175.8403
20250401,-1175.6872
20250401,-1175.2356
20250401,-1175.1343
20250401,-1175.0443
20250401,-1174.5573
20250401,-1174.2622
20250401,-1175.277
20250401,-1174.9945
20250401,-1174.0923
20250401,-1174.0998
20250401,-1173.6174
20250401,-1174.6405
20250401,-1175.6628
20250401,-1176.6963
20250401,-1177.7197
20250401,-1177.5545
20250401,-1178.5959
20250401,-1179.8597
20250401,-1181.1602
20250401,-1182.2236
20250401,-1182.1618
20250401,-1183.2581
20250401,-1183.2008
20250401,-1182.2166
20250401,-1181.9467
20250402,-1181.6832
20250402,-1181.6594
20250402,-1180.6267
20250402,-1181.663
20250402,-1181.663
20250402,-1181.499
20250402,-1182.5458
20250402,-1181.1659
20250402,-1181.1694
20250402,-1182.6641
20250402,-1183.8269
20250402,-1183.3419
20250402,-1182.7148
20250402,-1181.7445
20250402,-1180.459
20250402,-1179.9386
20250402,-1179.721
20250402,-1178.6415
20250402,-1178.63
20250402,-1178.2404
20250402,-1177.8869
20250403,-1178.9054
20250403,-1177.2538
20250403,-1174.7315
20250403,-1174.4546
20250403,-1174.3509
20250403,-1175.3633
20250403,-1174.9348
20250403,-1174.4933
20250403,-1175.5529
20250403,-1177.3888
20250403,-1175.7186
20250403,-1172.2827
20250403,-1173.3136
20250403,-1174.4486
20250403,-1173.975
20250403,-1173.7476
20250403,-1173.8273
20250403,-1174.0886
20250404,-1173.6044
20250404,-1172.8825
20250404,-1171.7948
20250404,-1171.7394
20250404,-1171.2454
20250404,-1170.6653
20250404,-1169.7133
20250404,-1169.3892
20250404,-1170.3998
20250404,-1169.9741
20250404,-1169.4951
20250404,-1169.0076
20250404,-1170.0272
20250404,-1171.0392
20250404,-1172.0453
20250404,-1171.5609
20250404,-1172.5958
20250404,-1173.6473
20250408,-1173.4142
20250408,-1174.4237
20250408,-1175.442
20250409,-1176.4496
20250409,-1177.472
20250409,-1178.5009
20250409,-1179.5437
20250409,-1180.5601
20250409,-1181.5983
20250409,-1181.5036
20250409,-1181.4314
20250409,-1182.4443
20250409,-1183.4568
20250409,-1184.468
20250409,-1185.4799
20250409,-1185.3539
20250409,-1185.0484
20250409,-1184.9435
20250409,-1184.4601
20250410,-1185.4736
20250410,-1184.3152
20250411,-1185.3273
20250411,-1186.3408
20250411,-1187.3569
20250411,-1188.369
20250411,-1188.2521
20250411,-1189.2629
20250411,-1187.934
20250411,-1187.9925
20250411,-1189.0022
20250411,-1190.0108
20250411,-1191.0206
20250411,-1192.0505
20250411,-1192.0379
20250411,-1193.0507
20250411,-1192.4365
20250411,-1193.4634
20250411,-1194.4937
20250411,-1194.1503
20250411,-1193.8136
20250411,-1194.836
20250411,-1194.7544
20250411,-1194.3723
20250414,-1193.9412
20250414,-1194.9614
20250414,-1195.9937
20250414,-1195.8459
20250414,-1196.8615
20250414,-1197.8979
20250414,-1196.9927
20250414,-1201.3424
20250414,-1200.9759
20250414,-1200.5436
20250414,-1201.7002
20250415,-1202.7333
20250415,-1203.8132
20250415,-1202.7256
20250415,-1201.4635
20250415,-1202.4887
20250415,-1203.5155
20250415,-1203.4184
20250415,-1202.6595
20250415,-1203.6694
20250415,-1204.6998
20250415,-1205.7422
20250415,-1206.7636
20250415,-1207.8002
20250415,-1207.3217
20250415,-1206.8381
20250415,-1207.8664
20250415,-1207.7464
20250415,-1207.2735
20250415,-1206.8281
20250415,-1206.6358
20250415,-1207.7017
20250416,-1206.9785
20250416,-1208.006
20250416,-1207.8188
20250416,-1208.8504
20250416,-1208.4861
20250416,-1209.5031
20250416,-1210.5828
20250416,-1209.5627
20250416,-1210.623
20250416,-1211.7104
20250416,-1210.8796
20250416,-1210.9635
20250416,-1210.7726
20250416,-1211.8119
20250416,-1211.3294
20250416,-1211.256
20250416,-1212.2672
20250416,-1213.292
20250416,-1212.5372
20250416,-1212.4368
20250416,-1212.154
20250417,-1211.132
20250417,-1210.5524
20250417,-1210.4852
20250417,-1210.3141
20250417,-1211.3375
20250417,-1210.7002
20250417,-1210.4356
20250417,-1209.4566
20250417,-1209.1249
20250417,-1208.6452
20250417,-1209.6751
20250417,-1210.7038
20250417,-1211.7335
20250417,-1211.3197
20250417,-1212.3488
20250417,-1213.3655
20250417,-1213.0676
20250417,-1214.577
20250417,-1215.6323
20250421,-1213.5458
20250421,-1212.911
20250421,-1210.6034
20250421,-1210.105
20250421,-1209.3367
20250421,-1208.4618
20250421,-1207.9839
20250421,-1207.4929
20250421,-1207.2807
20250421,-1207.2707
20250421,-1206.9337
20250421,-1206.7203
20250421,-1205.7952
20250421,-1206.817
20250421,-1206.7866
20250421,-1207.8219
20250421,-1207.7243
20250421,-1207.3385
20250421,-1208.5673
20250421,-1210.3367
20250421,-1211.3807
20250421,-1212.6791
20250422,-1212.1897
20250422,-1211.6001
20250422,-1210.6247
20250422,-1210.1698
20250422,-1211.1953
20250422,-1212.4318
20250422,-1212.1073
20250422,-1213.1414
20250423,-1212.328
20250423,-1212.2804
20250423,-1213.3015
20250423,-1214.3094
20250423,-1214.3414
20250423,-1214.1788
20250423,-1215.1952
20250423,-1216.2109
20250423,-1215.9645
20250423,-1215.49
20250424,-1215.1954
20250424,-1214.8346
20250424,-1212.9063
20250424,-1213.9812
20250424,-1213.5315
20250424,-1212.8333
20250424,-1212.5342
20250424,-1212.5894
20250424,-1213.7353
20250424,-1214.7804
20250424,-1211.7793
20250424,-1211.4138
20250425,-1211.049
20250425,-1212.0682
20250425,-1211.8835
20250425,-1212.9263
20250425,-1212.444
20250425,-1211.5255
20250425,-1211.246
20250425,-1212.3021
20250425,-1213.4501
20250425,-1213.1785
20250425,-1210.8479
20250425,-1212.8479
20250425,-1207.7422
20250425,-1207.2869
20250425,-1208.3153
20250425,-1207.8928
20250425,-1208.9599
20250425,-1209.0299
20250425,-1210.3884
20250425,-1208.5801
20250425,-1209.7428
20250425,-1210.9696
20250428,-1211.9793
20250428,-1210.4229
20250428,-1215.82
20250428,-1216.9622
20250428,-1216.5945
20250429,-1216.5861
20250429,-1216.2745
20250429,-1215.8929
20250429,-1215.333
20250429,-1215.3406
20250429,-1215.0573
20250429,-1214.897
20250429,-1214.0989
20250429,-1213.9038
20250429,-1213.5673
20250429,-1213.4691
20250429,-1212.7762
20250429,-1212.7752
20250429,-1213.8057
20250429,-1214.9429
20250429,-1214.7941
20250429,-1215.8364
20250429,-1215.3586
20250429,-1216.4332
20250430,-1216.4245
20250430,-1217.4558
20250430,-1217.3019
20250430,-1217.1114
20250430,-1216.7095
20250430,-1215.9158
20250430,-1217.0889
20250430,-1218.1342
20250430,-1219.3801
20250430,-1220.4992
20250430,-1221.6248
20250501,-1222.6376
20250501,-1223.6488
20250501,-1223.4823
20250501,-1224.5058
20250501,-1223.9052
20250501,-1224.9203
20250501,-1226.0953
20250501,-1225.631
20250501,-1226.7673
20250501,-1227.8646
20250501,-1227.9839
20250501,-1229.1531
20250501,-1230.2345
20250501,-1231.2761
20250502,-1230.758
20250502,-1231.7985
20250502,-1232.8278
20250502,-1232.452
20250502,-1231.9712
20250502,-1231.4827
20250502,-1232.5742
20250502,-1231.7162
20250502,-1232.7323
20250502,-1232.2875
20250502,-1232.2135
20250502,-1230.4398
20250502,-1230.4164
20250502,-1229.9882
20250502,-1229.5297
20250502,-1229.0566
20250502,-1229.1304
20250502,-1230.1561
20250502,-1231.176
20250502,-1232.1924
20250502,-1233.273
20250502,-1234.8681
20250502,-1234.6764
20250502,-1236.3832
20250505,-1237.0779
20250505,-1238.0979
20250505,-1238.1205
20250505,-1238.0551
20250505,-1239.0799
20250505,-1238.2914
20250505,-1237.9969
20250505,-1237.7663
20250505,-1237.0348
20250505,-1238.0871
20250505,-1239.1083
20250505,-1240.2505
20250505,-1239.7949
20250505,-1239.3327
20250505,-1240.3699
20250505,-1241.8529
20250505,-1239.6768
20250505,-1239.2799
20250505,-1240.3285
20250505,-1238.3342
20250505,-1237.8685
20250505,-1237.2655
20250506,-1238.3149
20250506,-1236.9569
20250506,-1236.55
20250506,-1236.5153
20250506,-1235.7345
20250506,-1234.6856
20250506,-1233.1762
20250506,-1233.0091
20250506,-1231.5659
20250506,-1232.5884
20250506,-1232.1367
20250506,-1231.4734
20250506,-1231.2256
20250506,-1232.3416
20250506,-1233.4696
20250506,-1234.6151
20250506,-1235.7441
20250506,-1236.9747
20250507,-1237.9868
20250507,-1239.0022
20250507,-1240.2504
20250507,-1240.0863
20250507,-1241.1337
20250507,-1242.1594
20250507,-1241.6919
20250507,-1242.7125
20250507,-1242.4181
20250507,-1243.6246
20250507,-1243.1955
20250507,-1243.224
20250507,-1242.5702
20250507,-1242.5063
20250507,-1242.0974
20250507,-1241.1385
20250507,-1240.734
20250507,-1240.6988
20250507,-1240.8672
20250507,-1241.0086
20250508,-1241.0221
20250508,-1240.6202
20250508,-1241.7858
20250508,-1241.2356
20250508,-1241.108
20250508,-1240.7238
20250508,-1240.4803
20250508,-1240.0076
20250508,-1238.7361
20250508,-1239.7548
20250508,-1238.3342
20250508,-1239.3925
20250508,-1240.4371
20250508,-1244.301
20250508,-1245.4723
20250509,-1246.4766
20250509,-1245.6216
20250509,-1245.2578
20250509,-1244.7877
20250509,-1246.3884
20250509,-1247.4108
20250509,-1248.4612
20250509,-1248.2215
20250512,-1249.362
20250512,-1248.6603
20250512,-1248.1909
20250512,-1247.8055
20250512,-1248.8568
20250512,-1249.9002
20250512,-1249.9261
20250512,-1250.9639
20250512,-1252.0057
20250512,-1251.5452
20250512,-1251.1435
20250513,-1252.1704
20250513,-1249.9973
20250513,-1248.2595
20250513,-1245.874
20250513,-1246.9125
20250513,-1244.9104
20250513,-1242.6148
20250513,-1242.1372
20250513,-1242.0997
20250513,-1242.0553
20250513,-1243.0664
20250513,-1244.1319
20250513,-1243.7778
20250513,-1244.822
20250513,-1243.4761
20250513,-1243.3732
20250513,-1244.3986
20250513,-1245.4352
20250513,-1242.8713
20250513,-1241.1789
20250513,-1241.1297
20250513,-1240.6926
20250513,-1241.7936
20250513,-1243.1143
20250513,-1244.3382
20250513,-1245.7464
20250514,-1246.8832
20250514,-1247.9136
20250514,-1248.9375
20250514,-1248.4463
20250514,-1248.3714
20250514,-1249.3999
20250514,-1248.6103
20250514,-1248.4538
20250514,-1247.6045
20250514,-1247.7336
20250514,-1248.751
20250514,-1248.2954
20250514,-1249.3604
20250514,-1248.8915
20250514,-1248.1216
20250514,-1247.7761
20250515,-1248.7979
20250515,-1248.307
20250515,-1249.3298
20250515,-1248.793
20250515,-1248.7877
20250515,-1249.7998
20250515,-1249.3022
20250515,-1249.1418
20250515,-1250.2392
20250515,-1249.9768
20250515,-1249.5165
20250515,-1250.0585
20250516,-1249.66
20250516,-1250.6913
20250516,-1249.9918
20250516,-1251.0346
20250516,-1250.8726
20250516,-1250.3822
20250516,-1249.5548
20250516,-1250.7021
20250516,-1251.7747
20250516,-1253.0325
20250516,-1252.7791
20250516,-1253.8053
20250516,-1255.5572
20250519,-1256.1004
20250519,-1256.1119
20250519,-1255.2852
20250519,-1254.8463
20250519,-1253.8316
20250519,-1253.4622
20250519,-1252.6299
20250519,-1252.1523
20250519,-1252.1755
20250519,-1253.2136
20250519,-1253.6696
20250519,-1253.2314
20250519,-1254.467
20250519,-1255.6877
20250519,-1257.2791
20250519,-1258.3476
20250519,-1257.9573
20250519,-1256.6468
20250520,-1257.6901
20250520,-1258.7128
20250520,-1258.3686
20250520,-1259.406
20250520,-1260.4267
20250520,-1261.6251
20250520,-1261.3291
20250520,-1260.9549
20250520,-1261.9837
20250520,-1263.0497
20250520,-1264.4164
20250520,-1265.4577
20250520,-1266.537
20250520,-1267.6354
20250520,-1267.1657
20250520,-1268.3442
20250520,-1269.5385
20250520,-1270.6923
20250520,-1270.6297
20250521,-1271.7045
20250521,-1271.0625
20250521,-1272.1205
20250521,-1273.1794
20250521,-1274.2446
20250521,-1275.2574
20250521,-1275.0666
20250521,-1274.6
20250521,-1274.7395
20250521,-1274.3617
20250521,-1273.6094
20250521,-1273.1158
20250521,-1272.6264
20250521,-1272.5666
20250521,-1273.5904
20250521,-1274.6924
20250521,-1275.9761
20250522,-1277.0533
20250522,-1276.765
20250522,-1277.8055
20250522,-1278.8643
20250522,-1279.9244
20250522,-1278.766
20250523,-1278.5389
20250523,-1278.2819
20250523,-1279.3471
20250523,-1280.4124
20250523,-1280.3428
20250527,-1280.3527
20250527,-1281.3873
20250527,-1281.0009
20250527,-1279.677
20250527,-1279.2555
20250527,-1277.5884
20250527,-1276.3584
20250527,-1277.7442
20250527,-1277.9049
20250527,-1279.1003
20250527,-1280.3099
20250527,-1279.9354
20250527,-1281.0209
20250528,-1282.073
20250528,-1281.8408
20250528,-1280.7725
20250528,-1281.8309
20250528,-1281.2244
20250528,-1280.7514
20250528,-1281.9514
20250528,-1283.0274
20250528,-1282.2683
20250529,-1283.3165
20250529,-1281.8986
20250529,-1281.2874
20250529,-1282.3947
20250529,-1283.6715
20250530,-1283.3674
20250530,-1284.4021
20250530,-1284.0029
20250530,-1283.6519
20250530,-1283.5865
20250530,-1282.3543
20250530,-1281.0275
20250530,-1280.5992
20250530,-1280.3945
20250530,-1279.5516
20250530,-1279.0803
20250530,-1278.3938
20250530,-1279.4182
20250530,-1280.4421
20250530,-1281.4714
20250530,-1282.5119
20250530,-1283.5709
20250530,-1285.2506
20250530,-1286.2648
20250530,-1288.7598
20250530,-1289.8197
20250530,-1290.8553
20250530,-1292.1101
20250530,-1293.309
20250602,-1293.0476
20250602,-1293.0309
20250602,-1292.8934
20250602,-1292.8214
20250602,-1292.6633
20250602,-1293.7285
20250602,-1293.4779
20250602,-1294.5171
20250602,-1295.5528
20250602,-1296.6011
20250602,-1297.8737
20250602,-1297.3949
20250602,-1298.4994
20250602,-1297.6797
20250602,-1298.8201
20250602,-1297.9336
20250603,-1297.9086
20250603,-1297.6747
20250603,-1297.4178
20250603,-1296.9575
20250603,-1295.9943
20250603,-1295.2988
20250603,-1296.3957
20250603,-1297.4252
20250603,-1297.3876
20250603,-1298.4299
20250603,-1299.6547
20250603,-1300.9549
20250603,-1302.156
20250603,-1302.5136
20250603,-1303.5263
20250603,-1302.9695
20250603,-1302.5545
20250603,-1302.4301
20250603,-1304.4301
20250603,-1304.0963
20250604,-1303.7831
20250604,-1303.3112
20250604,-1304.349
20250604,-1303.9255
20250604,-1302.8514
20250604,-1304.29
20250604,-1305.5388
20250605,-1306.5502
20250605,-1306.0662
20250605,-1305.474
20250605,-1304.8146
20250605,-1304.8134
20250605,-1304.2232
20250605,-1303.7533
20250605,-1303.2882
20250605,-1303.2769
20250605,-1304.306
20250605,-1303.8442
20250605,-1304.8708
20250605,-1304.5481
20250605,-1304.1615
20250605,-1307.4728
20250605,-1308.5538
20250606,-1309.5772
20250606,-1309.4326
20250606,-1307.8232
20250606,-1306.8082
20250606,-1307.8402
20250606,-1306.7735
20250606,-1307.8385
20250606,-1306.224
20250606,-1307.4257
20250606,-1308.9472
20250606,-1310.0102
20250606,-1311.1014
20250606,-1310.624
20250606,-1309.5605
20250606,-1314.584
20250609,-1315.6459
20250609,-1316.6704
20250609,-1315.8513
20250609,-1315.1496
20250609,-1316.1884
20250609,-1317.2032
20250609,-1318.229
20250609,-1319.2598
20250609,-1319.2533
20250609,-1320.329
20250609,-1321.3858
20250609,-1320.9662
20250609,-1319.5292
20250609,-1320.6688
20250609,-1321.7696
20250609,-1321.318
20250609,-1320.8772
20250610,-1321.8875
20250610,-1321.3344
20250610,-1320.3068
20250610,-1319.8454
20250610,-1319.7539
20250610,-1319.2913
20250610,-1318.8256
20250610,-1318.6135
20250610,-1319.7649
20250610,-1320.8429
20250610,-1321.9201
20250610,-1322.9849
20250610,-1322.6212
20250610,-1323.6748
20250610,-1324.9371
20250610,-1323.778
20250611,-1323.0424
20250611,-1322.9715
20250611,-1322.9533
20250611,-1322.703
20250611,-1323.7415
20250611,-1324.8014
20250611,-1324.3105
20250611,-1324.2611
20250611,-1325.3697
20250611,-1324.0746
20250611,-1324.0548
20250611,-1323.7851
20250611,-1323.6514
20250612,-1324.7425
20250612,-1324.3713
20250612,-1323.4411
20250612,-1323.0091
20250612,-1324.0547
20250612,-1322.5596
20250612,-1321.4163
20250612,-1320.1474
20250612,-1319.9302
20250612,-1319.1186
20250612,-1319.0968
20250612,-1318.6848
20250612,-1318.2512
20250612,-1319.4016
20250612,-1319.4265
20250612,-1321.7234
20250613,-1321.2354
20250613,-1321.1079
20250613,-1321.1433
20250613,-1320.6725
20250613,-1321.6964
20250613,-1322.8039
20250613,-1322.0939
20250613,-1321.8004
20250613,-1322.8424
20250613,-1323.9291
20250613,-1323.0364
20250613,-1322.867
20250613,-1322.1853
20250613,-1321.9065
20250613,-1321.5219
20250616,-1320.6193
20250616,-1320.6047
20250616,-1321.8295
20250616,-1323.0162
20250616,-1324.0942
20250616,-1323.8621
20250616,-1324.9262
20250616,-1324.6274
20250617,-1325.6641
20250617,-1325.0141
20250617,-1326.0596
20250617,-1327.1631
20250617,-1327.1411
20250617,-1326.9824
20250617,-1328.0357
20250617,-1329.0537
20250617,-1328.3909
20250617,-1329.4314
20250617,-1330.5944
20250617,-1331.7483
20250617,-1332.8059
20250617,-1332.393
20250617,-1332.1462
20250617,-1333.3074
20250618,-1332.2687
20250618,-1331.3965
20250618,-1330.7948
20250618,-1329.2978
20250618,-1330.316
20250618,-1329.8391
20250618,-1330.3724
20250618,-1331.4186
20250618,-1331.2296
20250618,-1331.126
20250618,-1331.0603
20250618,-1332.1418
20250618,-1332.2097
20250620,-1331.8514
20250620,-1331.5196
20250620,-1330.4636
20250620,-1330.2891
20250620,-1329.189
20250620,-1330.3124
20250620,-1329.2173
20250620,-1328.9518
20250620,-1328.6928
20250620,-1327.8491
20250620,-1328.8879
20250620,-1330.0194
20250620,-1329.5515
20250620,-1330.5883
20250620,-1331.6308
20250623,-1331.4223
20250623,-1332.4705
20250623,-1332.4396
20250623,-1333.452
20250623,-1333.1129
20250623,-1332.6813
20250623,-1332.2358
20250623,-1331.7605
20250623,-1331.6751
20250623,-1332.7067
20250623,-1333.7439
20250623,-1333.1986
20250623,-1334.214
20250623,-1335.257
20250623,-1334.3436
20250623,-1334.1495
20250623,-1335.2485
20250623,-1334.1628
20250624,-1332.8258
20250624,-1332.5891
20250624,-1332.2128
20250624,-1333.2656
20250624,-1334.3391
20250624,-1335.3788
20250624,-1335.368
20250624,-1334.9083
20250624,-1335.1553
20250625,-1336.1824
20250625,-1336.1666
20250625,-1337.2419
20250625,-1338.2851
20250625,-1339.3479
20250625,-1338.8647
20250625,-1340.8084
20250625,-1342.036
20250625,-1342.2123
20250625,-1342.0787
20250626,-1340.8765
20250626,-1341.8849
20250626,-1341.8073
20250626,-1339.8946
20250626,-1340.7303
20250626,-1340.3929
20250626,-1339.9489
20250626,-1337.2737
20250626,-1336.1564
20250626,-1337.2311
20250626,-1337.0043
20250626,-1338.237
20250626,-1337.961
20250626,-1339.0691
20250626,-1340.3307
20250626,-1340.0049
20250626,-1340.6699
20250626,-1340.2694
20250626,-1341.5613
20250626,-1339.1827
20250627,-1338.0837
20250627,-1337.6099
20250627,-1337.2326
20250627,-1336.7958
20250627,-1335.6665
20250627,-1336.6964
20250627,-1336.7337
20250627,-1336.2918
20250627,-1336.3329
20250627,-1337.4885
20250627,-1337.0033
20250627,-1336.5566
20250627,-1337.681
20250627,-1337.7702
20250627,-1337.2644
20250627,-1338.2814
20250627,-1337.9652
20250630,-1339.0573
20250630,-1340.079
20250630,-1341.1369
20250630,-1342.2053
20250630,-1343.2333
20250630,-1342.7716
20250630,-1343.8909
20250630,-1341.6759
20250630,-1340.2892
20250630,-1341.3465
20250630,-1341.2391
20250630,-1340.3028
20250630,-1339.2471
20250701,-1340.3212
20250701,-1338.2286
20250701,-1339.2465
20250701,-1340.2604
20250701,-1341.3306
20250701,-1342.4753
20250701,-1343.5549
20250701,-1344.5796
20250701,-1344.5727
20250701,-1343.2468
20250701,-1344.2709
20250701,-1343.6273
20250701,-1343.1421
20250701,-1344.225
20250701,-1343.2869
20250701,-1342.1302
20250701,-1343.3367
20250701,-1342.8735
20250701,-1343.9109
20250701,-1344.9301
20250701,-1344.5122
20250701,-1347.1976
20250702,-1348.2181
20250702,-1347.8043
20250702,-1348.8422
20250702,-1348.1467
20250702,-1349.2174
20250702,-1350.3594
20250702,-1351.9217
20250702,-1349.8577
20250702,-1347.1668
20250702,-1348.3415
20250702,-1347.9139
20250702,-1346.696
20250702,-1346.8365
20250702,-1346.4073
20250702,-1348.6263
20250702,-1348.2153
20250703,-1347.7943
20250703,-1347.7197
20250703,-1346.6575
20250703,-1347.7279
20250703,-1347.2473
20250703,-1346.0256
20250703,-1344.5279
20250703,-1345.5569
20250703,-1345.4833
20250703,-1346.5245
20250703,-1346.9696
20250703,-1346.4909
20250703,-1347.5356
20250703,-1348.1626
20250703,-1347.5526
20250703,-1349.0067
20250707,-1350.0215
20250707,-1351.1408
20250707,-1351.61
20250707,-1351.4298
20250707,-1352.4651
20250707,-1351.9817
20250707,-1350.7275
20250707,-1350.4742
20250707,-1350.3831
20250707,-1351.4185
20250707,-1350.278
20250707,-1348.4278
20250707,-1348.351
20250707,-1347.9301
20250708,-1347.9669
20250708,-1349.1082
20250708,-1349.0382
20250708,-1348.6363
20250708,-1348.6252
20250708,-1348.2681
20250708,-1349.3517
20250708,-1350.4215
20250708,-1348.6717
20250708,-1348.7525
20250708,-1349.819
20250708,-1347.6862
20250708,-1348.9718
20250708,-1348.4872
20250708,-1345.7202
20250708,-1344.7175
20250708,-1345.735
20250709,-1346.8159
20250709,-1346.7933
20250709,-1345.8105
20250709,-1345.4042
20250709,-1345.1125
20250709,-1344.5455
20250709,-1343.9365
20250709,-1343.4696
20250709,-1343.8077
20250709,-1343.6336
20250709,-1343.0675
20250709,-1342.6421
20250709,-1342.7229
20250709,-1342.3389
20250709,-1341.8809
20250709,-1346.9256
20250709,-1345.7309
20250709,-1346.9328
20250710,-1345.8966
20250710,-1345.4615
20250710,-1345.2956
20250710,-1345.2363
20250710,-1344.9648
20250710,-1344.8678
20250710,-1343.9843
20250710,-1343.4268
20250710,-1342.9901
20250710,-1342.9276
20250710,-1343.9762
20250710,-1343.6308
20250710,-1342.5245
20250711,-1342.094
20250711,-1341.6853
20250711,-1342.692
20250711,-1342.2627
20250711,-1341.194
20250711,-1342.2987
20250711,-1342.2211
20250711,-1342.5153
20250711,-1343.621
20250711,-1344.698
20250711,-1344.9692
20250711,-1346.2563
20250711,-1347.4718
20250711,-1348.6341
20250714,-1348.401
20250714,-1349.5118
20250714,-1348.8167
20250714,-1348.3919
20250714,-1348.3448
20250714,-1349.3987
20250714,-1350.7686
20250714,-1351.8932
20250714,-1353.2547
20250714,-1352.889
20250715,-1352.1451
20250715,-1351.7376
20250715,-1351.6605
20250715,-1352.6861
20250715,-1353.6981
20250715,-1354.7452
20250715,-1354.4862
20250715,-1355.5375
20250715,-1355.4089
20250715,-1356.4712
20250715,-1357.5499
20250715,-1358.6754
20250715,-1358.3056
20250715,-1359.9028
20250715,-1359.8221
20250715,-1359.3752
20250715,-1360.4073
20250715,-1362.2984
20250716,-1361.6452
20250716,-1360.833
20250716,-1361.8515
20250716,-1361.4255
20250716,-1361.2067
20250716,-1360.7028
20250716,-1359.5403
20250716,-1360.6154
20250716,-1362.3638
20250716,-1361.9523
20250716,-1360.5508
20250716,-1361.7019
20250716,-1362.8102
20250716,-1362.3327
20250716,-1363.6488
20250716,-1364.7675
20250716,-1364.9058
20250717,-1363.9021
20250717,-1364.9567
20250717,-1365.9743
20250717,-1365.4484
20250717,-1366.5375
20250717,-1367.579
20250717,-1368.6234
20250717,-1368.5056
20250717,-1369.7016
20250717,-1369.4873
20250718,-1368.9911
20250718,-1369.0054
20250718,-1368.7819
20250718,-1369.8268
20250718,-1369.37
20250718,-1370.4569
20250718,-1371.5978
20250718,-1371.3016
20250718,-1371.1399
20250718,-1372.4983
20250721,-1372.0448
20250721,-1372.8611
20250721,-1373.3492
20250721,-1374.3571
20250721,-1374.0477
20250721,-1373.746
20250721,-1372.8823
20250721,-1372.3873
20250721,-1371.7372
20250721,-1371.3104
20250721,-1372.3413
20250721,-1371.9005
20250721,-1371.4494
20250721,-1372.4919
20250721,-1372.0216
20250721,-1373.0625
20250721,-1371.7835
20250721,-1371.5494
20250721,-1371.1329
20250721,-1372.2232
20250721,-1373.5047
20250721,-1375.2517
20250722,-1374.9588
20250722,-1374.6793
20250722,-1374.0522
20250722,-1373.808
20250722,-1373.875
20250722,-1372.8747
20250722,-1372.4206
20250722,-1371.9041
20250722,-1371.7726
20250722,-1371.3085
20250722,-1370.4989
20250722,-1371.6047
20250722,-1371.5542
20250722,-1371.9244
20250722,-1373.0976
20250723,-1374.1438
20250723,-1373.7814
20250723,-1373.6863
20250723,-1373.3786
20250723,-1374.4224
20250723,-1375.4492
20250723,-1374.4174
20250723,-1373.0327
20250723,-1372.9253
20250723,-1374.1192
20250723,-1369.6154
20250723,-1369.3031
20250723,-1370.3133
20250723,-1371.3935
20250723,-1372.6221
20250723,-1372.1786
20250723,-1373.9953
20250724,-1373.7802
20250724,-1374.8139
20250724,-1374.5796
20250724,-1375.6236
20250724,-1376.6749
20250724,-1377.6842
20250724,-1377.3718
20250724,-1377.7158
20250724,-1378.7661
20250724,-1380.1041
20250724,-1379.4978
20250724,-1380.6806
20250724,-1381.7598
20250724,-1381.4597
20250724,-1382.8798
20250724,-1382.4353
20250724,-1383.7122
20250724,-1384.8425
20250724,-1384.9477
20250725,-1384.6383
20250725,-1385.0481
20250725,-1385.432
20250725,-1385.3903
20250725,-1385.3183
20250725,-1384.8468
20250725,-1385.8909
20250725,-1386.959
20250725,-1386.1266
20250725,-1386.1108
20250725,-1385.9044
20250725,-1386.9534
20250725,-1388.0129
20250725,-1386.3933
20250725,-1388.3933
20250725,-1389.5357
20250725,-1390.7394
20250725,-1392.0065
20250725,-1392.0714
20250725,-1391.8626
20250725,-1391.6731
20250728,-1391.5149
20250728,-1391.4339
20250728,-1392.577
20250728,-1392.3265
20250728,-1393.3754
20250728,-1394.4428
20250728,-1395.5042
20250728,-1396.7016
20250728,-1397.7544
20250728,-1398.8032
20250728,-1399.9164
20250728,-1399.6776
20250728,-1398.5119
20250728,-1399.9505
20250728,-1401.1106
20250728,-1401.1462
20250728,-1402.1932
20250728,-1401.6162
20250728,-1401.5974
20250728,-1402.7361
20250728,-1402.3089
20250728,-1403.3433
20250728,-1404.432
20250729,-1403.8823
20250729,-1403.4011
20250729,-1403.2112
20250729,-1404.2578
20250729,-1404.0686
20250729,-1405.0979
20250729,-1406.1282
20250729,-1405.9743
20250729,-1407.1454
20250729,-1406.1582
20250729,-1405.9087
20250729,-1407.1153
20250729,-1409.3102
20250729,-1410.5869
20250729,-1411.6485
20250729,-1414.1281
20250729,-1413.9954
20250729,-1413.9244
20250729,-1414.9921
20250730,-1414.6526
20250730,-1413.9425
20250730,-1412.4981
20250730,-1413.5599
20250730,-1413.2937
20250730,-1414.3342
20250730,-1415.3803
20250730,-1415.1778
20250730,-1416.222
20250730,-1414.9576
20250730,-1414.2467
20250730,-1415.3511
20250730,-1414.9124
20250730,-1414.753
20250730,-1416.3362
20250730,-1415.8732
20250730,-1415.7687
20250730,-1415.681
20250730,-1416.0705
20250730,-1415.9721
20250731,-1415.5031
20250731,-1415.4794
20250731,-1414.9568
20250731,-1414.8933
20250731,-1412.9906
20250731,-1412.7668
20250731,-1412.6786
20250731,-1412.2971
20250731,-1412.0051
20250731,-1411.5697
20250731,-1412.6129
20250731,-1413.84
20250731,-1413.3557
20250801,-1412.8716
20250801,-1411.7089
20250801,-1410.4983
20250801,-1410.0198
20250801,-1411.081
20250801,-1412.1182
20250801,-1413.131
20250801,-1412.7299
20250801,-1412.6999
20250801,-1411.8284
20250801,-1411.2649
20250801,-1410.5177
20250801,-1410.0587
20250801,-1411.1867
20250804,-1409.3823
20250804,-1409.0287
20250804,-1408.3296
20250804,-1408.1554
20250804,-1409.2598
20250804,-1408.0189
20250804,-1407.1659
20250804,-1408.1784
20250804,-1407.7575
20250804,-1408.8302
20250804,-1410.0359
20250804,-1408.9131
20250805,-1409.9363
20250805,-1410.9493
20250805,-1411.9612
20250805,-1411.5568
20250805,-1413.1031
20250805,-1412.0279
20250805,-1411.1144
20250805,-1410.6542
20250805,-1405.5605
20250805,-1406.6528
20250805,-1407.7082
20250805,-1407.2487
20250805,-1408.5415
20250806,-1408.412
20250806,-1407.7345
20250806,-1408.7557
20250806,-1408.5691
20250806,-1409.6064
20250806,-1409.4623
20250806,-1409.0888
20250806,-1410.1283
20250806,-1411.1741
20250806,-1412.3059
20250806,-1412.2852
20250806,-1413.7169
20250807,-1413.3381
20250807,-1413.2526
20250807,-1413.1071
20250807,-1414.2001
20250807,-1413.7792
20250807,-1413.5925
20250807,-1412.8151
20250807,-1414.2679
20250807,-1415.4215
20250807,-1414.0627
20250808,-1412.9295
20250808,-1412.3905
20250808,-1412.2408
20250808,-1413.275
20250808,-1412.6631
20250808,-1413.675
20250808,-1414.6999
20250808,-1414.7068
20250808,-1414.2262
20250808,-1411.7792
20250808,-1411.326
20250808,-1412.3381
20250808,-1412.7468
20250808,-1411.5726
20250808,-1412.6014
20250808,-1413.6431
20250808,-1414.8449
20250808,-1416.0004
20250808,-1417.0339
20250808,-1417.0187
20250808,-1418.1243
20250811,-1418.0175
20250811,-1417.6249
20250811,-1417.272
20250811,-1416.6844
20250811,-1416.3138
20250811,-1417.438
20250811,-1416.9646
20250811,-1416.4847
20250811,-1415.2526
20250811,-1414.8126
20250811,-1416.1071
20250811,-1417.2431
20250811,-1417.0566
20250811,-1418.0841
20250811,-1416.9557
20250812,-1417.5026
20250812,-1418.5314
20250812,-1419.5516
20250812,-1419.0671
20250812,-1418.3438
20250812,-1419.3618
20250812,-1420.3759
20250812,-1419.9801
20250812,-1419.4954
20250812,-1418.7825
20250812,-1416.6618
20250812,-1417.5353
20250812,-1417.1132
20250812,-1414.9812
20250812,-1416.2566
20250812,-1415.7978
20250812,-1415.3564
20250812,-1416.5903
20250813,-1414.5925
20250813,-1413.0564
20250813,-1414.0813
20250813,-1413.7518
20250813,-1413.2736
20250813,-1412.465
20250813,-1414.2577
20250814,-1413.8071
20250814,-1413.0097
20250814,-1414.0281
20250814,-1415.0541
20250814,-1416.0635
20250814,-1417.0924
20250814,-1418.12
20250814,-1419.189
20250814,-1420.2748
20250814,-1421.3799
20250814,-1421.346
20250814,-1420.2664
20250814,-1419.7974
20250814,-1418.7253
20250814,-1418.6556
20250814,-1417.6749
20250814,-1417.5474
20250814,-1417.602
20250814,-1418.9613
20250814,-1420.0344
20250814,-1419.629
20250815,-1419.3251
20250815,-1420.3588
20250815,-1421.3704
20250815,-1422.3869
20250815,-1422.1466
20250815,-1421.2894
20250815,-1420.6214
20250815,-1420.0589
20250815,-1419.9939
20250815,-1419.9938
20250815,-1419.5369
20250815,-1421.537
20250815,-1421.3562
20250815,-1421.1113
20250815,-1422.1872
20250818,-1421.9137
20250818,-1421.1565
20250818,-1420.7716
20250818,-1421.8296
20250818,-1422.8437
20250818,-1423.8964
20250818,-1423.7016
20250818,-1423.3769
20250818,-1423.0465
20250818,-1422.8092
20250818,-1422.4543
20250818,-1423.6024
20250818,-1423.4861
20250818,-1423.4861
20250818,-1423.2738
20250819,-1422.505
20250819,-1423.518
20250819,-1424.5362
20250819,-1425.5491
20250819,-1425.0074
20250819,-1424.9239
20250819,-1425.9545
20250819,-1425.477
20250819,-1425.4176
20250819,-1426.4383
20250819,-1426.0914
20250819,-1425.6325
20250819,-1426.9199
20250819,-1428.0626
20250819,-1429.4001
20250819,-1430.5952
20250819,-1430.316
20250819,-1431.5015
20250819,-1433.1025
20250819,-1431.9329
20250819,-1431.5824
20250820,-1431.52
20250820,-1431.358
20250820,-1430.8679
20250820,-1431.8794
20250820,-1431.3886
20250820,-1432.3964
20250820,-1432.8894
20250820,-1432.3652
20250820,-1431.8685
20250820,-1431.7372
20250820,-1432.7468
20250820,-1432.5933
20250820,-1432.0027
20250820,-1433.0174
20250820,-1432.9306
20250820,-1432.4833
20250820,-1433.7368
20250820,-1433.5273
20250820,-1433.0801
20250820,-1434.22
20250820,-1434.2217
20250820,-1435.6703
20250820,-1432.8329
20250820,-1432.7025
20250821,-1431.8391
20250821,-1431.6168
20250821,-1432.6826
20250821,-1433.7156
20250821,-1434.7306
20250821,-1434.7175
20250821,-1435.7372
20250821,-1436.7546
20250821,-1436.6883
20250821,-1436.3798
20250821,-1437.5489
20250821,-1437.5219
20250821,-1436.537
20250821,-1435.8544
20250821,-1437.004
20250821,-1438.1183
20250821,-1439.139
20250821,-1439.3851
20250821,-1440.7116
20250822,-1437.3064
20250822,-1438.3313
20250822,-1439.4638
20250822,-1438.2993
20250822,-1438.1514
20250822,-1437.6691
20250822,-1437.0038
20250822,-1438.0801
20250822,-1437.9866
20250822,-1439.1587
20250822,-1438.7096
20250822,-1438.3179
20250822,-1437.9372
20250822,-1439.1221
20250822,-1440.3487
20250822,-1441.4397
20250822,-1442.9022
20250822,-1442.337
20250825,-1442.4076
20250825,-1442.0212
20250825,-1443.0653
20250825,-1441.8712
20250825,-1440.8651
20250825,-1441.9683
20250825,-1442.9951
20250825,-1442.2446
20250825,-1441.027
20250825,-1439.9131
20250825,-1441.467
20250825,-1441.0691
20250825,-1440.8965
20250825,-1442.234
20250825,-1441.8894
20250825,-1443.0468
20250826,-1443.0615
20250826,-1442.5744
20250826,-1443.5419
20250826,-1444.5691
20250826,-1444.4678
20250826,-1445.6562
20250826,-1446.7498
20250826,-1446.0154
20250826,-1447.0515
20250826,-1446.304
20250826,-1447.3813
20250826,-1448.5164
20250826,-1451.2839
20250826,-1452.3345
20250826,-1453.4419
20250826,-1453.4125
20250826,-1452.1764
20250826,-1451.7336
20250826,-1452.9112
20250827,-1452.8122
20250827,-1453.8539
20250827,-1453.4044
20250827,-1453.4314
20250827,-1452.4528
20250827,-1452.4033
20250827,-1453.5154
20250827,-1453.0482
20250827,-1454.1819
20250827,-1453.7396
20250827,-1453.4184
20250827,-1454.664
20250827,-1454.5352
20250827,-1455.616
20250827,-1456.7878
20250828,-1457.8132
20250828,-1458.8424
20250828,-1458.7855
20250828,-1457.8885
20250828,-1457.7872
20250828,-1457.2356
20250828,-1456.4583
20250828,-1455.4213
20250828,-1455.1574
20250828,-1456.5413
20250828,-1455.9498
20250828,-1457.1361
20250828,-1456.1868
20250829,-1457.3136
20250829,-1456.3377
20250829,-1457.3837
20250829,-1457.1065
20250829,-1456.9416
20250829,-1456.4627
20250829,-1455.977
20250829,-1455.4025
20250829,-1455.1872
20250829,-1456.3206
20250829,-1455.9459
20250829,-1457.0151
20250829,-1456.593
20250829,-1456.6353
20250829,-1455.2395
20250829,-1456.5778
20250829,-1456.5778
20250829,-1457.9726
20250902,-1457.4561
20250902,-1457.4717
20250902,-1457.0854
20250902,-1457.1
20250902,-1458.1768
20250902,-1459.2431
20250902,-1460.2699
20250902,-1459.8738
20250902,-1460.9787
20250902,-1460.5166
20250902,-1461.3211
20250903,-1461.0369
20250903,-1460.9267
20250903,-1462.022
20250903,-1463.0326
20250903,-1464.1338
20250903,-1465.1659
20250903,-1463.5706
20250903,-1464.6116
20250903,-1465.6548
20250903,-1466.7301
20250903,-1466.2619
20250903,-1465.8581
20250903,-1464.8496
20250903,-1466.0094
20250903,-1462.7617
20250903,-1462.2588
20250903,-1463.2914
20250903,-1461.8696
20250904,-1462.9121
20250904,-1463.9778
20250904,-1465.0145
20250904,-1466.0422
20250904,-1465.2473
20250904,-1466.2779
20250904,-1465.8455
20250904,-1466.9405
20250904,-1466.2614
20250904,-1465.5038
20250904,-1465.116
20250904,-1466.2388
20250904,-1464.7099
20250905,-1463.6561
20250905,-1464.6803
20250905,-1465.71
20250905,-1466.7249
20250905,-1467.7578
20250905,-1467.088
20250905,-1466.8446
20250905,-1466.8593
20250905,-1468.1862
20250905,-1467.7061
20250905,-1467.2953
20250905,-1466.6927
20250908,-1467.7519
20250908,-1467.2156
20250908,-1468.2397
20250908,-1467.4132
20250908,-1467.4242
20250908,-1467.1652
20250908,-1466.9771
20250908,-1468.0179
20250908,-1468.3835
20250908,-1467.7792
20250908,-1467.41
20250908,-1468.4917
20250908,-1469.647
20250908,-1471.2488
20250908,-1471.275
20250908,-1472.3968
20250908,-1473.6236
20250909,-1474.6659
20250909,-1475.6842
20250909,-1476.6998
20250909,-1476.6822
20250909,-1476.5205
20250909,-1476.0538
20250909,-1477.089
20250909,-1478.1034
20250909,-1477.649
20250909,-1476.5009
20250909,-1477.6156
20250909,-1477.334
20250909,-1478.4341
20250909,-1479.8138
20250909,-1480.8975
20250909,-1484.7684
20250909,-1484.5815
20250909,-1485.7464
20250909,-1485.7464
20250909,-1486.8788
20250910,-1488.0242
20250910,-1489.0732
20250910,-1490.0937
20250910,-1489.6509
20250910,-1490.6799
20250910,-1491.7278
20250910,-1492.8192
20250910,-1494.5039
20250910,-1493.3607
20250910,-1494.7261
20250910,-1495.7415
20250910,-1496.8455
20250910,-1497.9409
20250910,-1499.0864
20250911,-1499.1874
20250911,-1498.9291
20250911,-1498.6675
20250911,-1498.5211
20250911,-1498.4013
20250911,-1497.72
20250911,-1496.5442
20250911,-1496.5683
20250911,-1496.1215
20250911,-1495.6363
20250911,-1495.1817
20250911,-1496.4826
20250911,-1496.0083
20250912,-1495.6295
20250912,-1496.6684
20250912,-1497.7772
20250912,-1497.3388
20250912,-1497.0233
20250912,-1495.9122
20250912,-1494.8993
20250912,-1494.3199
20250912,-1494.286
20250912,-1493.9823
20250912,-1495.1493
20250912,-1496.2759
20250912,-1494.913
20250912,-1494.5294
20250912,-1494.3348
20250912,-1495.4543
20250915,-1495.0031
20250915,-1496.0729
20250915,-1495.478
20250915,-1496.5014
20250915,-1497.5184
20250915,-1498.5328
20250915,-1499.6162
20250915,-1500.6322
20250915,-1501.6627
20250915,-1501.3898
20250915,-1500.9574
20250915,-1502.0545
20250915,-1503.0979
20250915,-1504.5949
20250915,-1504.2747
20250915,-1503.8094
20250915,-1504.87
20250915,-1504.1376
20250915,-1505.4705
20250916,-1505.1272
20250916,-1505.1313
20250916,-1506.1484
20250916,-1507.2184
20250916,-1508.2307
20250916,-1509.2828
20250916,-1510.3459
20250916,-1509.9371
20250916,-1510.0672
20250916,-1511.1131
20250916,-1509.7326
20250916,-1510.8657
20250916,-1510.4925
20250916,-1509.2341
20250917,-1510.2446
20250917,-1511.2562
20250917,-1510.8681
20250917,-1510.6329
20250917,-1511.6531
20250917,-1510.535
20250917,-1510.7884
20250917,-1510.3204
20250917,-1509.8585
20250917,-1511.1605
20250917,-1512.1982
20250917,-1513.2977
20250917,-1512.8232
20250917,-1513.8389
20250917,-1514.5262
20250918,-1515.5417
20250918,-1514.9893
20250918,-1516.0085
20250918,-1517.0487
20250918,-1518.1315
20250918,-1519.5495
20250918,-1520.6126
20250918,-1521.6348
20250918,-1522.6662
20250918,-1523.7597
20250918,-1524.8379
20250919,-1524.8536
20250919,-1525.88
20250919,-1526.9841
20250919,-1526.6244
20250919,-1527.7559
20250919,-1527.5728
20250919,-1527.3689
20250919,-1526.9016
20250919,-1525.3289
20250919,-1524.8931
20250922,-1523.2987
20250922,-1522.9569
20250922,-1522.3475
20250922,-1521.3741
20250922,-1521.3777
20250922,-1521.1687
20250922,-1522.18
20250922,-1519.508
20250922,-1520.5774
20250922,-1521.9164
20250922,-1529.4347
20250922,-1529.021
20250922,-1528.897
20250922,-1530.1074
20250922,-1529.5498
20250922,-1529.3355
20250922,-1530.4412
20250923,-1531.4699
20250923,-1532.5578
20250923,-1533.62
20250923,-1534.7058
20250923,-1535.7297
20250923,-1535.362
20250923,-1536.4243
20250923,-1535.5523
20250923,-1537.0329
20250924,-1538.0527
20250924,-1537.9893
20250924,-1538.0638
20250924,-1539.0894
20250924,-1538.367
20250924,-1539.4234
20250924,-1539.1342
20250924,-1540.2558
20250924,-1541.3431
20250924,-1542.4966
20250924,-1543.6304
20250924,-1545.065
20250924,-1546.1064
20250924,-1545.8794
20250924,-1544.7337
20250924,-1545.8714
20250924,-1546.9158
20250924,-1544.0012
20250924,-1545.775
20250924,-1545.775
20250925,-1546.801
20250925,-1546.7043
20250925,-1547.7583
20250925,-1546.9332
20250925,-1546.5782
20250925,-1547.6298
20250925,-1548.5741
20250925,-1548.3771
20250925,-1549.4574
20250925,-1549.0003
20250925,-1548.6307
20250925,-1549.6681
20250925,-1548.8787
20250926,-1548.428
20250926,-1549.4755
20250926,-1548.9965
20250926,-1548.9456
20250926,-1548.7297
20250926,-1548.3122
20250926,-1549.39
20250926,-1548.958
20250926,-1549.975
20250926,-1551.0678
20250926,-1551.604
20250926,-1548.31
20250926,-1548.1528
20250926,-1547.7882
20250926,-1546.6544
20250926,-1547.7267
20250926,-1550.1953
20250926,-1551.2703
20250926,-1551.3884
20250926,-1552.4973
20250926,-1552.5007
20250929,-1553.5367
20250929,-1554.6199
20250929,-1555.6533
20250929,-1556.0313
20250929,-1557.0454
20250929,-1558.264
20250929,-1559.3653
20250929,-1558.9188
20250929,-1559.9434
20250929,-1559.6311
20250929,-1559.1803
20250929,-1560.2573
20250929,-1560.1747
20250929,-1561.2473
20250929,-1562.3315
20250929,-1560.1614
20250929,-1558.9075
20250929,-1559.0283
20250930,-1560.0433
20250930,-1559.5525
20250930,-1560.6146
20250930,-1560.2821
20250930,-1559.8273
20250930,-1559.5885
20250930,-1560.7281
20250930,-1560.4718
20250930,-1559.7048
20250930,-1560.7582
20250930,-1559.7946
20250930,-1560.8476
20250930,-1562.6135
20250930,-1564.097
20250930,-1563.7048
20250930,-1564.7872
20250930,-1566.4508
20250930,-1565.0799
20250930,-1566.1655
20251001,-1565.8899
20251001,-1565.5428
20251001,-1564.5792
20251001,-1564.5568
20251001,-1560.848
20251001,-1560.7668
20251001,-1560.4603
20251001,-1560.524
20251001,-1561.7149
20251001,-1562.8178
20251001,-1563.8431
20251001,-1562.932
20251001,-1564.0819
20251002,-1562.813
20251002,-1563.8192
20251002,-1564.891
20251002,-1565.9149
20251002,-1566.2664
20251002,-1565.903
20251002,-1565.4965
20251002,-1565.0283
20251002,-1565.5839
20251002,-1564.5125
20251002,-1565.5556
20251002,-1564.9529
20251002,-1564.4714
20251002,-1564.1671
20251002,-1563.8399
20251003,-1563.3777
20251003,-1564.3996
20251003,-1565.4206
20251003,-1564.9369
20251003,-1565.9651
20251003,-1565.4914
20251003,-1566.599
20251003,-1566.1552
20251003,-1565.1034
20251003,-1564.7623
20251003,-1566.4432
20251003,-1567.4707
20251003,-1568.5542
20251003,-1568.3233
20251006,-1567.0943
20251006,-1568.1015
20251006,-1567.4112
20251006,-1566.9759
20251006,-1568.074
20251006,-1570.6011
20251006,-1570.1735
20251006,-1573.0456
20251006,-1572.4352
20251006,-1573.5085
20251006,-1573.867
20251007,-1573.6996
20251007,-1572.7477
20251007,-1572.1456
20251007,-1572.1455
20251007,-1571.9934
20251007,-1571.5334
20251007,-1674.1081
20251007,-1673.6748
20251007,-1673.1996
20251007,-1674.4302
20251007,-1674.2749
20251007,-1673.8495
20251007,-1677.7103
20251007,-1681.6984
20251008,-1680.2078
20251008,-1679.4639
20251008,-1679.4595
20251008,-1680.5399
20251008,-1681.5684
20251008,-1682.6303
20251008,-1681.9502
20251008,-1681.7401
20251008,-1681.3101
20251008,-1681.1623
20251008,-1682.8442
20251008,-1682.3709
20251008,-1682.1206
20251009,-1682.1802
20251009,-1681.8087
20251009,-1680.8279
20251009,-1680.7444
20251009,-1680.5502
20251009,-1680.5368
20251009,-1681.5692
20251009,-1682.5831
20251009,-1680.8596
20251009,-1680.4098
20251009,-1679.8794
20251009,-1678.6087
20251009,-1677.5188
20251009,-1676.6965
20251010,-1676.5608
20251010,-1677.5957
20251010,-1678.6056
20251010,-1679.7456
20251010,-1679.2773
20251010,-1679.3067
20251010,-1679.3557
20251010,-1679.4692
20251010,-1677.6126
20251010,-1677.527
20251010,-1677.0562
20251010,-1675.3411
20251010,-1674.8616
20251010,-1674.421
20251010,-1674.0767
20251013,-1675.1005
20251013,-1676.1228
20251013,-1677.1671
20251013,-1677.1365
20251013,-1678.1657
20251013,-1679.2069
20251013,-1681.2068
20251013,-1682.407
20251013,-1683.5491
20251013,-1684.5878
20251014,-1685.6071
20251014,-1686.6277
20251014,-1687.6548
20251014,-1688.7615
20251014,-1696.9611
20251015,-1697.9874
20251015,-1699.0225
20251015,-1697.847
20251015,-1698.8811
20251015,-1698.5511
20251015,-1699.7121
20251015,-1700.726
20251015,-1700.7395
20251015,-1700.4115
20251015,-1701.5711
20251016,-1702.5877
20251016,-1702.0942
20251016,-1703.1062
20251016,-1704.1437
20251016,-1703.9511
20251016,-1704.9808
20251016,-1704.7272
20251016,-1705.7538
20251016,-1705.0845
20251016,-1706.1116
20251016,-1707.2686
20251016,-1708.4309
20251016,-1709.5594
20251016,-1709.2318
20251016,-1710.39
20251016,-1711.4333
20251016,-1711.1529
20251016,-1710.003
20251017,-1709.7928
20251017,-1709.5873
20251017,-1709.2204
20251017,-1708.7357
20251017,-1709.7907
20251017,-1710.823
20251017,-1710.7412
20251017,-1711.7543
20251017,-1711.3416
20251020,-1712.3766
20251020,-1713.5271
20251020,-1714.5755
20251020,-1715.6836
20251020,-1716.8654
20251020,-1718.0414
20251020,-1717.7922
20251021,-1717.7813
20251021,-1718.803
20251021,-1718.1508
20251021,-1718.012
20251021,-1717.6641
20251021,-1716.8233
20251021,-1716.7773
20251021,-1717.9951
20251021,-1719.3328
20251021,-1720.3744
20251021,-1719.9569
20251021,-1721.1048
20251022,-1720.9933
20251022,-1720.2986
20251022,-1721.3418
20251022,-1720.1095
20251022,-1719.9054
20251022,-1719.571
20251022,-1719.0979
20251022,-1720.1348
20251022,-1721.2638
20251022,-1720.832
20251022,-1719.6877
20251022,-1722.1759
20251022,-1723.3221
20251022,-1725.1899
20251022,-1726.286
20251022,-1726.2869
20251023,-1727.3486
20251023,-1726.8644
20251023,-1726.6806
20251023,-1726.5211
20251023,-1727.5751
20251023,-1728.7641
20251023,-1729.8511
20251023,-1731.8511
20251023,-1732.8917
20251024,-1733.9252
20251024,-1734.9526
20251024,-1734.7303
20251024,-1732.5345
20251024,-1733.566
20251024,-1734.8291
20251024,-1735.5163
20251024,-1736.8267
20251024,-1737.8902
20251024,-1739.1462
20251024,-1740.6571
20251024,-1740.2224
20251024,-1740.0806
20251024,-1741.1784
20251024,-1741.3849
20251027,-1742.4097
20251027,-1742.0557
20251027,-1743.1136
20251027,-1742.6458
20251027,-1739.843
20251027,-1741.0829
20251027,-1742.164
20251027,-1741.6958
20251027,-1742.7469
20251027,-1743.8833
20251027,-1745.1174
20251027,-1746.2544
20251027,-1745.7847
20251027,-1746.8367
20251027,-1746.3712
20251027,-1745.9235
20251028,-1745.729
20251028,-1746.7364
20251028,-1746.2441
20251028,-1745.1236
20251028,-1744.7197
20251028,-1745.8893
20251028,-1746.9459
20251028,-1746.8217
20251028,-1746.3499
20251028,-1746.0208
20251028,-1744.6373
20251028,-1745.6871
20251028,-1746.7488
20251028,-1746.2923
20251028,-1744.8658
20251028,-1745.9596
20251028,-1747.139
20251028,-1748.1602
20251028,-1747.3222
20251028,-1745.1948
20251028,-1745.5063
20251029,-1746.6297
20251029,-1747.6884
20251029,-1747.1501
20251029,-1748.2065
20251029,-1749.2207
20251029,-1749.107
20251029,-1748.6266
20251029,-1749.6714
20251029,-1750.701
20251029,-1751.7483
20251029,-1752.788
20251029,-1753.8093
20251029,-1753.349
20251029,-1754.4787
20251029,-1754.8473
20251029,-1755.874
20251029,-1756.8817
20251029,-1757.2696
20251030,-1757.2024
20251030,-1758.2205
20251030,-1759.2307
20251030,-1760.263
20251030,-1761.2819
20251030,-1762.2987
20251030,-1762.0982
20251030,-1761.7029
20251030,-1761.4631
20251030,-1762.5491
20251030,-1763.6071
20251030,-1763.0294
20251030,-1762.5918
20251030,-1763.6824
20251030,-1763.9197
20251030,-1763.1625
20251031,-1762.9451
20251031,-1763.9635
20251031,-1765.0043
20251031,-1764.8093
20251031,-1764.0195
20251031,-1763.5813
20251031,-1764.6501
20251031,-1765.6686
20251031,-1765.1892
20251031,-1763.8156
20251031,-1763.7663
20251031,-1764.858
20251031,-1766.0329
20251031,-1767.0937
20251031,-1768.2496
20251031,-1767.7666
20251031,-1766.9227
20251031,-1765.641
20251031,-1766.8835
20251103,-1766.8042
20251103,-1765.9574
20251103,-1765.484
20251103,-1766.5
20251103,-1766.4953
20251103,-1766.2243
20251103,-1766.1501
20251103,-1767.1832
20251103,-1766.7861
20251103,-1766.7499
20251103,-1767.7995
20251103,-1768.8888
20251103,-1768.422
20251103,-1769.502
20251103,-1770.7255
20251103,-1770.2459
20251103,-1770.3481
20251103,-1770.3026
20251104,-1771.3211
20251104,-1771.1637
20251104,-1772.1871
20251104,-1772.1996
20251104,-1771.192
20251104,-1772.265
20251104,-1773.5213
20251104,-1771.1124
20251104,-1772.8666
20251104,-1772.9708
20251104,-1772.5018
20251104,-1773.5489
20251104,-1772.9691
20251105,-1772.5123
20251105,-1773.7047
20251105,-1773.382
20251105,-1772.5009
20251105,-1773.6634
20251105,-1774.7964
20251105,-1775.9172
20251106,-1774.3002
20251106,-1774.1293
20251106,-1773.8237
20251106,-1773.6732
20251106,-1773.2385
20251106,-1773.1048
20251106,-1772.0229
20251106,-1772.0235
20251106,-1771.7478
20251106,-1771.2209
20251106,-1772.3175
20251106,-1772.0267
20251106,-1771.8809
20251106,-1771.1397
20251106,-1772.1806
20251106,-1773.6007
20251106,-1773.1616
20251106,-1774.2673
20251106,-1773.7787
20251106,-1774.8717
20251107,-1774.7849
20251107,-1774.7159
20251107,-1774.5378
20251107,-1775.5699
20251107,-1775.5292
20251107,-1775.1143
20251107,-1774.862
20251107,-1775.8736
20251107,-1776.9206
20251107,-1776.1655
20251107,-1775.7362
20251107,-1774.5076
20251107,-1774.0194
20251107,-1773.7804
20251107,-1774.7946
20251107,-1775.8127
20251107,-1776.8648
20251107,-1775.6142
20251107,-1775.16
20251107,-1776.1724
20251107,-1777.2051
20251107,-1778.3649
20251107,-1775.5179
20251107,-1776.6305
20251107,-1776.6866
20251110,-1775.7353
20251110,-1775.733
20251110,-1776.7631
20251110,-1776.0452
20251110,-1775.2148
20251110,-1774.7408
20251110,-1774.3785
20251110,-1772.8952
20251110,-1773.9503
20251110,-1774.9711
20251110,-1776.0446
20251110,-1777.1173
20251110,-1774.3467
20251110,-1774.0788
20251110,-1771.1207
20251110,-1769.4023
20251110,-1766.636
20251110,-1766.2141
20251110,-1766.0764
20251110,-1767.3539
20251110,-1768.4711
20251111,-1768.0319
20251111,-1769.0564
20251111,-1768.5835
20251111,-1768.1141
20251111,-1769.1728
20251111,-1769.0427
20251111,-1770.0699
20251111,-1770.0789
20251111,-1769.6413
20251111,-1770.7174
20251111,-1772.0973
20251111,-1773.3147
20251111,-1774.4488
20251111,-1773.0218
20251111,-1771.8151
20251111,-1771.1367
20251111,-1770.9526
20251111,-1770.2913
20251111,-1769.8309
20251112,-1769.7707
20251112,-1769.7165
20251112,-1769.5937
20251112,-1769.1683
20251112,-1770.1963
20251112,-1771.3142
20251112,-1770.874
20251112,-1771.9052
20251112,-1771.9362
20251112,-1771.8588
20251112,-1772.9008
20251112,-1772.4566
20251112,-1772.4287
20251112,-1773.4585
20251112,-1774.5314
20251112,-1775.5829
20251112,-1776.6359
20251113,-1774.0625
20251113,-1775.0889
20251113,-1774.4981
20251113,-1774.3828
20251113,-1773.7801
20251113,-1773.3921
20251113,-1773.195
20251113,-1772.706
20251113,-1771.5749
20251113,-1770.6423
20251113,-1769.0647
20251113,-1770.0959
20251113,-1769.654
20251114,-1770.7377
20251114,-1771.8457
20251114,-1771.3991
20251117,-1771.3665
20251117,-1772.3821
20251117,-1772.3218
20251117,-1771.6982
20251117,-1770.6331
20251117,-1770.2421
20251117,-1771.2862
20251117,-1771.0372
20251117,-1772.0745
20251117,-1773.1244
20251117,-1774.1543
20251117,-1775.1806
20251117,-1776.7475
20251117,-1776.3368
20251117,-1775.6203
20251117,-1776.9316
20251117,-1776.5899
20251117,-1777.9572
20251118,-1777.4193
20251118,-1776.7751
20251118,-1775.9775
20251118,-1776.9903
20251118,-1778.0174
20251118,-1779.0508
20251118,-1780.0682
20251118,-1778.0995
20251118,-1779.1691
20251118,-1780.2061
20251118,-1781.4826
20251118,-1781.0037
20251118,-1780.5405
20251119,-1781.55
20251119,-1780.5394
20251119,-1781.5519
20251119,-1782.5681
20251119,-1780.7832
20251119,-1780.1074
20251119,-1781.2323
20251119,-1780.5183
20251119,-1781.6558
20251119,-1781.1447
20251119,-1782.1945
20251119,-1782.2459
20251119,-1782.0385
20251119,-1781.9451
20251119,-1781.7985
20251119,-1782.9357
20251119,-1784.0721
20251119,-1783.8179
20251119,-1782.8252
20251119,-1782.2006
20251119,-1781.9124
20251120,-1782.9357
20251120,-1781.9127
20251120,-1782.9194
20251120,-1782.7245
20251120,-1781.3296
20251120,-1780.852
20251120,-1781.8804
20251120,-1782.8966
20251120,-1782.3987
20251120,-1783.4342
20251120,-1782.2295
20251120,-1780.8483
20251120,-1780.3663
20251120,-1779.9066
20251120,-1779.4996
20251120,-1779.064
20251120,-1778.6151
20251120,-1779.6548
20251120,-1780.7114
20251121,-1779.8777
20251121,-1779.6091
20251121,-1780.6285
20251121,-1781.6364
20251121,-1782.7065
20251121,-1782.5393
20251121,-1782.0
20251121,-1781.5146
20251121,-1781.1627
20251121,-1782.1852
20251124,-1783.221
20251124,-1784.2507
20251124,-1785.3212
20251124,-1786.3808
20251124,-1786.2588
20251124,-1787.2691
20251124,-1788.286
20251124,-1789.2918
20251124,-1788.7249
20251124,-1789.7486
20251124,-1788.562
20251124,-1789.6063
20251124,-1790.8232
20251124,-1789.9433
20251124,-1788.9317
20251125,-1788.7629
20251125,-1789.7833
20251125,-1789.5895
20251125,-1790.6031
20251125,-1791.6259
20251125,-1792.6439
20251125,-1791.9863
20251125,-1791.5087
20251125,-1790.7236
20251125,-1789.7565
20251125,-1788.9229
20251125,-1787.8059
20251125,-1788.8559
20251125,-1788.5317
20251125,-1788.1787
20251125,-1789.3213
20251125,-1790.3408
20251125,-1789.3089
20251125,-1786.9681
20251126,-1788.0304
20251126,-1787.6993
20251126,-1788.7864
20251126,-1789.8007
20251126,-1790.8372
20251126,-1791.8479
20251126,-1789.8512
20251126,-1788.7636
20251126,-1788.8057
20251126,-1788.3298
20251126,-1787.8638
20251126,-1787.4005
20251126,-1787.1699
20251126,-1786.6908
20251126,-1786.2524
20251126,-1787.3733
20251126,-1788.4162
20251126,-1789.9966
20251126,-1789.5431
20251126,-1790.5729
20251126,-1792.5128
20251128,-1791.9872
20251128,-1791.2935
20251128,-1790.8495
20251128,-1790.7714
20251128,-1789.4873
20251128,-1789.4505
20251128,-1789.0248
20251128,-1788.3908
20251128,-1787.9165
20251128,-1786.4461
20251128,-1784.6899
20251128,-1785.7262
20251128,-1784.9124
20251128,-1784.4224
20251128,-1783.9787
20251128,-1785.1209
20251128,-1786.1635
20251128,-1787.2401
20251128,-1785.7832
20251128,-1785.5158
20251128,-1786.6178
20251128,-1786.6782
20251128,-1786.7031
20251128,-1786.7346
20251201,-1786.4293
20251201,-1785.7687
20251201,-1785.7931
20251201,-1786.8716
20251201,-1786.285
20251201,-1786.2053
20251201,-1786.0162
20251201,-1785.5301
20251201,-1786.5743
20251201,-1787.5979
20251201,-1788.6531
20251201,-1789.6696
20251201,-1790.6829
20251201,-1791.7341
20251201,-1792.8278
20251201,-1794.0817
20251201,-1795.1582
20251201,-1795.0653
20251201,-1794.8358
20251201,-1792.3229
20251201,-1791.896
20251202,-1792.9686
20251202,-1794.0093
20251202,-1793.841
20251202,-1794.8785
20251202,-1794.507
20251202,-1794.2073
20251202,-1795.2355
20251202,-1796.3128
20251202,-1797.4441
20251202,-1797.2096
20251202,-1798.3191
20251202,-1799.5369
20251202,-1797.8671
20251202,-1799.8671
20251202,-1799.4532
20251202,-1800.526
20251202,-1801.4199
20251203,-1801.1134
20251203,-1800.0979
20251203,-1799.8898
20251203,-1799.8876
20251203,-1799.5778
20251203,-1800.5867
20251203,-1798.3776
20251203,-1798.2529
20251203,-1799.2771
20251203,-1799.2054
20251203,-1798.7572
20251203,-1800.3234
20251204,-1800.3551
20251204,-1800.3784
20251204,-1800.1697
20251204,-1801.1797
20251204,-1800.6886
20251204,-1800.202
20251204,-1801.2417
20251204,-1800.8096
20251204,-1800.365
20251204,-1801.5827
20251204,-1800.2507
20251204,-1801.3286
20251205,-1800.8938
20251205,-1800.4067
20251205,-1799.7457
20251205,-1800.8079
20251205,-1800.8727
20251205,-1800.3871
20251205,-1799.8409
20251205,-1801.2635
20251205,-1802.3059
20251205,-1803.3408
20251205,-1802.8961
20251205,-1803.9704
20251205,-1803.4328
20251205,-1801.4409
20251208,-1801.0845
20251208,-1800.7188
20251208,-1799.0627
20251208,-1800.1267
20251208,-1801.1836
20251208,-1802.213
20251208,-1802.2404
20251208,-1803.3047
20251208,-1802.5947
20251208,-1803.7257
20251208,-1804.7981
20251208,-1805.9399
20251209,-1806.9575
20251209,-1807.9968
20251209,-1807.9969
20251209,-1807.6189
20251209,-1807.5317
20251209,-1807.3511
20251209,-1806.8582
20251209,-1806.2291
20251209,-1807.2414
20251209,-1806.1286
20251209,-1805.737
20251209,-1805.363
20251209,-1806.4598
20251210,-1805.5552
20251210,-1805.0376
20251210,-1806.0698
20251210,-1806.0439
20251210,-1805.4787
20251210,-1803.8135
20251210,-1801.3302
20251210,-1802.7202
20251210,-1803.9377
20251210,-1805.0349
20251210,-1800.9368
20251210,-1799.6641
20251210,-1801.3174
20251210,-1802.4542
20251210,-1802.3015
20251211,-1803.3246
20251211,-1803.2408
20251211,-1802.6007
20251211,-1800.9457
20251211,-1801.0925
20251211,-1802.1656
20251211,-1802.2084
20251211,-1803.2649
20251211,-1804.7716
20251211,-1804.4446
20251212,-1805.5029
20251212,-1805.4527
20251212,-1806.4678
20251212,-1807.5923
20251212,-1807.6181
20251212,-1807.3983
20251212,-1807.2563
20251212,-1808.335
20251212,-1809.3787
20251212,-1808.1857
20251212,-1807.8478
20251212,-1808.8801
20251212,-1809.9176
20251212,-1810.9664
20251212,-1810.4912
20251212,-1811.6492
20251212,-1811.221
20251212,-1812.8202
20251212,-1813.9815
20251212,-1815.1416
20251215,-1814.5801
20251215,-1814.1343
20251215,-1813.8755
20251215,-1812.7304
20251215,-1811.5415
20251215,-1811.0613
20251215,-1811.001
20251215,-1810.5159
20251215,-1811.552
20251215,-1811.1262
20251215,-1812.1409
20251215,-1812.0088
20251215,-1813.0293
20251215,-1814.046
20251215,-1815.23
20251215,-1816.2519
20251215,-1817.3784
20251215,-1818.7359
20251215,-1817.1332
20251215,-1816.5826
20251215,-1817.7076
20251216,-1815.7445
20251216,-1815.1082
20251216,-1814.8205
20251216,-1815.0251
20251216,-1814.5403
20251216,-1814.0669
20251216,-1813.3457
20251216,-1813.1379
20251216,-1812.8424
20251216,-1813.8704
20251216,-1813.283
20251216,-1814.3329
20251216,-1813.5813
20251216,-1813.2336
20251216,-1812.7494
20251216,-1813.8115
20251216,-1813.392
20251216,-1813.14
20251216,-1812.9547
20251216,-1811.7987
20251216,-1810.7674
20251216,-1810.7772
20251217,-1811.8293
20251217,-1812.8592
20251217,-1813.8744
20251217,-1814.9341
20251217,-1815.9597
20251217,-1815.7019
20251217,-1815.4343
20251217,-1814.7764
20251217,-1812.9209
20251217,-1812.6372
20251217,-1812.1256
20251217,-1811.8925
20251217,-1812.9227
20251217,-1813.9464
20251217,-1813.4694
20251217,-1814.8518
20251217,-1811.5343
20251217,-1811.5529
20251218,-1812.5792
20251218,-1813.6226
20251218,-1814.6483
20251218,-1814.4819
20251218,-1815.5094
20251218,-1815.4311
20251218,-1814.9606
20251218,-1814.6716
20251218,-1814.6552
20251218,-1815.6949
20251218,-1815.2007
20251218,-1814.5695
20251218,-1815.6335
20251218,-1814.6966
20251218,-1814.3342
20251218,-1815.3975
20251218,-1816.6329
20251218,-1816.1629
20251218,-1815.9058
20251218,-1815.9116
20251218,-1814.6612
20251218,-1815.94
20251218,-1815.008
20251219,-1816.1004
20251219,-1817.1471
20251219,-1818.1903
20251219,-1817.7193
20251219,-1818.7375
20251219,-1818.3056
20251219,-1819.4513
20251219,-1820.6129
20251219,-1821.7251
20251219,-1822.8163
20251219,-1822.3381
20251219,-1823.3918
20251219,-1825.1289
20251219,-1824.7993
20251219,-1825.9555
20251222,-1825.4038
20251222,-1824.8792
20251222,-1826.1733
20251222,-1827.2897
20251222,-1827.231
20251222,-1826.2114
20251222,-1827.4987
20251222,-1828.5683
20251222,-1829.6565
20251222,-1830.8225
20251222,-1832.3312
20251222,-1833.0283
20251222,-1834.4124
20251223,-1835.5159
20251223,-1836.5425
20251223,-1836.4507
20251223,-1836.3465
20251223,-1837.5241
20251223,-1838.5681
20251223,-1839.6116
20251223,-1840.8025
20251223,-1840.6184
20251223,-1840.1718
20251223,-1839.7327
20251223,-1839.0918
20251223,-1840.3717
20251223,-1841.5348
20251223,-1842.9107
20251224,-1842.046
20251224,-1841.6439
20251224,-1842.6904
20251224,-1842.4979
20251224,-1843.6467
20251224,-1843.4873
20251224,-1843.0104
20251224,-1844.027
20251224,-1845.1021
20251224,-1843.1193
20251224,-1843.0116
20251224,-1843.6693
20251224,-1843.2039
20251224,-1842.9323
20251224,-1842.6135
20251224,-1843.7266
20251224,-1844.7854
20251226,-1844.204
20251226,-1842.8833
20251226,-1843.8959
20251226,-1844.9722
20251226,-1844.6553
20251226,-1845.7183
20251226,-1846.7844
20251226,-1849.1796
20251226,-1850.2253
20251229,-1850.1197
20251229,-1851.1382
20251229,-1852.1544
20251229,-1853.2901
20251229,-1852.8195
20251229,-1854.0206
20251229,-1855.0829
20251229,-1856.1537
20251229,-1856.0319
20251229,-1857.7661
20251229,-1857.4005
20251229,-1857.0504
20251229,-1855.9841
20251229,-1854.6453
20251229,-1854.0429
20251230,-1853.5045
20251230,-1853.2142
20251230,-1852.7647
20251230,-1853.8437
20251230,-1854.9109
20251230,-1854.9811
20251230,-1854.5754
20251230,-1854.1282
20251230,-1855.1758
20251230,-1855.0041
20251230,-1856.441
20251230,-1856.0344
20251230,-1857.1294
20251230,-1856.2842
20251230,-1854.8151
20251231,-1855.8833
20251231,-1856.9408
20251231,-1856.7706
20251231,-1857.8238
20251231,-1857.6083
20251231,-1858.626
20251231,-1859.6725
20251231,-1860.8307
20251231,-1862.0674
20251231,-1861.6557
20251231,-1863.2637
20251231,-1864.349
20251231,-1866.164
20251231,-1867.51
20251231,-1869.0693
20251231,-1870.7698
20251231,-1869.9689
20251231,-1868.7968
20260102,-1869.8931
20260102,-1869.7737
20260102,-1870.8654
20260102,-1870.714
20260102,-1866.9086
20260102,-1866.9271
20260102,-1866.4572
20260102,-1865.5503
20260102,-1866.5729
20260102,-1865.6198
20260102,-1865.5376
20260102,-1865.5209
20260102,-1865.3573
20260102,-1866.4109
20260102,-1867.4801
20260102,-1866.1513
20260105,-1866.1357
20260105,-1867.1916
20260105,-1867.4257
20260105,-1867.0712
20260105,-1866.5949
20260106,-1867.6131
20260106,-1866.3855
20260106,-1865.8049
20260106,-1864.6076
20260106,-1864.27
20260106,-1865.2994
20260106,-1866.3441
20260106,-1866.2874
20260106,-1867.3957
20260106,-1867.1374
20260106,-1868.2955
20260106,-1867.8342
20260106,-1865.7434
20260106,-1865.3905
20260106,-1865.0835
20260106,-1866.3861
20260106,-1864.6544
20260106,-1863.4389
20260106,-1862.6731
20260106,-1862.2211
20260106,-1863.3853
20260106,-1864.5196
20260107,-1864.2969
20260107,-1864.0823
20260107,-1865.1123
20260107,-1866.1399
20260107,-1867.2143
20260107,-1868.2855
20260107,-1869.364
20260107,-1867.8145
20260107,-1867.1601
20260107,-1868.3005
20260107,-1868.1982
20260108,-1867.1926
20260108,-1866.2437
20260108,-1866.0426
20260108,-1865.9231
20260108,-1865.253
20260108,-1862.8277
20260108,-1864.3125
20260108,-1865.7263
20260108,-1867.1604
20260108,-1868.2967
20260108,-1869.3433
20260108,-1869.4425
20260109,-1869.4272
20260109,-1869.2866
20260109,-1870.33
20260109,-1870.355
20260109,-1869.9269
20260109,-1869.6681
20260109,-1870.7024
20260109,-1871.7573
20260109,-1871.3464
20260109,-1869.5246
20260109,-1869.1367
20260109,-1870.1914
20260109,-1868.7577
20260109,-1869.8295
20260109,-1869.7958
20260112,-1870.8133
20260112,-1870.8715
20260112,-1871.0961
20260112,-1872.1437
20260112,-1869.7936
20260112,-1869.0035
20260112,-1868.524
20260112,-1869.6181
20260112,-1869.4432
20260112,-1870.5004
20260112,-1870.0348
20260112,-1871.1235
20260112,-1872.4514
20260112,-1872.0887
20260113,-1871.4579
20260113,-1872.4923
20260113,-1872.1343
20260113,-1871.659
20260113,-1871.4252
20260113,-1872.4521
20260113,-1873.4739
20260113,-1873.0807
20260113,-1870.4798
20260113,-1871.6993
20260113,-1872.9318
20260113,-1872.5296
20260113,-1873.6675
20260113,-1873.1937
20260113,-1872.7831
20260113,-1872.1834
20260114,-1873.1897
20260114,-1874.2751
20260114,-1872.9553
20260114,-1873.9793
20260114,-1873.8103
20260114,-1873.3339
20260114,-1873.0767
20260114,-1872.5731
20260114,-1871.6097
20260114,-1869.8393
20260114,-1870.9058
20260114,-1871.9522
20260114,-1871.475
20260114,-1871.1342
20260114,-1872.1812
20260114,-1871.8257
20260115,-1871.7217
20260115,-1872.7282
20260115,-1871.695
20260115,-1871.2163
20260115,-1871.2428
20260115,-1872.292
20260115,-1873.323
20260115,-1874.3501
20260115,-1875.3722
20260115,-1876.3945
20260115,-1875.9696
20260115,-1877.0014
20260115,-1878.0509
20260115,-1879.0845
20260115,-1880.1181
20260115,-1879.6893
20260115,-1880.7637
20260115,-1880.2906
20260115,-1881.3358
20260115,-1880.1193
20260116,-1879.8716
20260116,-1880.9314
20260116,-1880.3468
20260116,-1881.3944
20260116,-1881.3032
20260116,-1882.3629
20260116,-1883.4271
20260116,-1883.0239
20260116,-1884.4788
20260116,-1885.7458
20260116,-1886.996
20260116,-1888.0843
20260116,-1887.9961
20260120,-1886.936
20260120,-1886.034
20260120,-1887.0485
20260120,-1886.5519
20260120,-1887.5618
20260120,-1888.5807
20260120,-1888.2714
20260120,-1888.1412
20260120,-1887.2344
20260120,-1886.4325
20260120,-1887.4905
20260120,-1888.5244
20260120,-1888.0477
20260120,-1886.7546
20260120,-1886.2996
20260120,-1885.8111
20260120,-1884.5906
20260120,-1881.9
20260120,-1881.2832
20260121,-1879.8238
20260121,-1879.2701
20260121,-1877.5059
20260121,-1877.0137
20260121,-1876.5232
20260121,-1876.0317
20260121,-1877.0696
20260121,-1878.1121
20260121,-1877.7327
20260121,-1878.8383
20260121,-1878.4388
20260121,-1879.4985
20260121,-1879.3889
20260121,-1879.2547
20260121,-1879.4189
20260121,-1880.5078
20260121,-1881.5966
20260122,-1881.2519
20260122,-1880.3927
20260122,-1881.4022
20260122,-1882.4169
20260122,-1881.9627
20260122,-1881.0805
20260122,-1882.1083
20260122,-1883.1466
20260122,-1883.1019
20260122,-1881.998
20260122,-1883.0771
20260122,-1884.1561
20260122,-1885.3024
20260122,-1884.7104
20260122,-1885.7789
20260123,-1885.3062
20260123,-1884.1716
20260123,-1883.7372
20260123,-1884.8022
20260123,-1884.1661
20260123,-1885.3296
20260123,-1886.4185
20260123,-1887.4416
20260123,-1888.7918
20260123,-1887.798
20260123,-1884.9684
20260123,-1886.0229
20260126,-1887.049
20260126,-1886.7695
20260126,-1886.7119
20260126,-1887.7892
20260126,-1888.8214
20260126,-1889.8388
20260126,-1890.8787
20260126,-1890.4388
20260126,-1891.5188
20260126,-1892.5934
20260126,-1893.8912
20260126,-1894.9656
20260126,-1894.557
20260126,-1895.6161
20260127,-1894.7068
20260127,-1894.2942
20260127,-1895.3511
20260127,-1895.3168
20260127,-1895.0364
20260127,-1896.0512
20260127,-1897.0676
20260127,-1898.1174
20260127,-1897.7905
20260127,-1898.8187
20260127,-1899.8267
20260127,-1900.9568
20260127,-1900.6001
20260127,-1901.6849
20260127,-1902.8169
20260127,-1902.3362
20260127,-1903.3663
20260127,-1902.9413
20260128,-1902.8204
20260128,-1903.8509
20260128,-1903.77
20260128,-1904.8003
20260128,-1905.8561
20260128,-1904.6189
20260128,-1903.5969
20260128,-1901.0743
20260128,-1902.2436
20260128,-1901.9445
20260128,-1902.9619
20260129,-1902.6465
20260129,-1903.6525
20260129,-1904.6701
20260129,-1904.415
20260129,-1903.9227
20260129,-1903.4286
20260129,-1904.4467
20260129,-1905.4619
20260129,-1904.0374
20260129,-1905.0818
20260129,-1905.0321
20260129,-1905.8888
20260129,-1907.0921
20260129,-1908.349
20260129,-1909.4346
20260129,-1910.5295
20260129,-1911.5724
20260129,-1911.5318
20260129,-1912.5531
20260129,-1912.3743
20260130,-1912.7787
20260130,-1913.802
20260130,-1913.3507
20260130,-1913.3003
20260130,-1914.3256
20260130,-1915.3474
20260130,-1914.8598
20260130,-1914.7505
20260130,-1915.7735
20260130,-1917.0005
20260130,-1918.1962
20260130,-1919.2399
20260130,-1920.263
20260130,-1921.4772
20260130,-1922.6345
20260130,-1923.6893
20260202,-1923.6906
20260202,-1923.6361
20260202,-1922.6306
20260202,-1923.6426
20260202,-1924.6516
20260202,-1921.0511
20260202,-1922.3848
20260202,-1921.9861
20260202,-1923.1223
20260202,-1922.6512
20260203,-1923.6771
20260203,-1923.3553
20260203,-1923.0982
20260203,-1923.0361
20260203,-1924.0453
20260203,-1923.55
20260203,-1923.4637
20260203,-1924.4761
20260203,-1923.9982
20260203,-1925.019
20260203,-1926.0556
20260203,-1925.6168
20260203,-1925.1422
20260204,-1926.1566
20260204,-1927.1677
20260204,-1928.1779
20260204,-1927.0945
20260204,-1927.0968
20260204,-1928.133
20260204,-1928.1315
20260204,-1929.1644
20260204,-1928.688
20260204,-1928.5955
20260204,-1928.1114
20260204,-1927.6282
20260204,-1927.1374
20260204,-1928.169
20260204,-1929.286
20260204,-1930.3233
20260204,-1929.8484
20260204,-1929.3629
20260204,-1928.8226
20260204,-1928.3384
20260204,-1927.8495
20260204,-1926.9905
20260204,-1926.8682
20260204,-1928.0725
20260204,-1927.4537
20260204,-1927.0117
20260205,-1925.2717
20260205,-1924.9063
20260205,-1924.5699
20260205,-1923.6881
20260205,-1922.7314
20260205,-1922.3989
20260205,-1922.4686
20260205,-1923.4782
20260205,-1924.5064
20260205,-1925.5251
20260205,-1924.8802
20260205,-1924.8102
20260205,-1925.8269
20260205,-1926.8318
20260205,-1927.8506
20260205,-1929.0649
20260205,-1928.7577
20260205,-1929.7845
20260205,-1930.8718
20260205,-1932.2101
20260205,-1933.5018
20260205,-1934.5199
20260206,-1935.5557
20260206,-1935.2062
20260206,-1934.9267
20260206,-1934.8721
20260206,-1935.8905
20260206,-1935.4395
20260206,-1935.3816
20260206,-1932.8485
20260206,-1933.9288
20260206,-1933.5087
20260206,-1931.3434
20260209,-1932.3508
20260209,-1931.6975
20260209,-1932.7276
20260209,-1932.238
20260209,-1931.424
20260209,-1931.0503
20260209,-1932.1272
20260209,-1933.3834
20260209,-1940.7425
20260209,-1940.824
20260209,-1939.8343
20260209,-1938.9265
20260209,-1940.0393
20260209,-1939.7285
20260209,-1939.2718
20260209,-1940.3217
20260210,-1941.3746
20260210,-1942.3861
20260210,-1943.3984
20260210,-1943.3717
20260210,-1943.098
20260210,-1944.1521
20260210,-1945.2777
20260210,-1945.2111
20260210,-1946.2914
20260210,-1947.4138
20260210,-1947.27
20260210,-1948.3414
20260210,-1948.0834
20260211,-1946.9309
20260211,-1946.6323
20260211,-1946.2124
20260211,-1946.2622
20260211,-1945.6324
20260211,-1945.1839
20260211,-1944.7746
20260211,-1944.3418
20260211,-1945.437
20260211,-1944.9856
20260211,-1946.0206
20260211,-1945.2423
20260211,-1944.7797
20260211,-1945.8655
20260211,-1948.2191
20260211,-1948.7676
20260211,-1948.2788
20260211,-1947.1434
20260211,-1948.2384
20260212,-1947.333
20260212,-1947.0121
20260212,-1948.0596
20260212,-1947.8828
20260212,-1947.8096
20260212,-1948.8265
20260212,-1947.8795
20260212,-1947.5202
20260212,-1947.046
20260212,-1946.6808
20260212,-1946.2748
20260212,-1945.9435
20260212,-1945.9101
20260212,-1944.7841
20260212,-1944.3134
20260212,-1943.3178
20260212,-1943.2513
20260212,-1944.2876
20260212,-1943.8634
20260212,-1944.9038
20260212,-1945.9623
20260212,-1946.9976
20260213,-1945.3379
20260213,-1944.8591
20260213,-1945.8992
20260213,-1946.9131
20260213,-1948.0594
20260213,-1949.1201
20260213,-1950.8992
20260213,-1952.0607
20260213,-1953.179
20260217,-1952.6834
20260217,-1952.5117
20260217,-1951.9328
20260217,-1952.9912
20260217,-1954.0055
20260217,-1955.0134
20260217,-1956.0284
20260217,-1957.0397
20260217,-1958.0888
20260217,-1959.1294
20260217,-1959.1502
20260217,-1960.2099
20260217,-1961.2663
20260218,-1960.0415
20260218,-1961.0505
20260218,-1960.4468
20260218,-1960.3508
20260218,-1960.3075
20260218,-1961.4534
20260218,-1962.5606
20260218,-1962.1806
20260218,-1963.9239
20260218,-1965.3233
20260218,-1964.9257
20260218,-1963.2446
20260218,-1962.0811
20260218,-1961.2068
20260219,-1960.3175
20260219,-1959.829
20260219,-1959.2174
20260219,-1958.7208
20260219,-1959.7498
20260219,-1959.369
20260219,-1960.4116
20260219,-1961.4546
20260219,-1961.4277
20260219,-1961.1451
20260219,-1962.178
20260219,-1961.6995
20260219,-1962.7248
20260219,-1961.9878
20260219,-1961.819
20260220,-1961.2257
20260220,-1961.2397
20260220,-1960.7609
20260220,-1959.3205
20260220,-1960.3441
20260220,-1961.3568
20260220,-1962.3738
20260220,-1961.9085
20260220,-1961.7192
20260220,-1961.2521
20260220,-1961.0637
20260220,-1960.5889
20260220,-1960.4094
20260220,-1961.5687
20260223,-1961.465
20260223,-1960.3331
20260223,-1960.2348
20260223,-1960.0846
20260223,-1961.1097
20260223,-1960.662
20260223,-1959.1768
20260223,-1957.615
20260223,-1956.635
20260223,-1956.1708
20260223,-1952.6036
20260223,-1951.3086
20260223,-1950.923
20260224,-1950.5038
20260224,-1951.5202
20260224,-1950.4116
20260224,-1950.1873
20260224,-1951.3274
20260224,-1952.7821
20260224,-1951.8812
20260224,-1952.9841
20260225,-1952.9449
20260225,-1952.3623
20260225,-1953.4069
20260225,-1952.7378
20260225,-1953.7675
20260225,-1952.7768
20260225,-1950.2557
20260225,-1949.7385
20260225,-1949.5879
20260225,-1948.8098
20260225,-1948.8476
20260225,-1949.9304
20260225,-1949.7973
20260226,-1950.8699
20260226,-1951.8786
20260226,-1952.8913
20260226,-1951.91
20260226,-1953.0895
20260226,-1952.5365
20260226,-1952.351
20260226,-1951.5131
20260226,-1951.0696
20260226,-1950.9068
20260226,-1951.9423
20260226,-1951.6008
20260226,-1957.1215
20260226,-1958.5332
20260226,-1959.7965
20260227,-1959.2459
20260227,-1958.9046
20260227,-1958.8567
20260227,-1959.8937
20260227,-1959.8523
20260227,-1960.8922
20260227,-1961.9156
20260227,-1961.4873
20260227,-1960.9203
20260227,-1961.9933
20260227,-1963.1883
20260227,-1962.2703
20260227,-1961.8262
20260227,-1961.7973
20260227,-1960.8026
20260227,-1961.9055
20260227,-1961.8228
20260227,-1961.3616
20260227,-1961.1393
20260302,-1960.9832
20260302,-1961.9994
20260303,-1961.7065
20260303,-1960.8009
20260303,-1961.8075
20260303,-1962.8338
20260303,-1963.8604
20260303,-1964.9186
20260303,-1965.955
20260303,-1965.4067
20260303,-1964.8271
20260303,-1964.2475
20260303,-1963.7873
20260303,-1963.7609
20260304,-1964.8195
20260304,-1965.8396
20260304,-1965.5398
20260304,-1966.5884
20260304,-1965.8501
20260304,-1965.325
20260304,-1964.841
20260304,-1965.9279
20260304,-1967.3103
20260304,-1969.803
20260304,-1968.7231
20260304,-1968.2473
20260304,-1968.0951
20260304,-1969.3544
20260304,-1968.9004
20260304,-1968.5516
20260304,-1968.3642
20260304,-1967.8997
20260304,-1969.0389
20260305,-1968.8704
20260305,-1968.7857
20260305,-1969.7963
20260305,-1970.0143
20260305,-1971.0251
20260305,-1972.042
20260305,-1973.076
20260305,-1972.7328
20260305,-1973.7404
20260305,-1973.6535
20260305,-1974.6763
20260305,-1974.193
20260305,-1975.2905
20260305,-1976.3292
20260305,-1975.988
20260305,-1977.0389
20260305,-1976.1634
20260305,-1977.3966
20260305,-1978.7857
20260305,-1979.9871
20260305,-1981.1811
20260306,-1982.2493
20260306,-1983.265
20260306,-1982.8493
20260306,-1983.876
20260306,-1983.4579
20260306,-1984.5005
20260306,-1984.5358
20260306,-1983.563
20260306,-1983.0914
20260306,-1982.6329
20260306,-1983.946
20260309,-1983.4136
20260309,-1982.9236
20260309,-1982.8048
20260309,-1982.6538
20260309,-1983.6924
20260309,-1983.5521
20260309,-1983.2419
20260309,-1984.2838
20260309,-1985.3192
20260309,-1986.3377
20260309,-1987.3569
20260309,-1988.3744
20260309,-1988.3024
20260309,-1987.8621
20260309,-1987.7364
20260309,-1986.7857
20260309,-1986.6723
20260309,-1986.3284
20260309,-1986.7903
20260310,-1986.3268
20260310,-1986.0165
20260310,-1987.1047
20260310,-1988.1332
20260310,-1987.829
20260310,-1988.8899
20260310,-1988.6655
20260310,-1989.6936
20260310,-1990.7275
20260310,-1991.7514
20260310,-1991.0707
20260311,-1990.8737
20260311,-1991.9052
20260311,-1991.4319
20260311,-1990.6576
20260311,-1991.6976
20260311,-1990.9739
20260311,-1992.1323
20260311,-1994.1323
20260311,-1993.2044
20260311,-1994.4113
20260311,-1992.4156
20260311,-1991.1993
20260311,-1992.5031
20260312,-1990.8586
20260312,-1991.9063
20260312,-1992.9572
20260312,-1992.4889
20260312,-1992.3787
20260312,-1993.4213
20260312,-1994.4563
20260312,-1995.5771
20260312,-1994.3936
20260312,-1995.4245
20260312,-1996.5162
20260312,-1996.5344
20260312,-1997.6874
20260312,-1998.8129
20260312,-1999.8833
20260312,-2000.922
20260312,-2000.44
20260312,-2001.8935
20260312,-2000.9379
20260312,-2000.5625
20260313,-2000.1949
20260313,-1999.7119
20260313,-1999.3406
20260313,-2000.3536
20260313,-1999.0081
20260313,-1998.7192
20260313,-1998.1063
20260313,-1997.9946
20260313,-1997.8459
20260313,-1997.4568
20260313,-1997.4457
20260313,-1996.9763
20260313,-1996.7864
20260313,-1997.9468
20260313,-1999.0959
20260313,-2000.2433
20260313,-1999.6908
20260313,-1999.261
20260313,-2001.9053
20260313,-2003.0223
20260313,-2001.9944
20260313,-2003.0066
20260313,-2002.4944
20260313,-2001.1856
20260316,-2002.224
20260316,-2002.2341
20260316,-2002.0955
20260316,-2003.1505
20260316,-2004.1881
20260316,-2003.7143
20260316,-2004.7576
20260316,-2005.8237
20260316,-2007.0822
20260316,-2006.7871
20260316,-2008.0965
20260317,-2007.9742
20260317,-2007.8864
20260317,-2008.9127
20260317,-2008.0301
20260317,-2007.5452
20260317,-2006.7525
20260317,-2006.7647
20260317,-2006.2818
20260317,-2005.8122
20260317,-2006.9097
20260317,-2008.2669
20260317,-2009.4631
20260318,-2008.432
20260318,-2009.4509
20260318,-2010.4982
20260318,-2011.5213
20260318,-2011.2142
20260318,-2012.2314
20260318,-2011.8339
20260318,-2011.1161
20260318,-2010.2572
20260318,-2009.61
20260318,-2010.6577
20260318,-2010.1883
20260318,-2009.7966
20260318,-2009.9602
20260318,-2010.6607
20260319,-2010.2105
20260319,-2010.0578
20260319,-2010.0085
20260319,-2008.6007
20260319,-2008.3324
20260319,-2007.8464
20260319,-2008.8752
20260319,-2008.4721
20260319,-2008.029
20260319,-2007.0286
20260319,-2008.0993
20260319,-2007.2639
20260320,-2005.9304
20260320,-2004.6216
20260320,-2004.4334
20260320,-2004.4111
20260320,-2004.1507
20260320,-2003.6271
20260320,-2003.3667
20260320,-2003.3099
20260320,-2004.435
20260320,-2003.994
20260320,-2005.0759
20260320,-2003.6154
20260320,-2004.7179
20260320,-2005.776
20260320,-2003.8091
20260320,-2003.5801
20260320,-2004.2663
20260323,-2004.0428
20260323,-2004.0564
20260323,-2003.7697
20260323,-2004.7984
20260323,-2004.7874
20260323,-2005.8121
20260323,-2006.8334
20260323,-2007.8434
20260323,-2007.4736
20260323,-2008.585
20260323,-2009.6049
20260323,-2010.6748
20260323,-2011.7593
20260324,-2011.5946
20260324,-2011.5444
20260324,-2011.2454
20260324,-2010.2669
20260324,-2010.1377
20260324,-2009.8014
20260324,-2009.1164
20260324,-2010.1368
20260324,-2009.71
20260324,-2009.1421
20260324,-2008.0878
20260324,-2007.2482
20260324,-2007.0603
20260324,-2008.0921
20260324,-2009.1207
20260324,-2008.7305
20260324,-2007.6674
20260324,-2006.5061
20260325,-2006.4007
20260325,-2006.356
20260325,-2005.6097
20260325,-2004.6147
20260325,-2005.6689
20260325,-2006.6837
20260325,-2006.2674
20260325,-2005.4894
20260325,-2006.6501
20260325,-2006.6076
20260325,-2008.2695
20260325,-2009.3117
20260325,-2010.4607
20260326,-2011.5016
20260326,-2011.0094
20260326,-2007.5339
20260326,-2007.4695
20260326,-2008.6164
20260326,-2008.2304
20260326,-2008.3102
20260326,-2009.3722
20260326,-2008.932
20260326,-2008.5958
20260326,-2008.1349
20260326,-2009.1637
20260326,-2010.3167
20260326,-2009.898
20260326,-2009.2287
20260326,-2010.4254
20260326,-2012.4255
20260326,-2013.5691
20260327,-2012.8175
20260327,-2012.3498
20260327,-2011.8607
20260327,-2011.3364
20260327,-2011.1553
20260327,-2010.6721
20260327,-2009.9394
20260327,-2010.9488
20260327,-2009.7635
20260327,-2010.7996
20260327,-2010.3315
20260327,-2011.3733
20260327,-2010.8545
20260327,-2011.8986
20260327,-2013.0608
20260327,-2014.1691
20260327,-2015.7438
20260327,-2016.801
20260327,-2016.2977
20260327,-2013.1448
20260327,-2012.9745
20260330,-2013.0139
20260330,-2014.0829
20260330,-2013.5947
20260330,-2013.507
20260330,-2011.8501
20260330,-2011.7262
20260330,-2012.7456
20260330,-2012.6383
20260330,-2012.0012
20260330,-2011.8661
20260330,-2011.5341
20260330,-2012.5668
20260330,-2011.3267
20260330,-2010.8451
20260330,-2008.6768
20260330,-2008.2109
20260330,-2007.9962
20260330,-2006.8846
20260330,-2006.6984
20260330,-2007.7628
20260330,-2009.2478
20260330,-2008.7143
20260330,-2009.8057
20260330,-2010.8425
20260330,-2010.0982
20260331,-2011.1205
20260331,-2009.7748
20260331,-2008.93
20260331,-2008.6593
20260331,-2008.5458
20260331,-2009.5793
20260331,-2009.411
20260331,-2008.9106
20260331,-2012.999
20260331,-2012.5981
20260331,-2013.6239
20260331,-2013.1501
20260331,-2012.9999
20260331,-2011.848
20260331,-2012.8973
20260331,-2012.9507
20260331,-2012.5108
20260401,-2011.9203
20260401,-2011.6771
20260401,-2010.6783
20260401,-2011.692
20260401,-2011.0905
20260401,-2012.1678
20260401,-2013.638
20260402,-2013.0322
20260402,-2012.2439
20260402,-2011.8744
20260402,-2011.8125
20260402,-2011.692
20260402,-2011.402
20260402,-2010.8568
20260402,-2010.607
20260402,-2010.2204
20260402,-2009.6368
20260402,-2008.7777
20260402,-2008.3522
20260402,-2008.1571
20260402,-2007.69
20260402,-2007.2182
20260402,-2006.4048
20260402,-2007.4388
20260402,-2008.4866
20260402,-2008.0266
20260402,-2007.7134
20260402,-2007.2913
20260406,-2007.2484
20260406,-2006.9634
20260406,-2006.5523
20260406,-2007.6606
20260406,-2008.9414
20260406,-2010.0515
20260406,-2009.5917
20260406,-2010.7092
20260406,-2012.0148
20260406,-2013.1119
20260407,-2012.6184
20260407,-2012.2183
20260407,-2013.2428
20260407,-2012.8085
20260407,-2012.1758
20260407,-2013.2028
20260407,-2012.7143
20260407,-2011.4214
20260407,-2012.4529
20260407,-2011.9976
20260407,-2011.5308
20260407,-2011.2339
20260407,-2009.2723
20260407,-2009.2812
20260407,-2009.2289
20260407,-2009.0644
20260407,-2010.1217
20260407,-2011.1947
20260408,-2011.1608
20260408,-2010.0981
20260408,-2009.6878
20260408,-2009.7127
20260408,-2008.5007
20260408,-2007.7946
20260408,-2007.3055
20260408,-2006.8963
20260409,-2007.905
20260409,-2008.9793
20260409,-2008.8525
20260409,-2008.1671
20260409,-2009.1874
20260409,-2008.1281
20260409,-2004.9504
20260409,-2004.7261
20260409,-2005.742
20260409,-2005.5416
20260409,-2006.5703
20260409,-2002.7412
20260409,-2002.3505
20260409,-2003.4879
20260409,-2002.1543
20260409,-2001.0115
20260410,-2001.5355
20260410,-2001.8202
20260410,-2002.3231
20260410,-2003.332
20260410,-2002.8512
20260410,-2003.873
20260410,-2004.9841
20260410,-2006.1349
20260410,-2007.7458
20260410,-2008.8983
20260410,-2010.1175
20260410,-2009.6525
20260410,-2010.7903
20260413,-2009.5003
20260413,-2008.3663
20260413,-2007.4075
20260413,-2006.7271
20260413,-2006.646
20260413,-2005.8703
20260413,-2005.7989
20260413,-2005.6243
20260413,-2006.6662
20260413,-2005.6324
20260413,-2005.1542
20260413,-2004.7103
20260413,-2006.4407
20260413,-2007.5358
20260413,-2008.5801
20260414,-2009.6002
20260414,-2010.6236
20260414,-2010.2701
20260414,-2007.8469
20260414,-2008.8657
20260414,-2007.0493
20260414,-2007.0493
20260414,-2008.1324
20260414,-2007.9014
20260414,-2009.1379
20260415,-2007.379
20260415,-2007.2999
20260415,-2008.3204
20260415,-2008.3229
20260415,-2005.8525
20260415,-2005.4009
20260415,-2001.5789
20260415,-2001.11
20260415,-2002.413
20260415,-2003.4758
20260415,-2004.6598
20260415,-2005.8496
20260415,-2004.3866
20260415,-2003.9237
20260415,-2003.5707
20260415,-2004.7507
20260415,-2007.388
20260416,-2006.7206
20260416,-2006.619
20260416,-2006.3347
20260416,-2006.2943
20260416,-2005.8322
20260416,-2005.3486
20260416,-2005.0555
20260416,-2004.6404
20260416,-2004.171
20260416,-2005.2256
20260416,-2006.2554
20260416,-2006.1649
20260416,-2007.217
20260416,-2008.2451
20260416,-2009.4521
20260416,-2010.659
20260417,-2010.1805
20260417,-2008.7535
20260417,-2008.5422
20260417,-2008.3089
20260417,-2009.3411
20260417,-2009.1802
20260417,-2008.7315
20260417,-2009.7606
20260417,-2009.0244
20260417,-2008.6113
20260417,-2008.1352
20260417,-2007.6428
20260417,-2007.1667
20260417,-2006.7144
20260417,-2006.2642
20260417,-2007.3225
20260417,-2008.4532
20260417,-2008.028
20260417,-2007.6194
20260420,-2007.574
20260420,-2007.5154
20260420,-2006.8589
20260420,-2007.8832
20260420,-2007.3982
20260420,-2008.465
20260420,-2009.5385
20260420,-2010.553
20260420,-2011.6144
20260420,-2012.6643
20260420,-2013.7114
20260420,-2014.8459
20260420,-2015.9793
20260420,-2013.9278
20260420,-2014.9556
20260420,-2016.1364
20260420,-2016.6478
20260421,-2017.6889
20260421,-2018.7149
20260421,-2019.7489
20260421,-2020.7633
20260421,-2021.8246
20260421,-2021.6338
20260421,-2022.6557
20260421,-2022.3329
20260421,-2022.0087
20260421,-2021.5841
20260421,-2020.3147
20260421,-2020.2358
20260421,-2019.8282
20260421,-2020.8714
20260421,-2024.9106
20260421,-2024.1207
20260421,-2023.6531
20260421,-2023.5992
20260421,-2023.1831
20260421,-2022.4812
20260421,-2021.2919
20260421,-2020.114
20260422,-2021.1486
20260422,-2022.2409
20260422,-2022.1084
20260422,-2020.8001
20260422,-2019.2513
20260422,-2017.8178
20260422,-2016.0088
20260422,-2017.0625
20260422,-2016.9082
20260422,-2016.2326
20260422,-2017.383
20260422,-2018.5208
20260422,-2019.75
20260422,-2021.2552
20260422,-2020.9946
20260423,-2020.5357
20260423,-2018.9894
20260423,-2020.0942
20260423,-2021.1428
20260423,-2020.3209
20260423,-2019.8914
20260423,-2020.9003
20260423,-2020.421
20260423,-2019.9313
20260423,-2021.0456
20260423,-2020.2268
20260423,-2019.8344
20260423,-2019.7732
20260423,-2019.2839
20260423,-2018.2514
20260423,-2019.2638
20260423,-2018.8466
20260424,-2017.8669
20260424,-2017.2073
20260424,-2016.8331
20260424,-2017.9205
20260424,-2018.9832
20260424,-2018.4982
20260424,-2017.855
20260424,-2018.8983
20260424,-2018.4738
20260424,-2017.9824
20260424,-2019.1667
20260424,-2020.2151
20260424,-2020.2297
20260424,-2020.241
20260424,-2021.3625
20260424,-2022.9172
20260427,-2022.8889
20260427,-2022.7494
20260427,-2023.7553
20260427,-2023.2655
20260427,-2023.0664
20260427,-2023.0256
20260427,-2024.0408
20260427,-2023.5769
20260427,-2024.6501
20260427,-2023.469
20260427,-2023.1089
20260427,-2023.2271
20260427,-2024.3041
20260427,-2022.2915
20260427,-2023.3455
20260427,-2024.4015
20260428,-2024.1185
20260428,-2023.6331
20260428,-2024.6535
20260428,-2025.6744
20260428,-2025.1907
20260428,-2026.2087
20260428,-2026.1073
20260428,-2027.1802
20260428,-2025.8014
20260428,-2025.4521
20260428,-2027.8176
20260428,-2028.4317
20260429,-2027.7498
20260429,-2026.977
20260429,-2026.0545
20260429,-2025.8403
20260429,-2025.8309
20260429,-2026.848
20260429,-2027.861
20260429,-2028.8752
20260429,-2028.4596
20260429,-2029.7458
20260429,-2027.7218
20260429,-2027.5739
20260429,-2025.9081
20260429,-2025.4618
20260429,-2024.9992
20260429,-2024.8664
20260429,-2025.9482
20260429,-2027.0186
20260429,-2028.6105
20260430,-2027.4206
20260430,-2028.4476
20260430,-2029.5439
20260430,-2030.5514
20260430,-2031.5633
20260430,-2031.2837
20260430,-2031.1364
20260430,-2030.9273
20260430,-2031.9525
20260430,-2031.7658
20260430,-2031.9621
20260430,-2030.8303
20260430,-2031.8727
20260501,-2031.3834
20260501,-2031.226
20260501,-2032.2533
20260501,-2033.2667
20260501,-2032.1865
20260501,-2031.9193
20260501,-2031.9354
20260501,-2031.5883
20260501,-2032.6042
20260501,-2031.4485
20260501,-2030.9719
20260501,-2029.7689
20260501,-2030.8261
20260501,-2029.9066
20260501,-2030.9791
20260504,-2030.9645
20260504,-2030.4695
20260504,-2030.3971
20260504,-2031.4664
20260504,-2032.4981
20260504,-2032.2458
20260504,-2033.2686
20260504,-2034.2945
20260504,-2034.9348
20260504,-2034.2256
20260504,-2033.4265
20260505,-2033.0926
20260505,-2032.5974
20260505,-2032.4101
20260505,-2032.1668
20260505,-2031.4766
20260505,-2030.3821
20260505,-2031.4133
20260505,-2030.9201
20260505,-2032.7561
20260505,-2033.865
20260505,-2035.0346
20260505,-2036.1456
20260505,-2035.6982
20260506,-2036.7306
20260506,-2035.7684
20260506,-2035.2934
20260506,-2036.3271
20260506,-2037.3552
20260506,-2038.3838
20260506,-2039.4073
20260506,-2040.4191
20260506,-2039.9778
20260506,-2039.5666
20260506,-2034.8463
20260506,-2034.5765
20260506,-2035.9924
20260506,-2035.5418
20260506,-2036.6462
20260507,-2036.0706
20260507,-2037.0883
20260507,-2036.6914
20260507,-2036.208
20260507,-2035.9356
20260507,-2035.4931
20260507,-2036.5186
20260507,-2037.5627
20260507,-2038.5892
20260507,-2038.2167
20260507,-2039.242
20260507,-2037.8247
20260507,-2036.3274
20260507,-2036.1613
20260507,-2037.1966
20260508,-2037.199
20260508,-2035.715
20260508,-2036.8068
20260508,-2037.8265
20260508,-2038.8395
20260508,-2038.3459
20260508,-2037.4725
20260508,-2038.5256
20260508,-2038.3176
20260508,-2038.1028
20260508,-2039.1166
20260508,-2039.1035
20260508,-2038.7332
20260508,-2038.2777
20260508,-2037.9799
20260508,-2037.6776
20260508,-2037.7017
20260511,-2037.2364
20260511,-2037.1156
20260511,-2038.1295
20260511,-2039.1744
20260511,-2040.2644
20260511,-2041.2867
20260511,-2040.7566
20260511,-2040.3242
20260511,-2041.3493
20260511,-2040.9077
20260511,-2042.0234
20260511,-2041.8885
20260511,-2042.9101
20260511,-2042.4373
20260512,-2043.4748
20260512,-2044.5183
20260512,-2042.8218
20260512,-2043.9471
20260512,-2044.0389
20260512,-2045.127
20260512,-2046.2198
20260513,-2047.2299
20260513,-2046.8775
20260513,-2046.6648
20260513,-2047.716
20260513,-2047.6491
20260513,-2048.6742
20260513,-2049.8418
20260513,-2049.3661
20260513,-2048.3249
20260513,-2047.2757
20260513,-2046.8608
20260513,-2046.763
20260513,-2046.3163
20260513,-2045.8472
20260513,-2046.9697
20260514,-2046.7207
20260514,-2047.7292
20260514,-2047.2398
20260514,-2046.7681
20260514,-2047.8349
20260514,-2048.879
20260514,-2048.1369
20260514,-2049.3771
20260514,-2050.3934
20260514,-2051.4287
20260514,-2052.4511
20260514,-2053.5452
20260514,-2050.9632
20260514,-2050.5697
20260514,-2049.8854
20260515,-2049.7193
20260515,-2049.6573
20260515,-2050.6678
20260515,-2049.7578
20260515,-2050.7677
20260515,-2050.8116
20260515,-2050.3493
20260515,-2050.023
20260515,-2049.085
20260515,-2050.1958
20260515,-2051.2464
20260515,-2052.3843
20260515,-2051.9558
20260518,-2052.988
20260518,-2052.0961
20260518,-2053.1104
20260518,-2052.8148
20260518,-2051.4504
20260518,-2052.4609
20260518,-2052.1338
20260518,-2051.8151
20260518,-2051.3674
20260518,-2051.2837
20260518,-2050.2409
20260518,-2050.9794
20260518,-2050.9588
20260518,-2051.9775
20260518,-2052.7039
20260518,-2052.1775
20260518,-2051.8536
20260518,-2051.1474
20260518,-2050.6539
20260518,-2050.3794
20260519,-2049.8993
20260519,-2049.4025
20260519,-2050.424
20260519,-2050.0973
20260519,-2050.0487
20260519,-2051.084
20260519,-2052.1424
20260519,-2053.2563
20260519,-2054.2954
20260519,-2055.454
20260519,-2056.6128
20260519,-2057.8772
20260519,-2057.4868
20260519,-2055.7635
20260519,-2056.336
20260520,-2056.1361
20260520,-2055.582
20260520,-2056.614
20260520,-2057.6896
20260520,-2058.7419
20260520,-2058.3469
20260520,-2057.9482
20260520,-2056.9202
20260520,-2056.4636
20260520,-2055.369
20260520,-2056.6169
20260520,-2056.1399
20260521,-2056.0419
20260521,-2057.0586
20260521,-2056.2396
20260521,-2057.2765
20260521,-2058.3091
20260521,-2058.1176
20260521,-2058.0183
20260521,-2059.026
20260521,-2058.7928
20260521,-2059.8934
20260521,-2059.6714
20260521,-2060.6839
20260521,-2060.8436
20260521,-2064.5181
20260521,-2065.6579
20260521,-2064.4255
20260521,-2063.977
20260521,-2063.3239
20260521,-2064.3672
20260521,-2063.0943
20260521,-2064.2166
20260522,-2064.1295
20260522,-2065.1783
20260522,-2066.2334
20260522,-2065.9195
20260522,-2065.4882
20260522,-2065.3231
20260522,-2065.193
20260522,-2066.273
20260522,-2065.8263
20260522,-2065.0621
20260522,-2064.5972
20260522,-2063.5983
20260522,-2063.1594
20260522,-2064.2046
20260522,-2065.2427
20260522,-2066.2795
20260522,-2067.3807
20260522,-2068.4101
20260522,-2069.4415
20260522,-2070.6003
20260526,-2071.6624
20260526,-2071.1778
20260526,-2070.7089
20260526,-2070.2195
20260526,-2070.4748
20260526,-2071.488
20260526,-2071.2622
20260526,-2072.3245
20260526,-2073.3537
20260526,-2074.3604
20260526,-2073.9281
20260526,-2073.4398
20260526,-2074.457
20260526,-2075.5877
20260526,-2075.1428
20260526,-2074.64
20260527,-2075.6668
20260527,-2076.7008
20260527,-2077.7108
20260527,-2077.2364
20260527,-2076.763
20260527,-2076.6002
20260527,-2076.1832
20260527,-2077.2877
20260527,-2075.8477
20260527,-2074.9926
20260527,-2076.0688
20260527,-2075.266
20260528,-2076.3265
20260528,-2076.0755
20260528,-2077.1154
20260528,-2076.8864
20260528,-2076.5996
20260528,-2076.8999
20260528,-2076.7293
20260528,-2076.3936
20260528,-2075.2991
20260528,-2074.7691
20260528,-2073.7853
20260528,-2074.7939
20260528,-2076.3472
20260528,-2073.39
20260528,-2074.5569
20260528,-2074.5919
20260528,-2075.6463
20260528,-2075.2497
20260528,-2076.4077
20260528,-2076.0187
20260528,-2074.5738
20260529,-2075.6254
20260529,-2076.6372
20260529,-2076.5277
20260529,-2075.8771
20260529,-2076.9068
20260529,-2075.8367
20260529,-2075.6798
20260529,-2074.7165
20260529,-2074.3029
20260529,-2075.3711
20260529,-2076.7343
20260529,-2077.9522
20260529,-2079.1178
20260529,-2079.0892
20260529,-2080.3702
20260601,-2080.3069
20260601,-2081.3221
20260601,-2080.3058
20260601,-2081.388
20260601,-2081.028
20260601,-2080.7524
20260601,-2081.7738
20260601,-2081.2872
20260601,-2080.7985
20260601,-2081.3719
20260601,-2080.8925
20260601,-2081.9139
20260601,-2082.927
20260601,-2082.5214
20260601,-2083.6615
20260601,-2083.2408
20260601,-2084.258
20260601,-2084.6731
20260601,-2084.4864
20260602,-2084.4268
20260602,-2085.4407
20260602,-2084.9124
20260602,-2084.6296
20260602,-2085.6845
20260602,-2085.1902
20260602,-2084.7035
20260602,-2084.3099
20260602,-2083.8434
20260602,-2081.7742
20260602,-2083.7872
20260602,-2084.8177
20260602,-2083.5256
20260602,-2084.6772
20260602,-2084.3194
20260602,-2085.5318
20260602,-2086.722
20260603,-2086.6052
20260603,-2085.8656
20260603,-2084.4165
20260603,-2085.4562
20260603,-2085.0218
20260603,-2083.5251
20260603,-2084.5501
20260603,-2084.1031
20260603,-2082.9743
20260603,-2084.7323
20260603,-2085.7898
20260603,-2086.8797
20260603,-2090.4762
20260603,-2089.3842
20260603,-2090.3963
20260603,-2089.9429
20260603,-2091.5515
20260604,-2090.3383
20260604,-2088.2255
20260604,-2087.806
20260604,-2087.1535
20260604,-2086.695
20260604,-2087.8846
20260604,-2087.1089
20260604,-2088.1216
20260604,-2087.0357
20260604,-2086.2011
20260604,-2087.2815
20260605,-2087.2317
20260605,-2086.9885
20260605,-2085.1442
20260605,-2084.8119
20260605,-2084.771
20260605,-2084.375
20260605,-2085.3897
20260605,-2084.3834
20260605,-2085.4058
20260605,-2083.53
20260605,-2083.1512
20260605,-2082.7244
20260605,-2083.8308
20260605,-2084.0297
20260605,-2085.2897
20260605,-2084.8257
20260608,-2084.7543
20260608,-2085.762
20260608,-2086.768
20260608,-2087.7782
20260608,-2087.6348
20260608,-2088.6419
20260608,-2088.3185
20260608,-2089.3636
20260608,-2088.8769
20260608,-2087.6327
20260608,-2088.675
20260608,-2089.7416
20260608,-2086.3751
20260608,-2085.4468
20260608,-2086.5258
20260609,-2085.2851
20260609,-2084.2916
20260609,-2084.2626
20260609,-2084.2627
20260609,-2083.8191
20260609,-2083.583
20260609,-2083.3041
20260609,-2083.2462
20260609,-2082.7741
20260609,-2082.7073
20260609,-2081.0504
20260609,-2080.6977
20260609,-2079.8537
20260609,-2079.4418
20260609,-2078.9575
20260609,-2080.0147
20260609,-2079.7455
20260609,-2079.4799
20260609,-2080.5677
20260609,-2080.0893
20260609,-2079.8163
20260609,-2079.3463
20260610,-2078.8221
20260610,-2078.7109
20260610,-2079.7167
20260610,-2080.7229
20260610,-2079.8558
20260610,-2079.0394
20260610,-2078.8875
20260610,-2078.4144
20260610,-2077.9367
20260610,-2077.6091
20260610,-2078.6444
20260610,-2078.4504
20260610,-2078.0275
20260610,-2076.7411
20260610,-2076.2501
20260610,-2075.6136
20260610,-2075.1598
20260610,-2076.2074
20260610,-2077.3092
20260610,-2076.8269
20260610,-2077.8904
20260610,-2079.5037
20260611,-2080.5191
20260611,-2080.0264
20260611,-2081.0403
20260611,-2080.5509
20260611,-2080.4935
20260611,-2080.2892
20260611,-2081.3411
20260611,-2082.5474
20260611,-2081.8946
20260611,-2082.437
20260611,-2083.451
20260611,-2083.4113
20260612,-2083.3657
20260612,-2084.3731
20260612,-2085.3902
20260612,-2084.9114
20260612,-2084.7011
20260612,-2083.6584
20260612,-2083.2192
20260612,-2083.958
20260612,-2087.8379
20260612,-2089.0317
20260612,-2090.166
20260612,-2091.2755
20260612,-2092.3103
20260615,-2093.3756
20260615,-2092.7846
20260615,-2093.7911
20260615,-2093.4817
20260615,-2092.3616
20260615,-2091.947
20260615,-2092.9943
20260615,-2094.0556
20260615,-2095.0715
20260615,-2096.472
20260615,-2096.2076
20260615,-2097.6724
20260615,-2096.9865
20260616,-2098.0272
20260616,-2097.8182
20260616,-2097.7005
20260616,-2098.7121
20260616,-2099.7406
20260616,-2099.2993
20260616,-2100.3453
20260616,-2100.0747
20260616,-2099.6429
20260616,-2100.7056
20260616,-2101.7469
20260616,-2102.8223
20260616,-2103.9036
20260616,-2104.954
20260616,-2105.9974
20260616,-2107.0584
20260616,-2105.8857
20260616,-2105.6356
20260616,-2105.1818
20260617,-2105.09
20260617,-2106.1634
20260617,-2105.6691
20260617,-2106.7072
20260617,-2106.2248
20260617,-2106.1705
20260617,-2107.2403
20260617,-2108.318
20260617,-2109.3506
20260617,-2108.8701
20260617,-2109.9405
20260617,-2109.5028
20260617,-2110.6172
20260617,-2111.8687
20260617,-2111.8721
20260617,-2111.5004
20260617,-2110.2811
20260617,-2110.1148
20260617,-2111.2031
20260617,-2112.263
20260617,-2111.8223
20260618,-2112.8292
20260618,-2112.5266
20260618,-2112.176
20260618,-2113.2225
20260618,-2114.2316
20260618,-2113.8866
20260618,-2113.4792
20260618,-2114.5198
20260622,-2115.5468
20260622,-2116.5517
20260622,-2116.3529
20260622,-2115.1394
20260622,-2116.1577
20260622,-2114.1532
20260622,-2113.8921
20260622,-2113.7873
20260622,-2111.9169
20260622,-2112.9547
20260622,-2113.9696
20260622,-2113.6212
20260622,-2112.5496
20260622,-2113.6269
20260623,-2114.6426
20260623,-2114.4484
20260623,-2114.7335
20260623,-2114.1083
20260623,-2113.6106
20260623,-2112.6332
20260623,-2112.0929
20260623,-2113.1711
20260623,-2112.813
20260623,-2113.8357
20260623,-2114.8797
20260623,-2114.6943
20260623,-2114.612
20260624,-2115.6239
20260624,-2116.6952
20260624,-2115.6257
20260624,-2115.6289
20260624,-2114.4754
20260624,-2115.5778
20260624,-2114.9573
20260624,-2113.9673
20260624,-2114.9962
20260624,-2114.2742
20260624,-2115.2963
20260624,-2116.3154
20260624,-2117.3749
20260624,-2118.413
20260624,-2119.4965
20260624,-2118.4528
20260625,-2118.4441
20260625,-2118.29
20260625,-2119.3007
20260625,-2118.802
20260625,-2118.4206
20260625,-2118.2681
20260625,-2117.8499
20260625,-2118.8617
20260625,-2118.4103
20260625,-2119.4311
20260625,-2118.9446
20260625,-2118.6547
20260625,-2119.6809
20260625,-2120.7302
20260625,-2121.7533
20260625,-2122.773
20260625,-2122.1681
20260625,-2121.6956
20260625,-2121.3518
20260625,-2120.4705
20260625,-2120.0748
20260626,-2119.3653
20260626,-2119.4533
20260626,-2119.3652
20260626,-2119.0191
20260626,-2118.967
20260626,-2118.4806
20260626,-2119.5341
20260629,-2119.2471
20260629,-2119.234
20260629,-2119.0471
20260629,-2118.5262
20260629,-2118.4759
20260629,-2118.245
20260629,-2118.1418
20260629,-2119.1691
20260629,-2120.1824
20260629,-2119.8403
20260629,-2120.8581
20260629,-2120.5898
20260629,-2121.6236
20260629,-2121.3026
20260629,-2122.7151
20260629,-2123.7735
20260629,-2124.9126
20260629,-2126.0114
20260629,-2124.873
20260630,-2124.5095
20260630,-2123.968
20260630,-2124.975
20260630,-2123.7399
20260630,-2124.7853
20260630,-2124.6811
20260630,-2124.4483
20260630,-2125.4815
20260630,-2124.7847
20260630,-2124.4827
20260630,-2124.389
20260630,-2124.2411
20260701,-2124.2278
20260701,-2124.9746
20260701,-2124.7311
20260701,-2124.2394
20260701,-2123.3061
20260701,-2123.2546
20260701,-2124.9343
20260701,-2126.0158
20260701,-2125.115
20260701,-2124.6348
20260701,-2125.6581
20260701,-2126.914
20260701,-2128.1676
20260702,-2129.2131
20260702,-2128.7976
20260702,-2128.8111
20260702,-2126.8758
20260702,-2126.8911
20260702,-2127.9086
20260702,-2127.2489
20260702,-2128.2966
20260702,-2129.3161
20260702,-2129.187
20260702,-2130.3473
20260702,-2131.3758
20260702,-2132.4008
20260702,-2133.6064
20260702,-2133.1875
20260702,-2134.2222
20260702,-2133.7934
20260706,-2133.7401
20260706,-2133.4645
20260706,-2134.5296
20260706,-2133.8775
20260706,-2134.8888
20260706,-2134.0207
20260706,-2133.1438
20260706,-2134.1908
20260706,-2133.7276
20260706,-2134.7375
20260706,-2134.6429
20260706,-2136.3421
20260707,-2136.3099
20260707,-2135.8147
20260707,-2135.7796
20260707,-2135.6173
20260707,-2135.122
20260707,-2134.6329
20260707,-2135.659
20260707,-2135.2441
20260707,-2136.5847
20260707,-2137.6264
20260707,-2137.522
20260707,-2137.1125
20260707,-2136.7899
20260707,-2136.5284
20260707,-2136.2901
20260707,-2135.9053
20260707,-2137.0502
20260708,-2138.1155
20260708,-2137.8483
20260708,-2138.8597
20260708,-2138.669
20260708,-2138.221
20260708,-2137.7526
20260708,-2137.2758
20260708,-2138.3056
20260708,-2139.3151
20260708,-2140.4259
20260708,-2139.3722
20260708,-2139.4154
20260708,-2139.0148
20260708,-2140.0948
20260708,-2141.1558
20260709,-2142.1862
20260709,-2141.7098
20260709,-2141.1348
20260709,-2141.051
20260709,-2139.6072
20260709,-2140.6278
20260709,-2140.154
20260709,-2142.0532
20260710,-2141.8077
20260710,-2141.5732
20260710,-2141.1342
20260710,-2140.9346
20260710,-2141.2311
20260710,-2141.0413
20260710,-2140.4025
20260710,-2140.2638
20260710,-2139.9606
20260710,-2141.0076
20260710,-2140.3226
20260710,-2141.3597
20260710,-2142.4132
20260710,-2142.2989
20260710,-2141.9327
20260710,-2141.6789
20260710,-2141.3102
20260710,-2141.0781
20260710,-2141.0782
20260710,-2143.5549
20260710,-2144.6362
20260713,-2145.658
20260713,-2146.7229
20260713,-2145.5129
20260713,-2144.809
20260713,-2143.7963
20260713,-2144.8259
20260713,-2144.3467
20260713,-2145.4171
20260713,-2144.9328
20260713,-2144.4484
20260713,-2144.3045
20260713,-2145.3304
20260713,-2144.6363
20260713,-2143.5077
20260714,-2143.3761
20260714,-2143.124
20260714,-2142.8701
20260714,-2143.9061
20260714,-2144.9804
20260714,-2144.4918
20260714,-2145.5041
20260714,-2146.5155
20260714,-2147.6009
20260714,-2148.6574
20260714,-2148.704
20260714,-2148.2199
20260714,-2146.753
20260714,-2147.8378
20260714,-2147.6185
20260715,-2147.5044
20260715,-2148.5382
20260715,-2148.2642
20260715,-2149.2972
20260715,-2150.3111
20260715,-2150.2885
20260715,-2151.314
20260715,-2151.1967
20260715,-2150.2011
20260715,-2149.4119
20260715,-2150.4958
20260715,-2151.6607
20260715,-2152.9879
20260715,-2154.0569
20260715,-2155.1612
20260715,-2155.0524
20260715,-2156.1366
20260715,-2155.7894
20260715,-2155.4708
20260715,-2156.7843
20260715,-2156.7924
20260715,-2155.7126
20260715,-2155.7072
20260715,-2156.7902
20260716,-2157.799
20260716,-2158.816
20260716,-2159.8202
20260716,-2160.8327
20260716,-2161.9471
20260716,-2163.2287
20260716,-2162.5268
20260716,-2162.6153
20260716,-2162.1804
20260716,-2160.5506
20260716,-2159.8403
20260716,-2159.6837
20260716,-2159.4114
20260716,-2157.781
20260716,-2156.6413
20260717,-2156.3076
20260717,-2156.0047
20260717,-2157.0514
20260717,-2157.0133
20260717,-2156.5214
20260717,-2156.3818
20260720,-2154.9534
20260720,-2154.5118
20260720,-2153.9576
20260720,-2153.5866
20260720,-2152.9754
20260720,-2152.622
20260720,-2152.1313
20260720,-2153.1647
20260720,-2152.6862
20260720,-2152.0973
20260720,-2150.7869
20260720,-2150.7864
20260720,-2150.2939
20260720,-2151.307
20260720,-2151.0084
20260720,-2150.5135
20260720,-2151.745
20260720,-2151.28
20260720,-2150.0215
20260720,-2151.5389
20260720,-2150.8542
20260720,-2150.3923
20260720,-2151.4407
20260720,-2149.8998
20260721,-2149.4052
20260721,-2150.4216
20260721,-2149.9572
20260721,-2149.1106
20260721,-2149.088
20260721,-2147.9205
20260721,-2146.9821
20260721,-2146.8703
20260721,-2145.9285
20260721,-2144.7845
20260721,-2146.0794
20260721,-2145.1776
20260722,-2144.5511
20260722,-2143.9989
20260722,-2145.0238
20260722,-2144.8747
20260722,-2145.9043
20260722,-2145.8695
20260722,-2145.4335
20260722,-2146.5107
20260722,-2145.2204
20260722,-2146.311
20260722,-2145.0681
20260722,-2146.1008
20260722,-2145.5324
20260722,-2146.5747
20260722,-2147.6264
20260722,-2148.8536
20260722,-2150.1233
20260722,-2151.3197
20260722,-2152.3615
20260722,-2151.8856
20260722,-2149.2301
20260723,-2148.737
20260723,-2147.8073
20260723,-2147.762
20260723,-2147.4215
20260723,-2148.4646
20260723,-2149.5056
20260723,-2149.0462
20260723,-2147.0939
20260723,-2148.232
20260723,-2149.2392
20260723,-2150.2722
20260723,-2151.337
20260723,-2151.0206
20260724,-2152.046
20260724,-2151.1532
20260724,-2151.1792
20260724,-2151.1106
20260724,-2149.7986
20260724,-2149.7405
20260724,-2150.7704
20260724,-2150.6159
20260724,-2148.6253
20260724,-2149.6889
20260724,-2149.4649
20260724,-2150.5122
20260724,-2151.5424
20260724,-2152.62
20260724,-2154.3712
20260724,-2155.5681
20260724,-2154.5651
20260724,-2154.0472
20260724,-2153.6575
20260724,-2155.0761
20260724,-2156.8335
20260724,-2158.0296
20260727,-2157.7759
20260727,-2157.274
20260727,-2156.4027
20260727,-2155.7424
20260727,-2155.5446
20260727,-2155.3354
20260727,-2154.2259
20260727,-2153.367
20260727,-2152.8822
20260727,-2152.1079
20260727,-2151.7966
20260727,-2151.6293
20260727,-2152.664
20260727,-2152.1768
20260727,-2151.6936
20260727,-2151.2007
20260727,-2150.4831
20260727,-2151.8595
20260727,-2151.4151
20260728,-2151.0318
20260728,-2150.5417
20260728,-2150.0556
20260728,-2149.5955
20260728,-2150.6426
20260728,-2151.6697
20260728,-2152.7024
20260728,-2152.2138
20260728,-2151.7329
20260728,-2152.7454
20260728,-2152.2491
20260728,-2153.2773
20260728,-2154.2912
20260728,-2153.8394
20260728,-2153.3557
20260728,-2152.9049
20260728,-2152.6642
20260728,-2152.6374
20260728,-2152.0626
20260728,-2153.1965
20260728,-2152.912
20260728,-2153.9422
20260728,-2153.5628
20260728,-2153.0813
20260729,-2152.6938
20260729,-2151.2588
20260729,-2150.4984
20260729,-2150.4981
20260729,-2150.4718
20260729,-2151.493
20260729,-2151.2198
20260729,-2151.1849
20260729,-2152.2645
20260729,-2153.3027
20260729,-2154.3237
20260729,-2155.3501
20260729,-2155.0552
20260729,-2154.5848
20260729,-2154.1346
20260729,-2155.2334
20260729,-2156.5098
20260729,-2156.0359
20260729,-2155.3739
20260729,-2156.4087
20260729,-2156.0017
20260729,-2157.0716
20260729,-2156.6226
20260729,-2157.6837
20260730,-2157.7488
20260730,-2157.6175
20260730,-2158.6501
20260730,-2159.7032
20260730,-2160.7807
20260730,-2160.2916
20260730,-2159.8521
20260730,-2159.3522
20260730,-2160.4654
20260731,-2161.5073
20260731,-2161.2949
20260731,-2161.2101
20260731,-2161.5552
20260731,-2161.3603
20260731,-2162.3703
20260731,-2162.2084
20260731,-2161.7394
20260731,-2161.7008
20260731,-2162.7927
20260731,-2163.8095
20260731,-2164.821
20260731,-2163.9468
20260731,-2163.5089
20260731,-2163.0514
20260731,-2164.1732
20260731,-2165.3376
20260731,-2164.7287
20260803,-2164.3956
20260803,-2165.4195
20260803,-2164.3653
20260803,-2165.3961
20260803,-2164.8076
20260803,-2163.9297
20260803,-2163.6286
20260803,-2164.6969
20260803,-2164.2954
20260803,-2163.0051
20260803,-2162.907
20260803,-2164.1484
20260803,-2162.5702
20260803,-2163.6068
20260804,-2158.7071
20260804,-2156.9116
20260804,-2156.7264
20260804,-2155.0664
20260804,-2153.0616
20260804,-2153.057
20260804,-2152.891
20260804,-2152.4378
20260804,-2153.448
20260804,-2152.8188
20260804,-2151.7864
20260804,-2151.4905
20260804,-2152.616
20260804,-2153.6431
20260804,-2153.6962
20260804,-2154.7251
20260804,-2156.4357
20260804,-2157.1324
20260805,-2158.1887
20260805,-2159.2158
20260805,-2160.2589
20260805,-2161.3633
20260805,-2162.4056
20260805,-2163.4297
20260805,-2164.4557
20260805,-2164.3942
20260805,-2165.4222
20260805,-2166.4724
20260805,-2166.1297
20260806,-2166.1267
20260806,-2166.0671
20260806,-2165.5756
20260806,-2165.5708
20260806,-2164.7387
20260806,-2164.0486
20260806,-2163.6946
20260806,-2164.8401
20260806,-2164.5103
20260806,-2163.7562
20260806,-2164.8264
20260806,-2165.8887
20260806,-2165.952
20260807,-2164.1628
20260807,-2163.4609
20260807,-2163.277
20260807,-2164.2947
20260807,-2164.2117
20260807,-2165.3305
20260807,-2166.3843
20260807,-2167.5037
20260807,-2167.0523
20260807,-2168.1585
20260810,-2168.1321
20260810,-2169.1452
20260810,-2168.66
20260810,-2167.9757
20260810,-2169.0035
20260810,-2168.5167
20260810,-2167.1761
20260810,-2166.8655
20260810,-2167.9189
20260810,-2168.0363
20260810,-2169.2505
20260810,-2168.86
20260810,-2170.0517
20260810,-2169.8754
20260810,-2166.7478
20260811,-2166.5636
20260811,-2167.6372
20260811,-2167.4828
20260811,-2167.5139
20260811,-2168.7155
20260811,-2168.4093
20260811,-2167.7423
20260811,-2167.6389
20260811,-2166.0041
20260811,-2167.0464
20260811,-2168.0648
20260811,-2167.49
20260811,-2168.628
20260811,-2168.4209
20260811,-2168.2352
20260811,-2167.796
20260811,-2167.7599
20260811,-2167.2911
20260811,-2168.3379
20260811,-2169.7293
20260811,-2169.2564
20260812,-2168.6623
20260812,-2168.1265
20260812,-2167.6858
20260812,-2168.781
20260812,-2169.8001
20260812,-2169.7464
20260812,-2169.0053
20260812,-2168.5177
20260812,-2168.2908
20260812,-2167.8211
20260812,-2168.8895
20260812,-2169.9514
20260812,-2167.7406
20260812,-2168.7708
20260812,-2169.8215
20260812,-2168.3454
20260812,-2169.3993
20260812,-2169.9233
20260812,-2171.8305
20260813,-2171.5504
20260813,-2171.4098
20260813,-2171.5502
20260813,-2170.838
20260813,-2170.7348
20260813,-2170.4891
20260813,-2171.5754
20260813,-2172.6154
20260813,-2171.6172
20260813,-2169.7715
20260813,-2169.2561
20260813,-2170.4867
20260813,-2171.5568
20260814,-2171.0868
20260814,-2170.4208
20260814,-2171.5417
20260814,-2171.0495
20260814,-2172.1291
20260814,-2173.168
20260814,-2174.1878
20260814,-2173.0578
20260814,-2172.7258
20260814,-2173.8962
20260817,-2173.3866
20260817,-2174.416
20260817,-2175.4258
20260817,-2174.9611
20260817,-2174.4845
20260817,-2174.4049
20260817,-2175.7148
20260817,-2175.2599
20260817,-2176.38
20260817,-2176.3882
20260817,-2176.1284
20260818,-2175.856
20260818,-2175.4214
20260818,-2174.9182
20260818,-2175.934
20260818,-2175.4
20260818,-2175.3613
20260818,-2176.3958
20260818,-2177.7496
20260818,-2177.4426
20260818,-2178.9377
20260818,-2180.0741
20260818,-2181.1285
20260818,-2180.7516
20260818,-2180.7301
20260819,-2181.778
20260819,-2181.0703
20260819,-2181.0301
20260819,-2182.0494
20260819,-2181.4999
20260819,-2181.0192
20260819,-2180.9565
20260819,-2180.8989
20260819,-2181.9552
20260819,-2182.9811
20260819,-2182.9314
20260819,-2183.974
20260819,-2184.9866
20260819,-2182.7641
20260819,-2181.4195
20260819,-2181.3481
20260819,-2182.4949
20260819,-2183.6506
20260819,-2183.2848
20260819,-2182.1399
20260819,-2182.1504
20260819,-2181.6837
20260819,-2179.6412
20260819,-2180.89
20260819,-2180.431
20260819,-2181.5346
20260820,-2181.667
20260820,-2180.564
20260820,-2181.597
20260820,-2182.6382
20260820,-2183.7003
20260820,-2184.7176
20260820,-2185.7503
20260820,-2186.7771
20260820,-2187.8008
20260820,-2187.675
20260820,-2188.7501
20260820,-2189.7919
20260820,-2188.6085
20260820,-2188.1387
20260820,-2189.1971
20260820,-2194.7685
20260820,-2195.8201
20260820,-2195.3795
20260820,-2193.7871
20260821,-2194.5801
20260821,-2195.5944
20260821,-2196.6748
20260821,-2196.3769
20260821,-2195.9957
20260821,-2195.6725
20260821,-2194.4358
20260821,-2195.4503
20260821,-2195.3716
20260821,-2194.8407
20260821,-2194.8247
20260821,-2194.3764
20260821,-2193.599
20260821,-2193.1304
20260821,-2194.1761
20260821,-2195.2969
20260821,-2196.6368
20260821,-2196.2988
20260821,-2197.3943
20260821,-2196.9693
20260824,-2196.9726
20260824,-2196.7702
20260824,-2197.7896
20260824,-2197.0723
20260824,-2198.095
20260824,-2199.1466
20260824,-2200.1754
20260824,-2199.6963
20260824,-2200.7402
20260824,-2201.8112
20260824,-2202.9313
20260824,-2203.9958
20260824,-2204.3024
20260824,-2203.9054
20260825,-2203.6342
20260825,-2204.6504
20260825,-2204.4883
20260825,-2204.4413
20260825,-2203.9796
20260825,-2203.4038
20260825,-2203.1382
20260825,-2202.9978
20260825,-2204.1207
20260825,-2205.2759
20260825,-2206.5178
20260825,-2206.2425
20260825,-2204.9207
20260825,-2204.9669
20260825,-2205.9907
20260826,-2205.9361
20260826,-2206.9496
20260826,-2206.4591
20260826,-2205.9847
20260826,-2205.6466
20260826,-2206.6829
20260826,-2206.373
20260826,-2207.389
20260826,-2207.0365
20260826,-2208.0893
20260826,-2208.0739
20260826,-2209.1412
20260826,-2210.2273
20260826,-2211.3447
20260826,-2212.6282
20260827,-2212.2088
20260827,-2211.7771
20260827,-2211.4494
20260827,-2210.3471
20260827,-2211.3742
20260827,-2210.9274
20260827,-2210.4719
20260827,-2210.1731
20260827,-2209.7433
20260827,-2209.3591
20260827,-2210.4332
20260827,-2209.9516
20260827,-2211.0756
20260827,-2210.574
20260827,-2209.4426
20260828,-2209.241
20260828,-2209.1958
20260828,-2208.7582
20260828,-2209.7846
20260828,-2209.332
20260828,-2209.0682
20260828,-2208.3873
20260828,-2207.9192
20260828,-2209.2034
20260828,-2208.9852
20260828,-2208.2079
20260828,-2209.2965
20260828,-2210.4302
20260828,-2211.5719
20260828,-2212.8025
20260828,-2211.7604
20260828,-2211.2921