day,equity,daily_return,exposure_ratio
20120103,99045.18,-0.009548,4.0000
20120104,98312.88,-0.007394,4.0000
20120105,101017.21,0.027507,4.0000
20120106,101028.34,0.000110,3.1734
20120109,100093.52,-0.009253,4.0000
20120110,100093.52,0.000000,0.0000
20120111,99297.06,-0.007957,4.0000
20120112,98727.64,-0.005735,4.0000
20120113,97676.38,-0.010648,3.6365
20120117,99522.38,0.018899,4.0000
20120118,99522.38,0.000000,0.0000
20120119,98774.23,-0.007517,4.0000
20120120,98152.88,-0.006291,4.0000
20120123,97478.08,-0.006875,4.0000
20120124,96923.68,-0.005687,4.0000
20120125,95928.23,-0.010270,4.0000
20120126,95100.87,-0.008625,4.0000
20120127,95416.20,0.003316,3.2631
20120130,94431.31,-0.010322,4.0000
20120131,93884.06,-0.005795,4.0000
20120201,93411.98,-0.005028,4.0000
20120202,92830.90,-0.006221,4.0000
20120203,92146.15,-0.007376,4.0000
20120206,91604.23,-0.005881,4.0000
20120207,91011.72,-0.006468,4.0000
20120208,90399.74,-0.006724,4.0000
20120209,89713.72,-0.007589,4.0000
20120210,89106.15,-0.006772,4.0000
20120213,88402.12,-0.007901,4.0000
20120214,87911.91,-0.005545,4.0000
20120215,87349.36,-0.006399,4.0000
20120216,86708.94,-0.007332,4.0000
20120217,86207.24,-0.005786,4.0000
20120221,85759.68,-0.005192,4.0000
20120222,85137.86,-0.007251,4.0000
20120223,84568.06,-0.006693,4.0000
20120224,84154.37,-0.004892,4.0000
20120227,83492.46,-0.007865,4.0000
20120228,83060.11,-0.005178,4.0000
20120229,82728.56,-0.003992,4.0000
20120301,81940.85,-0.009522,4.0000
20120302,81470.85,-0.005736,4.0000
20120305,81001.09,-0.005766,4.0000
20120306,81001.09,0.000000,0.0000
20120307,80576.27,-0.005245,4.0000
20120308,79899.14,-0.008404,4.0000
20120309,79322.71,-0.007214,4.0000
20120312,78774.18,-0.006915,4.0000
20120313,78140.83,-0.008040,4.0000
20120314,77654.97,-0.006218,4.0000
20120315,77215.59,-0.005658,4.0000
20120316,76845.96,-0.004787,4.0000
20120319,76845.96,0.000000,0.0000
20120320,76344.99,-0.006519,4.0000
20120321,75870.66,-0.006213,4.0000
20120322,75374.42,-0.006541,4.0000
20120323,74750.54,-0.008277,4.0000
20120326,76368.52,0.021645,4.0000
20120327,76005.89,-0.004748,4.0000
20120328,75622.19,-0.005048,4.0000
20120329,75301.97,-0.004234,4.0000
20120330,74770.86,-0.007053,4.0000
20120402,74136.01,-0.008491,4.0000
20120403,73678.71,-0.006168,4.0000
20120404,73135.49,-0.007373,4.0000
20120405,73592.62,0.006250,4.0000
20120409,73065.03,-0.007169,4.0000
20120410,72287.89,-0.010636,3.6971
20120411,71744.95,-0.007511,4.0000
20120412,75033.10,0.045831,4.0000
20120413,74451.94,-0.007745,4.0000
20120416,74451.94,0.000000,0.0000
20120417,73767.05,-0.009199,4.0000
20120418,73282.25,-0.006572,4.0000
20120419,72505.02,-0.010606,3.5103
20120420,71777.07,-0.010040,4.0000
20120423,71108.52,-0.009314,4.0000
20120424,70636.67,-0.006636,4.0000
20120425,70071.35,-0.008003,4.0000
20120426,72313.75,0.032002,4.0000
20120427,71988.16,-0.004502,4.0000
20120430,72403.53,0.005770,4.0000
20120501,71973.11,-0.005945,4.0000
20120502,71524.21,-0.006237,4.0000
20120503,71079.98,-0.006211,4.0000
20120504,67825.01,-0.045793,4.0000
20120507,68564.39,0.010901,4.0000
20120508,67986.12,-0.008434,4.0000
20120509,67308.73,-0.009964,4.0000
20120510,66841.70,-0.006939,4.0000
20120511,67163.42,0.004813,4.0000
20120514,66451.80,-0.010595,3.4215
20120515,65745.49,-0.010629,4.0000
20120516,65144.11,-0.009147,4.0000
20120517,68938.62,0.058248,4.0000
20120518,68378.97,-0.008118,4.0000
20120521,67673.97,-0.010310,4.0000
20120522,67292.12,-0.005643,4.0000
20120523,66583.01,-0.010538,4.0000
20120524,65885.71,-0.010473,4.0000
20120525,65356.07,-0.008039,4.0000
20120529,65356.07,0.000000,0.0000
20120530,64711.00,-0.009870,4.0000
20120531,64286.27,-0.006563,4.0000
20120601,63615.22,-0.010439,2.4831
20120604,62940.12,-0.010612,3.4509
20120605,64480.18,0.024469,3.6318
20120606,67913.32,0.053243,4.0000
20120607,70508.20,0.038209,4.0000
20120608,69756.18,-0.010666,3.7755
20120611,72472.14,0.038935,2.3730
20120612,71733.19,-0.010196,4.0000
20120613,71046.53,-0.009572,4.0000
20120614,70286.50,-0.010698,3.9655
20120615,69829.39,-0.006503,4.0000
20120618,69829.39,0.000000,0.0000
20120619,69319.25,-0.007306,4.0000
20120620,68629.58,-0.009949,4.0000
20120621,68629.58,0.000000,0.0000
20120622,68120.53,-0.007417,4.0000
20120625,68976.33,0.012563,3.7303
20120626,68564.55,-0.005970,4.0000
20120627,68034.16,-0.007736,4.0000
20120628,67309.06,-0.010658,3.7374
20120629,66616.80,-0.010285,4.0000
20120702,66231.25,-0.005787,4.0000
20120703,65945.21,-0.004319,4.0000
20120705,65334.29,-0.009264,4.0000
20120706,64819.91,-0.007873,4.0000
20120709,64819.91,0.000000,0.0000
20120710,64292.17,-0.008142,4.0000
20120711,63741.76,-0.008561,4.0000
20120712,63211.94,-0.008312,4.0000
20120713,65864.44,0.041962,3.7970
20120716,65481.38,-0.005816,4.0000
20120717,64890.68,-0.009021,4.0000
20120718,66914.70,0.031191,4.0000
20120719,66375.61,-0.008056,4.0000
20120720,65857.76,-0.007802,4.0000
20120723,65216.11,-0.009743,4.0000
20120724,67096.65,0.028836,4.0000
20120725,66563.66,-0.007944,4.0000
20120726,65856.00,-0.010631,3.6468
20120727,65398.83,-0.006942,4.0000
20120730,64708.04,-0.010563,3.2776
20120731,64115.05,-0.009164,4.0000
20120801,65767.04,0.025766,4.0000
20120802,65077.91,-0.010478,2.7691
20120803,64538.33,-0.008291,4.0000
20120806,64366.45,-0.002663,4.0000
20120807,63966.44,-0.006215,4.0000
20120808,64847.50,0.013774,4.0000
20120809,64518.53,-0.005073,4.0000
20120810,64005.68,-0.007949,4.0000
20120813,63516.95,-0.007636,4.0000
20120814,64006.55,0.007708,4.0000
20120815,64209.92,0.003177,4.0000
20120816,63739.72,-0.007323,4.0000
20120817,63293.75,-0.006997,4.0000
20120820,63029.34,-0.004177,4.0000
20120821,62484.43,-0.008645,4.0000
20120822,61850.40,-0.010147,4.0000
20120823,62781.89,0.015060,4.0000
20120824,62356.28,-0.006779,4.0000
20120827,61973.69,-0.006136,4.0000
20120828,61538.31,-0.007025,4.0000
20120829,61141.58,-0.006447,4.0000
20120830,61370.95,0.003751,4.0000
20120831,60888.17,-0.007867,4.0000
20120904,60477.23,-0.006749,4.0000
20120905,60477.23,0.000000,0.0000
20120906,61942.63,0.024231,2.4785
20120907,61942.63,0.000000,0.0000
20120910,61635.14,-0.004964,4.0000
20120911,61886.04,0.004071,4.0000
20120912,61579.58,-0.004952,4.0000
20120913,61274.09,-0.004961,4.0000
20120914,60758.63,-0.008412,4.0000
20120917,60511.67,-0.004065,4.0000
20120918,60082.77,-0.007088,4.0000
20120919,59657.51,-0.007078,4.0000
20120920,59217.90,-0.007369,4.0000
20120921,60189.21,0.016402,4.0000
20120924,60803.96,0.010214,4.0000
20120925,60505.16,-0.004914,4.0000
20120926,61516.03,0.016707,4.0000
20120927,61141.58,-0.006087,4.0000
20120928,60701.69,-0.007195,4.0000
20121001,60064.67,-0.010494,2.9308
20121002,60064.67,0.000000,0.0000
20121003,59785.87,-0.004642,4.0000
20121004,59425.78,-0.006023,4.0000
20121005,59071.07,-0.005969,4.0000
20121008,58601.12,-0.007956,4.0000
20121009,58215.46,-0.006581,4.0000
20121010,57765.45,-0.007730,4.0000
20121011,57446.72,-0.005518,4.0000
20121012,57080.57,-0.006374,4.0000
20121015,56605.10,-0.008330,4.0000
20121016,56231.06,-0.006608,4.0000
20121017,55814.91,-0.007401,4.0000
20121018,55571.34,-0.004364,4.0000
20121019,58347.68,0.049960,3.9832
20121022,57861.69,-0.008329,4.0000
20121023,57505.08,-0.006163,4.0000
20121024,57119.22,-0.006710,4.0000
20121025,57119.22,0.000000,0.0000
20121026,56733.70,-0.006749,4.0000
20121031,56287.76,-0.007860,4.0000
20121101,57456.47,0.020763,3.2694
20121102,59945.40,0.043319,3.5445
20121105,59456.64,-0.008153,4.0000
20121106,60394.81,0.015779,4.0000
20121107,61758.95,0.022587,2.3747
20121108,61233.04,-0.008515,4.0000
20121109,61674.70,0.007213,3.7910
20121112,61674.70,0.000000,0.0000
20121113,62019.71,0.005594,4.0000
20121114,62019.71,0.000000,0.0000
20121115,61369.01,-0.010492,4.0000
20121116,60723.40,-0.010520,2.9868
20121119,60235.08,-0.008042,4.0000
20121120,59604.41,-0.010470,4.0000
20121121,59026.76,-0.009692,4.0000
20121123,60780.24,0.029707,4.0000
20121126,60342.18,-0.007207,4.0000
20121127,59968.01,-0.006201,4.0000
20121128,59516.00,-0.007538,4.0000
20121129,58908.09,-0.010214,4.0000
20121130,58578.83,-0.005589,4.0000
20121203,58578.83,0.000000,0.0000
20121204,58134.60,-0.007584,4.0000
20121205,57775.97,-0.006169,4.0000
20121206,57305.07,-0.008150,4.0000
20121207,57305.07,0.000000,0.0000
20121210,57339.67,0.000604,4.0000
20121211,57646.10,0.005344,4.0000
20121212,57231.10,-0.007199,4.0000
20121213,56802.76,-0.007484,4.0000
20121214,56389.51,-0.007275,4.0000
20121217,58178.87,0.031732,4.0000
20121218,58178.87,0.000000,0.0000
20121219,59798.00,0.027830,4.0000
20121220,59418.61,-0.006344,4.0000
20121221,58796.19,-0.010475,2.7992
20121224,58393.86,-0.006843,4.0000
20121226,59593.30,0.020541,4.0000
20121227,59208.87,-0.006451,4.0000
20121228,58724.41,-0.008182,4.0000
20121231,63146.30,0.075299,4.0000
20130102,62748.14,-0.006305,4.0000
20130103,62232.82,-0.008213,4.0000
20130104,61773.01,-0.007388,4.0000
20130107,61316.38,-0.007392,4.0000
20130108,61435.76,0.001947,4.0000
20130109,61016.54,-0.006824,4.0000
20130110,60551.40,-0.007623,4.0000
20130111,60173.18,-0.006246,4.0000
20130114,59830.46,-0.005696,4.0000
20130115,60902.57,0.017919,4.0000
20130116,60604.76,-0.004890,4.0000
20130117,60359.40,-0.004048,4.0000
20130118,60718.67,0.005952,4.0000
20130122,60457.46,-0.004302,4.0000
20130123,60133.68,-0.005355,4.0000
20130124,59494.41,-0.010631,3.7857
20130125,59208.39,-0.004808,4.0000
20130128,59208.37,-0.000000,4.0000
20130129,58734.68,-0.008000,4.0000
20130130,58328.55,-0.006915,4.0000
20130131,57985.80,-0.005876,4.0000
20130201,57631.18,-0.006116,4.0000
20130204,57339.89,-0.005054,4.0000
20130205,58285.07,0.016484,4.0000
20130206,58285.07,0.000000,0.0000
20130207,58022.67,-0.004502,4.0000
20130208,58604.81,0.010033,4.0000
20130211,58248.56,-0.006079,4.0000
20130212,57956.25,-0.005018,4.0000
20130213,57590.61,-0.006309,4.0000
20130214,57590.61,0.000000,0.0000
20130215,57378.19,-0.003689,4.0000
20130219,57151.69,-0.003947,4.0000
20130220,56956.73,-0.003411,4.0000
20130221,56502.90,-0.007968,4.0000
20130222,56159.04,-0.006086,4.0000
20130225,55922.66,-0.004209,4.0000
20130226,55609.30,-0.005603,4.0000
20130227,58411.82,0.050397,4.0000
20130228,58611.49,0.003418,4.0000
20130301,57989.10,-0.010619,4.0000
20130304,57652.50,-0.005805,4.0000
20130305,58340.90,0.011941,4.0000
20130306,58052.85,-0.004937,4.0000
20130307,57601.73,-0.007771,4.0000
20130308,57601.73,0.000000,0.0000
20130311,57332.94,-0.004666,4.0000
20130312,57036.76,-0.005166,4.0000
20130313,56712.48,-0.005685,4.0000
20130314,56449.58,-0.004636,4.0000
20130315,55998.07,-0.007999,4.0000
20130318,55998.07,0.000000,0.0000
20130319,55665.20,-0.005944,4.0000
20130320,55248.22,-0.007491,4.0000
20130321,54891.66,-0.006454,4.0000
20130322,54522.07,-0.006733,4.0000
20130325,54142.52,-0.006961,4.0000
20130326,54142.52,0.000000,0.0000
20130327,53749.94,-0.007251,4.0000
20130328,53431.85,-0.005918,4.0000
20130401,53170.91,-0.004884,4.0000
20130402,52762.15,-0.007688,4.0000
20130403,52478.07,-0.005384,4.0000
20130404,52125.87,-0.006711,4.0000
20130405,52125.87,0.000000,0.0000
20130408,51734.46,-0.007509,4.0000
20130409,51864.83,0.002520,4.0000
20130410,53227.22,0.026268,3.7006
20130411,52943.00,-0.005340,4.0000
20130412,52646.94,-0.005592,4.0000
20130415,52337.91,-0.005870,4.0000
20130416,51974.22,-0.006949,4.0000
20130417,53251.74,0.024580,4.0000
20130418,54541.13,0.024213,4.0000
20130419,54046.11,-0.009076,4.0000
20130422,53587.19,-0.008491,4.0000
20130423,53203.35,-0.007163,4.0000
20130424,52637.53,-0.010635,3.8972
20130425,52342.54,-0.005604,4.0000
20130426,52062.90,-0.005342,4.0000
20130429,51653.42,-0.007865,4.0000
20130430,51653.42,0.000000,0.0000
20130501,51417.42,-0.004569,4.0000
20130502,52502.56,0.021105,4.0000
20130503,51944.60,-0.010627,3.8798
20130506,51620.33,-0.006243,4.0000
20130507,51349.90,-0.005239,4.0000
20130508,51081.08,-0.005235,4.0000
20130509,50777.69,-0.005939,4.0000
20130510,50338.82,-0.008643,4.0000
20130513,50015.06,-0.006432,4.0000
20130514,51573.26,0.031155,4.0000
20130515,51244.77,-0.006370,4.0000
20130516,50956.79,-0.005620,4.0000
20130517,50646.11,-0.006097,4.0000
20130520,50302.40,-0.006786,4.0000
20130521,49865.43,-0.008687,4.0000
20130522,49618.63,-0.004949,4.0000
20130523,49093.73,-0.010579,3.6057
20130524,48636.98,-0.009304,4.0000
20130528,48284.14,-0.007255,4.0000
20130529,47790.48,-0.010224,4.0000
20130530,47335.67,-0.009517,4.0000
20130531,49213.16,0.039663,4.0000
20130603,48824.77,-0.007892,4.0000
20130604,48313.34,-0.010475,2.9623
20130605,47836.64,-0.009867,4.0000
20130606,47330.91,-0.010572,3.5383
20130607,46827.60,-0.010634,3.9264
20130610,47164.61,0.007197,4.0000
20130611,46664.50,-0.010604,3.7329
20130612,49345.09,0.057444,4.0000
20130613,48828.63,-0.010466,4.0000
20130614,48491.61,-0.006902,4.0000
20130617,47976.64,-0.010620,3.8623
20130618,49021.01,0.021768,4.0000
20130619,48567.01,-0.009261,4.0000
20130620,48083.18,-0.009962,4.0000
20130621,48593.65,0.010616,4.0000
20130624,48082.97,-0.010509,3.1043
20130625,48082.97,0.000000,0.0000
20130626,48008.49,-0.001549,4.0000
20130627,47779.53,-0.004769,4.0000
20130628,47515.42,-0.005528,4.0000
20130701,47017.96,-0.010470,2.9077
20130702,46572.51,-0.009474,4.0000
20130703,46572.51,0.000000,0.0000
20130705,46081.10,-0.010552,3.4052
20130708,45830.42,-0.005440,4.0000
20130709,45482.34,-0.007595,4.0000
20130710,45192.70,-0.006368,4.0000
20130711,44961.64,-0.005113,4.0000
20130712,44775.40,-0.004142,4.0000
20130715,44542.25,-0.005207,4.0000
20130716,45195.35,0.014663,4.0000
20130717,44933.59,-0.005792,4.0000
20130718,44933.59,0.000000,0.0000
20130719,44662.84,-0.006026,4.0000
20130722,44331.43,-0.007420,4.0000
20130723,44755.88,0.009574,4.0000
20130724,45833.91,0.024087,4.0000
20130725,45546.23,-0.006277,4.0000
20130726,45336.40,-0.004607,4.0000
20130729,45117.52,-0.004828,4.0000
20130730,45117.52,0.000000,0.0000
20130731,44708.41,-0.009068,4.0000
20130801,45092.73,0.008596,4.0000
20130802,44844.98,-0.005494,4.0000
20130805,44661.79,-0.004085,4.0000
20130806,44458.42,-0.004554,4.0000
20130807,44180.81,-0.006244,4.0000
20130808,43927.02,-0.005744,4.0000
20130809,43705.52,-0.005042,4.0000
20130812,44199.31,0.011298,4.0000
20130813,43913.64,-0.006463,4.0000
20130814,43913.64,0.000000,0.0000
20130815,44667.01,0.017156,4.0000
20130816,44426.70,-0.005380,4.0000
20130819,45057.42,0.014197,4.0000
20130820,44824.68,-0.005165,4.0000
20130821,44582.28,-0.005408,4.0000
20130822,45507.79,0.020760,4.0000
20130823,45252.50,-0.005610,4.0000
20130826,44944.65,-0.006803,4.0000
20130827,44646.51,-0.006634,4.0000
20130828,45168.08,0.011682,4.0000
20130829,45504.10,0.007439,3.8423
20130830,46177.19,0.014792,4.0000
20130903,45738.67,-0.009496,4.0000
20130904,45445.96,-0.006400,4.0000
20130905,45250.90,-0.004292,4.0000
20130906,44931.79,-0.007052,4.0000
20130909,45827.92,0.019944,4.0000
20130910,45555.07,-0.005954,4.0000
20130911,45291.93,-0.005776,4.0000
20130912,45041.92,-0.005520,4.0000
20130913,44739.34,-0.006718,4.0000
20130916,45352.75,0.013711,4.0000
20130917,45699.05,0.007636,4.0000
20130918,45469.95,-0.005013,4.0000
20130919,45469.95,0.000000,0.0000
20130920,46871.30,0.030819,4.0000
20130923,46871.30,0.000000,0.0000
20130924,46601.78,-0.005750,4.0000
20130925,46234.25,-0.007887,4.0000
20130926,45837.58,-0.008580,4.0000
20130927,45354.92,-0.010530,4.0000
20130930,45677.72,0.007117,3.4439
20131001,45200.77,-0.010442,2.7784
20131002,44863.62,-0.007459,4.0000
20131003,44562.16,-0.006719,4.0000
20131004,44562.16,0.000000,0.0000
20131007,44430.78,-0.002948,4.0000
20131008,44150.88,-0.006300,4.0000
20131009,43816.80,-0.007567,4.0000
20131010,45529.05,0.039077,4.0000
20131011,45529.05,0.000000,0.0000
20131014,47191.20,0.036507,4.0000
20131015,46695.05,-0.010514,3.2290
20131016,47848.25,0.024697,4.0000
20131017,49729.21,0.039311,4.0000
20131018,49460.42,-0.005405,4.0000
20131021,49227.94,-0.004700,4.0000
20131022,48918.69,-0.006282,4.0000
20131023,48918.69,0.000000,0.0000
20131024,48644.45,-0.005606,4.0000
20131025,48361.83,-0.005810,4.0000
20131028,48069.92,-0.006036,4.0000
20131029,47782.47,-0.005980,4.0000
20131030,47782.47,0.000000,0.0000
20131031,47472.82,-0.006480,4.0000
20131101,47251.63,-0.004659,4.0000
20131104,47224.52,-0.000574,4.0000
20131105,46875.33,-0.007394,4.0000
20131106,46562.16,-0.006681,4.0000
20131107,46293.82,-0.005763,4.0000
20131108,48316.58,0.043694,4.0000
20131111,48316.58,0.000000,0.0000
20131112,48004.50,-0.006459,4.0000
20131113,50110.33,0.043867,4.0000
20131114,50110.33,0.000000,0.0000
20131115,49857.92,-0.005037,4.0000
20131118,49597.08,-0.005232,4.0000
20131119,49291.74,-0.006156,4.0000
20131120,48988.75,-0.006147,4.0000
20131121,49704.01,0.014600,4.0000
20131122,49454.23,-0.005025,4.0000
20131125,49454.23,0.000000,0.0000
20131126,49217.84,-0.004780,4.0000
20131127,49217.84,0.000000,0.0000
20131129,48983.13,-0.004769,4.0000
20131202,48793.03,-0.003881,4.0000
20131203,48472.39,-0.006571,4.0000
20131204,48216.99,-0.005269,4.0000
20131205,47899.13,-0.006592,4.0000
20131206,47669.84,-0.004787,4.0000
20131209,47463.44,-0.004330,4.0000
20131210,47194.90,-0.005658,4.0000
20131211,49236.77,0.043265,4.0000
20131212,48993.64,-0.004938,4.0000
20131213,48767.95,-0.004607,4.0000
20131216,48546.75,-0.004536,3.6028
20131217,48931.01,0.007915,4.0000
20131218,48694.76,-0.004828,4.0000
20131219,48408.76,-0.005873,4.0000
20131220,47896.25,-0.010587,3.7886
20131223,47742.48,-0.003211,4.0000
20131224,48049.31,0.006427,4.0000
20131226,48429.84,0.007920,4.0000
20131227,48612.17,0.003765,4.0000
20131230,48594.44,-0.000365,4.0000
20131231,48407.84,-0.003840,4.0000
20140102,49264.71,0.017701,4.0000
20140103,49042.54,-0.004510,4.0000
20140106,49998.58,0.019494,4.0000
20140107,49998.58,0.000000,0.0000
20140108,49630.97,-0.007352,4.0000
20140109,49904.34,0.005508,4.0000
20140110,49571.13,-0.006677,4.0000
20140113,49148.90,-0.008518,4.0000
20140114,50304.69,0.023516,4.0000
20140115,50078.75,-0.004491,4.0000
20140116,49848.65,-0.004595,4.0000
20140117,49624.84,-0.004490,4.0000
20140121,49381.07,-0.004912,4.0000
20140122,49159.38,-0.004489,4.0000
20140123,49188.82,0.000599,3.2751
20140124,51883.03,0.054773,4.0000
20140127,51388.99,-0.009522,4.0000
20140128,51808.14,0.008156,3.5173
20140129,51277.32,-0.010246,4.0000
20140130,50983.42,-0.005732,4.0000
20140131,51703.18,0.014118,3.7133
20140203,51371.67,-0.006412,4.0000
20140204,50966.92,-0.007879,4.0000
20140205,50429.11,-0.010552,3.5212
20140206,49897.97,-0.010532,3.4021
20140207,49421.91,-0.009541,4.0000
20140210,49044.85,-0.007629,4.0000
20140211,48679.35,-0.007452,4.0000
20140212,48341.70,-0.006936,4.0000
20140213,50244.63,0.039364,4.0000
20140214,49951.81,-0.005828,4.0000
20140218,49716.74,-0.004706,4.0000
20140219,49341.88,-0.007540,4.0000
20140220,48819.86,-0.010580,3.7599
20140221,48462.69,-0.007316,4.0000
20140224,48780.81,0.006564,4.0000
20140225,48478.53,-0.006197,4.0000
20140226,48093.85,-0.007935,4.0000
20140227,47743.24,-0.007290,4.0000
20140228,47561.24,-0.003812,4.0000
20140303,47060.51,-0.010528,3.4346
20140304,46690.86,-0.007855,4.0000
20140305,46304.72,-0.008270,4.0000
20140306,46051.39,-0.005471,4.0000
20140307,46119.01,0.001468,2.9949
20140310,45728.23,-0.008473,4.0000
20140311,45468.13,-0.005688,4.0000
20140312,45468.13,0.000000,0.0000
20140313,47787.66,0.051014,4.0000
20140314,47316.02,-0.009869,4.0000
20140317,47787.31,0.009960,4.0000
20140318,47482.57,-0.006377,4.0000
20140319,47302.83,-0.003785,4.0000
20140320,46980.95,-0.006805,4.0000
20140321,46483.49,-0.010589,3.8493
20140324,46483.49,0.000000,0.0000
20140325,46038.20,-0.009580,4.0000
20140326,47981.37,0.042208,4.0000
20140327,47589.44,-0.008168,4.0000
20140328,47263.82,-0.006842,4.0000
20140331,46983.22,-0.005937,4.0000
20140401,46655.51,-0.006975,4.0000
20140402,46271.01,-0.008241,4.0000
20140403,46557.27,0.006187,4.0000
20140404,49460.71,0.062363,4.0000
20140407,49165.98,-0.005959,4.0000
20140408,48645.13,-0.010594,3.8570
20140409,48364.88,-0.005761,4.0000
20140410,47963.55,-0.008298,4.0000
20140411,47482.20,-0.010036,4.0000
20140414,47059.44,-0.008904,4.0000
20140415,46744.23,-0.006698,4.0000
20140416,46333.41,-0.008789,4.0000
20140417,46057.21,-0.005961,4.0000
20140421,45822.88,-0.005088,4.0000
20140422,45649.27,-0.003789,4.0000
20140423,45437.58,-0.004637,4.0000
20140424,45710.40,0.006004,4.0000
20140425,46445.96,0.016092,4.0000
20140428,46190.21,-0.005506,4.0000
20140429,45828.58,-0.007829,4.0000
20140430,45606.20,-0.004852,4.0000
20140501,45210.67,-0.008673,4.0000
20140502,44771.65,-0.009711,4.0000
20140505,44342.70,-0.009581,4.0000
20140506,44071.05,-0.006126,4.0000
20140507,43650.79,-0.009536,4.0000
20140508,43272.12,-0.008675,4.0000
20140509,42867.87,-0.009342,4.0000
20140512,42615.86,-0.005879,4.0000
20140513,42615.86,0.000000,0.0000
20140514,43103.22,0.011436,4.0000
20140515,44029.62,0.021493,4.0000
20140516,43712.16,-0.007210,4.0000
20140519,44384.00,0.015370,4.0000
20140520,45215.33,0.018731,4.0000
20140521,45966.66,0.016617,4.0000
20140522,45647.67,-0.006940,4.0000
20140523,45390.05,-0.005644,4.0000
20140527,45144.87,-0.005402,4.0000
20140528,44891.74,-0.005607,4.0000
20140529,44678.07,-0.004760,4.0000
20140530,44502.77,-0.003924,4.0000
20140602,44254.72,-0.005574,4.0000
20140603,44044.63,-0.004747,4.0000
20140604,44549.07,0.011453,4.0000
20140605,45323.89,0.017392,4.0000
20140606,45323.89,0.000000,0.0000
20140609,45055.88,-0.005913,4.0000
20140610,44890.75,-0.003665,4.0000
20140611,44707.32,-0.004086,4.0000
20140612,44707.32,0.000000,0.0000
20140613,44486.92,-0.004930,4.0000
20140616,44230.84,-0.005756,4.0000
20140617,44824.20,0.013415,4.0000
20140618,44548.84,-0.006143,4.0000
20140619,44377.02,-0.003857,4.0000
20140620,44142.06,-0.005295,4.0000
20140623,43953.44,-0.004273,4.0000
20140624,43729.67,-0.005091,4.0000
20140625,44494.27,0.017485,4.0000
20140626,44258.08,-0.005308,4.0000
20140627,44041.30,-0.004898,4.0000
20140630,43852.88,-0.004278,4.0000
20140701,44366.87,0.011721,4.0000
20140702,44403.38,0.000823,4.0000
20140703,44646.00,0.005464,4.0000
20140707,44420.51,-0.005051,4.0000
20140708,44854.55,0.009771,4.0000
20140709,44499.90,-0.007907,4.0000
20140710,45389.16,0.019983,4.0000
20140711,45454.48,0.001439,4.0000
20140714,45252.40,-0.004446,4.0000
20140715,45024.17,-0.005043,4.0000
20140716,44842.81,-0.004028,4.0000
20140717,44634.39,-0.004648,4.0000
20140718,44344.35,-0.006498,4.0000
20140721,44083.68,-0.005878,4.0000
20140722,43874.89,-0.004736,4.0000
20140723,43609.71,-0.006044,4.0000
20140724,43425.77,-0.004218,4.0000
20140725,43066.05,-0.008283,4.0000
20140728,42804.83,-0.006066,4.0000
20140729,42606.27,-0.004639,4.0000
20140730,42606.27,0.000000,0.0000
20140731,44458.22,0.043467,4.0000
20140801,44099.89,-0.008060,4.0000
20140804,43762.35,-0.007654,4.0000
20140805,43436.90,-0.007437,4.0000
20140806,44001.22,0.012992,4.0000
20140807,45582.24,0.035931,4.0000
20140808,45288.45,-0.006445,4.0000
20140811,45112.05,-0.003895,4.0000
20140812,44777.94,-0.007406,4.0000
20140813,45073.50,0.006601,4.0000
20140814,44834.37,-0.005305,4.0000
20140815,44661.48,-0.003856,4.0000
20140818,44489.68,-0.003847,4.0000
20140819,44247.32,-0.005448,4.0000
20140820,44801.05,0.012515,4.0000
20140821,44594.33,-0.004614,4.0000
20140822,44361.66,-0.005218,4.0000
20140825,44184.19,-0.004001,4.0000
20140826,43981.36,-0.004590,4.0000
20140827,43981.36,0.000000,0.0000
20140828,43716.81,-0.006015,4.0000
20140829,43515.98,-0.004594,4.0000
20140902,43515.98,0.000000,0.0000
20140903,44095.44,0.013316,4.0000
20140904,44482.08,0.008768,4.0000
20140905,44126.08,-0.008003,4.0000
20140908,43932.77,-0.004381,4.0000
20140909,43537.34,-0.009001,4.0000
20140910,43293.14,-0.005609,4.0000
20140911,42937.49,-0.008215,4.0000
20140912,43573.45,0.014811,4.0000
20140915,43222.97,-0.008044,4.0000
20140916,44701.79,0.034214,4.0000
20140917,44523.43,-0.003990,4.0000
20140918,44301.89,-0.004976,4.0000
20140919,44882.36,0.013103,4.0000
20140922,45716.82,0.018592,4.0000
20140923,45348.90,-0.008048,4.0000
20140924,45120.47,-0.005037,4.0000
20140925,47282.38,0.047914,4.0000
20140926,46956.45,-0.006893,4.0000
20140929,46956.45,0.000000,0.0000
20140930,46552.76,-0.008597,4.0000
20141001,48506.46,0.041967,4.0000
20141002,48108.63,-0.008202,4.0000
20141003,47779.59,-0.006839,4.0000
20141006,47489.80,-0.006065,4.0000
20141007,46994.09,-0.010438,2.8889
20141008,46615.87,-0.008048,4.0000
20141009,49915.05,0.070774,4.0000
20141010,49394.39,-0.010431,2.8281
20141013,48878.01,-0.010454,2.9861
20141014,48363.10,-0.010535,3.5007
20141015,47865.64,-0.010286,4.0000
20141016,49063.31,0.025021,1.9384
20141017,48564.87,-0.010159,4.0000
20141020,50401.36,0.037815,4.0000
20141021,52228.90,0.036260,3.4965
20141022,51896.63,-0.006362,4.0000
20141023,51535.57,-0.006957,4.0000
20141024,51092.40,-0.008599,4.0000
20141027,51092.40,0.000000,0.0000
20141028,50771.55,-0.006280,4.0000
20141029,50516.31,-0.005027,4.0000
20141030,50077.88,-0.008679,4.0000
20141031,49730.36,-0.006940,4.0000
20141103,49464.15,-0.005353,4.0000
20141104,49015.27,-0.009075,4.0000
20141105,48869.41,-0.002976,4.0000
20141106,48425.30,-0.009088,4.0000
20141107,48014.14,-0.008490,4.0000
20141110,47805.90,-0.004337,4.0000
20141111,47617.61,-0.003939,4.0000
20141112,48019.34,0.008437,4.0000
20141113,47746.01,-0.005692,4.0000
20141114,47595.61,-0.003150,4.0000
20141117,47267.80,-0.006887,4.0000
20141118,48042.80,0.016396,4.0000
20141119,47619.79,-0.008805,4.0000
20141120,48615.49,0.020909,4.0000
20141121,48304.68,-0.006393,4.0000
20141124,47995.89,-0.006393,4.0000
20141125,47754.15,-0.005037,4.0000
20141126,47503.85,-0.005242,4.0000
20141128,47255.02,-0.005238,4.0000
20141201,47255.02,0.000000,0.0000
20141202,46868.88,-0.008171,4.0000
20141203,46650.31,-0.004663,4.0000
20141204,46352.42,-0.006386,4.0000
20141205,46012.40,-0.007336,4.0000
20141208,45647.77,-0.007925,4.0000
20141209,45316.90,-0.007248,4.0000
20141210,44998.50,-0.007026,4.0000
20141211,44525.74,-0.010506,3.4055
20141212,44059.78,-0.010465,3.1230
20141215,43606.70,-0.010283,4.0000
20141216,43146.09,-0.010563,3.7502
20141217,43970.41,0.019105,1.6222
20141218,43509.10,-0.010491,3.2927
20141219,43054.12,-0.010457,3.0706
20141222,43352.33,0.006926,4.0000
20141223,43100.80,-0.005802,4.0000
20141224,42900.69,-0.004643,4.0000
20141226,42907.55,0.000160,4.0000
20141229,43095.49,0.004380,4.0000
20141230,42912.05,-0.004256,4.0000
20141231,42629.86,-0.006576,4.0000
20150102,42191.75,-0.010277,4.0000
20150105,42191.75,0.000000,0.0000
20150106,41799.28,-0.009302,4.0000
20150107,41383.40,-0.009949,4.0000
20150108,42687.20,0.031505,4.0000
20150109,43533.95,0.019836,2.7773
20150112,44536.27,0.023024,3.4554
20150113,44075.17,-0.010353,2.3819
20150114,43618.13,-0.010370,2.4723
20150115,44639.01,0.023405,2.2620
20150116,44175.53,-0.010383,2.5580
20150120,44175.53,0.000000,0.0000
20150121,43711.20,-0.010511,3.4054
20150122,43257.25,-0.010385,2.5774
20150123,42835.09,-0.009759,4.0000
20150126,42384.25,-0.010525,3.5178
20150127,42008.25,-0.008871,4.0000
20150128,44786.24,0.066130,3.7018
20150129,44313.91,-0.010546,3.6351
20150130,43855.30,-0.010349,2.3400
20150202,43397.93,-0.010429,2.8510
20150203,42945.45,-0.010426,2.8658
20150204,42536.92,-0.009513,4.0000
20150205,43357.03,0.019280,4.0000
20150206,42918.49,-0.010115,4.0000
20150209,42474.29,-0.010350,4.0000
20150210,42117.91,-0.008391,4.0000
20150211,41782.87,-0.007955,4.0000
20150212,41467.79,-0.007541,4.0000
20150213,41268.13,-0.004815,4.0000
20150217,41006.39,-0.006342,4.0000
20150218,40824.78,-0.004429,4.0000
20150219,40620.46,-0.005005,4.0000
20150220,41671.69,0.025879,4.0000
20150223,41329.62,-0.008209,4.0000
20150224,41116.40,-0.005159,4.0000
20150225,40935.80,-0.004392,4.0000
20150226,40701.52,-0.005723,4.0000
20150227,40507.25,-0.004773,4.0000
20150302,41250.31,0.018344,4.0000
20150303,41045.50,-0.004965,4.0000
20150304,40637.28,-0.009946,4.0000
20150305,40341.94,-0.007268,4.0000
20150306,40071.02,-0.006716,4.0000
20150309,39800.10,-0.006761,4.0000
20150310,39444.97,-0.008923,4.0000
20150311,39174.86,-0.006848,4.0000
20150312,40015.47,0.021458,3.4267
20150313,39591.73,-0.010589,3.9621
20150316,39345.84,-0.006211,4.0000
20150317,39102.32,-0.006189,4.0000
20150318,38844.47,-0.006594,4.0000
20150319,38580.00,-0.006808,4.0000
20150320,38343.31,-0.006135,4.0000
20150323,38123.30,-0.005738,4.0000
20150324,37925.83,-0.005180,4.0000
20150325,37925.83,0.000000,0.0000
20150326,37525.17,-0.010564,3.7835
20150327,37128.34,-0.010575,3.8763
20150330,37721.59,0.015978,4.0000
20150331,37356.89,-0.009668,4.0000
20150401,37472.13,0.003085,4.0000
20150402,37784.46,0.008335,3.9769
20150406,39363.48,0.041790,4.0000
20150407,38948.62,-0.010539,3.6496
20150408,38538.51,-0.010529,3.5830
20150409,38138.13,-0.010389,2.6369
20150410,38595.73,0.011998,4.0000
20150413,38241.87,-0.009168,4.0000
20150414,37842.10,-0.010454,3.0767
20150415,37905.38,0.001672,4.0000
20150416,37947.16,0.001102,4.0000
20150417,37633.79,-0.008258,4.0000
20150420,37876.73,0.006455,4.0000
20150421,38544.39,0.017627,4.0000
20150422,38329.85,-0.005566,4.0000
20150423,38933.34,0.015745,4.0000
20150424,38666.46,-0.006855,4.0000
20150427,38402.09,-0.006837,4.0000
20150428,38189.32,-0.005541,4.0000
20150429,37810.99,-0.009907,4.0000
20150430,37411.91,-0.010554,3.7642
20150501,37015.99,-0.010583,3.9530
20150504,36944.37,-0.001935,4.0000
20150505,36607.12,-0.009128,4.0000
20150506,36607.12,0.000000,0.0000
20150507,36223.16,-0.010489,3.2911
20150508,36516.65,0.008102,4.0000
20150511,36163.27,-0.009677,4.0000
20150512,35823.10,-0.009406,4.0000
20150513,35823.10,0.000000,0.0000
20150514,35597.65,-0.006294,4.0000
20150515,35597.65,0.000000,0.0000
20150518,36018.22,0.011815,4.0000
20150519,35840.64,-0.004930,4.0000
20150520,35461.39,-0.010582,4.0000
20150521,35461.39,0.000000,0.0000
20150522,35461.39,0.000000,0.0000
20150526,35185.58,-0.007778,4.0000
20150527,34554.68,-0.017930,3.9698
20150528,34364.46,-0.005505,4.0000
20150529,34972.24,0.017686,4.0000
20150601,34693.16,-0.007980,4.0000
20150602,34441.54,-0.007253,4.0000
20150603,34083.70,-0.010390,2.6382
20150604,33791.25,-0.008580,4.0000
20150605,33439.19,-0.010419,2.8265
20150608,33936.58,0.014874,4.0000
20150609,33629.96,-0.009035,4.0000
20150610,33404.15,-0.006715,4.0000
20150611,33074.79,-0.009860,4.0000
20150612,32433.52,-0.019389,4.0000
20150615,32093.56,-0.010482,3.2462
20150616,32093.56,0.000000,0.0000
20150617,31854.84,-0.007438,4.0000
20150618,31519.23,-0.010535,3.6435
20150619,31380.65,-0.004397,4.0000
20150622,31160.33,-0.007021,4.0000
20150623,31012.14,-0.004756,4.0000
20150624,30846.76,-0.005333,4.0000
20150625,30640.68,-0.006681,4.0000
20150626,30405.98,-0.007660,4.0000
20150629,30101.41,-0.010017,4.0000
20150630,30551.70,0.014959,3.6877
20150701,30267.94,-0.009288,4.0000
20150702,30098.15,-0.005610,4.0000
20150706,30098.15,0.000000,0.0000
20150707,29780.69,-0.010548,3.6820
20150708,29469.49,-0.010450,3.0377
20150709,29195.80,-0.009287,4.0000
20150710,29195.80,0.000000,0.0000
20150713,29071.94,-0.004242,4.0000
20150714,29530.81,0.015784,4.0000
20150715,29260.88,-0.009141,4.0000
20150716,29115.82,-0.004958,4.0000
20150717,28949.73,-0.005705,4.0000
20150720,28795.78,-0.005318,4.0000
20150721,28691.48,-0.003622,4.0000
20150722,28478.42,-0.007426,4.0000
20150723,29086.37,0.021348,4.0000
20150724,30069.32,0.033794,3.8786
20150727,29777.45,-0.009707,4.0000
20150728,29506.65,-0.009094,4.0000
20150729,30068.31,0.019035,4.0000
20150730,30221.37,0.005090,4.0000
20150731,30495.16,0.009060,4.0000
20150803,30778.24,0.009283,4.0000
20150804,30542.65,-0.007655,4.0000
20150805,30344.29,-0.006494,4.0000
20150806,31273.29,0.030615,4.0000
20150807,30942.05,-0.010592,3.9894
20150810,31412.90,0.015217,4.0000
20150811,31141.46,-0.008641,4.0000
20150812,30814.63,-0.010495,3.3285
20150813,30498.76,-0.010251,4.0000
20150814,30275.62,-0.007316,4.0000
20150817,29957.04,-0.010523,3.5231
20150818,29759.38,-0.006598,4.0000
20150819,29507.38,-0.008468,4.0000
20150820,29283.49,-0.007588,4.0000
20150821,28973.69,-0.010580,3.8830
20150824,28973.69,0.000000,0.0000
20150825,28677.10,-0.010236,1.5543
20150826,29420.95,0.025939,2.4704
20150827,29111.91,-0.010504,3.3376
20150828,28806.06,-0.010506,3.3733
20150831,28501.16,-0.010585,3.8948
20150901,28206.08,-0.010353,2.3370
20150902,27912.14,-0.010421,2.7737
20150903,27616.96,-0.010575,3.8170
20150904,27327.74,-0.010473,3.1235
20150908,27127.61,-0.007323,4.0000
20150909,26947.83,-0.006627,4.0000
20150910,26666.50,-0.010440,2.9141
20150911,26384.67,-0.010569,3.7514
20150914,26648.22,0.009989,4.0000
20150915,26367.08,-0.010550,3.6368
20150916,26839.02,0.017899,3.4942
20150917,26662.02,-0.006595,4.0000
20150918,26386.73,-0.010325,2.1612
20150921,26150.95,-0.008935,4.0000
20150922,25908.57,-0.009268,4.0000
20150923,25665.93,-0.009366,4.0000
20150924,25906.76,0.009384,4.0000
20150925,25634.51,-0.010509,3.3525
20150928,26962.94,0.051822,2.9927
20150929,26680.73,-0.010466,3.0375
20150930,26397.76,-0.010606,3.9806
20151001,26397.76,0.000000,0.0000
20151002,26122.99,-0.010409,2.6689
20151005,27111.78,0.037851,4.0000
20151006,26898.44,-0.007869,4.0000
20151007,26725.37,-0.006434,4.0000
20151008,26542.94,-0.006826,4.0000
20151009,26337.02,-0.007758,4.0000
20151012,26127.36,-0.007961,4.0000
20151013,25986.73,-0.005383,4.0000
20151014,25794.39,-0.007401,4.0000
20151015,25572.33,-0.008609,4.0000
20151016,25405.53,-0.006523,4.0000
20151019,25264.85,-0.005537,4.0000
20151020,25140.13,-0.004936,4.0000
20151021,25945.42,0.032032,4.0000
20151022,25690.01,-0.009844,4.0000
20151023,25535.40,-0.006018,4.0000
20151026,25357.06,-0.006984,4.0000
20151027,25233.42,-0.004876,4.0000
20151028,25008.19,-0.008926,4.0000
20151029,24863.50,-0.005786,4.0000
20151030,24657.86,-0.008271,4.0000
20151102,25551.25,0.036231,4.0000
20151103,25379.69,-0.006714,4.0000
20151104,25767.96,0.015299,4.0000
20151105,25629.85,-0.005360,4.0000
20151106,25419.08,-0.008224,4.0000
20151109,25189.53,-0.009031,4.0000
20151110,24985.22,-0.008111,4.0000
20151111,24835.87,-0.005977,4.0000
20151112,24676.32,-0.006424,4.0000
20151113,24507.01,-0.006861,4.0000
20151116,25601.09,0.044644,3.2695
20151117,25386.35,-0.008388,4.0000
20151118,26547.14,0.045725,4.0000
20151119,26403.82,-0.005399,4.0000
20151120,26256.73,-0.005571,4.0000
20151123,26135.32,-0.004624,4.0000
20151124,25953.71,-0.006949,4.0000
20151125,25823.81,-0.005005,4.0000
20151127,25823.81,0.000000,0.0000
20151130,26276.26,0.017521,4.0000
20151201,26154.95,-0.004617,4.0000
20151202,26034.58,-0.004602,4.0000
20151203,27204.01,0.044918,3.2536
20151204,28847.41,0.060410,4.0000
20151207,28575.61,-0.009422,4.0000
20151208,28274.23,-0.010547,3.6748
20151209,28027.17,-0.008738,4.0000
20151210,27742.45,-0.010159,4.0000
20151211,27451.01,-0.010505,3.3945
20151214,27164.50,-0.010437,2.9340
20151215,26882.77,-0.010371,2.5028
20151216,26471.33,-0.015305,4.0000
20151217,28058.65,0.059964,4.0000
20151218,29152.40,0.038981,3.3708
20151221,29152.40,0.000000,0.0000
20151222,28875.40,-0.009502,4.0000
20151223,28673.67,-0.006986,4.0000
20151224,28494.86,-0.006236,4.0000
20151228,28304.98,-0.006663,4.0000
20151229,28588.78,0.010026,4.0000
20151230,29069.07,0.016800,4.0000
20151231,28778.81,-0.009985,4.0000
20160104,28474.71,-0.010567,3.7736
20160105,28175.43,-0.010510,3.4196
20160106,27909.08,-0.009453,4.0000
20160107,28464.99,0.019919,4.0000
20160108,28464.99,0.000000,0.0000
20160111,28464.99,0.000000,0.0000
20160112,28464.99,0.000000,0.0000
20160113,28163.23,-0.010601,3.9795
20160114,27869.21,-0.010440,2.8705
20160115,27582.36,-0.010293,1.9168
20160119,28520.22,0.034002,4.0000
20160120,28498.17,-0.000773,2.1395
20160121,28204.52,-0.010304,1.9875
20160122,27991.48,-0.007553,4.0000
20160125,27768.47,-0.007967,4.0000
20160126,27479.16,-0.010419,2.7435
20160127,27242.33,-0.008619,4.0000
20160128,27242.33,0.000000,0.0000
20160129,29193.48,0.071622,4.0000
20160201,28951.40,-0.008293,4.0000
20160202,29834.84,0.030515,4.0000
20160203,29586.15,-0.008336,4.0000
20160204,29277.99,-0.010416,2.7375
20160205,28973.02,-0.010416,2.7235
20160208,28671.08,-0.010421,2.7293
20160209,29366.01,0.024238,2.9254
20160210,29366.01,0.000000,0.0000
20160211,29061.28,-0.010377,2.4444
20160212,28755.42,-0.010525,3.3969
20160216,28450.51,-0.010604,3.9373
20160217,28219.73,-0.008111,4.0000
20160218,28543.43,0.011471,3.4457
20160219,28204.61,-0.011871,4.0000
20160222,28588.87,0.013624,4.0000
20160223,29398.21,0.028309,4.0000
20160224,29088.07,-0.010549,3.5939
20160225,29701.04,0.021073,3.3530
20160226,30373.46,0.022639,4.0000
20160229,30068.46,-0.010042,4.0000
20160301,29791.31,-0.009217,4.0000
20160302,29610.69,-0.006063,4.0000
20160303,29407.97,-0.006846,4.0000
20160304,29101.62,-0.010417,4.0000
20160307,29720.12,0.021253,4.0000
20160308,29511.18,-0.007030,4.0000
20160309,29380.92,-0.004414,4.0000
20160310,29075.06,-0.010410,2.7441
20160311,28832.50,-0.008342,4.0000
20160314,28666.97,-0.005741,4.0000
20160315,28501.57,-0.005770,4.0000
20160316,28269.94,-0.008127,4.0000
20160317,28080.61,-0.006697,4.0000
20160318,27948.04,-0.004721,4.0000
20160321,27761.59,-0.006671,4.0000
20160322,27570.65,-0.006878,4.0000
20160323,27397.12,-0.006294,4.0000
20160324,27397.12,0.000000,0.0000
20160328,27219.48,-0.006484,4.0000
20160329,27100.96,-0.004354,4.0000
20160330,26926.70,-0.006430,4.0000
20160331,26774.54,-0.005651,4.0000
20160401,26607.24,-0.006248,4.0000
20160404,26457.18,-0.005640,4.0000
20160405,26312.06,-0.005485,4.0000
20160406,26116.15,-0.007446,4.0000
20160407,25932.50,-0.007032,4.0000
20160408,25795.43,-0.005285,4.0000
20160411,25588.66,-0.008016,4.0000
20160412,25387.60,-0.007857,4.0000
20160413,25215.40,-0.006783,4.0000
20160414,25107.92,-0.004263,4.0000
20160415,25138.08,0.001201,4.0000
20160418,26122.32,0.039153,4.0000
20160419,26026.64,-0.003663,4.0000
20160420,25911.56,-0.004422,4.0000
20160421,25911.56,0.000000,0.0000
20160422,25687.45,-0.008649,4.0000
20160425,25509.25,-0.006937,4.0000
20160426,25386.24,-0.004822,4.0000
20160427,25122.99,-0.010370,4.0000
20160428,25440.84,0.012652,4.0000
20160429,25219.08,-0.008717,4.0000
20160502,25023.13,-0.007770,4.0000
20160503,24896.42,-0.005064,4.0000
20160504,24697.04,-0.008008,4.0000
20160505,24697.04,0.000000,0.0000
20160506,24503.29,-0.007845,4.0000
20160509,24279.04,-0.009152,4.0000
20160510,24963.49,0.028191,4.0000
20160511,24963.49,0.000000,0.0000
20160512,24837.62,-0.005042,4.0000
20160513,24668.58,-0.006806,4.0000
20160516,25384.29,0.029013,4.0000
20160517,25384.29,0.000000,0.0000
20160518,25184.94,-0.007853,4.0000
20160519,24957.73,-0.009021,4.0000
20160520,25035.02,0.003097,4.0000
20160523,24834.90,-0.007994,4.0000
20160524,25464.37,0.025346,4.0000
20160525,25326.97,-0.005396,4.0000
20160526,25326.97,0.000000,0.0000
20160527,25548.23,0.008736,4.0000
20160531,25464.65,-0.003271,4.0000
20160601,25332.13,-0.005204,4.0000
20160602,25181.31,-0.005954,4.0000
20160603,24998.08,-0.007276,4.0000
20160606,24906.86,-0.003649,4.0000
20160607,24891.64,-0.000611,4.0000
20160608,24754.36,-0.005515,4.0000
20160609,24612.73,-0.005721,4.0000
20160610,24490.21,-0.004978,4.0000
20160613,24265.19,-0.009188,4.0000
20160614,24092.01,-0.007137,4.0000
20160615,23975.61,-0.004832,4.0000
20160616,23845.00,-0.005447,4.0000
20160617,23912.80,0.002843,4.0000
20160620,23729.07,-0.007683,4.0000
20160621,23564.11,-0.006952,4.0000
20160622,23423.42,-0.005970,4.0000
20160623,23279.05,-0.006163,4.0000
20160624,23040.48,-0.010249,1.6764
20160627,23522.79,0.020933,3.1395
20160628,23308.05,-0.009129,4.0000
20160629,23116.78,-0.008206,4.0000
20160630,22901.61,-0.009308,4.0000
20160701,22951.00,0.002157,4.0000
20160705,23082.17,0.005715,4.0000
20160706,22854.62,-0.009858,4.0000
20160707,22705.87,-0.006509,4.0000
20160708,22536.87,-0.007443,4.0000
20160711,22366.87,-0.007543,4.0000
20160712,22244.84,-0.005456,4.0000
20160713,22297.38,0.002362,4.0000
20160714,22297.38,0.000000,0.0000
20160715,22580.27,0.012687,4.0000
20160718,22474.33,-0.004692,4.0000
20160719,22364.80,-0.004873,4.0000
20160720,22198.07,-0.007455,4.0000
20160721,22069.71,-0.005783,4.0000
20160722,21933.62,-0.006167,4.0000
20160725,21980.82,0.002152,4.0000
20160726,21894.27,-0.003937,4.0000
20160727,22078.55,0.008417,4.0000
20160728,21934.46,-0.006526,4.0000
20160729,21767.21,-0.007625,4.0000
20160801,21669.55,-0.004486,4.0000
20160802,21496.32,-0.007994,4.0000
20160803,21335.28,-0.007491,4.0000
20160804,21200.00,-0.006341,4.0000
20160805,21506.83,0.014473,4.0000
20160808,21426.63,-0.003729,4.0000
20160809,21307.42,-0.005564,4.0000
20160810,21513.04,0.009650,4.0000
20160811,21425.32,-0.004077,4.0000
20160812,21278.73,-0.006842,4.0000
20160815,21286.96,0.000387,4.0000
20160816,21141.21,-0.006847,4.0000
20160817,21001.95,-0.006587,4.0000
20160818,20869.88,-0.006288,4.0000
20160819,20742.15,-0.006121,4.0000
20160822,20588.47,-0.007409,4.0000
20160823,20485.71,-0.004991,4.0000
20160824,20405.59,-0.003911,4.0000
20160825,20291.58,-0.005587,4.0000
20160826,20148.87,-0.007033,4.0000
20160829,20362.21,0.010588,4.0000
20160830,20237.85,-0.006107,4.0000
20160831,20251.45,0.000672,4.0000
20160901,20127.32,-0.006129,4.0000
20160902,20008.14,-0.005922,4.0000
20160906,19904.23,-0.005193,4.0000
20160907,19822.76,-0.004093,4.0000
20160908,19730.76,-0.004641,4.0000
20160909,20993.00,0.063973,4.0000
20160912,22112.69,0.053336,3.3731
20160913,21973.44,-0.006297,4.0000
20160914,21754.40,-0.009968,4.0000
20160915,21525.54,-0.010520,3.5493
20160916,21342.64,-0.008497,4.0000
20160919,21241.92,-0.004719,4.0000
20160920,21106.15,-0.006392,4.0000
20160921,20975.15,-0.006207,4.0000
20160922,20807.81,-0.007978,4.0000
20160923,20706.30,-0.004878,4.0000
20160926,20518.06,-0.009091,4.0000
20160927,20518.06,0.000000,0.0000
20160928,20756.17,0.011605,4.0000
20160929,20635.89,-0.005795,4.0000
20160930,20703.39,0.003271,4.0000
20161003,20548.46,-0.007483,4.0000
20161004,20421.76,-0.006166,4.0000
20161005,20333.44,-0.004325,4.0000
20161006,20154.57,-0.008797,4.0000
20161007,20422.39,0.013289,4.0000
20161010,20323.01,-0.004867,4.0000
20161011,20994.13,0.033023,4.0000
20161012,20780.37,-0.010182,4.0000
20161013,20780.37,0.000000,0.0000
20161014,21148.20,0.017701,4.0000
20161017,21148.20,0.000000,0.0000
20161018,21044.33,-0.004911,4.0000
20161019,20944.82,-0.004728,4.0000
20161020,20798.90,-0.006967,4.0000
20161021,21092.53,0.014118,4.0000
20161024,21012.92,-0.003774,4.0000
20161025,20913.81,-0.004717,4.0000
20161026,20810.67,-0.004932,4.0000
20161027,21256.18,0.021408,4.0000
20161028,21031.76,-0.010558,3.7877
20161031,20900.22,-0.006254,4.0000
20161101,21555.68,0.031361,4.0000
20161102,21427.78,-0.005933,4.0000
20161103,21288.05,-0.006521,4.0000
20161104,21074.96,-0.010010,4.0000
20161107,21074.96,0.000000,0.0000
20161108,20966.82,-0.005131,4.0000
20161109,21266.79,0.014307,1.2881
20161110,21136.39,-0.006131,4.0000
20161111,21057.52,-0.003731,3.7897
20161114,20861.90,-0.009290,4.0000
20161115,20752.87,-0.005226,4.0000
20161116,20656.21,-0.004658,4.0000
20161117,20878.08,0.010741,4.0000
20161118,20878.08,0.000000,0.0000
20161121,20766.24,-0.005357,4.0000
20161122,20670.58,-0.004606,4.0000
20161123,20563.94,-0.005159,4.0000
20161125,20495.38,-0.003334,4.0000
20161128,20374.63,-0.005892,4.0000
20161129,20251.25,-0.006055,4.0000
20161130,20180.19,-0.003509,4.0000
20161201,20460.84,0.013907,4.0000
20161202,20351.23,-0.005357,4.0000
20161205,20224.13,-0.006245,4.0000
20161206,20116.42,-0.005326,4.0000
20161207,20116.42,0.000000,0.0000
20161208,19996.47,-0.005963,4.0000
20161209,20317.33,0.016046,4.0000
20161212,20211.27,-0.005220,4.0000
20161213,20383.68,0.008530,4.0000
20161214,20242.09,-0.006946,4.0000
20161215,20075.74,-0.008218,4.0000
20161216,20329.97,0.012663,4.0000
20161219,20245.07,-0.004176,4.0000
20161220,20143.00,-0.005041,4.0000
20161221,20045.06,-0.004863,4.0000
20161222,19993.43,-0.002576,4.0000
20161223,19934.88,-0.002928,4.0000
20161227,19827.32,-0.005396,4.0000
20161228,20519.03,0.034887,4.0000
20161229,20378.50,-0.006849,4.0000
20161230,20576.75,0.009728,3.5451
20170103,20439.67,-0.006662,4.0000
20170104,20557.06,0.005743,4.0000
20170105,20446.19,-0.005393,4.0000
20170106,20232.68,-0.010442,4.0000
20170109,20112.92,-0.005919,4.0000
20170110,19990.11,-0.006106,4.0000
20170111,19910.58,-0.003978,4.0000
20170112,19789.04,-0.006104,4.0000
20170113,19640.79,-0.007492,4.0000
20170117,19534.92,-0.005390,4.0000
20170118,19342.98,-0.009826,4.0000
20170119,19279.79,-0.003267,4.0000
20170120,19148.88,-0.006790,4.0000
20170123,19032.14,-0.006097,4.0000
20170124,18929.55,-0.005390,4.0000
20170125,18929.55,0.000000,0.0000
20170126,18818.82,-0.005850,4.0000
20170127,18898.99,0.004260,4.0000
20170130,18950.24,0.002712,4.0000
20170131,18848.36,-0.005376,4.0000
20170201,18757.40,-0.004826,4.0000
20170202,18757.40,0.000000,0.0000
20170203,18643.90,-0.006051,4.0000
20170206,18555.73,-0.004729,4.0000
20170207,18612.15,0.003040,4.0000
20170208,18505.96,-0.005705,4.0000
20170209,18774.72,0.014523,4.0000
20170210,18681.73,-0.004953,4.0000
20170213,18824.42,0.007638,4.0000
20170214,18760.82,-0.003379,4.0000
20170215,19140.81,0.020255,4.0000
20170216,19140.81,0.000000,0.0000
20170217,19396.76,0.013372,4.0000
20170221,19608.28,0.010905,4.0000
20170222,19532.82,-0.003849,4.0000
20170223,19606.32,0.003763,4.0000
20170224,19606.32,0.000000,0.0000
20170227,19540.90,-0.003337,4.0000
20170228,19462.57,-0.004008,4.0000
20170301,19841.84,0.019487,4.0000
20170302,20117.98,0.013917,4.0000
20170303,20098.52,-0.000968,4.0000
20170306,20006.22,-0.004592,4.0000
20170307,20006.22,0.000000,0.0000
20170308,19912.59,-0.004680,4.0000
20170309,19798.96,-0.005706,4.0000
20170310,19689.83,-0.005512,4.0000
20170313,19689.83,0.000000,0.0000
20170314,19660.78,-0.001476,4.0000
20170315,19555.57,-0.005351,4.0000
20170316,19461.45,-0.004813,4.0000
20170317,19344.25,-0.006022,4.0000
20170320,19220.89,-0.006377,4.0000
20170321,19131.08,-0.004672,4.0000
20170322,18984.61,-0.007657,4.0000
20170323,18871.92,-0.005935,4.0000
20170324,18769.96,-0.005403,4.0000
20170327,19188.70,0.022309,3.9146
20170328,19061.65,-0.006621,4.0000
20170329,18981.46,-0.004207,4.0000
20170330,18898.51,-0.004370,4.0000
20170331,18812.83,-0.004534,4.0000
20170403,18708.50,-0.005546,4.0000
20170404,18620.24,-0.004717,4.0000
20170405,18542.26,-0.004188,4.0000
20170406,18410.44,-0.007109,4.0000
20170407,18314.20,-0.005227,4.0000
20170410,18209.39,-0.005723,4.0000
20170411,18061.62,-0.008115,4.0000
20170412,17930.04,-0.007285,4.0000
20170413,17817.53,-0.006275,4.0000
20170417,17729.98,-0.004914,4.0000
20170418,17612.71,-0.006614,4.0000
20170419,17508.63,-0.005909,4.0000
20170420,17419.91,-0.005067,4.0000
20170421,17539.41,0.006859,4.0000
20170424,17430.61,-0.006203,4.0000
20170425,17527.90,0.005582,4.0000
20170426,17411.16,-0.006660,4.0000
20170427,17290.07,-0.006955,4.0000
20170428,17409.62,0.006914,4.0000
20170501,17343.13,-0.003819,4.0000
20170502,17282.82,-0.003478,4.0000
20170503,17282.82,0.000000,0.0000
20170504,17254.51,-0.001638,4.0000
20170505,17181.52,-0.004230,4.0000
20170508,17107.63,-0.004301,4.0000
20170509,17034.09,-0.004298,4.0000
20170510,16954.95,-0.004646,4.0000
20170511,16904.57,-0.002971,4.0000
20170512,16834.45,-0.004148,4.0000
20170515,16979.69,0.008628,4.0000
20170516,17059.35,0.004691,4.0000
20170517,16908.37,-0.008850,4.0000
20170518,17077.21,0.009986,3.9104
20170519,17302.26,0.013179,4.0000
20170522,17207.39,-0.005483,4.0000
20170523,17116.10,-0.005305,4.0000
20170524,17062.49,-0.003132,4.0000
20170525,16983.69,-0.004618,4.0000
20170526,16978.54,-0.000304,4.0000
20170530,16911.45,-0.003951,4.0000
20170531,16984.69,0.004330,4.0000
20170601,16903.64,-0.004772,4.0000
20170602,16820.74,-0.004904,4.0000
20170605,16743.80,-0.004574,4.0000
20170606,16675.31,-0.004090,4.0000
20170607,16612.65,-0.003758,4.0000
20170608,16536.62,-0.004577,4.0000
20170609,16447.60,-0.005384,4.0000
20170612,16342.54,-0.006388,4.0000
20170613,16289.38,-0.003253,4.0000
20170614,16356.29,0.004107,4.0000
20170615,16232.84,-0.007547,4.0000
20170616,16150.19,-0.005092,4.0000
20170619,16150.19,0.000000,0.0000
20170620,16073.72,-0.004735,4.0000
20170621,16000.05,-0.004583,4.0000
20170622,15923.98,-0.004755,4.0000
20170623,15858.75,-0.004096,4.0000
20170626,15809.67,-0.003095,4.0000
20170627,15700.60,-0.006899,4.0000
20170628,15633.71,-0.004260,4.0000
20170629,16099.45,0.029791,4.0000
20170630,16022.84,-0.004758,4.0000
20170703,15944.13,-0.004912,4.0000
20170705,15862.97,-0.005090,4.0000
20170706,15792.60,-0.004436,4.0000
20170707,15734.17,-0.003700,4.0000
20170710,15783.96,0.003164,4.0000
20170711,15724.38,-0.003775,4.0000
20170712,15796.97,0.004617,4.0000
20170713,15714.48,-0.005222,4.0000
20170714,15948.59,0.014898,4.0000
20170717,15948.59,0.000000,0.0000
20170718,15875.90,-0.004558,4.0000
20170719,16074.70,0.012522,4.0000
20170720,16087.86,0.000819,4.0000
20170721,16030.63,-0.003557,4.0000
20170724,15973.66,-0.003554,4.0000
20170725,15881.79,-0.005751,4.0000
20170726,15804.92,-0.004840,4.0000
20170727,15912.25,0.006791,4.0000
20170728,15793.62,-0.007456,4.0000
20170731,15742.34,-0.003247,4.0000
20170801,15686.68,-0.003536,4.0000
20170802,15651.29,-0.002256,4.0000
20170803,15694.50,0.002760,4.0000
20170804,15636.26,-0.003711,4.0000
20170807,15585.82,-0.003226,4.0000
20170808,15533.07,-0.003384,4.0000
20170809,15414.91,-0.007607,4.0000
20170810,15414.91,0.000000,0.0000
20170811,15289.05,-0.008165,4.0000
20170814,15411.05,0.007980,4.0000
20170815,15441.21,0.001957,4.0000
20170816,15441.21,0.000000,0.0000
20170817,15352.42,-0.005750,4.0000
20170818,15249.01,-0.006736,4.0000
20170821,15146.83,-0.006701,4.0000
20170822,15494.78,0.022972,4.0000
20170823,15466.67,-0.001814,4.0000
20170824,15401.30,-0.004227,4.0000
20170825,15338.71,-0.004064,4.0000
20170828,15419.12,0.005243,4.0000
20170829,15702.54,0.018381,3.6666
20170830,15625.79,-0.004888,4.0000
20170831,15562.65,-0.004041,4.0000
20170901,15487.48,-0.004830,4.0000
20170905,15487.48,0.000000,0.0000
20170906,15387.17,-0.006477,4.0000
20170907,15432.15,0.002923,4.0000
20170908,15432.15,0.000000,0.0000
20170911,15618.61,0.012082,4.0000
20170912,15541.10,-0.004962,4.0000
20170913,15608.27,0.004322,4.0000
20170914,15545.77,-0.004004,4.0000
20170915,15475.88,-0.004496,4.0000
20170918,15330.72,-0.009380,4.0000
20170919,15286.55,-0.002881,4.0000
20170920,15249.86,-0.002400,4.0000
20170921,15193.74,-0.003680,4.0000
20170922,15220.59,0.001767,4.0000
20170925,15168.12,-0.003447,4.0000
20170926,15104.94,-0.004166,4.0000
20170927,15050.57,-0.003599,4.0000
20170928,14973.51,-0.005120,4.0000
20170929,14901.77,-0.004791,4.0000
20171002,14854.27,-0.003187,4.0000
20171003,14816.49,-0.002544,4.0000
20171004,14776.50,-0.002699,4.0000
20171005,14725.06,-0.003481,4.0000
20171006,14666.91,-0.003949,4.0000
20171009,14625.24,-0.002841,4.0000
20171010,14592.85,-0.002215,4.0000
20171011,14660.82,0.004658,4.0000
20171012,14612.26,-0.003312,4.0000
20171013,14536.35,-0.005195,4.0000
20171016,14476.92,-0.004088,4.0000
20171017,14434.70,-0.002917,4.0000
20171018,14396.06,-0.002677,4.0000
20171019,14508.59,0.007817,4.0000
20171020,14435.88,-0.005012,4.0000
20171023,14671.28,0.016307,4.0000
20171024,14625.26,-0.003137,4.0000
20171025,14625.26,0.000000,0.0000
20171026,14554.18,-0.004860,4.0000
20171027,14494.89,-0.004073,4.0000
20171030,14449.48,-0.003133,4.0000
20171031,14399.69,-0.003446,4.0000
20171101,14346.89,-0.003666,4.0000
20171102,14351.01,0.000287,4.0000
20171103,14279.35,-0.004993,4.0000
20171106,14347.47,0.004771,4.0000
20171107,14298.34,-0.003424,4.0000
20171108,14235.98,-0.004362,4.0000
20171109,14141.86,-0.006612,4.0000
20171110,14141.86,0.000000,0.0000
20171113,14323.86,0.012870,4.0000
20171114,14272.36,-0.003595,4.0000
20171115,14187.45,-0.005950,4.0000
20171116,14358.57,0.012062,4.0000
20171117,14289.21,-0.004830,4.0000
20171120,14211.27,-0.005455,4.0000
20171121,14145.11,-0.004655,4.0000
20171122,14145.11,0.000000,0.0000
20171124,14103.35,-0.002953,4.0000
20171127,14053.04,-0.003567,4.0000
20171128,14018.09,-0.002487,4.0000
20171129,13965.29,-0.003767,4.0000
20171130,13882.21,-0.005949,4.0000
20171201,13795.71,-0.006231,4.0000
20171204,13730.76,-0.004708,4.0000
20171205,13646.97,-0.006102,4.0000
20171206,13569.89,-0.005648,4.0000
20171207,13717.77,0.010897,4.0000
20171208,13644.73,-0.005324,4.0000
20171211,13594.80,-0.003659,4.0000
20171212,13548.20,-0.003428,4.0000
20171213,13492.77,-0.004092,4.0000
20171214,13444.61,-0.003569,4.0000
20171215,13603.85,0.011844,4.0000
20171218,13566.61,-0.002738,4.0000
20171219,13778.26,0.015601,4.0000
20171220,13956.49,0.012936,4.0000
20171221,13899.42,-0.004089,4.0000
20171222,13857.22,-0.003036,4.0000
20171226,13771.51,-0.006186,4.0000
20171227,13723.38,-0.003495,4.0000
20171228,13659.07,-0.004687,4.0000
20171229,13908.98,0.018296,4.0000
20180102,13806.30,-0.007382,4.0000
20180103,14070.18,0.019113,4.0000
20180104,13994.65,-0.005368,4.0000
20180105,13895.00,-0.007121,4.0000
20180108,13849.34,-0.003286,4.0000
20180109,13785.83,-0.004586,4.0000
20180110,13690.25,-0.006933,4.0000
20180111,13690.25,0.000000,0.0000
20180112,13615.96,-0.005427,4.0000
20180116,13548.58,-0.004948,4.0000
20180117,13463.57,-0.006275,4.0000
20180118,13383.33,-0.005959,4.0000
20180119,13328.59,-0.004090,4.0000
20180122,13755.22,0.032008,4.0000
20180123,13674.22,-0.005889,4.0000
20180124,13674.22,0.000000,0.0000
20180125,13788.52,0.008359,4.0000
20180126,13788.52,0.000000,0.0000
20180129,13717.64,-0.005140,4.0000
20180130,13574.87,-0.010407,3.0190
20180131,13452.78,-0.008994,4.0000
20180201,13324.46,-0.009538,4.0000
20180202,14125.46,0.060115,4.0000
20180205,13978.65,-0.010394,2.8912
20180206,14291.34,0.022370,0.8119
20180207,14142.50,-0.010415,3.0305
20180208,15192.02,0.074210,2.1584
20180209,15035.18,-0.010324,2.3326
20180212,14880.33,-0.010299,2.1786
20180213,15102.36,0.014921,2.7090
20180214,15671.64,0.037695,2.3561
20180215,15507.88,-0.010449,3.2744
20180216,15531.84,0.001545,4.0000
20180220,15409.97,-0.007846,4.0000
20180221,15249.12,-0.010439,3.2155
20180222,15089.62,-0.010460,3.3674
20180223,14942.34,-0.009760,4.0000
20180226,14861.10,-0.005437,4.0000
20180227,14737.88,-0.008292,4.0000
20180228,14636.18,-0.006900,4.0000
20180301,14482.74,-0.010484,3.5468
20180302,14332.59,-0.010367,2.6751
20180305,14181.71,-0.010528,3.8505
20180306,14174.52,-0.000507,4.0000
20180307,14310.67,0.009605,2.0771
20180308,14194.71,-0.008103,4.0000
20180309,14079.33,-0.008128,4.0000
20180312,13987.46,-0.006526,4.0000
20180313,13908.21,-0.005666,4.0000
20180314,14322.33,0.029776,4.0000
20180315,14213.13,-0.007625,4.0000
20180316,14114.90,-0.006911,4.0000
20180319,13975.25,-0.009894,4.0000
20180320,13852.88,-0.008756,4.0000
20180321,13761.93,-0.006566,4.0000
20180322,13617.79,-0.010474,3.4393
20180323,13617.79,0.000000,0.0000
20180326,13509.42,-0.007958,4.0000
20180327,13367.87,-0.010478,3.4628
20180328,13229.15,-0.010377,2.7358
20180329,13090.19,-0.010504,3.6548
20180402,12952.48,-0.010520,3.7751
20180403,12816.27,-0.010516,3.7117
20180404,13662.95,0.066062,2.7232
20180405,13536.84,-0.009230,4.0000
20180406,13395.60,-0.010434,3.1558
20180409,13286.63,-0.008134,4.0000
20180410,13147.98,-0.010436,3.1532
20180411,13029.88,-0.008982,4.0000
20180412,13068.50,0.002964,4.0000
20180413,13447.49,0.029001,4.0000
20180416,13309.53,-0.010259,4.0000
20180417,13201.85,-0.008091,4.0000
20180418,13128.92,-0.005524,4.0000
20180419,13001.36,-0.009716,4.0000
20180420,13357.06,0.027359,4.0000
20180423,13280.33,-0.005744,4.0000
20180424,13202.17,-0.005886,4.0000
20180425,13066.83,-0.010251,4.0000
20180426,12953.55,-0.008669,4.0000
20180427,12953.55,0.000000,0.0000
20180430,12870.58,-0.006405,4.0000
20180501,12766.50,-0.008087,4.0000
20180502,12673.25,-0.007304,4.0000
20180503,12540.82,-0.010450,3.2490
20180504,12540.82,0.000000,0.0000
20180507,12436.91,-0.008286,4.0000
20180508,12352.37,-0.006798,4.0000
20180509,12261.35,-0.007368,4.0000
20180510,12261.35,0.000000,0.0000
20180511,12184.91,-0.006234,4.0000
20180514,12111.20,-0.006049,4.0000
20180515,12094.36,-0.001391,4.0000
20180516,12193.32,0.008182,4.0000
20180517,12133.31,-0.004921,4.0000
20180518,12062.82,-0.005810,4.0000
20180521,11970.24,-0.007674,4.0000
20180522,11917.01,-0.004448,4.0000
20180523,11844.28,-0.006103,4.0000
20180524,11770.62,-0.006219,4.0000
20180525,11664.24,-0.009038,4.0000
20180529,11584.09,-0.006872,4.0000
20180530,11530.33,-0.004640,4.0000
20180531,11439.62,-0.007867,4.0000
20180601,11601.64,0.014163,4.0000
20180604,11616.00,0.001238,4.0000
20180605,11555.92,-0.005172,4.0000
20180606,11504.75,-0.004428,4.0000
20180607,11447.49,-0.004977,4.0000
20180608,11367.15,-0.007018,4.0000
20180611,11364.59,-0.000226,4.0000
20180612,11335.95,-0.002520,4.0000
20180613,11297.63,-0.003380,4.0000
20180614,11239.94,-0.005106,4.0000
20180615,11172.36,-0.006013,4.0000
20180618,11080.53,-0.008220,4.0000
20180619,10973.34,-0.009674,4.0000
20180620,10912.18,-0.005574,4.0000
20180621,11134.64,0.020387,4.0000
20180622,11242.18,0.009658,4.0000
20180625,11242.18,0.000000,0.0000
20180626,11130.37,-0.009945,4.0000
20180627,11067.57,-0.005643,4.0000
20180628,10983.22,-0.007621,4.0000
20180629,10916.39,-0.006085,4.0000
20180702,11289.86,0.034212,4.0000
20180703,11221.18,-0.006083,4.0000
20180705,11127.19,-0.008376,4.0000
20180706,11127.19,0.000000,0.0000
20180709,11065.25,-0.005567,4.0000
20180710,10992.75,-0.006552,4.0000
20180711,10906.31,-0.007863,4.0000
20180712,10841.10,-0.005979,4.0000
20180713,10773.46,-0.006239,4.0000
20180716,10773.46,0.000000,0.0000
20180717,11030.68,0.023875,4.0000
20180718,10986.49,-0.004006,4.0000
20180719,10911.16,-0.006857,4.0000
20180720,10864.96,-0.004234,4.0000
20180723,10817.37,-0.004380,4.0000
20180724,10770.35,-0.004346,4.0000
20180725,11150.28,0.035275,4.0000
20180726,11119.33,-0.002775,4.0000
20180727,11439.88,0.028828,4.0000
20180730,11635.84,0.017129,4.0000
20180731,11542.13,-0.008053,4.0000
20180801,11465.72,-0.006620,4.0000
20180802,11919.17,0.039548,4.0000
20180803,12056.30,0.011505,4.0000
20180806,11975.13,-0.006733,4.0000
20180807,11980.65,0.000461,4.0000
20180808,11910.53,-0.005853,4.0000
20180809,11857.65,-0.004440,4.0000
20180810,11777.96,-0.006720,4.0000
20180813,11702.13,-0.006438,4.0000
20180814,11618.49,-0.007148,4.0000
20180815,11648.75,0.002605,4.0000
20180816,11698.54,0.004274,4.0000
20180817,11642.97,-0.004750,4.0000
20180820,11599.42,-0.003741,4.0000
20180821,11531.86,-0.005824,4.0000
20180822,11458.18,-0.006389,4.0000
20180823,11410.58,-0.004154,4.0000
20180824,11369.61,-0.003591,4.0000
20180827,11324.33,-0.003983,4.0000
20180828,11324.33,0.000000,0.0000
20180829,11271.53,-0.004663,4.0000
20180830,11271.53,0.000000,0.0000
20180831,11222.10,-0.004385,4.0000
20180904,11168.95,-0.004737,4.0000
20180905,11102.82,-0.005921,4.0000
20180906,11044.76,-0.005229,4.0000
20180907,11098.22,0.004841,4.0000
20180910,11037.02,-0.005515,4.0000
20180911,10972.80,-0.005818,4.0000
20180912,10912.03,-0.005539,4.0000
20180913,10855.23,-0.005205,4.0000
20180914,10792.78,-0.005753,4.0000
20180917,10972.10,0.016615,4.0000
20180918,11057.01,0.007738,3.9280
20180919,11004.17,-0.004778,4.0000
20180920,10945.79,-0.005306,4.0000
20180921,11058.15,0.010265,4.0000
20180924,11023.45,-0.003138,4.0000
20180925,11099.42,0.006892,4.0000
20180926,11046.33,-0.004783,4.0000
20180927,10981.14,-0.005902,4.0000
20180928,10926.96,-0.004933,4.0000
20181001,10865.91,-0.005588,4.0000
20181002,10830.39,-0.003268,4.0000
20181003,10784.75,-0.004214,4.0000
20181004,10969.02,0.017086,4.0000
20181005,10898.19,-0.006457,4.0000
20181008,10816.63,-0.007484,4.0000
20181009,10719.26,-0.009002,4.0000
20181010,11638.70,0.085775,3.1477
20181011,11518.43,-0.010334,2.4644
20181012,11504.35,-0.001223,2.3232
20181015,11384.26,-0.010439,3.2102
20181016,11302.61,-0.007172,4.0000
20181017,11198.24,-0.009234,4.0000
20181018,11080.65,-0.010501,3.6776
20181019,11014.29,-0.005989,4.0000
20181022,11014.29,0.000000,0.0000
20181023,10899.09,-0.010459,3.3606
20181024,10817.07,-0.007525,4.0000
20181025,10705.90,-0.010277,2.0068
20181026,10701.33,-0.000427,0.4473
20181029,10605.12,-0.008990,4.0000
20181030,10953.30,0.032831,2.4319
20181031,10857.24,-0.008770,4.0000
20181101,10763.95,-0.008592,4.0000
20181102,10664.28,-0.009260,4.0000
20181105,10563.53,-0.009447,4.0000
20181106,10718.98,0.014715,3.7156
20181107,10637.90,-0.007564,4.0000
20181108,10570.01,-0.006383,4.0000
20181109,10717.74,0.013977,4.0000
20181112,11109.02,0.036507,2.6060
20181113,10993.81,-0.010370,2.7203
20181114,10901.53,-0.008394,4.0000
20181115,10789.36,-0.010289,2.0962
20181116,10690.13,-0.009197,4.0000
20181119,10595.30,-0.008871,4.0000
20181120,10485.03,-0.010407,2.9651
20181121,10387.12,-0.009338,4.0000
20181123,10336.27,-0.004896,4.0000
20181126,10262.78,-0.007110,4.0000
20181127,10165.35,-0.009493,4.0000
20181128,10102.86,-0.006148,4.0000
20181129,10034.20,-0.006796,4.0000
20181130,9963.08,-0.007088,4.0000
20181203,10039.15,0.007635,4.0000
20181204,9945.94,-0.009284,4.0000
20181206,9843.29,-0.010321,2.3425
20181207,9744.97,-0.009988,4.0000
20181210,9644.11,-0.010350,2.5495
20181211,9556.98,-0.009034,4.0000
20181212,9467.75,-0.009337,4.0000
20181213,9379.16,-0.009357,4.0000
20181214,9308.80,-0.007503,4.0000
20181217,9212.30,-0.010367,2.6356
20181218,9117.64,-0.010275,4.0000
20181219,9022.85,-0.010396,2.8568
20181220,8929.71,-0.010322,2.3112
20181221,8836.66,-0.010421,2.9841
20181224,8745.61,-0.010304,2.1546
20181226,8656.29,-0.010213,1.5066
20181227,8566.65,-0.010355,2.5214
20181228,8478.09,-0.010338,2.4040
20181231,8389.63,-0.010434,3.1067
20190102,8845.34,0.054318,3.7104
20190103,9352.02,0.057282,3.7862
20190104,9352.02,0.000000,0.0000
20190107,9280.81,-0.007614,4.0000
20190108,9225.74,-0.005934,4.0000
20190109,9158.24,-0.007317,4.0000
20190110,9079.35,-0.008614,4.0000
20190111,9014.35,-0.007159,4.0000
20190114,8939.63,-0.008289,4.0000
20190115,9234.34,0.032967,4.0000
20190116,9156.25,-0.008457,4.0000
20190117,9487.61,0.036190,4.0000
20190118,9388.18,-0.010480,4.0000
20190122,9609.26,0.023548,4.0000
20190123,9543.40,-0.006853,4.0000
20190124,9474.04,-0.007268,4.0000
20190125,9407.16,-0.007060,4.0000
20190128,9318.02,-0.009476,4.0000
20190129,9269.65,-0.005191,4.0000
20190130,9213.58,-0.006048,4.0000
20190131,9155.20,-0.006337,4.0000
20190201,9093.58,-0.006730,4.0000
20190204,9045.86,-0.005248,4.0000
20190205,8986.89,-0.006519,4.0000
20190206,8986.89,0.000000,0.0000
20190207,8943.85,-0.004789,4.0000
20190208,8866.29,-0.008672,4.0000
20190211,8812.16,-0.006105,4.0000
20190212,9005.52,0.021943,4.0000
20190213,8936.85,-0.007625,4.0000
20190214,8843.59,-0.010436,3.1841
20190215,8795.52,-0.005435,4.0000
20190219,8905.98,0.012559,4.0000
20190220,8869.39,-0.004109,4.0000
20190221,8821.46,-0.005404,4.0000
20190222,8773.85,-0.005397,4.0000
20190225,8739.35,-0.003932,4.0000
20190226,8687.23,-0.005963,4.0000
20190227,8630.46,-0.006535,4.0000
20190228,8586.62,-0.005079,4.0000
20190301,8543.05,-0.005074,4.0000
20190304,8543.05,0.000000,0.0000
20190305,8476.21,-0.007824,4.0000
20190306,8670.01,0.022864,4.0000
20190307,8852.43,0.021041,4.0000
20190308,8777.79,-0.008432,4.0000
20190311,9113.16,0.038206,4.0000
20190312,9113.16,0.000000,0.0000
20190313,9211.10,0.010748,4.0000
20190314,9159.17,-0.005638,4.0000
20190315,9128.32,-0.003368,4.0000
20190318,9074.39,-0.005907,4.0000
20190319,9031.27,-0.004752,4.0000
20190320,8939.01,-0.010216,4.0000
20190321,9379.45,0.049272,4.0000
20190322,9379.45,0.000000,0.0000
20190325,9298.04,-0.008680,4.0000
20190326,9231.14,-0.007195,4.0000
20190327,9231.14,0.000000,0.0000
20190328,9135.23,-0.010389,2.8618
20190329,9073.52,-0.006756,4.0000
20190401,9032.00,-0.004576,4.0000
20190402,8970.37,-0.006823,4.0000
20190403,8891.86,-0.008752,4.0000
20190404,8861.20,-0.003448,4.0000
20190405,8817.16,-0.004970,4.0000
20190408,8761.07,-0.006361,4.0000
20190409,8688.17,-0.008321,4.0000
20190410,8648.63,-0.004551,4.0000
20190411,8664.50,0.001835,4.0000
20190412,8632.46,-0.003699,4.0000
20190415,8643.40,0.001268,4.0000
20190416,8703.09,0.006906,4.0000
20190417,8848.22,0.016675,4.0000
20190418,8793.49,-0.006185,4.0000
20190422,8911.67,0.013440,4.0000
20190423,8911.67,0.000000,0.0000
20190424,8867.98,-0.004903,4.0000
20190425,8796.91,-0.008014,4.0000
20190426,8753.70,-0.004912,4.0000
20190429,8697.85,-0.006379,4.0000
20190430,8624.38,-0.008447,4.0000
20190501,8588.78,-0.004128,4.0000
20190502,8588.97,0.000023,4.0000
20190503,8536.39,-0.006122,4.0000
20190506,8682.59,0.017126,2.0037
20190507,8615.90,-0.007681,4.0000
20190508,8526.06,-0.010427,3.1584
20190509,8411.77,-0.013405,4.0000
20190510,8348.58,-0.007512,4.0000
20190513,8261.10,-0.010479,3.5471
20190514,8358.60,0.011802,4.0000
20190515,8727.84,0.044175,4.0000
20190516,8896.49,0.019323,4.0000
20190517,8803.80,-0.010419,3.1140
20190520,8743.49,-0.006850,4.0000
20190521,8676.60,-0.007651,4.0000
20190522,8618.66,-0.006677,4.0000
20190523,8623.03,0.000507,3.2899
20190524,8571.22,-0.006008,4.0000
20190528,8480.99,-0.010527,4.0000
20190529,8404.73,-0.008993,4.0000
20190530,8327.06,-0.009241,4.0000
20190531,8246.70,-0.009650,4.0000
20190603,8160.15,-0.010495,3.6438
20190604,8097.16,-0.007718,4.0000
20190605,8025.17,-0.008892,4.0000
20190606,7952.89,-0.009007,4.0000
20190607,8119.20,0.020912,4.0000
20190610,8049.94,-0.008530,4.0000
20190611,8000.41,-0.006154,4.0000
20190612,7998.80,-0.000201,3.2814
20190613,7951.45,-0.005920,4.0000
20190614,7867.93,-0.010503,4.0000
20190617,7828.98,-0.004950,4.0000
20190618,7828.98,0.000000,0.0000
20190619,7782.00,-0.006001,4.0000
20190620,7732.62,-0.006346,4.0000
20190621,7684.34,-0.006244,4.0000
20190624,7643.75,-0.005281,4.0000
20190625,7918.96,0.036005,4.0000
20190626,7871.42,-0.006004,4.0000
20190627,7809.01,-0.007928,4.0000
20190628,7765.44,-0.005580,4.0000
20190701,7765.44,0.000000,0.0000
20190702,7706.59,-0.007578,4.0000
20190703,7671.36,-0.004572,4.0000
20190705,7617.72,-0.006993,4.0000
20190708,7557.15,-0.007951,4.0000
20190709,7672.58,0.015275,4.0000
20190710,7604.84,-0.008828,4.0000
20190711,7562.13,-0.005617,4.0000
20190712,7539.93,-0.002936,4.0000
20190715,7519.85,-0.002663,4.0000
20190716,7484.79,-0.004662,4.0000
20190717,7450.85,-0.004534,4.0000
20190718,7414.83,-0.004835,4.0000
20190719,7665.24,0.033772,4.0000
20190722,7626.18,-0.005097,4.0000
20190723,7590.48,-0.004682,4.0000
20190724,7783.63,0.025447,4.0000
20190725,7828.17,0.005722,4.0000
20190726,7923.83,0.012221,4.0000
20190729,7929.05,0.000659,4.0000
20190730,7929.05,0.000000,0.0000
20190731,7894.24,-0.004391,4.0000
20190801,7815.92,-0.009921,4.0000
20190802,7733.75,-0.010512,3.8114
20190805,8112.68,0.048996,4.0000
20190806,8028.07,-0.010429,3.1905
20190807,7945.17,-0.010326,2.4062
20190808,7895.98,-0.006190,4.0000
20190809,7843.30,-0.006672,4.0000
20190812,7760.67,-0.010535,3.9720
20190813,7760.67,0.000000,0.0000
20190814,7679.86,-0.010413,3.0735
20190815,7600.53,-0.010329,2.4420
20190816,7520.98,-0.010466,3.4667
20190819,7477.94,-0.005723,4.0000
20190820,7400.32,-0.010381,2.8266
20190821,7337.63,-0.008470,4.0000
20190822,7285.79,-0.007065,4.0000
20190823,7222.78,-0.008649,4.0000
20190826,7151.72,-0.009838,4.0000
20190827,7105.43,-0.006472,4.0000
20190828,7031.54,-0.010399,2.9475
20190829,6957.86,-0.010478,3.5699
20190830,7088.68,0.018802,4.0000
20190903,7032.32,-0.007951,4.0000
20190904,6998.85,-0.004760,4.0000
20190905,6958.38,-0.005782,4.0000
20190906,6905.14,-0.007651,4.0000
20190909,6941.25,0.005229,4.0000
20190910,6873.00,-0.009833,4.0000
20190911,6873.00,0.000000,0.0000
20190912,6795.02,-0.011345,4.0000
20190913,6747.65,-0.006972,4.0000
20190916,6688.33,-0.008791,4.0000
20190917,6745.35,0.008524,4.0000
20190918,6694.99,-0.007466,4.0000
20190919,6639.99,-0.008215,4.0000
20190920,6592.27,-0.007187,4.0000
20190923,6592.27,0.000000,0.0000
20190924,6549.95,-0.006419,4.0000
20190925,6504.04,-0.007009,4.0000
20190926,6445.40,-0.009016,4.0000
20190927,6617.12,0.026642,4.0000
20190930,6577.90,-0.005927,4.0000
20191001,6524.11,-0.008178,4.0000
20191002,6705.11,0.027744,3.1967
20191003,6635.43,-0.010392,2.9163
20191004,6806.31,0.025752,3.2115
20191007,6764.03,-0.006212,4.0000
20191008,6701.78,-0.009203,4.0000
20191009,6635.48,-0.009894,4.0000
20191010,6788.12,0.023004,4.0000
20191011,6743.34,-0.006596,4.0000
20191014,6698.74,-0.006614,4.0000
20191015,6832.12,0.019912,4.0000
20191016,6791.81,-0.005901,4.0000
20191017,6763.73,-0.004134,4.0000
20191018,6709.95,-0.007951,4.0000
20191021,6683.06,-0.004008,4.0000
20191022,6653.72,-0.004390,4.0000
20191023,6724.94,0.010703,4.0000
20191024,6737.46,0.001862,4.0000
20191025,6691.67,-0.006796,4.0000
20191028,6687.20,-0.000668,4.0000
20191029,6692.44,0.000784,4.0000
20191030,6644.66,-0.007139,4.0000
20191031,6672.61,0.004207,4.0000
20191101,6672.61,0.000000,0.0000
20191104,6695.91,0.003491,4.0000
20191105,6660.04,-0.005356,4.0000
20191106,6610.39,-0.007456,4.0000
20191107,6583.69,-0.004038,4.0000
20191108,6554.49,-0.004436,4.0000
20191111,6608.03,0.008168,4.0000
20191112,6575.36,-0.004943,4.0000
20191113,6639.20,0.009709,4.0000
20191114,6599.53,-0.005975,4.0000
20191115,6547.48,-0.007887,4.0000
20191118,6517.00,-0.004656,4.0000
20191119,6538.50,0.003300,4.0000
20191120,6502.22,-0.005549,4.0000
20191121,6499.53,-0.000413,4.0000
20191122,6470.06,-0.004534,4.0000
20191125,6538.59,0.010592,4.0000
20191126,6538.59,0.000000,0.0000
20191127,6538.59,0.000000,0.0000
20191129,6519.23,-0.002961,4.0000
20191202,6723.25,0.031295,4.0000
20191203,6652.63,-0.010504,3.7970
20191204,6652.63,0.000000,0.0000
20191205,6609.30,-0.006514,4.0000
20191206,6632.59,0.003524,4.0000
20191209,6608.73,-0.003596,4.0000
20191210,6562.10,-0.007056,4.0000
20191211,6522.54,-0.006029,4.0000
20191212,6522.54,0.000000,0.0000
20191213,6457.11,-0.010032,4.0000
20191216,6412.36,-0.006930,4.0000
20191217,6381.55,-0.004804,4.0000
20191218,6358.08,-0.003677,4.0000
20191219,6324.40,-0.005298,4.0000
20191220,6283.87,-0.006408,4.0000
20191223,6254.59,-0.004660,4.0000
20191224,6239.16,-0.002468,4.0000
20191226,6314.01,0.011998,4.0000
20191227,6358.33,0.007020,4.0000
20191230,6451.89,0.014714,4.0000
20191231,6504.89,0.008215,3.4447
20200102,6462.74,-0.006480,4.0000
20200103,6450.78,-0.001850,2.0266
20200106,6619.93,0.026222,3.5612
20200107,6574.49,-0.006864,4.0000
20200108,6646.95,0.011020,3.9821
20200109,6609.87,-0.005577,4.0000
20200110,6553.61,-0.008512,4.0000
20200113,6506.55,-0.007181,4.0000
20200114,6461.65,-0.006901,4.0000
20200115,6404.47,-0.008848,4.0000
20200116,6369.07,-0.005527,4.0000
20200117,6324.75,-0.006960,4.0000
20200121,6265.52,-0.009364,4.0000
20200122,6229.60,-0.005733,4.0000
20200123,6164.87,-0.010391,2.9893
20200124,6401.38,0.038363,4.0000
20200127,6377.55,-0.003722,2.4874
20200128,6327.69,-0.007818,4.0000
20200129,6296.40,-0.004945,4.0000
20200130,6230.94,-0.010396,3.0337
20200131,6548.99,0.051043,3.6968
20200203,6566.39,0.002658,4.0000
20200204,6511.45,-0.008368,4.0000
20200205,6465.42,-0.007068,4.0000
20200206,6405.94,-0.009201,4.0000
20200207,6339.19,-0.010419,3.2130
20200210,6500.95,0.025517,3.4131
20200211,6454.30,-0.007176,4.0000
20200212,6408.57,-0.007085,4.0000
20200213,6445.82,0.005812,3.6041
20200214,6408.60,-0.005775,4.0000
20200218,6355.56,-0.008276,4.0000
20200219,6355.56,0.000000,0.0000
20200220,6317.40,-0.006005,4.0000
20200221,6443.52,0.019965,4.0000
20200224,6377.62,-0.010228,1.7529
20200225,6865.42,0.076486,2.3554
20200226,6794.49,-0.010331,2.5177
20200227,6724.23,-0.010341,2.5591
20200228,6656.33,-0.010098,0.7357
20200302,6588.52,-0.010188,1.4011
20200303,6521.36,-0.010193,1.4496
20200304,6454.51,-0.010250,1.8961
20200305,6388.29,-0.010259,1.9605
20200306,6323.18,-0.010193,1.4512
20200309,6258.72,-0.010194,1.4295
20200310,6194.63,-0.010241,1.7742
20200311,6194.63,0.000000,0.0000
20200312,6131.95,-0.010118,0.8411
20200313,6069.87,-0.010124,0.8895
20200316,6007.46,-0.010281,1.9767
20200317,5946.79,-0.010100,0.7022
20200318,5887.04,-0.010047,0.3411
20200319,5827.69,-0.010082,0.5692
20200320,5767.92,-0.010256,1.8206
20200323,5709.68,-0.010097,0.6627
20200324,5842.45,0.023254,0.8070
20200325,5783.55,-0.010082,0.5896
20200326,5970.65,0.032351,0.8673
20200327,5909.28,-0.010279,2.0076
20200330,6030.42,0.020499,1.2046
20200331,5968.34,-0.010294,2.1183
20200401,5906.65,-0.010336,2.4027
20200402,5846.93,-0.010112,0.8032
20200403,5787.08,-0.010236,1.6965
20200406,5727.56,-0.010285,2.0462
20200407,6012.19,0.049695,1.6495
20200408,5950.76,-0.010216,1.5661
20200409,5889.33,-0.010324,2.3708
20200413,5899.70,0.001761,1.7056
20200414,5839.22,-0.010252,1.8661
20200415,5778.66,-0.010370,2.7324
20200416,5718.72,-0.010373,2.7402
20200417,5659.92,-0.010282,2.0776
20200420,5600.61,-0.010480,3.5354
20200421,5542.11,-0.010445,3.2614
20200422,5485.19,-0.010269,1.9712
20200423,5429.07,-0.010232,1.7201
20200424,5372.70,-0.010382,2.8084
20200427,5372.70,0.000000,0.0000
20200428,5616.70,0.045413,2.8779
20200429,5557.88,-0.010472,3.5074
20200430,5500.62,-0.010302,2.2357
20200501,5288.17,-0.038623,2.5804
20200504,5233.71,-0.010298,2.1886
20200505,5179.78,-0.010304,2.2662
20200506,5179.78,0.000000,0.0000
20200507,5125.56,-0.010468,3.4805
20200508,5072.41,-0.010370,2.7413
20200511,5072.41,0.000000,0.0000
20200512,5491.03,0.082529,3.5812
20200513,5435.00,-0.010204,1.4985
20200514,5378.96,-0.010312,2.2867
20200515,5323.36,-0.010336,2.4755
20200518,5270.50,-0.009931,4.0000
20200519,5215.11,-0.010509,3.7887
20200520,5170.00,-0.008651,4.0000
20200521,5268.14,0.018983,4.0000
20200522,5213.31,-0.010407,3.0316
20200526,5338.89,0.024087,3.4235
20200527,5282.97,-0.010473,3.5449
20200528,5228.42,-0.010326,2.4479
20200529,5174.01,-0.010407,3.0474
20200601,5174.01,0.000000,0.0000
20200602,5134.02,-0.007728,4.0000
20200603,5218.53,0.016461,4.0000
20200604,5182.86,-0.006836,4.0000
20200605,5267.39,0.016309,4.0000
20200608,5212.09,-0.010499,3.8118
20200609,5157.36,-0.010500,4.0000
20200610,5103.48,-0.010448,3.4056
20200611,5050.72,-0.010337,2.5429
20200612,5156.72,0.020987,2.3788
20200615,5156.72,0.000000,0.0000
20200616,5103.49,-0.010323,2.4430
20200617,5049.95,-0.010491,3.7146
20200618,5114.12,0.012708,3.4086
20200619,5355.22,0.047143,3.0985
20200622,5299.94,-0.010324,2.4355
20200623,5250.98,-0.009237,4.0000
20200624,5606.61,0.067727,4.0000
20200625,5547.95,-0.010463,3.4906
20200626,5885.57,0.060855,3.4301
20200629,5824.97,-0.010295,2.2087
20200630,6073.05,0.042589,3.4029
20200701,6010.76,-0.010257,1.9552
20200702,5948.14,-0.010418,3.1783
20200706,5905.82,-0.007115,4.0000
20200707,5843.85,-0.010493,3.7518
20200708,5783.17,-0.010383,2.9152
20200709,5937.86,0.026747,4.0000
20200710,5876.34,-0.010360,2.7244
20200713,5834.97,-0.007040,4.0000
20200714,5775.12,-0.010258,1.9634
20200715,5727.45,-0.008254,4.0000
20200716,5667.59,-0.010451,3.4249
20200717,5616.12,-0.009081,4.0000
20200720,5765.71,0.026636,4.0000
20200721,5725.72,-0.006936,4.0000
20200722,5678.88,-0.008180,4.0000
20200723,5638.18,-0.007167,4.0000
20200724,5593.57,-0.007913,4.0000
20200727,5593.57,0.000000,0.0000
20200728,5542.00,-0.009218,4.0000
20200729,5692.04,0.027073,4.0000
20200730,5770.16,0.013725,2.9795
20200731,5710.38,-0.010360,2.7480
20200803,5668.54,-0.007327,4.0000
20200804,5759.20,0.015994,4.0000
20200805,5735.12,-0.004182,4.0000
20200806,5692.52,-0.007427,4.0000
20200807,5641.56,-0.008953,4.0000
20200810,5619.55,-0.003901,4.0000
20200811,5577.65,-0.007456,4.0000
20200812,5528.05,-0.008891,4.0000
20200813,5492.14,-0.006497,4.0000
20200814,5444.58,-0.008659,4.0000
20200817,5420.90,-0.004350,4.0000
20200818,5398.00,-0.004225,4.0000
20200819,5368.18,-0.005525,4.0000
20200820,5515.37,0.027420,4.0000
20200821,5494.00,-0.003875,4.0000
20200824,5463.24,-0.005599,4.0000
20200825,5416.18,-0.008614,4.0000
20200826,5377.38,-0.007163,4.0000
20200827,5320.94,-0.010496,3.8428
20200828,5265.35,-0.010447,3.4689
20200831,5235.87,-0.005599,4.0000
20200901,5235.87,0.000000,0.0000
20200902,5181.09,-0.010461,3.5895
20200903,5770.36,0.113734,4.0000
20200904,5711.48,-0.010204,1.5915
20200908,5652.49,-0.010328,2.5152
20200909,5612.44,-0.007085,4.0000
20200910,5553.95,-0.010423,3.2776
20200911,5496.83,-0.010285,2.1845
20200914,5440.91,-0.010174,4.0000
20200915,5407.88,-0.006070,4.0000
20200916,5380.10,-0.005137,4.0000
20200917,5324.26,-0.010380,4.0000
20200918,5545.28,0.041512,3.6230
20200921,5488.07,-0.010315,2.4040
20200922,5431.30,-0.010344,4.0000
20200923,5400.99,-0.005581,4.0000
20200924,5345.55,-0.010265,2.0121
20200925,5300.25,-0.008475,4.0000
20200928,5271.86,-0.005356,4.0000
20200929,5238.56,-0.006317,4.0000
20200930,5184.47,-0.010326,2.5171
20201001,5130.41,-0.010427,3.3064
20201002,5147.30,0.003294,1.6799
20201005,5264.22,0.022713,3.0002
20201006,5217.21,-0.008929,4.0000
20201007,5287.72,0.013516,3.0726
20201008,5244.58,-0.008160,4.0000
20201009,5210.68,-0.006464,4.0000
20201012,5210.68,0.000000,0.0000
20201013,5156.71,-0.010358,4.0000
20201014,5120.79,-0.006965,4.0000
20201015,5238.47,0.022982,2.6205
20201016,5197.08,-0.007901,4.0000
20201019,5167.91,-0.005613,4.0000
20201020,5167.91,0.000000,0.0000
20201021,5130.70,-0.007201,4.0000
20201022,5077.65,-0.010340,4.0000
20201023,5055.35,-0.004390,4.0000
20201026,5011.20,-0.008735,4.0000
20201027,4958.95,-0.010426,3.2779
20201028,4925.09,-0.006828,4.0000
20201029,4874.02,-0.010370,2.8457
20201030,4874.02,0.000000,0.0000
20201102,4823.05,-0.010456,3.4944
20201103,4653.55,-0.035144,4.0000
20201104,4687.79,0.007357,2.2459
20201105,4654.53,-0.007095,4.0000
20201106,4606.93,-0.010226,1.7461
20201109,4559.33,-0.010333,2.5995
20201110,4511.62,-0.010465,3.6337
20201111,4467.93,-0.009683,4.0000
20201112,4421.27,-0.010444,3.4593
20201113,4385.93,-0.007992,4.0000
20201116,4340.16,-0.010437,3.4106
20201117,4316.65,-0.005415,4.0000
20201118,4291.17,-0.005904,4.0000
20201119,4291.17,0.000000,0.0000
20201120,4267.21,-0.005584,4.0000
20201123,4244.71,-0.005273,4.0000
20201124,4204.71,-0.009422,4.0000
20201125,4160.54,-0.010506,3.9536
20201127,4142.57,-0.004320,4.0000
20201130,4172.15,0.007141,4.0000
20201201,4129.93,-0.010119,4.0000
20201202,4098.51,-0.007608,4.0000
20201203,4066.76,-0.007747,4.0000
20201204,4153.05,0.021219,4.0000
20201207,4135.00,-0.004347,4.0000
20201208,4219.72,0.020488,4.0000
20201209,4197.20,-0.005335,4.0000
20201210,4197.20,0.000000,0.0000
20201211,4167.65,-0.007040,4.0000
20201214,4143.53,-0.005788,4.0000
20201215,4111.82,-0.007653,4.0000
20201216,4089.83,-0.005348,4.0000
20201217,4089.83,0.000000,0.0000
20201218,4143.10,0.013025,4.0000
20201221,4100.30,-0.010330,2.6017
20201222,4057.48,-0.010443,3.4746
20201223,4033.11,-0.006006,4.0000
20201224,4004.94,-0.006985,4.0000
20201228,4004.94,0.000000,0.0000
20201229,4004.94,0.000000,0.0000
20201230,3978.11,-0.006700,4.0000
20201231,3948.77,-0.007374,4.0000
20210104,4171.34,0.056364,3.7922
20210105,4234.50,0.015141,2.8811
20210106,4234.50,0.000000,0.0000
20210107,4317.53,0.019609,3.5980
20210108,4272.40,-0.010454,4.0000
20210111,4263.22,-0.002147,3.0613
20210112,4236.89,-0.006177,4.0000
20210113,4208.03,-0.006811,4.0000
20210114,4179.87,-0.006692,4.0000
20210115,4141.54,-0.009171,4.0000
20210119,4103.15,-0.009268,4.0000
20210120,4103.15,0.000000,0.0000
20210121,4074.22,-0.007052,4.0000
20210122,4057.75,-0.004041,4.0000
20210125,4028.74,-0.007150,4.0000
20210126,4028.74,0.000000,0.0000
20210127,4085.24,0.014024,1.5565
20210128,4099.70,0.003539,3.0717
20210129,4057.09,-0.010394,3.1021
20210201,4014.51,-0.010494,3.9100
20210202,3972.54,-0.010453,3.5977
20210203,3931.14,-0.010423,3.3639
20210204,3903.39,-0.007058,4.0000
20210205,3876.50,-0.006888,4.0000
20210208,3859.56,-0.004371,4.0000
20210209,3840.52,-0.004933,4.0000
20210210,3899.04,0.015237,4.0000
20210211,3879.14,-0.005103,4.0000
20210212,3967.43,0.022762,4.0000
20210216,3944.10,-0.005882,4.0000
20210217,3902.89,-0.010449,4.0000
20210218,3874.08,-0.007381,4.0000
20210219,3844.46,-0.007645,4.0000
20210222,3844.46,0.000000,0.0000
20210223,3804.45,-0.010408,3.2275
20210224,3956.98,0.040091,3.4507
20210225,3915.69,-0.010434,3.4675
20210226,3874.97,-0.010399,3.1582
20210301,3835.78,-0.010114,4.0000
20210302,3934.84,0.025827,4.0000
20210303,3934.84,0.000000,0.0000
20210304,3894.25,-0.010317,2.5208
20210305,3853.62,-0.010434,3.4251
20210308,3813.95,-0.010292,2.3104
20210309,3778.14,-0.009391,4.0000
20210310,3738.48,-0.010496,3.9359
20210311,3710.36,-0.007524,4.0000
20210312,3678.20,-0.008667,4.0000
20210315,3653.96,-0.006589,4.0000
20210316,3633.72,-0.005540,4.0000
20210317,3608.30,-0.006994,4.0000
20210318,3575.12,-0.009197,4.0000
20210319,3541.03,-0.009534,4.0000
20210322,3609.63,0.019372,4.0000
20210323,3590.14,-0.005398,4.0000
20210324,3569.30,-0.005807,4.0000
20210325,3536.44,-0.009205,4.0000
20210326,3515.18,-0.006012,4.0000
20210329,3487.46,-0.007885,4.0000
20210330,3466.98,-0.005874,4.0000
20210331,3476.46,0.002736,4.0000
20210401,3538.20,0.017758,4.0000
20210405,3607.47,0.019580,4.0000
20210406,3592.15,-0.004248,4.0000
20210407,3571.95,-0.005622,4.0000
20210408,3555.78,-0.004529,4.0000
20210409,3643.37,0.024633,4.0000
20210412,3626.63,-0.004593,4.0000
20210413,3613.86,-0.003523,4.0000
20210414,3613.86,0.000000,0.0000
20210415,3661.54,0.013194,4.0000
20210416,3633.30,-0.007713,4.0000
20210419,3611.91,-0.005886,4.0000
20210420,3595.07,-0.004662,4.0000
20210421,3595.07,0.000000,0.0000
20210422,3563.78,-0.008703,4.0000
20210423,3675.74,0.031416,4.0000
20210426,3659.08,-0.004533,4.0000
20210427,3641.07,-0.004920,4.0000
20210428,3614.78,-0.007223,4.0000
20210429,3608.78,-0.001658,4.0000
20210430,3588.63,-0.005585,4.0000
20210503,3569.69,-0.005278,4.0000
20210504,3569.69,0.000000,0.0000
20210505,3547.30,-0.006270,4.0000
20210506,3513.00,-0.009669,4.0000
20210507,3513.00,0.000000,0.0000
20210510,3635.82,0.034961,4.0000
20210511,3597.96,-0.010414,3.3211
20210512,3560.45,-0.010425,3.4311
20210513,3605.64,0.012693,2.9155
20210514,3695.79,0.025000,4.0000
20210517,3672.21,-0.006380,4.0000
20210518,3774.86,0.027954,3.9095
20210519,3735.54,-0.010415,3.3391
20210520,3826.69,0.024399,4.0000
20210521,3798.33,-0.007409,4.0000
20210524,3844.02,0.012027,4.0000
20210525,3909.76,0.017102,4.0000
20210526,3893.20,-0.004234,4.0000
20210527,3876.39,-0.004319,4.0000
20210528,3855.59,-0.005366,4.0000
20210601,3951.12,0.024777,4.0000
20210602,3923.47,-0.006996,4.0000
20210603,3897.79,-0.006548,4.0000
20210604,3875.05,-0.005832,4.0000
20210607,3861.69,-0.003449,4.0000
20210608,3873.58,0.003081,4.0000
20210609,3915.20,0.010743,4.0000
20210610,3878.45,-0.009386,4.0000
20210611,3855.61,-0.005888,4.0000
20210614,3824.49,-0.008072,4.0000
20210615,3830.80,0.001649,4.0000
20210616,3904.32,0.019192,4.0000
20210617,3867.20,-0.009508,4.0000
20210618,3826.88,-0.010426,3.4474
20210621,3787.00,-0.010420,3.3773
20210622,3763.47,-0.006214,4.0000
20210623,3733.46,-0.007972,4.0000
20210624,3717.11,-0.004380,4.0000
20210625,3703.31,-0.003713,4.0000
20210628,3691.96,-0.003067,4.0000
20210629,3672.46,-0.005281,4.0000
20210630,3683.94,0.003128,4.0000
20210701,3721.15,0.010100,4.0000
20210702,3703.33,-0.004788,4.0000
20210706,3717.80,0.003908,4.0000
20210707,3694.62,-0.006237,4.0000
20210708,3732.19,0.010170,3.4705
20210709,3709.21,-0.006158,4.0000
20210712,3709.21,0.000000,0.0000
20210713,3692.31,-0.004556,4.0000
20210714,3665.41,-0.007284,4.0000
20210715,3635.82,-0.008074,4.0000
20210716,3778.12,0.039138,4.0000
20210719,3738.59,-0.010461,3.7247
20210720,3738.59,0.000000,0.0000
20210721,3714.18,-0.006530,4.0000
20210722,3694.11,-0.005404,4.0000
20210723,3675.27,-0.005101,4.0000
20210726,3648.27,-0.007344,4.0000
20210727,3638.72,-0.002618,3.6143
20210728,3614.43,-0.006677,4.0000
20210729,3612.52,-0.000528,4.0000
20210730,3582.79,-0.008229,4.0000
20210802,3582.79,0.000000,0.0000
20210803,3553.41,-0.008201,4.0000
20210804,3534.74,-0.005254,4.0000
20210805,3575.57,0.011550,4.0000
20210806,3575.57,0.000000,0.0000
20210809,3566.23,-0.002611,4.0000
20210810,3549.51,-0.004690,4.0000
20210811,3536.10,-0.003777,4.0000
20210812,3516.67,-0.005495,4.0000
20210813,3502.01,-0.004169,4.0000
20210816,3476.80,-0.007197,4.0000
20210817,3451.80,-0.007190,4.0000
20210818,3432.51,-0.005590,4.0000
20210819,3465.34,0.009565,2.3375
20210820,3550.34,0.024528,4.0000
20210823,3526.48,-0.006721,4.0000
20210824,3507.26,-0.005449,4.0000
20210825,3507.26,0.000000,0.0000
20210826,3493.52,-0.003918,4.0000
20210827,3564.98,0.020456,4.0000
20210830,3544.88,-0.005637,4.0000
20210831,3518.02,-0.007579,4.0000
20210901,3503.38,-0.004162,4.0000
20210902,3490.07,-0.003797,4.0000
20210903,3494.68,0.001320,4.0000
20210907,3509.51,0.004244,4.0000
20210908,3487.37,-0.006308,4.0000
20210909,3461.74,-0.007350,4.0000
20210910,3461.74,0.000000,0.0000
20210913,3509.34,0.013751,4.0000
20210914,3613.19,0.029591,4.0000
20210915,3575.29,-0.010488,3.9786
20210916,3542.84,-0.009076,3.3366
20210917,3638.54,0.027011,4.0000
20210920,3601.17,-0.010271,2.2086
20210921,3563.66,-0.010415,3.3664
20210922,3540.51,-0.006495,4.0000
20210923,3620.61,0.022624,4.0000
20210924,3655.41,0.009609,3.2680
20210927,3627.09,-0.007745,4.0000
20210928,3774.15,0.040545,3.5563
20210929,3735.01,-0.010372,4.0000
20210930,3735.01,0.000000,0.0000
20211001,3696.24,-0.010378,3.0628
20211004,3696.24,0.000000,0.0000
20211005,3669.26,-0.007300,4.0000
20211006,3631.47,-0.010299,2.4360
20211007,3593.91,-0.010342,2.7943
20211008,3602.37,0.002355,2.6990
20211011,3571.52,-0.008566,4.0000
20211012,3609.35,0.010593,3.7062
20211013,3582.86,-0.007341,4.0000
20211014,3560.07,-0.006361,4.0000
20211015,3560.07,0.000000,0.0000
20211018,3537.31,-0.006393,4.0000
20211019,3516.81,-0.005795,4.0000
20211020,3504.96,-0.003370,4.0000
20211021,3485.38,-0.005586,4.0000
20211022,3456.48,-0.008292,4.0000
20211025,3432.68,-0.006886,4.0000
20211026,3409.53,-0.006745,4.0000
20211027,3373.79,-0.010482,3.9426
20211028,3426.08,0.015500,4.0000
20211029,3507.09,0.023646,4.0000
20211101,3507.09,0.000000,0.0000
20211102,3489.32,-0.005067,4.0000
20211103,3474.44,-0.004266,4.0000
20211104,3459.64,-0.004258,4.0000
20211105,3435.67,-0.006928,4.0000
20211108,3411.74,-0.006967,4.0000
20211109,3411.74,0.000000,0.0000
20211110,3386.76,-0.007321,4.0000
20211111,3410.00,0.006862,4.0000
20211112,3394.36,-0.004588,4.0000
20211115,3413.11,0.005524,4.0000
20211116,3451.22,0.011168,4.0000
20211117,3430.78,-0.005924,4.0000
20211118,3406.94,-0.006947,4.0000
20211119,3373.39,-0.009848,4.0000
20211122,3351.52,-0.006484,4.0000
20211123,3316.48,-0.010455,3.7415
20211124,3288.15,-0.008541,4.0000
20211126,3254.07,-0.010363,2.9978
20211129,3220.00,-0.010472,3.8735
20211130,3186.56,-0.010383,3.1568
20211201,3153.47,-0.010386,3.1618
20211202,3120.61,-0.010419,3.4243
20211203,3120.61,0.000000,0.0000
20211206,3088.56,-0.010270,2.2012
20211207,3056.50,-0.010380,4.0000
20211208,3024.56,-0.010453,3.7214
20211209,3000.72,-0.007881,4.0000
20211210,2979.67,-0.007016,4.0000
20211213,3055.96,0.025604,4.0000
20211214,3023.93,-0.010483,3.9788
20211215,2997.72,-0.008666,4.0000
20211216,3133.83,0.045406,4.0000
20211217,3105.58,-0.009017,4.0000
20211220,3071.60,-0.010941,4.0000
20211221,3045.88,-0.008373,4.0000
20211222,3163.91,0.038751,4.0000
20211223,3183.47,0.006181,4.0000
20211227,3286.57,0.032387,3.8559
20211228,3271.02,-0.004733,4.0000
20211229,3250.59,-0.006243,4.0000
20211230,3220.56,-0.009238,4.0000
20211231,3186.85,-0.010469,3.8834
20220103,3158.66,-0.008846,4.0000
20220104,3139.67,-0.006011,4.0000
20220105,3106.93,-0.010429,3.5344
20220106,3074.58,-0.010412,3.4073
20220107,3042.47,-0.010445,3.6584
20220110,3010.97,-0.010353,2.8909
20220111,2979.85,-0.010333,2.7338
20220112,2948.75,-0.010437,3.6161
20220113,2926.14,-0.007668,4.0000
20220114,2898.65,-0.009397,4.0000
20220118,2938.66,0.013806,3.2158
20220119,3082.41,0.048914,3.8276
20220120,3050.45,-0.010368,3.0224
20220121,3019.05,-0.010292,2.3957
20220124,2988.00,-0.010287,2.3240
20220125,2957.27,-0.010283,2.2938
20220126,2927.04,-0.010222,1.7970
20220127,2896.92,-0.010289,2.3459
20220128,2867.50,-0.010158,1.2742
20220131,2987.50,0.041850,2.3077
20220201,2956.50,-0.010376,3.0678
20220202,2938.80,-0.005988,4.0000
20220203,3003.12,0.021888,3.0300
20220204,2971.99,-0.010368,3.0009
20220207,2941.27,-0.010336,2.7414
20220208,2910.54,-0.010447,3.6439
20220209,2948.55,0.013060,4.0000
20220210,2917.84,-0.010416,3.4154
20220211,2888.48,-0.010061,4.0000
20220214,2858.82,-0.010268,2.1956
20220215,2829.33,-0.010317,2.5995
20220216,2804.17,-0.008892,4.0000
20220217,2780.69,-0.008372,4.0000
20220218,2751.52,-0.010490,3.9753
20220222,2723.26,-0.010273,2.2054
20220223,2698.20,-0.009200,4.0000
20220224,2856.81,0.058782,1.6132
20220225,2827.63,-0.010213,1.7361
20220228,2798.30,-0.010374,3.0442
20220301,2769.17,-0.010411,3.3479
20220302,2742.71,-0.009554,4.0000
20220303,2715.82,-0.009804,4.0000
20220304,2687.44,-0.010450,3.6455
20220307,2659.68,-0.010330,2.6672
20220308,2632.25,-0.010313,2.5201
20220309,2604.71,-0.010464,3.7458
20220310,2577.55,-0.010427,3.4636
20220311,2577.55,0.000000,0.0000
20220314,2550.98,-0.010308,2.4839
20220315,2621.23,0.027540,2.4611
20220316,2597.96,-0.008879,4.0000
20220317,2751.35,0.059044,3.8663
20220318,2751.35,0.000000,0.0000
20220321,2722.86,-0.010355,2.9055
20220322,2794.57,0.026337,4.0000
20220323,2771.05,-0.008417,4.0000
20220324,2746.92,-0.008710,4.0000
20220325,2730.59,-0.005946,4.0000
20220328,2709.78,-0.007621,4.0000
20220329,2706.39,-0.001251,2.2030
20220330,2691.31,-0.005572,4.0000
20220331,2678.80,-0.004646,4.0000
20220401,2670.74,-0.003010,4.0000
20220404,2670.74,0.000000,0.0000
20220405,2643.09,-0.010352,2.8979
20220406,2615.62,-0.010393,3.1994
20220407,2588.20,-0.010485,3.9694
20220408,2561.08,-0.010479,3.9054
20220411,2648.60,0.034173,4.0000
20220412,2627.55,-0.007945,4.0000
20220413,2706.57,0.030073,3.2202
20220414,2681.27,-0.009349,4.0000
20220418,2653.80,-0.010244,1.9916
20220419,2776.28,0.046152,3.3927
20220420,2821.07,0.016132,4.0000
20220421,2791.68,-0.010417,3.4210
20220422,2765.90,-0.009236,4.0000
20220425,2737.48,-0.010272,2.1943
20220426,2965.14,0.083162,4.0000
20220427,2934.38,-0.010374,3.0288
20220428,2904.27,-0.010260,2.0927
20220429,2874.48,-0.010257,2.0896
20220502,2845.05,-0.010240,1.9192
20220503,2815.79,-0.010282,2.2803
20220504,2786.24,-0.010496,3.9948
20220505,2936.79,0.054033,2.4576
20220506,2906.59,-0.010282,2.2575
20220509,2876.67,-0.010294,2.3484
20220510,2876.67,0.000000,0.0000
20220511,2891.73,0.005236,0.8763
20220512,2862.30,-0.010180,1.4216
20220513,2832.49,-0.010415,3.3021
20220516,2803.21,-0.010336,2.6806
20220517,2773.93,-0.010444,3.5552
20220518,2750.53,-0.008435,4.0000
20220519,2722.41,-0.010224,1.7927
20220520,2740.05,0.006478,0.8764
20220523,2711.48,-0.010424,3.3918
20220524,2683.63,-0.010274,2.1716
20220525,2732.47,0.018201,1.9799
20220526,2801.27,0.025178,2.0745
20220527,2923.06,0.043476,2.8793
20220531,2893.26,-0.010194,1.5513
20220601,2863.07,-0.010436,3.5226
20220602,2833.63,-0.010281,2.2524
20220603,2804.55,-0.010262,2.1217
20220606,2775.16,-0.010481,3.8662
20220607,2875.54,0.036173,2.3513
20220608,2901.58,0.009053,2.9237
20220609,2871.84,-0.010248,2.0028
20220610,2907.96,0.012578,1.5023
20220613,2878.16,-0.010250,1.9902
20220614,2848.35,-0.010357,2.8094
20220615,2818.65,-0.010427,3.3817
20220616,2863.33,0.015852,2.4035
20220617,2834.07,-0.010218,1.7202
20220621,2908.16,0.026143,4.0000
20220622,2927.36,0.006602,1.4864
20220623,2897.06,-0.010352,2.7697
20220624,3052.29,0.053581,2.8177
20220627,3059.42,0.002337,1.8112
20220628,3028.29,-0.010176,1.4137
20220629,2997.44,-0.010185,1.4593
20220630,2966.74,-0.010244,1.9159
20220701,2936.12,-0.010320,2.5387
20220705,2906.07,-0.010234,1.8416
20220706,2899.32,-0.002325,2.0427
20220707,2869.34,-0.010340,2.7057
20220708,2839.30,-0.010469,3.7334
20220711,2839.30,0.000000,0.0000
20220712,2809.87,-0.010364,2.8974
20220713,2850.21,0.014357,2.2015
20220714,2820.83,-0.010309,2.4255
20220715,2768.25,-0.018640,4.0000
20220718,2739.20,-0.010493,3.9338
20220719,2715.70,-0.008582,4.0000
20220720,2687.17,-0.010503,3.9986
20220721,2659.24,-0.010394,3.1355
20220722,2631.58,-0.010403,3.2121
20220725,2604.09,-0.010447,3.5584
20220726,2652.18,0.018467,3.6075
20220727,2652.18,0.000000,0.0000
20220728,2732.46,0.030272,3.8721
20220729,2703.99,-0.010420,3.3608
20220801,2703.99,0.000000,0.0000
20220802,2675.63,-0.010489,3.9368
20220803,2761.98,0.032271,3.9863
20220804,2738.93,-0.008343,4.0000
20220805,2773.85,0.012749,2.4760
20220808,2745.23,-0.010318,2.5686
20220809,2746.67,0.000524,3.1868
20220810,2717.92,-0.010467,3.7570
20220811,2693.86,-0.008853,4.0000
20220812,2677.65,-0.006018,4.0000
20220815,2759.56,0.030591,4.0000
20220816,2732.12,-0.009944,4.0000
20220817,2706.64,-0.009327,4.0000
20220818,2680.58,-0.009626,4.0000
20220819,2739.57,0.022003,4.0000
20220822,2809.04,0.025361,3.9575
20220823,2779.91,-0.010370,4.0000
20220824,2756.07,-0.008579,4.0000
20220825,2727.26,-0.010451,3.6283
20220826,2700.39,-0.009855,4.0000
20220829,2672.60,-0.010290,2.3306
20220830,2797.04,0.046563,3.8838
20220831,2768.07,-0.010360,2.8679
20220901,2739.34,-0.010377,2.9948
20220902,2711.29,-0.010239,1.9061
20220906,2711.29,0.000000,0.0000
20220907,2892.43,0.066806,3.9952
20220908,2892.43,0.000000,0.0000
20220909,2862.07,-0.010495,3.9763
20220912,2840.21,-0.007638,4.0000
20220913,2840.21,0.000000,0.0000
20220914,2810.93,-0.010309,2.4572
20220915,2788.41,-0.008010,4.0000
20220916,2759.50,-0.010368,2.9079
20220919,2848.05,0.032086,2.5579
20220920,2823.30,-0.008688,4.0000
20220921,2794.03,-0.010369,2.9228
20220922,2845.00,0.018243,3.1433
20220923,2882.36,0.013133,3.2213
20220926,2852.84,-0.010242,1.9098
20220927,2823.50,-0.010284,2.2435
20220928,2823.50,0.000000,0.0000
20220929,2885.62,0.021999,2.7387
20220930,2855.45,-0.010454,3.5700
20221003,2825.92,-0.010340,2.6553
20221004,2796.80,-0.010305,2.4161
20221005,2767.97,-0.010308,2.4380
20221006,2739.54,-0.010272,2.1576
20221007,2711.36,-0.010287,2.2467
20221010,2761.26,0.018405,2.5170
20221011,2732.66,-0.010360,2.8032
20221012,2732.66,0.000000,0.0000
20221013,2973.38,0.088091,1.9280
20221014,3129.19,0.052403,1.9895
20221017,3097.04,-0.010275,2.1681
20221018,3174.51,0.025016,3.0740
20221019,3142.13,-0.010200,1.5792
20221020,3109.48,-0.010394,3.1067
20221021,3109.48,0.000000,0.0000
20221024,3077.01,-0.010442,3.4807
20221025,3045.31,-0.010301,2.3948
20221026,3027.69,-0.005787,2.3665
20221027,2996.29,-0.010369,2.9376
20221028,3072.90,0.025567,1.4713
20221031,3042.81,-0.009790,4.0000
20221101,3169.02,0.041478,3.4481
20221102,3136.24,-0.010344,2.7162
20221103,3103.89,-0.010317,2.4905
20221104,3071.95,-0.010288,2.2666
20221107,3040.13,-0.010360,2.8396
20221108,3008.75,-0.010322,2.5426
20221109,2977.52,-0.010379,2.9868
20221110,2947.02,-0.010243,1.9243
20221111,2916.41,-0.010388,3.0842
20221114,2885.97,-0.010436,3.4887
20221115,2885.97,0.000000,0.0000
20221116,2885.97,0.000000,0.0000
20221117,2855.94,-0.010408,4.0000
20221118,2860.98,0.001766,2.7922
20221121,2860.98,0.000000,0.0000
20221122,2830.94,-0.010501,4.0000
20221123,2801.23,-0.010495,3.9656
20221125,2801.23,0.000000,0.0000
20221128,2772.23,-0.010351,2.8198
20221129,2743.21,-0.010468,3.7438
20221130,2719.14,-0.008776,4.0000
20221201,2691.45,-0.010182,4.0000
20221202,2738.17,0.017358,2.3612
20221205,2718.25,-0.007276,4.0000
20221206,2718.25,0.000000,0.0000
20221207,2690.28,-0.010288,2.3066
20221208,2662.50,-0.010328,2.6093
20221209,2635.02,-0.010321,2.5699
20221212,2612.83,-0.008418,4.0000
20221213,2689.84,0.029472,1.8985
20221214,2661.97,-0.010361,2.8985
20221215,2715.25,0.020016,2.1272
20221216,2687.02,-0.010398,3.1682
20221219,2749.19,0.023138,3.3618
20221220,2721.50,-0.010075,4.0000
20221221,2698.55,-0.008431,4.0000
20221222,2670.80,-0.010283,2.2344
20221223,2695.22,0.009144,2.2588
20221227,2667.24,-0.010384,3.0342
20221228,2639.99,-0.010214,1.7067
20221229,2701.62,0.023345,2.9761
20221230,2714.18,0.004648,2.4184
20230103,2686.20,-0.010308,2.4556
20230104,2658.43,-0.010341,2.6926
20230105,2631.06,-0.010292,2.3065
20230106,2604.07,-0.010259,2.0646
20230109,2576.81,-0.010468,3.7159
20230110,2550.42,-0.010241,1.9229
20230111,2524.95,-0.009990,4.0000
20230112,2499.08,-0.010244,1.9412
20230113,2600.73,0.040676,4.0000
20230117,2574.64,-0.010034,4.0000
20230118,2549.38,-0.009808,4.0000
20230119,2522.71,-0.010465,3.7057
20230120,2496.69,-0.010312,2.4765
20230123,2496.69,0.000000,0.0000
20230124,2474.38,-0.008935,4.0000
20230125,2451.36,-0.009303,4.0000
20230126,2425.66,-0.010483,3.8832
20230127,2458.28,0.013447,4.0000
20230130,2433.90,-0.009917,4.0000
20230131,2409.19,-0.010152,4.0000
20230201,2390.48,-0.007767,4.0000
20230202,2365.45,-0.010472,3.7932
20230203,2340.86,-0.010396,3.1963
20230206,2316.42,-0.010439,3.5392
20230207,2316.42,0.000000,0.0000
20230208,2298.45,-0.007758,4.0000
20230209,2443.74,0.063211,4.0000
20230210,2420.88,-0.009355,4.0000
20230213,2403.09,-0.007349,4.0000
20230214,2378.42,-0.010263,2.1095
20230215,2356.44,-0.009241,4.0000
20230216,2335.92,-0.008710,4.0000
20230217,2311.45,-0.010477,3.8345
20230221,2290.60,-0.009019,4.0000
20230222,2273.42,-0.007498,4.0000
20230223,2258.35,-0.006631,4.0000
20230224,2238.52,-0.008779,4.0000
20230227,2219.24,-0.008616,4.0000
20230228,2197.08,-0.009983,4.0000
20230301,2180.45,-0.007569,4.0000
20230302,2281.21,0.046210,4.0000
20230303,2264.18,-0.007465,4.0000
20230306,2240.43,-0.010490,3.9375
20230307,2229.54,-0.004859,4.0000
20230308,2210.07,-0.008735,4.0000
20230309,2187.99,-0.009991,4.0000
20230310,2165.30,-0.010370,2.9336
20230313,2142.94,-0.010324,2.5617
20230314,2120.46,-0.010492,3.9080
20230315,2098.57,-0.010324,2.5835
20230316,2267.86,0.080672,3.6245
20230317,2247.34,-0.009047,4.0000
20230320,2224.12,-0.010333,2.6402
20230321,2204.91,-0.008638,4.0000
20230322,2185.53,-0.008790,4.0000
20230323,2167.88,-0.008076,4.0000
20230324,2145.39,-0.010373,2.9616
20230327,2132.27,-0.006115,4.0000
20230328,2111.56,-0.009714,4.0000
20230329,2098.98,-0.005959,4.0000
20230330,2088.15,-0.005161,4.0000
20230331,2167.84,0.038166,4.0000
20230403,2151.71,-0.007441,4.0000
20230404,2138.26,-0.006250,4.0000
20230405,2126.19,-0.005649,4.0000
20230406,2108.15,-0.008484,4.0000
20230410,2090.47,-0.008386,4.0000
20230411,2074.91,-0.007442,4.0000
20230412,2142.24,0.032451,4.0000
20230413,2132.89,-0.004365,4.0000
20230414,2121.07,-0.005542,4.0000
20230417,2111.46,-0.004532,4.0000
20230418,2126.05,0.006912,4.0000
20230419,2154.43,0.013347,4.0000
20230420,2138.48,-0.007405,4.0000
20230421,2125.34,-0.006144,4.0000
20230424,2109.01,-0.007681,4.0000
20230425,2097.68,-0.005373,4.0000
20230426,2083.85,-0.006593,4.0000
20230427,2189.02,0.050471,4.0000
20230428,2266.71,0.035488,4.0000
20230501,2253.99,-0.005608,4.0000
20230502,2320.80,0.029639,4.0000
20230503,2308.35,-0.005365,4.0000
20230504,2295.85,-0.005416,4.0000
20230505,2361.37,0.028540,4.0000
20230508,2343.68,-0.007493,4.0000
20230509,2343.68,0.000000,0.0000
20230510,2343.68,0.000000,0.0000
20230511,2319.39,-0.010363,2.9104
20230512,2310.35,-0.003897,4.0000
20230515,2287.38,-0.009942,4.0000
20230516,2272.13,-0.006669,4.0000
20230517,2248.55,-0.010376,3.0200
20230518,2248.55,0.000000,0.0000
20230519,2235.19,-0.005942,4.0000
20230522,2211.77,-0.010475,3.8436
20230523,2195.60,-0.007313,4.0000
20230524,2178.48,-0.007795,4.0000
20230525,2156.01,-0.010314,2.5172
20230526,2225.18,0.032082,3.7455
20230530,2225.18,0.000000,0.0000
20230531,2208.71,-0.007402,4.0000
20230601,2185.62,-0.010454,3.6536
20230602,2162.84,-0.010422,3.4258
20230605,2162.84,0.000000,0.0000
20230606,2147.30,-0.007186,4.0000
20230607,2130.77,-0.007697,4.0000
20230608,2168.87,0.017880,4.0000
20230609,2156.46,-0.005724,4.0000
20230612,2145.52,-0.005074,4.0000
20230613,2128.84,-0.007774,4.0000
20230614,2111.72,-0.008041,4.0000
20230615,2223.15,0.052768,4.0000
20230616,2202.67,-0.009213,4.0000
20230620,2180.80,-0.009929,4.0000
20230621,2162.63,-0.008334,4.0000
20230622,2153.01,-0.004444,4.0000
20230623,2138.41,-0.006783,4.0000
20230626,2120.93,-0.008175,4.0000
20230627,2108.06,-0.006067,4.0000
20230628,2096.29,-0.005587,4.0000
20230629,2128.00,0.015128,4.0000
20230630,2153.45,0.011962,4.0000
20230703,2165.33,0.005517,4.0000
20230705,2175.34,0.004622,4.0000
20230706,2152.52,-0.010489,3.9726
20230707,2130.08,-0.010426,3.4790
20230710,2107.89,-0.010416,3.3954
20230711,2096.46,-0.005427,4.0000
20230712,2082.96,-0.006439,4.0000
20230713,2104.15,0.010173,4.0000
20230714,2093.49,-0.005064,4.0000
20230717,2111.27,0.008491,4.0000
20230718,2111.27,0.000000,0.0000
20230719,2094.57,-0.007907,4.0000
20230720,2075.78,-0.008974,4.0000
20230721,2061.66,-0.006800,4.0000
20230724,2042.59,-0.009251,4.0000
20230725,2060.37,0.008707,4.0000
20230726,2048.58,-0.005722,4.0000
20230727,2048.58,0.000000,0.0000
20230728,2037.95,-0.005190,4.0000
20230731,2026.24,-0.005744,4.0000
20230801,2013.98,-0.006055,4.0000
20230802,1996.52,-0.008670,4.0000
20230803,1980.11,-0.008218,4.0000
20230804,1959.47,-0.010425,3.4870
20230807,1941.68,-0.009074,4.0000
20230808,1929.28,-0.006387,4.0000
20230809,1975.75,0.024085,4.0000
20230810,1955.23,-0.010385,3.1539
20230811,1978.49,0.011896,4.0000
20230814,1967.40,-0.005608,4.0000
20230815,1967.40,0.000000,0.0000
20230816,1957.65,-0.004954,4.0000
20230817,2037.98,0.041034,4.0000
20230818,2060.50,0.011050,2.6937
20230821,2044.55,-0.007738,4.0000
20230822,2088.96,0.021719,4.0000
20230823,2146.93,0.027751,4.0000
20230824,2124.45,-0.010472,3.8453
20230825,2105.93,-0.008719,4.0000
20230828,2084.83,-0.010017,4.0000
20230829,2197.35,0.053972,4.0000
20230830,2178.82,-0.008437,4.0000
20230831,2164.17,-0.006724,4.0000
20230901,2164.17,0.000000,0.0000
20230905,2151.88,-0.005677,4.0000
20230906,2131.88,-0.009292,4.0000
20230907,2114.71,-0.008057,4.0000
20230908,2092.54,-0.010480,3.9304
20230911,2078.56,-0.006681,4.0000
20230912,2062.09,-0.007923,4.0000
20230913,2040.62,-0.010415,3.4023
20230914,2022.60,-0.008830,4.0000
20230915,2084.37,0.030540,4.0000
20230918,2068.61,-0.007563,4.0000
20230919,2057.05,-0.005585,4.0000
20230920,2145.42,0.042958,4.0000
20230921,2214.34,0.032126,4.0000
20230922,2199.65,-0.006634,4.0000
20230925,2199.65,0.000000,0.0000
20230926,2186.83,-0.005828,4.0000
20230927,2186.83,0.000000,0.0000
20230928,2164.02,-0.010433,3.5153
20230929,2233.41,0.032065,4.0000
20231002,2212.20,-0.009495,4.0000
20231003,2195.05,-0.007754,4.0000
20231004,2174.60,-0.009313,4.0000
20231005,2158.54,-0.007387,4.0000
20231006,2282.11,0.057246,3.7694
20231009,2265.36,-0.007340,4.0000
20231010,2249.12,-0.007169,4.0000
20231011,2244.02,-0.002266,4.0000
20231012,2226.58,-0.007770,4.0000
20231013,2210.09,-0.007406,4.0000
20231016,2236.80,0.012083,4.0000
20231017,2220.25,-0.007396,4.0000
20231018,2199.69,-0.009262,4.0000
20231019,2185.67,-0.006372,4.0000
20231020,2270.46,0.038791,4.0000
20231023,2250.22,-0.008912,4.0000
20231024,2226.62,-0.010487,3.9508
20231025,2300.56,0.033205,4.0000
20231026,2300.56,0.000000,0.0000
20231027,2284.71,-0.006890,4.0000
20231030,2265.24,-0.008522,4.0000
20231031,2243.79,-0.009466,4.0000
20231101,2243.79,0.000000,0.0000
20231102,2307.08,0.028207,3.9496
20231103,2324.60,0.007590,4.0000
20231106,2324.60,0.000000,0.0000
20231107,2302.84,-0.009357,4.0000
20231108,2290.52,-0.005353,4.0000
20231109,2368.25,0.033935,4.0000
20231110,2349.59,-0.007878,4.0000
20231113,2330.36,-0.008185,4.0000
20231114,2364.77,0.014769,4.0000
20231115,2351.27,-0.005711,4.0000
20231116,2338.10,-0.005602,4.0000
20231117,2322.09,-0.006847,4.0000
20231120,2381.97,0.025789,4.0000
20231121,2372.07,-0.004157,4.0000
20231122,2348.95,-0.009747,4.0000
20231124,2334.24,-0.006262,4.0000
20231127,2313.87,-0.008725,4.0000
20231128,2303.66,-0.004414,4.0000
20231129,2284.31,-0.008400,4.0000
20231130,2269.02,-0.006691,4.0000
20231201,2254.45,-0.006425,4.0000
20231204,2233.68,-0.009211,4.0000
20231205,2224.92,-0.003921,4.0000
20231206,2294.22,0.031145,4.0000
20231207,2280.56,-0.005952,4.0000
20231208,2321.36,0.017887,4.0000
20231211,2357.23,0.015455,4.0000
20231212,2336.93,-0.008614,4.0000
20231213,2324.20,-0.005446,4.0000
20231214,2303.10,-0.009078,4.0000
20231215,2289.08,-0.006089,4.0000
20231218,2277.14,-0.005212,4.0000
20231219,2309.59,0.014249,4.0000
20231220,2299.66,-0.004300,4.0000
20231221,2275.81,-0.010372,4.0000
20231222,2259.41,-0.007205,4.0000
20231226,2276.45,0.007542,4.0000
20231227,2262.01,-0.006346,4.0000
20231228,2249.11,-0.005701,4.0000
20231229,2238.82,-0.004574,4.0000
20240102,2222.64,-0.007228,4.0000
20240103,2211.59,-0.004971,4.0000
20240104,2191.53,-0.009070,4.0000
20240105,2171.24,-0.009258,4.0000
20240108,2270.58,0.045749,4.0000
20240109,2261.45,-0.004019,4.0000
20240110,2245.93,-0.006864,4.0000
20240111,2225.34,-0.009169,4.0000
20240112,2216.58,-0.003937,4.0000
20240116,2199.67,-0.007625,4.0000
20240117,2185.40,-0.006488,4.0000
20240118,2173.52,-0.005436,4.0000
20240119,2157.39,-0.007423,4.0000
20240122,2138.58,-0.008718,4.0000
20240123,2122.69,-0.007429,4.0000
20240124,2111.85,-0.005110,4.0000
20240125,2096.97,-0.007044,4.0000
20240126,2079.49,-0.008334,4.0000
20240129,2069.59,-0.004760,4.0000
20240130,2058.33,-0.005442,4.0000
20240131,2058.33,0.000000,0.0000
20240201,2039.73,-0.009036,4.0000
20240202,2039.73,0.000000,0.0000
20240205,2026.68,-0.006399,4.0000
20240206,2013.08,-0.006710,4.0000
20240207,2003.67,-0.004672,4.0000
20240208,1995.15,-0.004256,4.0000
20240209,2025.60,0.015265,4.0000
20240212,2018.97,-0.003272,4.0000
20240213,2001.70,-0.008558,4.0000
20240214,1987.51,-0.007085,4.0000
20240215,1974.64,-0.006480,4.0000
20240216,1958.67,-0.008083,4.0000
20240220,1958.67,0.000000,0.0000
20240221,1947.93,-0.005488,4.0000
20240222,1929.64,-0.009389,4.0000
20240223,1916.44,-0.006839,4.0000
20240226,1906.92,-0.004967,4.0000
20240227,1896.80,-0.005305,4.0000
20240228,1885.38,-0.006020,4.0000
20240229,1871.05,-0.007602,4.0000
20240301,1859.13,-0.006372,4.0000
20240304,1853.43,-0.003064,4.0000
20240305,1843.66,-0.005274,4.0000
20240306,1834.81,-0.004801,4.0000
20240307,1824.62,-0.005552,4.0000
20240308,1809.87,-0.008082,4.0000
20240311,1797.64,-0.006760,4.0000
20240312,1783.30,-0.007977,4.0000
20240313,1775.38,-0.004440,4.0000
20240314,1793.77,0.010356,4.0000
20240315,1775.02,-0.010451,3.7848
20240318,1756.56,-0.010403,3.3832
20240319,1743.47,-0.007451,4.0000
20240320,1735.04,-0.004836,4.0000
20240321,1725.82,-0.005314,4.0000
20240322,1716.10,-0.005631,4.0000
20240325,1705.82,-0.005988,4.0000
20240326,1697.00,-0.005172,4.0000
20240327,1689.91,-0.004177,4.0000
20240328,1682.87,-0.004167,4.0000
20240401,1672.92,-0.005912,4.0000
20240402,1664.09,-0.005281,4.0000
20240403,1675.72,0.006993,4.0000
20240404,1668.11,-0.004542,4.0000
20240405,1708.35,0.024118,4.0000
20240408,1700.53,-0.004578,4.0000
20240409,1708.85,0.004893,4.0000
20240410,1695.35,-0.007900,4.0000
20240411,1680.02,-0.009038,4.0000
20240412,1662.90,-0.010191,4.0000
20240415,1788.72,0.075663,4.0000
20240416,1778.09,-0.005945,4.0000
20240417,1767.10,-0.006182,4.0000
20240418,1751.57,-0.008784,4.0000
20240419,1800.48,0.027920,4.0000
20240422,1785.56,-0.008283,4.0000
20240423,1729.12,-0.031611,4.0000
20240424,1733.89,0.002758,4.0000
20240425,1719.98,-0.008024,4.0000
20240426,1738.83,0.010959,4.0000
20240429,1738.83,0.000000,0.0000
20240430,1728.83,-0.005752,4.0000
20240501,1719.17,-0.005582,4.0000
20240502,1701.35,-0.010369,3.0667
20240503,1683.54,-0.010470,3.9207
20240506,1683.54,0.000000,0.0000
20240507,1674.26,-0.005510,4.0000
20240508,1691.16,0.010094,4.0000
20240509,1684.06,-0.004198,4.0000
20240510,1672.59,-0.006812,4.0000
20240513,1682.85,0.006139,4.0000
20240514,1675.82,-0.004179,4.0000
20240515,1663.92,-0.007104,4.0000
20240516,1657.69,-0.003741,4.0000
20240517,1649.59,-0.004887,4.0000
20240520,1640.06,-0.005779,4.0000
20240521,1659.86,0.012075,4.0000
20240522,1654.59,-0.003176,4.0000
20240523,1726.08,0.043209,4.0000
20240524,1715.42,-0.006178,4.0000
20240528,1715.42,0.000000,0.0000
20240529,1706.60,-0.005140,4.0000
20240530,1694.95,-0.006829,4.0000
20240531,1685.82,-0.005387,4.0000
20240603,1677.45,-0.004963,4.0000
20240604,1663.09,-0.008562,4.0000
20240605,1652.72,-0.006234,4.0000
20240606,1646.21,-0.003943,4.0000
20240607,1646.21,0.000000,0.0000
20240610,1638.09,-0.004931,4.0000
20240611,1627.81,-0.006276,4.0000
20240612,1610.38,-0.010706,4.0000
20240613,1599.47,-0.006775,4.0000
20240614,1591.99,-0.004680,4.0000
20240617,1583.79,-0.005151,4.0000
20240618,1574.31,-0.005983,4.0000
20240620,1565.25,-0.005757,4.0000
20240621,1555.78,-0.006049,4.0000
20240624,1550.47,-0.003410,4.0000
20240625,1541.36,-0.005880,4.0000
20240626,1533.42,-0.005146,4.0000
20240627,1525.01,-0.005488,4.0000
20240628,1514.77,-0.006717,4.0000
20240701,1506.00,-0.005789,4.0000
20240702,1552.01,0.030551,4.0000
20240703,1572.57,0.013248,4.0000
20240705,1566.41,-0.003915,4.0000
20240708,1555.82,-0.006758,4.0000
20240709,1548.43,-0.004751,4.0000
20240710,1542.53,-0.003811,4.0000
20240711,1535.70,-0.004431,4.0000
20240712,1535.70,0.000000,0.0000
20240715,1529.99,-0.003716,4.0000
20240716,1522.36,-0.004989,4.0000
20240717,1509.83,-0.008229,4.0000
20240718,1501.69,-0.005389,4.0000
20240719,1488.52,-0.008776,4.0000
20240722,1478.75,-0.006559,4.0000
20240723,1468.94,-0.006637,4.0000
20240724,1541.21,0.049204,4.0000
20240725,1528.06,-0.008534,4.0000
20240726,1528.06,0.000000,0.0000
20240729,1512.13,-0.010427,3.5969
20240730,1501.74,-0.006872,4.0000
20240731,1486.28,-0.010292,4.0000
20240801,1471.46,-0.009975,4.0000
20240802,1456.24,-0.010339,2.8502
20240805,1474.39,0.012461,1.6292
20240806,1486.36,0.008117,2.7515
20240807,1471.35,-0.010096,4.0000
20240808,1456.93,-0.009800,4.0000
20240809,1445.22,-0.008038,4.0000
20240812,1438.44,-0.004691,4.0000
20240813,1479.64,0.028639,3.6737
20240814,1466.99,-0.008547,4.0000
20240815,1456.75,-0.006979,4.0000
20240816,1478.17,0.014703,4.0000
20240819,1468.69,-0.006416,4.0000
20240820,1460.90,-0.005301,4.0000
20240821,1450.85,-0.006879,4.0000
20240822,1441.55,-0.006410,4.0000
20240823,1426.16,-0.010680,4.0000
20240826,1426.16,0.000000,0.0000
20240827,1416.59,-0.006707,4.0000
20240828,1442.83,0.018525,4.0000
20240829,1429.74,-0.009071,4.0000
20240830,1418.62,-0.007781,4.0000
20240903,1496.14,0.054647,4.0000
20240904,1480.50,-0.010453,3.8426
20240905,1469.85,-0.007193,4.0000
20240906,1454.77,-0.010262,4.0000
20240909,1441.76,-0.008943,4.0000
20240910,1433.13,-0.005984,4.0000
20240911,1418.38,-0.010296,2.4904
20240912,1410.39,-0.005634,4.0000
20240913,1425.06,0.010405,4.0000
20240916,1413.61,-0.008037,4.0000
20240917,1403.66,-0.007035,4.0000
20240918,1390.16,-0.009616,4.0000
20240919,1378.51,-0.008380,4.0000
20240920,1371.20,-0.005304,4.0000
20240923,1361.42,-0.007133,4.0000
20240924,1353.45,-0.005855,4.0000
20240925,1345.67,-0.005752,4.0000
20240926,1356.04,0.007710,4.0000
20240927,1356.04,0.000000,0.0000
20240930,1347.08,-0.006612,4.0000
20241001,1333.27,-0.010248,2.1006
20241002,1320.25,-0.009769,4.0000
20241003,1310.17,-0.007628,4.0000
20241004,1299.99,-0.007773,4.0000
20241007,1291.48,-0.006548,4.0000
20241008,1282.36,-0.007060,4.0000
20241009,1276.32,-0.004712,4.0000
20241010,1270.15,-0.004833,4.0000
20241011,1289.81,0.015483,4.0000
20241014,1310.59,0.016109,4.0000
20241015,1310.59,0.000000,0.0000
20241016,1302.48,-0.006188,4.0000
20241017,1320.00,0.013450,3.6340
20241018,1306.26,-0.010406,3.4608
20241021,1301.91,-0.003333,4.0000
20241022,1301.91,0.000000,0.0000
20241023,1301.91,0.000000,0.0000
20241024,1298.62,-0.002528,4.0000
20241025,1287.42,-0.008625,4.0000
20241028,1294.36,0.005395,4.0000
20241029,1281.70,-0.009788,4.0000
20241030,1273.34,-0.006517,4.0000
20241031,1323.15,0.039118,4.0000
20241101,1309.40,-0.010393,3.3527
20241104,1295.95,-0.010272,4.0000
20241105,1328.97,0.025478,3.3324
20241106,1315.15,-0.010401,3.4194
20241107,1331.64,0.012541,4.0000
20241108,1342.98,0.008514,4.0000
20241111,1336.12,-0.005105,4.0000
20241112,1329.79,-0.004739,4.0000
20241113,1324.28,-0.004146,4.0000
20241114,1324.28,0.000000,0.0000
20241115,1354.78,0.023033,4.0000
20241118,1354.78,0.000000,0.0000
20241119,1346.75,-0.005925,4.0000
20241120,1338.91,-0.005820,4.0000
20241121,1325.11,-0.010309,2.6350
20241122,1315.58,-0.007190,4.0000
20241125,1302.61,-0.009863,4.0000
20241126,1294.44,-0.006271,4.0000
20241127,1294.44,0.000000,0.0000
20241129,1313.59,0.014794,4.0000
20241202,1312.19,-0.001064,4.0000
20241203,1312.18,-0.000005,4.0000
20241204,1306.37,-0.004429,4.0000
20241205,1302.92,-0.002642,4.0000
20241206,1293.57,-0.007177,4.0000
20241209,1314.78,0.016395,4.0000
20241210,1304.19,-0.008049,4.0000
20241211,1315.72,0.008835,4.0000
20241212,1308.15,-0.005752,4.0000
20241213,1302.79,-0.004097,4.0000
20241216,1296.30,-0.004981,4.0000
20241217,1289.25,-0.005437,4.0000
20241218,1284.03,-0.004048,4.0000
20241219,1270.81,-0.010296,2.5455
20241220,1257.53,-0.010452,3.8631
20241223,1282.02,0.019474,4.0000
20241224,1324.33,0.033007,4.0000
20241226,1316.42,-0.005973,4.0000
20241227,1333.19,0.012737,4.0000
20241230,1319.28,-0.010433,3.6913
20241231,1308.04,-0.008520,4.0000
20250102,1294.49,-0.010361,3.0791
20250103,1281.04,-0.010388,3.3280
20250106,1268.69,-0.009639,4.0000
20250107,1337.32,0.054093,4.0000
20250108,1324.05,-0.009926,4.0000
20250110,1348.08,0.018149,3.0604
20250113,1337.74,-0.007668,4.0000
20250114,1325.02,-0.009511,4.0000
20250115,1311.67,-0.010071,4.0000
20250116,1302.22,-0.007206,4.0000
20250117,1290.25,-0.009190,4.0000
20250121,1282.70,-0.005856,4.0000
20250122,1282.70,0.000000,0.0000
20250123,1313.67,0.024149,4.0000
20250124,1308.32,-0.004077,4.0000
20250127,1313.87,0.004244,1.8121
20250128,1300.51,-0.010170,4.0000
20250129,1291.44,-0.006970,4.0000
20250130,1285.11,-0.004900,4.0000
20250131,1278.07,-0.005478,4.0000
20250203,1264.90,-0.010304,2.6125
20250204,1294.08,0.023068,4.0000
20250205,1288.48,-0.004333,4.0000
20250206,1281.74,-0.005228,4.0000
20250207,1272.95,-0.006857,4.0000
20250210,1265.86,-0.005573,4.0000
20250211,1279.86,0.011064,4.0000
20250212,1309.99,0.023541,4.0000
20250213,1301.63,-0.006380,4.0000
20250214,1295.73,-0.004535,4.0000
20250218,1289.34,-0.004929,4.0000
20250219,1284.43,-0.003806,4.0000
20250220,1289.71,0.004110,4.0000
20250221,1369.30,0.061711,4.0000
20250224,1369.30,0.000000,0.0000
20250225,1355.47,-0.010098,4.0000
20250226,1345.00,-0.007725,4.0000
20250227,1337.71,-0.005420,4.0000
20250228,1323.95,-0.010289,2.4625
20250303,1323.95,0.000000,0.0000
20250304,1310.23,-0.010364,3.0943
20250305,1296.93,-0.010147,4.0000
20250306,1285.15,-0.009085,4.0000
20250307,1271.92,-0.010297,2.5387
20250310,1299.98,0.022067,2.2774
20250311,1286.50,-0.010376,3.1806
20250312,1286.50,0.000000,0.0000
20250313,1273.46,-0.010133,4.0000
20250314,1262.34,-0.008735,4.0000
20250317,1276.91,0.011547,2.6422
20250318,1302.07,0.019702,4.0000
20250319,1292.37,-0.007452,4.0000
20250320,1297.50,0.003976,2.6204
20250321,1283.96,-0.010439,3.7321
20250324,1310.00,0.020282,4.0000
20250325,1304.35,-0.004313,4.0000
20250326,1357.69,0.040897,4.0000
20250327,1343.57,-0.010405,3.4366
20250328,1421.76,0.058198,3.9014
20250331,1407.15,-0.010276,2.3283
20250401,1392.47,-0.010435,4.0000
20250402,1439.14,0.033521,2.4805
20250403,1439.14,0.000000,0.0000
20250404,1439.14,0.000000,0.0000
20250407,1424.47,-0.010199,1.6382
20250408,1409.82,-0.010280,2.3400
20250409,1395.49,-0.010168,1.4040
20250410,1432.14,0.026263,2.2054
20250411,1417.59,-0.010162,1.3491
20250414,1434.87,0.012190,2.2922
20250415,1419.96,-0.010389,3.2879
20250416,1405.26,-0.010352,2.9741
20250417,1390.77,-0.010312,2.6158
20250421,1440.56,0.035805,3.1102
20250422,1440.56,0.000000,0.0000
20250423,1423.37,-0.011936,3.3346
20250424,1409.87,-0.009481,4.0000
20250425,1395.30,-0.010341,2.8898
20250428,1380.71,-0.010452,3.8136
20250429,1423.10,0.030696,4.0000
20250430,1408.43,-0.010303,2.5553
20250501,1393.86,-0.010345,2.9181
20250502,1403.89,0.007192,4.0000
20250505,1392.99,-0.007761,4.0000
20250506,1378.53,-0.010379,3.2218
20250507,1365.24,-0.009643,4.0000
20250508,1353.94,-0.008276,4.0000
20250509,1344.46,-0.007004,4.0000
20250512,1330.66,-0.010265,2.2554
20250513,1358.86,0.021197,4.0000
20250514,1348.55,-0.007592,4.0000
20250515,1338.64,-0.007346,4.0000
20250516,1327.32,-0.008459,4.0000
20250519,1373.60,0.034869,3.9074
20250520,1366.12,-0.005449,4.0000
20250521,1353.08,-0.009540,4.0000
20250522,1339.07,-0.010358,3.0480
20250523,1348.74,0.007221,2.8486
20250527,1334.68,-0.010421,3.5907
20250528,1326.86,-0.005863,4.0000
20250529,1335.24,0.006315,3.0810
20250530,1321.27,-0.010457,3.8946
20250602,1307.58,-0.010364,3.1213
20250603,1296.31,-0.008620,4.0000
20250604,1288.12,-0.006321,4.0000
20250605,1274.76,-0.010365,3.1129
20250606,1264.15,-0.008324,4.0000
20250609,1251.31,-0.010157,4.0000
20250610,1244.07,-0.005791,4.0000
20250611,1231.68,-0.009958,4.0000
20250612,1222.15,-0.007739,4.0000
20250613,1209.55,-0.010308,2.6450
20250616,1217.83,0.006845,4.0000
20250617,1209.24,-0.007056,4.0000
20250618,1199.36,-0.008167,4.0000
20250620,1225.78,0.022027,4.0000
20250623,1212.97,-0.010452,3.8558
20250624,1205.18,-0.006421,4.0000
20250625,1199.35,-0.004834,4.0000
20250626,1193.91,-0.004541,4.0000
20250627,1187.97,-0.004973,4.0000
20250630,1179.00,-0.007554,4.0000
20250701,1173.05,-0.005046,4.0000
20250702,1165.72,-0.006249,4.0000
20250703,1178.69,0.011131,4.0000
20250707,1193.57,0.012624,4.0000
20250708,1185.92,-0.006409,4.0000
20250709,1177.67,-0.006956,4.0000
20250710,1171.00,-0.005663,4.0000
20250711,1161.71,-0.007935,4.0000
20250714,1155.78,-0.005105,4.0000
20250715,1189.75,0.029388,4.0000
20250716,1179.47,-0.008636,4.0000
20250717,1201.85,0.018976,4.0000
20250718,1209.31,0.006200,4.0000
20250721,1204.19,-0.004232,4.0000
20250722,1196.32,-0.006532,4.0000
20250723,1185.57,-0.008986,4.0000
20250724,1178.72,-0.005780,4.0000
20250725,1190.46,0.009964,4.0000
20250728,1185.52,-0.004154,4.0000
20250729,1205.09,0.016507,4.0000
20250730,1198.43,-0.005523,4.0000
20250731,1187.26,-0.009323,4.0000
20250801,1199.10,0.009969,2.7342
20250804,1230.11,0.025866,4.0000
20250805,1254.15,0.019546,4.0000
20250806,1245.22,-0.007122,4.0000
20250807,1234.53,-0.008586,4.0000
20250808,1253.50,0.015365,4.0000
20250811,1246.75,-0.005386,4.0000
20250812,1234.02,-0.010213,4.0000
20250813,1226.68,-0.005944,4.0000
20250814,1239.55,0.010487,4.0000
20250815,1251.70,0.009805,4.0000
20250818,1245.56,-0.004902,4.0000
20250819,1261.72,0.012972,4.0000
20250820,1263.28,0.001237,4.0000
20250821,1252.17,-0.008799,4.0000
20250822,1252.17,0.000000,0.0000
20250825,1258.40,0.004983,4.0000
20250826,1250.43,-0.006337,4.0000
20250827,1260.90,0.008375,4.0000
20250828,1266.04,0.004075,4.0000
20250829,1282.52,0.013014,4.0000
20250902,1269.55,-0.010109,4.0000
20250903,1262.69,-0.005401,4.0000
20250904,1255.73,-0.005513,4.0000
20250905,1248.57,-0.005706,4.0000
20250908,1241.57,-0.005607,4.0000
20250909,1235.76,-0.004680,4.0000
20250910,1227.50,-0.006685,4.0000
20250911,1248.86,0.017405,4.0000
20250912,1245.20,-0.002928,4.0000
20250915,1239.27,-0.004768,4.0000
20250916,1247.80,0.006884,4.0000
20250917,1242.34,-0.004372,4.0000
20250918,1234.30,-0.006476,4.0000
20250919,1226.29,-0.006486,4.0000
20250922,1254.54,0.023034,4.0000
20250923,1249.17,-0.004277,4.0000
20250924,1268.95,0.015835,4.0000
20250925,1261.29,-0.006036,4.0000
20250926,1248.21,-0.010373,3.2462
20250929,1242.48,-0.004595,4.0000
20250930,1235.25,-0.005813,4.0000
20251001,1222.36,-0.010441,3.8398
20251002,1226.20,0.003142,4.0000
20251003,1218.93,-0.005927,4.0000
20251006,1213.08,-0.004795,4.0000
20251007,1213.08,0.000000,0.0000
20251008,1208.05,-0.004150,4.0000
20251009,1221.76,0.011353,4.0000
20251010,1214.11,-0.006269,4.0000
20251013,1204.70,-0.007751,4.0000
20251014,1192.41,-0.010194,4.0000
20251015,1184.69,-0.006475,4.0000
20251016,1176.72,-0.006731,4.0000
20251017,1164.49,-0.010393,3.4212
20251020,1180.62,0.013850,4.0000
20251021,1174.96,-0.004789,4.0000
20251022,1193.55,0.015816,4.0000
20251023,1213.65,0.016844,4.0000
20251024,1214.62,0.000795,4.0000
20251027,1209.09,-0.004551,4.0000
20251028,1204.07,-0.004150,4.0000
20251029,1197.51,-0.005444,4.0000
20251030,1190.52,-0.005837,4.0000
20251031,1203.43,0.010840,4.0000
20251103,1211.05,0.006330,4.0000
20251104,1198.38,-0.010457,3.9751
20251105,1191.10,-0.006076,4.0000
20251106,1191.10,0.000000,0.0000
20251107,1178.70,-0.010414,3.5878
20251110,1170.04,-0.007346,4.0000
20251111,1164.77,-0.004502,4.0000
20251112,1167.89,0.002680,4.0000
20251113,1160.50,-0.006332,4.0000
20251114,1160.50,0.000000,0.0000
20251117,1148.50,-0.010336,2.9347
20251118,1136.76,-0.010226,1.9705
20251119,1125.47,-0.009927,4.0000
20251120,1115.19,-0.009138,4.0000
20251121,1103.65,-0.010347,3.0175
20251124,1092.31,-0.010277,2.4130
20251125,1081.13,-0.010235,4.0000
20251126,1072.87,-0.007636,4.0000
20251128,1067.17,-0.005318,4.0000
20251201,1060.47,-0.006272,4.0000
20251202,1056.08,-0.004146,4.0000
20251203,1046.16,-0.009391,4.0000
20251204,1041.59,-0.004369,4.0000
20251205,1033.54,-0.007732,4.0000
20251208,1046.45,0.012499,4.0000
20251209,1040.29,-0.005890,4.0000
20251210,1035.13,-0.004965,4.0000
20251211,1028.91,-0.006002,4.0000
20251212,1022.15,-0.006578,4.0000
20251215,1038.89,0.016382,3.6214
20251216,1028.04,-0.010446,3.8934
20251217,1074.96,0.045647,4.0000
20251218,1066.00,-0.008343,4.0000
20251219,1078.91,0.012113,3.7110
20251222,1070.72,-0.007591,4.0000
20251223,1083.46,0.011903,3.7913
20251224,1094.78,0.010442,4.0000
20251226,1088.64,-0.005603,4.0000
20251229,1082.01,-0.006089,4.0000
20251230,1077.17,-0.004475,4.0000
20251231,1106.16,0.026907,4.0000
20260102,1094.59,-0.010455,3.9597
20260105,1094.22,-0.000335,4.0000
20260106,1113.24,0.017377,4.0000
20260107,1107.65,-0.005022,4.0000
20260108,1100.36,-0.006583,4.0000
20260109,1094.45,-0.005371,4.0000
20260112,1111.84,0.015896,4.0000
20260113,1106.99,-0.004363,4.0000
20260114,1095.46,-0.010416,3.6425
20260115,1089.97,-0.005009,4.0000
20260116,1089.97,0.000000,0.0000
20260120,1080.61,-0.008591,4.0000
20260121,1071.60,-0.008340,4.0000
20260122,1064.97,-0.006187,4.0000
20260123,1057.49,-0.007026,4.0000
20260126,1065.05,0.007154,4.0000
20260127,1061.07,-0.003737,4.0000
20260128,1055.97,-0.004812,4.0000
20260129,1065.32,0.008862,4.0000
20260130,1054.26,-0.010382,3.3508
20260202,1077.22,0.021777,3.6887
20260203,1114.65,0.034742,4.0000
20260204,1104.11,-0.009448,4.0000
20260205,1092.69,-0.010346,3.0058
20260206,1110.59,0.016382,1.8559
20260209,1131.66,0.018966,3.6347
20260210,1125.80,-0.005170,4.0000
20260211,1151.31,0.022653,4.0000
20260212,1144.03,-0.006324,4.0000
20260213,1132.08,-0.010445,3.8721
20260217,1120.32,-0.010385,3.3629
20260218,1120.32,0.000000,0.0000
20260219,1113.08,-0.006467,4.0000
20260220,1148.42,0.031757,3.7799
20260223,1136.52,-0.010365,3.1953
20260224,1124.64,-0.010451,3.9208
20260225,1135.65,0.009788,4.0000
20260226,1152.40,0.014752,4.0000
20260227,1142.25,-0.008808,4.0000
20260302,1157.61,0.013444,1.9317
20260303,1145.60,-0.010376,3.2619
20260304,1153.43,0.006838,3.1266
20260305,1141.52,-0.010330,2.8889
20260306,1129.68,-0.010367,3.1888
20260309,1117.94,-0.010392,3.4022
20260310,1106.26,-0.010455,3.9532
20260311,1099.70,-0.005929,4.0000
20260312,1123.91,0.022015,4.0000
20260313,1115.16,-0.007780,4.0000
20260316,1106.27,-0.007975,4.0000
20260317,1094.78,-0.010388,3.3909
20260318,1086.05,-0.007973,4.0000
20260319,1086.05,0.000000,0.0000
20260320,1074.72,-0.010431,3.7300
20260323,1063.53,-0.010415,3.5963
20260324,1052.50,-0.010365,3.1768
20260325,1041.51,-0.010442,3.8479
20260326,1033.57,-0.007622,4.0000
20260327,1060.27,0.025832,2.6970
20260330,1102.73,0.040045,3.8619
20260331,1091.72,-0.009989,4.0000
20260401,1080.39,-0.010378,3.2847
20260402,1135.58,0.051084,4.0000
20260406,1123.71,-0.010448,3.9003
20260407,1112.05,-0.010382,3.3018
20260408,1108.05,-0.003593,3.8206
20260409,1101.71,-0.005724,4.0000
20260410,1094.22,-0.006793,4.0000
20260413,1086.57,-0.006994,4.0000
20260414,1122.11,0.032710,4.0000
20260415,1116.25,-0.005225,4.0000
20260416,1110.32,-0.005312,4.0000
20260417,1102.02,-0.007473,4.0000
20260420,1095.17,-0.006218,4.0000
20260421,1085.58,-0.008756,4.0000
20260422,1079.29,-0.005798,4.0000
20260423,1073.80,-0.005087,4.0000
20260424,1064.40,-0.008748,4.0000
20260427,1055.95,-0.007940,4.0000
20260428,1047.38,-0.008117,4.0000
20260429,1038.99,-0.008014,4.0000
20260430,1028.17,-0.010407,3.5635
20260501,1018.07,-0.009824,4.0000
20260504,1023.88,0.005708,4.0000
20260505,1031.17,0.007118,4.0000
20260506,1056.36,0.024429,4.0000
20260507,1051.66,-0.004450,4.0000
20260508,1047.16,-0.004281,4.0000
20260511,1053.70,0.006245,4.0000
20260512,1046.73,-0.006615,4.0000
20260513,1038.85,-0.007529,4.0000
20260514,1055.53,0.016056,4.0000
20260515,1044.64,-0.010313,2.7441
20260518,1034.92,-0.009306,4.0000
20260519,1027.49,-0.007176,4.0000
20260520,1020.80,-0.006515,4.0000
20260521,1014.00,-0.006658,4.0000
20260522,1003.86,-0.010004,4.0000
20260526,997.21,-0.006620,4.0000
20260527,991.36,-0.005865,4.0000
20260528,985.54,-0.005871,4.0000
20260529,980.59,-0.005030,4.0000
20260601,991.83,0.011471,4.0000
20260602,999.94,0.008172,4.0000
20260603,999.94,0.000000,0.0000
20260604,1020.70,0.020763,4.0000
20260605,1020.70,0.000000,0.0000
20260608,1010.14,-0.010347,3.0485
20260609,1010.14,0.000000,0.0000
20260610,999.67,-0.010367,3.2189
20260611,989.27,-0.010399,3.4949
20260612,979.10,-0.010280,2.4565
20260615,986.59,0.007644,4.0000
20260616,979.60,-0.007087,4.0000
20260617,973.01,-0.006720,4.0000
20260618,962.94,-0.010353,3.1017
20260622,952.88,-0.010452,3.9969
20260623,949.47,-0.003578,3.6652
20260624,939.70,-0.010287,2.5389
20260625,952.22,0.013326,2.8517
20260626,930.03,-0.023309,2.5300
20260629,920.51,-0.010236,2.0907
20260630,941.30,0.022593,4.0000
20260701,931.60,-0.010307,2.6956
20260702,922.74,-0.009506,4.0000
20260706,914.99,-0.008404,4.0000
20260707,922.61,0.008329,4.0000
20260708,914.58,-0.008701,4.0000
20260709,914.58,0.000000,0.0000
20260710,909.67,-0.005368,4.0000
20260713,901.61,-0.008863,4.0000
20260714,893.64,-0.008837,4.0000
20260715,887.77,-0.006572,4.0000
20260716,880.26,-0.008460,4.0000
20260717,871.86,-0.009547,4.0000
20260720,865.29,-0.007536,4.0000
20260721,857.25,-0.009284,4.0000
20260722,855.70,-0.001816,4.0000
20260723,846.90,-0.010282,2.4930
20260724,841.23,-0.006695,4.0000
20260727,862.78,0.025619,4.0000
20260728,855.21,-0.008769,4.0000
20260729,846.77,-0.009874,4.0000
20260730,840.05,-0.007931,4.0000
20260731,841.63,0.001874,4.0000
20260803,861.70,0.023849,2.8954
20260804,903.35,0.048332,4.0000
20260805,895.46,-0.008728,4.0000
20260806,897.16,0.001893,4.0000
20260807,891.74,-0.006035,4.0000
20260810,886.01,-0.006435,4.0000
20260811,898.13,0.013688,4.0000
20260812,898.27,0.000157,3.4229
20260813,908.21,0.011061,4.0000
20260814,904.35,-0.004246,4.0000
20260817,916.56,0.013502,4.0000
20260818,918.12,0.001701,4.0000
20260819,913.67,-0.004854,4.0000
20260820,906.98,-0.007317,4.0000
20260821,899.95,-0.007757,4.0000
20260824,891.58,-0.009292,4.0000
20260825,891.58,0.000000,0.0000
20260826,885.61,-0.006701,4.0000
20260827,877.23,-0.009457,4.0000
20260828,873.67,-0.004063,4.0000
