day,cum_net_r
20230911,0.4549
20230911,1.431
20230911,0.4015
20230911,0.2425
20230911,-0.9645
20230911,0.5241
20230911,1.1975
20230911,0.026
20230911,-1.0124
20230911,-2.0298
20230911,-3.0562
20230911,-4.0701
20230911,-3.7315
20230911,-3.4948
20230911,-2.0489
20230911,-0.572
20230911,-1.6442
20230911,-2.8467
20230912,-3.8886
20230912,-4.902
20230912,-5.9589
20230912,-7.0758
20230912,-8.134
20230912,-9.2392
20230912,-7.8754
20230912,-6.4602
20230912,-4.9856
20230912,-6.1035
20230912,-5.6435
20230912,-6.7049
20230912,-7.8334
20230912,-8.9756
20230912,-10.1518
20230912,-8.9902
20230912,-7.5939
20230912,-6.1163
20230912,-5.7743
20230913,-5.3027
20230913,-4.8461
20230913,-4.0389
20230913,-5.0766
20230913,-3.5891
20230913,-2.1202
20230913,-3.1656
20230913,-2.7112
20230913,-3.7365
20230913,-2.3722
20230913,-3.0216
20230913,-4.2094
20230914,-5.2444
20230914,-6.2628
20230914,-6.262
20230914,-4.7679
20230914,-5.8406
20230914,-6.9241
20230914,-7.9732
20230914,-7.5698
20230914,-8.6362
20230914,-7.154
20230914,-6.8835
20230914,-6.5535
20230914,-5.0594
20230914,-4.6244
20230914,-4.2259
20230914,-3.7681
20230914,-3.2925
20230914,-4.3908
20230915,-5.4468
20230915,-6.5259
20230915,-7.5625
20230915,-6.1012
20230915,-4.7054
20230915,-5.8104
20230915,-7.2839
20230915,-6.8228
20230915,-6.8228
20230915,-7.8855
20230915,-10.398
20230915,-10.1309
20230918,-11.173
20230918,-12.2123
20230918,-13.2726
20230918,-11.8355
20230918,-12.9168
20230918,-14.6616
20230918,-15.6923
20230918,-15.497
20230919,-14.0103
20230919,-15.0412
20230919,-13.5601
20230919,-12.0929
20230919,-11.671
20230919,-12.6898
20230919,-11.2027
20230919,-10.7301
20230919,-11.7556
20230919,-11.3117
20230919,-10.8377
20230919,-9.4508
20230919,-10.5013
20230919,-11.629
20230919,-10.2497
20230919,-8.7714
20230919,-9.8085
20230919,-10.89
20230919,-10.4941
20230919,-11.5693
20230919,-10.1088
20230919,-11.2943
20230919,-12.3519
20230919,-14.048
20230920,-15.2034
20230920,-16.2516
20230920,-17.3121
20230920,-16.8459
20230920,-15.359
20230920,-14.8908
20230920,-14.4133
20230920,-15.4582
20230920,-13.9657
20230920,-12.4799
20230920,-12.0042
20230920,-13.1214
20230920,-11.6286
20230920,-10.7259
20230920,-10.2921
20230921,-9.8456
20230921,-9.1425
20230921,-10.203
20230921,-11.2359
20230921,-12.2719
20230921,-13.2975
20230921,-14.4531
20230921,-15.5007
20230921,-16.5936
20230921,-17.6445
20230921,-18.8688
20230921,-19.9467
20230921,-19.5219
20230921,-18.2041
20230921,-19.3136
20230921,-18.7875
20230921,-17.9267
20230922,-18.9958
20230922,-20.0439
20230922,-21.1156
20230922,-22.1422
20230922,-23.1657
20230922,-24.2465
20230922,-24.2058
20230922,-23.4851
20230922,-21.9969
20230922,-23.0395
20230922,-24.0891
20230922,-25.1621
20230922,-26.4607
20230922,-24.9671
20230922,-23.4944
20230922,-23.0459
20230925,-22.0293
20230925,-23.0501
20230925,-24.0906
20230925,-23.6191
20230925,-24.67
20230925,-25.703
20230925,-26.7918
20230925,-27.8664
20230925,-28.9081
20230925,-29.9469
20230925,-31.1003
20230925,-32.2415
20230926,-31.6725
20230926,-30.1799
20230926,-31.2604
20230926,-29.7715
20230926,-30.8365
20230926,-31.8658
20230926,-31.4074
20230926,-32.5384
20230926,-33.6698
20230926,-33.3541
20230926,-34.4617
20230926,-35.6442
20230926,-35.4181
20230926,-36.7132
20230926,-37.7786
20230926,-38.9579
20230926,-38.5266
20230926,-38.0717
20230927,-39.0906
20230927,-37.6013
20230927,-38.6493
20230927,-38.1723
20230927,-37.7288
20230927,-38.7472
20230927,-37.2773
20230927,-38.4043
20230927,-39.5992
20230927,-40.6325
20230927,-39.1903
20230927,-37.718
20230927,-36.3759
20230927,-37.5721
20230927,-38.7257
20230927,-39.9292
20230927,-39.452
20230927,-38.0155
20230927,-37.2575
20230928,-38.2683
20230928,-36.7837
20230928,-35.7823
20230928,-34.2917
20230928,-35.3503
20230928,-33.8594
20230928,-34.905
20230928,-35.971
20230928,-37.0814
20230928,-36.7797
20230928,-38.7796
20230928,-37.3181
20230928,-35.9196
20230928,-37.9195
20230928,-39.0271
20230928,-39.1006
20230929,-40.1434
20230929,-38.971
20230929,-39.9999
20230929,-41.0487
20230929,-42.0834
20230929,-43.1616
20230929,-42.1738
20230929,-43.1988
20230929,-44.226
20230929,-45.2802
20230929,-46.31
20230929,-45.8433
20230929,-44.5045
20230929,-45.5784
20231002,-45.3658
20231002,-44.8022
20231002,-44.3283
20231002,-45.3554
20231002,-46.3889
20231002,-47.414
20231002,-46.9508
20231002,-46.9041
20231002,-47.9582
20231002,-47.4666
20231002,-48.5713
20231002,-48.0889
20231002,-46.602
20231002,-46.127
20231002,-44.733
20231002,-45.8078
20231002,-44.9514
20231002,-46.4716
20231002,-47.9196
20231003,-48.9624
20231003,-49.9802
20231003,-51.0237
20231003,-52.0456
20231003,-53.055
20231003,-54.0914
20231003,-53.6052
20231003,-52.1122
20231003,-50.6514
20231003,-49.1597
20231003,-47.6641
20231003,-48.6851
20231003,-48.3109
20231003,-49.3854
20231003,-50.5961
20231003,-49.1261
20231003,-47.6441
20231003,-48.7266
20231003,-49.821
20231004,-49.3414
20231004,-50.3783
20231004,-51.4159
20231004,-52.426
20231004,-53.4618
20231004,-54.5094
20231004,-55.5301
20231004,-56.5857
20231004,-56.1475
20231004,-54.6757
20231004,-53.1927
20231004,-54.3276
20231004,-54.3894
20231004,-55.5202
20231004,-56.5999
20231004,-57.9845
20231004,-59.2042
20231005,-60.2175
20231005,-58.733
20231005,-59.766
20231005,-60.8735
20231005,-60.4111
20231005,-61.4819
20231005,-62.5078
20231005,-63.575
20231005,-64.767
20231005,-66.1165
20231005,-65.3881
20231005,-66.8786
20231005,-67.9538
20231005,-68.5937
20231005,-70.0182
20231006,-71.0454
20231006,-69.7725
20231006,-68.2834
20231006,-69.3293
20231006,-67.8355
20231006,-66.3451
20231006,-67.3875
20231006,-66.9814
20231006,-66.029
20231006,-64.5511
20231006,-63.1614
20231006,-61.7358
20231006,-62.8061
20231006,-63.8449
20231006,-66.3772
20231006,-67.6055
20231009,-66.1164
20231009,-65.1062
20231009,-64.2322
20231009,-65.2581
20231009,-66.2819
20231009,-67.3735
20231009,-66.893
20231009,-66.4811
20231009,-67.6375
20231009,-66.1599
20231009,-67.2587
20231009,-65.8096
20231009,-64.3503
20231009,-62.8759
20231009,-61.3849
20231009,-59.8987
20231009,-58.5895
20231009,-57.7891
20231009,-57.3637
20231009,-56.9074
20231009,-56.5259
20231009,-57.661
20231009,-58.8911
20231009,-60.0048
20231010,-58.5206
20231010,-57.0545
20231010,-56.564
20231010,-55.0738
20231010,-53.5872
20231010,-52.1174
20231010,-51.6484
20231010,-50.1672
20231010,-49.7076
20231010,-48.2408
20231010,-46.9122
20231010,-46.4391
20231010,-47.4747
20231010,-45.9867
20231010,-45.5699
20231010,-45.1131
20231010,-43.6196
20231010,-42.135
20231010,-40.819
20231010,-39.6476
20231010,-39.3302
20231010,-38.8653
20231010,-40.0221
20231010,-39.6343
20231010,-88.1769
20231010,-89.294
20231010,-87.8049
20231010,-88.8806
20231010,-87.7309
20231011,-88.7682
20231011,-89.7983
20231011,-90.8492
20231011,-91.8966
20231011,-92.9693
20231011,-96.5691
20231011,-97.6521
20231011,-97.6697
20231012,-98.6993
20231012,-99.7453
20231012,-98.2601
20231012,-97.8064
20231012,-97.3275
20231012,-96.9209
20231012,-97.9821
20231012,-97.5065
20231012,-98.5251
20231012,-99.5429
20231012,-100.6196
20231012,-101.7484
20231012,-102.7993
20231012,-103.8772
20231012,-102.4321
20231012,-102.0227
20231012,-101.7055
20231012,-100.4079
20231012,-98.9944
20231012,-97.5755
20231012,-98.6456
20231012,-97.1769
20231012,-95.7162
20231013,-94.2274
20231013,-92.7667
20231013,-91.2722
20231013,-92.3184
20231013,-91.9107
20231013,-91.4483
20231013,-90.1552
20231013,-89.8071
20231013,-89.3725
20231013,-87.8798
20231013,-88.9199
20231013,-90.1076
20231013,-88.6265
20231013,-87.1462
20231013,-88.4686
20231013,-87.0988
20231013,-88.1393
20231016,-89.1591
20231016,-89.3591
20231016,-90.4383
20231016,-91.556
20231016,-92.6278
20231016,-91.8512
20231016,-91.4365
20231016,-92.5983
20231016,-94.3797
20231016,-95.6342
20231017,-94.1445
20231017,-95.2419
20231017,-94.7519
20231017,-93.2591
20231017,-91.7718
20231017,-91.2973
20231017,-90.5226
20231017,-91.577
20231017,-91.0995
20231017,-92.2597
20231017,-93.7511
20231017,-95.4952
20231017,-95.1789
20231018,-96.2148
20231018,-97.2451
20231018,-98.2789
20231018,-99.3649
20231018,-100.413
20231018,-101.4444
20231018,-102.5067
20231018,-102.221
20231018,-103.2935
20231018,-101.8202
20231018,-102.4693
20231018,-100.9972
20231018,-99.5382
20231018,-98.048
20231019,-99.1062
20231019,-97.6303
20231019,-98.7038
20231019,-99.8431
20231019,-100.8741
20231019,-101.9018
20231019,-102.9321
20231019,-103.9762
20231019,-105.0056
20231019,-106.0308
20231019,-105.3833
20231019,-104.3593
20231019,-104.3604
20231019,-103.6716
20231019,-104.77
20231019,-104.4594
20231019,-105.5191
20231019,-104.1135
20231019,-104.4245
20231019,-103.9555
20231020,-103.5321
20231020,-102.0401
20231020,-101.5629
20231020,-101.1217
20231020,-99.6288
20231020,-99.1681
20231020,-98.8991
20231020,-98.4149
20231020,-99.4618
20231020,-97.9662
20231020,-97.4983
20231020,-97.0093
20231020,-95.5587
20231020,-94.0823
20231020,-92.6244
20231020,-91.1559
20231020,-90.7099
20231020,-91.7343
20231020,-92.8242
20231020,-94.1306
20231020,-95.3237
20231020,-94.9839
20231020,-93.5123
20231020,-94.8026
20231020,-95.8978
20231020,-94.6224
20231020,-94.3142
20231020,-92.935
20231020,-92.5083
20231023,-93.5668
20231023,-94.5967
20231023,-95.6459
20231023,-96.7012
20231023,-96.4385
20231023,-95.8176
20231023,-95.7473
20231023,-97.004
20231024,-98.0314
20231024,-99.0514
20231024,-100.118
20231024,-101.155
20231024,-100.6841
20231024,-101.7238
20231024,-102.7521
20231024,-102.2871
20231024,-103.4039
20231024,-101.9268
20231024,-103.0856
20231024,-104.1923
20231024,-105.4558
20231024,-104.0017
20231024,-103.0267
20231024,-102.8647
20231024,-102.8521
20231024,-101.4083
20231024,-100.5914
20231025,-100.12
20231025,-101.205
20231025,-100.7548
20231025,-99.3404
20231025,-99.9407
20231025,-101.1678
20231025,-99.6894
20231025,-98.2139
20231025,-96.7471
20231025,-95.2829
20231025,-96.3895
20231025,-97.4158
20231025,-98.4652
20231025,-98.0896
20231026,-98.4152
20231026,-96.9232
20231026,-97.932
20231026,-98.9436
20231026,-98.4811
20231026,-99.5196
20231026,-100.5921
20231026,-101.6414
20231026,-102.7364
20231026,-101.2448
20231026,-102.2726
20231026,-101.8479
20231026,-101.3939
20231026,-104.3855
20231026,-105.4608
20231026,-104.0547
20231026,-103.9642
20231026,-105.0533
20231026,-104.5715
20231026,-103.8992
20231027,-104.9633
20231027,-106.0009
20231027,-107.0328
20231027,-105.5667
20231027,-106.6053
20231027,-107.6541
20231027,-108.7427
20231027,-109.8377
20231027,-109.3525
20231027,-110.4628
20231027,-109.9906
20231027,-111.0176
20231027,-112.0525
20231027,-113.1096
20231027,-111.629
20231027,-111.4829
20231027,-111.4292
20231030,-112.4447
20231030,-110.958
20231030,-109.5189
20231030,-110.5564
20231030,-111.5779
20231030,-112.6021
20231030,-111.1483
20231030,-112.3668
20231030,-113.415
20231030,-114.5115
20231030,-115.6069
20231030,-114.6667
20231030,-113.2258
20231030,-112.7728
20231030,-112.3743
20231030,-113.4823
20231030,-112.7749
20231031,-112.3534
20231031,-113.3953
20231031,-114.4713
20231031,-115.536
20231031,-116.6527
20231031,-117.699
20231031,-118.7643
20231031,-119.8068
20231031,-118.3215
20231031,-119.3933
20231031,-120.5467
20231031,-119.3349
20231031,-120.4465
20231031,-121.4849
20231031,-122.5536
20231031,-121.1579
20231031,-122.5036
20231101,-121.0137
20231101,-119.9089
20231101,-120.9463
20231101,-122.0581
20231101,-120.6085
20231101,-121.619
20231101,-122.682
20231101,-122.1952
20231101,-123.2572
20231101,-124.3351
20231101,-125.7823
20231101,-124.3856
20231101,-122.9137
20231101,-123.9886
20231101,-123.5473
20231101,-122.0755
20231101,-123.1276
20231101,-122.0423
20231101,-123.317
20231101,-122.4933
20231102,-121.7974
20231102,-120.8289
20231102,-119.3647
20231102,-117.8824
20231102,-116.7113
20231102,-117.7928
20231102,-116.5025
20231102,-115.0172
20231102,-114.5534
20231102,-114.0963
20231102,-113.7553
20231102,-114.803
20231102,-114.5245
20231102,-115.6175
20231102,-116.6915
20231102,-115.2127
20231102,-116.2649
20231102,-115.8077
20231102,-117.0446
20231102,-116.593
20231102,-115.9389
20231102,-114.5368
20231102,-115.643
20231103,-116.69
20231103,-115.807
20231103,-116.8345
20231103,-117.844
20231103,-118.8755
20231103,-118.183
20231103,-118.4237
20231103,-119.4559
20231103,-118.9775
20231103,-120.0223
20231103,-121.0308
20231103,-122.1706
20231103,-123.24
20231103,-124.2704
20231103,-122.8201
20231103,-121.3537
20231103,-119.8783
20231103,-118.4199
20231103,-116.9345
20231103,-118.9345
20231103,-120.0933
20231103,-121.1725
20231103,-122.4021
20231103,-121.4944
20231103,-122.6592
20231106,-121.164
20231106,-122.1725
20231106,-123.2122
20231106,-124.2563
20231106,-125.3213
20231106,-123.9043
20231106,-123.5797
20231106,-124.6495
20231106,-125.7293
20231106,-125.2807
20231107,-126.2968
20231107,-124.8072
20231107,-124.349
20231107,-122.8581
20231107,-122.9694
20231107,-122.6737
20231107,-123.709
20231107,-123.2505
20231107,-121.7924
20231107,-122.8585
20231107,-122.3981
20231107,-122.2026
20231107,-121.7263
20231107,-121.2534
20231107,-122.3363
20231107,-121.8875
20231107,-121.4948
20231107,-122.5968
20231107,-123.6302
20231107,-124.7733
20231107,-123.2906
20231107,-125.0471
20231107,-126.2588
20231107,-127.4473
20231107,-128.6862
20231108,-129.766
20231108,-130.7987
20231108,-131.9226
20231108,-132.9779
20231108,-134.0217
20231108,-133.545
20231108,-132.5828
20231108,-131.1623
20231108,-129.6872
20231108,-130.7518
20231108,-129.4232
20231108,-130.6201
20231108,-132.6202
20231108,-132.4077
20231108,-132.6925
20231108,-133.7691
20231108,-134.8535
20231108,-134.6344
20231109,-134.2765
20231109,-133.3743
20231109,-132.9601
20231109,-132.4778
20231109,-131.9981
20231109,-133.0053
20231109,-134.0373
20231109,-133.5778
20231109,-134.6457
20231109,-133.1612
20231109,-132.687
20231109,-133.7453
20231109,-134.9018
20231109,-136.33
20231109,-137.6347
20231109,-136.6019
20231109,-137.6342
20231109,-137.2379
20231110,-137.1812
20231110,-136.7019
20231110,-137.7843
20231110,-136.2925
20231110,-137.3615
20231110,-138.374
20231110,-139.449
20231110,-140.6195
20231110,-141.7058
20231110,-142.8222
20231110,-141.3384
20231110,-142.4208
20231110,-143.5554
20231110,-145.5554
20231110,-144.1189
20231110,-143.0677
20231110,-144.453
20231110,-142.982
20231110,-142.2197
20231110,-142.9092
20231113,-141.4241
20231113,-141.4376
20231113,-139.9596
20231113,-138.5425
20231113,-137.0564
20231113,-138.1972
20231113,-139.4386
20231113,-140.6129
20231113,-141.7296
20231113,-143.0454
20231113,-142.5895
20231113,-143.786
20231113,-145.5141
20231113,-146.672
20231113,-147.7129
20231113,-147.9018
20231114,-146.4176
20231114,-145.9485
20231114,-144.4614
20231114,-142.9665
20231114,-142.4818
20231114,-142.0678
20231114,-140.578
20231114,-140.1029
20231114,-138.7045
20231114,-139.7368
20231114,-139.2867
20231114,-137.8016
20231114,-138.8197
20231114,-138.0639
20231114,-137.613
20231114,-136.1337
20231114,-137.1504
20231114,-138.331
20231114,-139.4301
20231114,-140.5904
20231114,-141.6706
20231114,-142.7812
20231114,-144.6318
20231114,-144.5496
20231115,-143.0672
20231115,-141.6446
20231115,-141.1694
20231115,-142.2474
20231115,-143.4596
20231115,-141.9655
20231115,-143.0224
20231115,-142.5595
20231115,-143.8166
20231115,-144.8625
20231115,-146.0099
20231115,-144.5678
20231115,-145.7874
20231115,-146.8487
20231115,-147.943
20231116,-149.0288
20231116,-148.5659
20231116,-148.1292
20231116,-147.4388
20231116,-146.8598
20231116,-147.8757
20231116,-147.4289
20231116,-148.501
20231116,-149.5387
20231116,-149.1093
20231116,-147.8423
20231116,-149.0656
20231116,-150.1552
20231116,-149.9688
20231116,-151.5474
20231116,-152.8554
20231117,-152.4722
20231117,-153.5126
20231117,-153.1096
20231117,-156.2222
20231117,-157.9518
20231117,-159.4042
20231117,-157.931
20231117,-156.4973
20231117,-156.2078
20231117,-154.9106
20231117,-156.0425
20231117,-154.577
20231120,-153.4517
20231120,-151.9701
20231120,-151.4842
20231120,-152.5247
20231120,-153.5613
20231120,-154.6231
20231120,-154.1467
20231120,-152.6673
20231120,-153.6835
20231120,-153.6434
20231120,-154.9791
20231120,-156.0265
20231120,-155.3056
20231120,-153.8137
20231120,-154.9495
20231120,-156.2683
20231120,-154.9006
20231120,-155.987
20231120,-155.5576
20231120,-155.2616
20231120,-155.8957
20231121,-156.9397
20231121,-157.9592
20231121,-157.3932
20231121,-156.9161
20231121,-158.0159
20231121,-158.4322
20231121,-159.7125
20231121,-160.7916
20231121,-159.3075
20231121,-157.8199
20231121,-157.3819
20231121,-158.4953
20231121,-161.6369
20231121,-162.8019
20231121,-163.8448
20231121,-165.0517
20231122,-166.1198
20231122,-167.176
20231122,-166.7236
20231122,-167.794
20231122,-169.0127
20231122,-170.0525
20231122,-171.2273
20231122,-172.6241
20231122,-171.2381
20231122,-169.769
20231122,-170.869
20231122,-170.5216
20231122,-171.5652
20231122,-171.9192
20231124,-170.4263
20231124,-168.96
20231124,-168.5194
20231124,-169.634
20231124,-170.731
20231124,-170.5364
20231124,-169.1734
20231124,-170.2483
20231124,-169.8143
20231127,-168.3203
20231127,-168.212
20231127,-169.2424
20231127,-170.3461
20231127,-171.8156
20231127,-170.4587
20231127,-171.4937
20231127,-172.8304
20231127,-172.3167
20231127,-172.0193
20231127,-172.148
20231127,-171.5316
20231127,-172.9351
20231128,-172.4545
20231128,-173.5185
20231128,-174.5534
20231128,-175.5836
20231128,-176.6267
20231128,-175.2135
20231128,-176.277
20231128,-174.8214
20231128,-175.9833
20231128,-174.4894
20231128,-175.5503
20231128,-176.5844
20231128,-177.6238
20231128,-177.1789
20231128,-178.2325
20231128,-177.91
20231128,-176.4687
20231129,-176.0363
20231129,-177.1299
20231129,-178.1615
20231129,-176.671
20231129,-177.6815
20231129,-177.2208
20231129,-178.268
20231129,-177.8419
20231129,-176.3831
20231129,-174.8965
20231129,-176.5671
20231129,-177.8003
20231129,-179.4766
20231129,-178.0291
20231129,-177.7767
20231129,-176.8056
20231129,-176.3864
20231130,-177.4216
20231130,-177.3262
20231130,-176.8433
20231130,-175.3531
20231130,-174.8745
20231130,-174.4002
20231130,-175.4351
20231130,-174.6221
20231130,-175.7501
20231130,-174.7886
20231130,-176.0569
20231130,-177.1467
20231130,-176.0034
20231130,-175.7657
20231130,-177.7657
20231130,-178.8533
20231130,-180.1542
20231201,-179.8555
20231201,-180.8915
20231201,-179.3975
20231201,-177.9152
20231201,-178.9339
20231201,-178.4998
20231201,-177.0077
20231201,-176.54
20231201,-177.5792
20231201,-178.6068
20231201,-178.1318
20231201,-179.1611
20231201,-177.7885
20231201,-177.6187
20231201,-177.6398
20231201,-178.9545
20231201,-180.0773
20231201,-181.3493
20231201,-182.4605
20231204,-183.5138
20231204,-184.6336
20231204,-185.6501
20231204,-186.6785
20231204,-187.0123
20231204,-188.0639
20231204,-186.6048
20231204,-187.6345
20231204,-187.157
20231204,-186.6978
20231204,-187.7154
20231204,-189.0147
20231204,-190.2222
20231204,-191.2826
20231204,-192.327
20231204,-191.8783
20231204,-193.0591
20231204,-191.6733
20231205,-191.2076
20231205,-189.7145
20231205,-188.2449
20231205,-189.2699
20231205,-190.3032
20231205,-191.4331
20231205,-192.7022
20231205,-194.1206
20231205,-195.3868
20231205,-196.738
20231205,-196.2869
20231205,-197.7665
20231205,-198.838
20231205,-199.9397
20231205,-201.3031
20231206,-202.326
20231206,-200.854
20231206,-201.9419
20231206,-202.9742
20231206,-201.5025
20231206,-201.0753
20231206,-200.6181
20231206,-199.1627
20231206,-204.3896
20231206,-203.6829
20231206,-204.7407
20231206,-206.3619
20231207,-207.3833
20231207,-208.0454
20231207,-209.3632
20231207,-208.8898
20231207,-207.4064
20231207,-205.9137
20231207,-206.9865
20231207,-208.0029
20231207,-209.0382
20231207,-207.6258
20231207,-206.1353
20231207,-204.6681
20231207,-205.7748
20231207,-205.4267
20231208,-203.9329
20231208,-203.4698
20231208,-203.0103
20231208,-202.5541
20231208,-203.5815
20231208,-204.6161
20231208,-203.133
20231208,-201.6699
20231208,-202.9429
20231208,-201.4966
20231208,-200.0312
20231208,-201.2977
20231208,-202.4778
20231208,-201.0068
20231208,-200.5692
20231208,-199.2598
20231208,-200.8475
20231208,-199.4565
20231208,-200.9623
20231208,-200.9416
20231208,-202.1861
20231208,-203.4602
20231208,-202.6973
20231211,-201.2089
20231211,-199.9619
20231211,-199.4779
20231211,-200.5788
20231211,-201.7318
20231211,-201.2696
20231211,-202.3344
20231211,-201.8598
20231211,-201.4154
20231211,-199.9577
20231211,-199.5602
20231211,-200.5744
20231211,-201.6103
20231211,-202.7481
20231211,-202.3656
20231211,-200.9305
20231211,-202.0426
20231211,-203.1066
20231211,-202.642
20231211,-203.8632
20231211,-204.2299
20231212,-203.2103
20231212,-201.7171
20231212,-202.7748
20231212,-202.3119
20231212,-203.3486
20231212,-201.8572
20231212,-201.384
20231212,-199.8923
20231212,-198.4112
20231212,-199.4576
20231212,-197.9925
20231212,-199.0464
20231212,-197.717
20231212,-196.2415
20231212,-195.7784
20231212,-194.3274
20231212,-192.8768
20231212,-194.1451
20231212,-192.7166
20231212,-193.8516
20231212,-192.41
20231213,-193.4573
20231213,-193.008
20231213,-191.5127
20231213,-192.555
20231213,-194.1324
20231213,-195.2156
20231213,-196.2851
20231213,-197.3142
20231213,-195.8388
20231213,-197.0293
20231213,-198.0931
20231213,-196.6171
20231213,-197.6637
20231213,-196.262
20231213,-194.7961
20231213,-194.4679
20231213,-195.5527
20231213,-194.2014
20231213,-193.247
20231213,-193.7405
20231213,-193.7033
20231214,-192.2149
20231214,-193.2773
20231214,-194.3057
20231214,-195.4321
20231214,-194.9558
20231214,-195.9994
20231214,-197.0462
20231214,-196.6193
20231214,-197.8462
20231214,-196.3661
20231214,-196.807
20231214,-197.9188
20231214,-199.1825
20231215,-198.9494
20231215,-199.9657
20231215,-199.4938
20231215,-198.0031
20231215,-199.0531
20231215,-200.0985
20231215,-199.6346
20231215,-199.1736
20231215,-200.2202
20231215,-201.3488
20231215,-200.8826
20231215,-201.9298
20231215,-203.2843
20231215,-204.1455
20231218,-205.2189
20231218,-206.3109
20231218,-207.3748
20231218,-205.883
20231218,-206.9085
20231218,-208.0269
20231218,-206.932
20231218,-208.4172
20231218,-209.5589
20231218,-211.1002
20231218,-212.2658
20231219,-211.7764
20231219,-210.2929
20231219,-211.4003
20231219,-211.1807
20231219,-210.7119
20231219,-209.8224
20231219,-210.9673
20231219,-212.0195
20231219,-210.9929
20231219,-209.5426
20231219,-208.447
20231219,-209.8512
20231219,-208.3819
20231219,-206.93
20231219,-205.4503
20231219,-206.8731
20231220,-207.938
20231220,-207.4848
20231220,-206.0483
20231220,-204.5739
20231220,-204.0906
20231220,-203.6071
20231220,-202.1305
20231220,-203.1571
20231220,-204.1716
20231220,-205.222
20231220,-206.3153
20231220,-205.8562
20231220,-206.9149
20231220,-206.5574
20231220,-205.0862
20231220,-203.6086
20231220,-203.1653
20231220,-203.0976
20231220,-204.1306
20231221,-205.2359
20231221,-206.2692
20231221,-207.3093
20231221,-208.5146
20231221,-209.6535
20231221,-209.22
20231221,-210.2603
20231221,-211.7559
20231222,-212.8521
20231222,-213.9631
20231222,-215.0992
20231222,-214.6815
20231222,-214.3644
20231222,-223.7926
20231222,-223.7611
20231222,-222.3872
20231222,-221.9276
20231222,-220.4752
20231222,-220.0201
20231226,-221.072
20231226,-220.9776
20231226,-222.087
20231226,-223.1202
20231226,-222.2701
20231226,-223.2863
20231226,-224.3261
20231226,-223.8768
20231226,-224.9466
20231226,-224.5271
20231226,-225.647
20231226,-224.2922
20231226,-226.033
20231226,-225.5941
20231227,-226.6967
20231227,-227.7598
20231227,-227.3101
20231227,-225.8286
20231227,-225.3678
20231227,-227.2875
20231227,-228.4064
20231227,-228.0382
20231227,-229.0979
20231227,-230.1593
20231227,-231.2076
20231227,-229.7474
20231227,-228.3391
20231227,-230.3871
20231227,-230.7713
20231227,-231.8909
20231227,-232.9799
20231228,-232.5198
20231228,-233.5651
20231228,-234.5765
20231228,-234.1174
20231228,-235.1898
20231228,-236.3824
20231228,-237.9616
20231228,-236.5134
20231228,-237.5756
20231228,-238.6267
20231228,-239.8634
20231228,-241.6991
20231229,-242.7521
20231229,-243.7984
20231229,-242.3535
20231229,-241.9256
20231229,-243.0802
20231229,-241.6008
20231229,-240.1142
20231229,-238.6832
20231229,-238.2214
20231229,-236.7343
20231229,-236.2847
20231229,-235.8173
20231229,-235.3745
20231229,-237.1662
20231229,-241.2693
20231229,-240.8392
20231229,-241.9184
20231229,-243.1138
20231229,-244.2683
20240102,-243.5653
20240102,-244.5976
20240102,-244.113
20240102,-243.1735
20240102,-241.6932
20240102,-240.7656
20240102,-239.2912
20240102,-240.3281
20240102,-241.4605
20240102,-241.0229
20240102,-239.5422
20240102,-238.068
20240102,-239.1336
20240102,-237.7185
20240102,-238.7469
20240102,-239.8229
20240102,-240.8678
20240102,-240.4043
20240102,-238.9233
20240102,-240.0407
20240102,-241.4585
20240102,-242.6238
20240102,-243.7052
20240102,-244.8956
20240102,-245.981
20240102,-247.133
20240103,-248.2336
20240103,-247.335
20240103,-247.108
20240103,-246.0114
20240103,-247.0289
20240103,-248.0984
20240103,-249.1317
20240103,-250.1761
20240103,-251.2085
20240103,-249.7178
20240103,-251.0035
20240103,-252.1092
20240103,-253.185
20240104,-252.7129
20240104,-253.7433
20240104,-254.7972
20240104,-255.8988
20240104,-256.8516
20240104,-255.3868
20240104,-256.4455
20240104,-257.7821
20240104,-259.8547
20240105,-258.4741
20240105,-257.0077
20240105,-258.0574
20240105,-259.0697
20240105,-257.6045
20240105,-257.1225
20240105,-255.8813
20240105,-256.9284
20240105,-256.0933
20240105,-257.1456
20240105,-258.1824
20240105,-259.5694
20240105,-260.7408
20240105,-261.8094
20240105,-262.8698
20240105,-263.937
20240105,-264.9808
20240105,-266.02
20240105,-267.054
20240105,-268.2015
20240105,-269.3021
20240105,-270.5144
20240108,-269.0274
20240108,-267.6706
20240108,-266.2084
20240108,-267.3115
20240108,-265.8194
20240108,-266.9459
20240108,-266.5426
20240108,-265.0522
20240108,-263.5688
20240109,-263.1423
20240109,-262.4772
20240109,-261.2863
20240109,-259.7998
20240109,-258.3065
20240109,-256.8326
20240109,-257.8812
20240109,-258.9299
20240109,-259.9804
20240109,-258.5467
20240109,-260.1338
20240109,-261.9599
20240109,-261.8381
20240109,-260.4469
20240109,-259.0532
20240109,-258.9029
20240109,-257.4527
20240109,-257.1513
20240109,-258.5557
20240109,-259.9532
20240109,-259.5457
20240109,-260.66
20240109,-261.778
20240109,-262.8318
20240109,-264.1362
20240109,-266.5416
20240110,-267.7282
20240110,-266.2325
20240110,-266.2345
20240110,-267.3957
20240110,-268.4702
20240110,-267.9974
20240110,-266.5869
20240110,-266.1246
20240110,-267.1575
20240110,-267.4671
20240110,-268.5166
20240110,-269.814
20240110,-269.4015
20240110,-270.7448
20240110,-270.2946
20240110,-271.3619
20240110,-274.503
20240110,-276.469
20240111,-277.5635
20240111,-278.6133
20240111,-278.1587
20240111,-276.7945
20240111,-275.313
20240111,-275.7342
20240111,-275.2908
20240111,-276.3189
20240111,-275.8325
20240111,-277.0482
20240111,-278.1087
20240111,-279.3897
20240111,-280.4576
20240111,-281.7598
20240111,-280.8846
20240111,-282.5051
20240111,-283.625
20240111,-283.2807
20240112,-282.4439
20240112,-281.2039
20240112,-282.2546
20240112,-283.2802
20240112,-284.3097
20240112,-283.3543
20240112,-282.3554
20240112,-282.3335
20240112,-283.3726
20240112,-282.7584
20240112,-283.8006
20240112,-283.4383
20240112,-282.9594
20240112,-282.7048
20240112,-282.3313
20240116,-281.8667
20240116,-281.4143
20240116,-282.4524
20240116,-280.9624
20240116,-282.0334
20240116,-283.1403
20240116,-284.2132
20240116,-285.2831
20240116,-284.8436
20240116,-285.9454
20240117,-286.9702
20240117,-286.4815
20240117,-287.6676
20240117,-288.7075
20240117,-289.903
20240117,-289.4573
20240117,-289.0561
20240117,-290.1474
20240117,-288.6667
20240117,-289.7855
20240117,-290.8238
20240118,-291.9746
20240118,-293.0113
20240118,-294.1107
20240118,-295.2746
20240118,-294.812
20240118,-293.3194
20240118,-292.8486
20240118,-294.0068
20240118,-295.2914
20240118,-293.8059
20240118,-295.0137
20240118,-296.4522
20240118,-295.7789
20240118,-294.3687
20240118,-295.5138
20240118,-296.601
20240118,-295.138
20240118,-294.8234
20240118,-294.4242
20240118,-294.775
20240119,-295.8505
20240119,-294.3651
20240119,-295.4138
20240119,-293.9269
20240119,-292.446
20240119,-293.5023
20240119,-292.0399
20240119,-293.0535
20240119,-292.5924
20240119,-291.1496
20240119,-290.6786
20240119,-291.7514
20240119,-292.8024
20240119,-291.3117
20240119,-289.8343
20240119,-288.6537
20240119,-288.64
20240119,-288.2089
20240119,-286.7603
20240119,-285.2812
20240122,-284.808
20240122,-284.3354
20240122,-285.4027
20240122,-286.5694
20240122,-287.6096
20240122,-287.1194
20240122,-288.1628
20240122,-289.281
20240123,-290.2972
20240123,-291.3328
20240123,-292.3854
20240123,-293.4451
20240123,-294.5086
20240123,-296.1295
20240123,-297.4727
20240123,-295.9954
20240123,-297.0742
20240123,-298.3774
20240123,-299.4289
20240124,-297.9415
20240124,-296.4446
20240124,-295.4381
20240124,-293.946
20240124,-293.4667
20240124,-294.5068
20240124,-295.7235
20240124,-295.7946
20240124,-294.4069
20240124,-292.9489
20240124,-293.9678
20240124,-295.0874
20240124,-294.8832
20240124,-296.0552
20240124,-295.028
20240124,-294.6798
20240124,-294.2308
20240124,-292.8104
20240124,-291.3391
20240125,-290.8519
20240125,-289.3644
20240125,-290.4325
20240125,-291.4982
20240125,-292.6167
20240125,-291.1279
20240125,-292.1707
20240125,-291.695
20240125,-292.7318
20240125,-293.7612
20240125,-294.8138
20240125,-295.8878
20240125,-296.9802
20240125,-298.3094
20240125,-299.3744
20240125,-300.491
20240125,-301.5228
20240125,-300.0784
20240125,-301.3111
20240125,-300.903
20240126,-301.9444
20240126,-303.0178
20240126,-303.4122
20240126,-304.5
20240126,-304.4003
20240126,-304.0254
20240126,-303.5495
20240126,-304.5666
20240126,-305.6274
20240126,-306.7057
20240126,-307.7661
20240126,-308.854
20240126,-308.4071
20240126,-306.9507
20240126,-305.4611
20240126,-305.0233
20240126,-305.3902
20240129,-306.4063
20240129,-307.4455
20240129,-308.4851
20240129,-307.3966
20240129,-308.4428
20240129,-309.5414
20240129,-310.629
20240129,-311.6868
20240129,-312.9016
20240129,-313.9518
20240129,-312.5851
20240129,-311.1246
20240129,-309.6773
20240129,-310.8592
20240129,-309.3667
20240129,-307.8817
20240129,-309.0421
20240129,-307.603
20240129,-306.2272
20240130,-307.2495
20240130,-306.8026
20240130,-307.9821
20240130,-309.0046
20240130,-307.5085
20240130,-308.5613
20240130,-309.6183
20240130,-308.1267
20240130,-309.1556
20240130,-307.6846
20240130,-306.2474
20240130,-304.9238
20240130,-303.4468
20240130,-304.4817
20240130,-305.6189
20240130,-306.6886
20240131,-307.7164
20240131,-308.7559
20240131,-309.7734
20240131,-309.3047
20240131,-309.0015
20240131,-310.0496
20240131,-311.0959
20240131,-311.0849
20240131,-311.2486
20240201,-310.7804
20240201,-311.8514
20240201,-311.3969
20240201,-309.9125
20240201,-308.4216
20240201,-306.9512
20240201,-305.4567
20240201,-306.4908
20240201,-307.521
20240201,-308.6251
20240201,-309.7059
20240201,-310.7479
20240201,-310.6906
20240201,-310.4131
20240201,-312.5775
20240201,-311.0925
20240202,-310.6618
20240202,-309.1638
20240202,-310.1794
20240202,-311.2522
20240202,-312.2668
20240202,-310.7722
20240202,-309.3867
20240202,-310.4479
20240202,-311.5084
20240202,-312.5999
20240202,-313.6714
20240202,-314.7412
20240202,-316.0678
20240202,-314.6934
20240205,-313.2061
20240205,-314.2667
20240205,-315.2902
20240205,-316.313
20240205,-317.3933
20240205,-315.942
20240205,-317.2471
20240205,-318.3045
20240205,-317.861
20240205,-317.7196
20240205,-318.7806
20240205,-319.0862
20240205,-320.2609
20240205,-321.3564
20240206,-320.8831
20240206,-319.8782
20240206,-321.0844
20240206,-322.3394
20240206,-321.8719
20240206,-322.9417
20240206,-324.1815
20240206,-325.3207
20240206,-326.4175
20240206,-327.4465
20240207,-326.52
20240207,-327.5642
20240207,-326.0883
20240207,-324.6065
20240207,-323.7114
20240207,-322.2187
20240207,-323.2338
20240207,-321.7984
20240207,-323.4524
20240207,-324.5586
20240207,-325.6602
20240207,-326.7034
20240207,-328.3383
20240207,-329.4366
20240207,-328.0239
20240208,-329.0462
20240208,-330.1211
20240208,-331.1416
20240208,-330.6619
20240208,-331.7732
20240208,-330.2832
20240208,-331.3293
20240208,-329.8495
20240208,-330.8953
20240208,-331.9282
20240208,-333.048
20240208,-334.1243
20240208,-335.7821
20240208,-337.3321
20240208,-338.4892
20240208,-340.4891
20240208,-340.0301
20240208,-341.3221
20240209,-339.8328
20240209,-338.3576
20240209,-337.246
20240209,-335.7585
20240209,-334.2737
20240209,-332.7882
20240209,-333.939
20240209,-332.4575
20240209,-332.0116
20240209,-333.0392
20240209,-331.5578
20240209,-332.6604
20240209,-332.2585
20240209,-331.8234
20240209,-330.442
20240209,-332.442
20240209,-333.524
20240209,-334.7819
20240209,-333.4784
20240209,-333.2156
20240209,-334.3418
20240212,-333.7675
20240212,-333.1046
20240212,-332.0169
20240212,-333.0477
20240212,-331.5791
20240212,-330.0882
20240212,-331.1115
20240212,-329.631
20240212,-328.1548
20240212,-329.1907
20240212,-327.7229
20240212,-327.2462
20240212,-326.7665
20240212,-325.285
20240212,-323.8131
20240212,-323.359
20240212,-322.991
20240212,-324.0337
20240212,-323.5509
20240212,-323.1603
20240213,-321.6724
20240213,-322.7009
20240213,-323.7247
20240213,-324.738
20240213,-324.2492
20240213,-322.7672
20240213,-323.8372
20240213,-325.5849
20240213,-324.1439
20240213,-325.1931
20240214,-324.7309
20240214,-324.2555
20240214,-325.2759
20240214,-324.6882
20240214,-326.0064
20240214,-325.6323
20240214,-325.163
20240214,-326.1956
20240214,-327.2631
20240214,-326.8144
20240214,-326.3589
20240214,-327.3897
20240214,-328.5842
20240214,-327.139
20240214,-328.1854
20240214,-327.75
20240214,-327.4345
20240214,-327.0059
20240214,-326.7503
20240214,-327.8437
20240215,-327.4589
20240215,-328.4951
20240215,-328.3872
20240215,-326.988
20240215,-326.5065
20240215,-327.5974
20240215,-326.1393
20240215,-327.7579
20240215,-329.1589
20240215,-330.324
20240215,-331.38
20240215,-332.6902
20240215,-333.8604
20240216,-332.9392
20240216,-332.0991
20240216,-330.6066
20240216,-331.7409
20240216,-332.8078
20240216,-333.8336
20240216,-334.9148
20240216,-336.0375
20240216,-335.6202
20240216,-336.7276
20240216,-337.8167
20240216,-337.3665
20240216,-336.9353
20240216,-335.4931
20240216,-336.6002
20240216,-337.7032
20240220,-337.9948
20240220,-337.5159
20240220,-337.0442
20240220,-335.5504
20240220,-335.0788
20240220,-336.126
20240220,-337.1919
20240220,-338.2472
20240220,-339.2987
20240220,-340.407
20240220,-341.9906
20240220,-343.061
20240220,-341.6206
20240220,-342.1559
20240220,-342.4743
20240220,-343.5076
20240220,-343.0184
20240221,-344.0398
20240221,-343.5588
20240221,-344.6058
20240221,-344.1789
20240221,-345.1951
20240221,-346.2535
20240221,-345.7778
20240221,-346.8347
20240221,-347.8634
20240221,-347.4794
20240221,-348.4975
20240221,-349.6275
20240221,-348.1968
20240221,-347.7384
20240221,-348.8561
20240221,-349.9645
20240221,-349.0252
20240222,-350.0396
20240222,-351.0677
20240222,-350.1325
20240222,-351.1775
20240222,-352.2445
20240222,-354.0957
20240222,-352.8195
20240222,-352.3507
20240222,-353.407
20240222,-352.9271
20240222,-351.4612
20240222,-352.5219
20240222,-353.5908
20240222,-352.1778
20240222,-351.7451
20240223,-352.7671
20240223,-352.2826
20240223,-353.3809
20240223,-354.4219
20240223,-353.3173
20240223,-352.17
20240223,-351.6857
20240223,-352.7332
20240223,-352.3555
20240223,-353.5161
20240223,-354.5826
20240226,-355.6171
20240226,-356.64
20240226,-357.7817
20240226,-358.859
20240226,-359.0664
20240226,-359.0258
20240226,-357.5337
20240226,-356.08
20240226,-357.1972
20240226,-358.2298
20240226,-359.3099
20240226,-358.9119
20240226,-360.2173
20240226,-361.2976
20240226,-362.3694
20240226,-363.4141
20240226,-364.638
20240226,-363.2032
20240227,-362.7208
20240227,-362.5428
20240227,-361.5951
20240227,-362.6368
20240227,-363.7112
20240227,-364.814
20240227,-365.9534
20240227,-365.5064
20240227,-365.0413
20240227,-364.5972
20240227,-363.1342
20240227,-364.1806
20240227,-364.9078
20240227,-364.158
20240228,-365.1953
20240228,-363.7135
20240228,-364.7708
20240228,-365.8797
20240228,-366.9149
20240228,-368.2347
20240228,-369.2474
20240228,-367.838
20240228,-368.8962
20240228,-369.9656
20240228,-371.2402
20240228,-372.4455
20240228,-373.5191
20240228,-373.4428
20240229,-373.1051
20240229,-372.619
20240229,-373.6561
20240229,-373.2249
20240229,-371.7285
20240229,-371.2444
20240229,-372.268
20240229,-373.2864
20240229,-374.5699
20240229,-375.7696
20240229,-376.9781
20240229,-376.5296
20240229,-375.0746
20240229,-376.1428
20240229,-374.7541
20240229,-375.8738
20240301,-376.9071
20240301,-375.4165
20240301,-373.9243
20240301,-372.4417
20240301,-370.9606
20240301,-371.9987
20240301,-373.0293
20240301,-371.5481
20240301,-372.5965
20240301,-372.1545
20240301,-373.2086
20240301,-374.4947
20240301,-376.1627
20240301,-377.6517
20240304,-378.139
20240304,-377.6648
20240304,-377.3979
20240304,-378.4174
20240304,-377.9555
20240304,-379.0063
20240304,-380.1486
20240304,-379.6783
20240304,-380.7085
20240304,-379.2236
20240304,-380.5164
20240304,-381.9788
20240304,-384.5318
20240304,-386.0138
20240304,-385.537
20240304,-385.1454
20240304,-386.194
20240304,-387.3068
20240305,-386.8289
20240305,-385.6732
20240305,-385.2499
20240305,-386.306
20240305,-387.3398
20240305,-388.3658
20240305,-388.3365
20240305,-387.8619
20240305,-389.1211
20240305,-390.2
20240305,-391.2819
20240305,-392.4322
20240305,-393.4409
20240305,-394.5586
20240305,-394.4345
20240305,-395.9828
20240306,-397.0281
20240306,-396.6396
20240306,-396.1496
20240306,-395.6681
20240306,-396.7077
20240306,-397.7256
20240306,-398.7749
20240306,-398.3292
20240306,-397.9154
20240306,-398.9909
20240306,-397.561
20240306,-398.8709
20240306,-397.4247
20240306,-398.5108
20240306,-399.0218
20240306,-398.1092
20240306,-399.1557
20240306,-400.2776
20240307,-401.3163
20240307,-402.3573
20240307,-403.3915
20240307,-401.9155
20240307,-400.4258
20240307,-398.9428
20240307,-398.5597
20240307,-399.5719
20240307,-398.1317
20240307,-397.1589
20240307,-396.7193
20240307,-396.2451
20240307,-395.8519
20240307,-396.9829
20240307,-395.5598
20240308,-396.6087
20240308,-396.1319
20240308,-397.267
20240308,-398.2953
20240308,-396.7976
20240308,-397.8225
20240308,-397.336
20240308,-395.8521
20240308,-396.8771
20240308,-397.9411
20240308,-398.97
20240308,-400.0351
20240308,-398.9444
20240308,-399.9763
20240308,-401.1517
20240308,-402.1819
20240308,-401.9363
20240308,-403.0225
20240311,-402.5338
20240311,-403.5632
20240311,-403.0879
20240311,-402.6058
20240311,-403.6968
20240311,-404.7748
20240311,-403.2969
20240311,-404.3391
20240311,-405.4022
20240311,-405.0389
20240311,-406.069
20240311,-407.7395
20240311,-408.968
20240312,-410.0219
20240312,-411.0837
20240312,-412.1307
20240312,-410.645
20240312,-411.6908
20240312,-412.9217
20240312,-414.1785
20240312,-415.3232
20240312,-416.4867
20240312,-417.5712
20240312,-418.6132
20240312,-420.0053
20240312,-418.5111
20240312,-418.2167
20240312,-419.5806
20240312,-419.4123
20240312,-420.9971
20240312,-422.2407
20240313,-421.9446
20240313,-423.0636
20240313,-424.1083
20240313,-423.6754
20240313,-423.1898
20240313,-424.2202
20240313,-425.2256
20240313,-423.7407
20240313,-424.7702
20240313,-424.2989
20240313,-422.8363
20240313,-423.9545
20240313,-425.7372
20240313,-426.7888
20240313,-428.5838
20240313,-429.6109
20240313,-428.4666
20240314,-429.4895
20240314,-429.2745
20240314,-429.6814
20240314,-429.2675
20240314,-428.3075
20240314,-429.3246
20240314,-428.8397
20240314,-428.3625
20240314,-429.3904
20240314,-427.9566
20240314,-427.5769
20240314,-428.7569
20240314,-430.1074
20240314,-428.6472
20240314,-431.2591
20240314,-432.3741
20240314,-433.5346
20240314,-433.1147
20240314,-431.6639
20240314,-432.6792
20240315,-433.4049
20240315,-434.4862
20240315,-435.5241
20240315,-435.0675
20240315,-433.6066
20240315,-434.6398
20240315,-435.754
20240315,-435.3337
20240315,-434.9133
20240315,-436.0506
20240315,-435.4002
20240315,-436.4721
20240318,-437.558
20240318,-437.0704
20240318,-436.951
20240318,-437.9648
20240318,-437.5462
20240318,-436.0539
20240318,-437.135
20240318,-435.8217
20240318,-434.3345
20240318,-433.8864
20240318,-434.9603
20240318,-436.0776
20240319,-435.0735
20240319,-436.1294
20240319,-437.1392
20240319,-438.2122
20240319,-439.7814
20240319,-440.8823
20240319,-441.0132
20240319,-442.2836
20240319,-441.8935
20240319,-443.3154
20240319,-444.4555
20240319,-445.4921
20240319,-444.0264
20240319,-443.6743
20240320,-444.6843
20240320,-443.3691
20240320,-444.476
20240320,-444.0209
20240320,-443.542
20240320,-444.6478
20240320,-445.7333
20240320,-444.2392
20240320,-445.3338
20240320,-446.465
20240320,-447.6257
20240320,-446.6241
20240320,-447.6409
20240320,-446.7452
20240320,-447.0747
20240320,-445.5978
20240320,-445.4334
20240320,-445.0949
20240320,-443.9939
20240320,-443.7658
20240321,-443.2735
20240321,-442.7778
20240321,-442.363
20240321,-443.4934
20240321,-442.0001
20240321,-440.7976
20240321,-439.7879
20240321,-438.2954
20240321,-436.8134
20240321,-436.3397
20240321,-439.2199
20240321,-439.0033
20240321,-440.2388
20240321,-441.5158
20240321,-442.5907
20240321,-441.8137
20240321,-443.3172
20240322,-442.8424
20240322,-442.3686
20240322,-443.4357
20240322,-444.4656
20240322,-442.9809
20240322,-442.6848
20240322,-443.7197
20240322,-443.2917
20240322,-444.3164
20240322,-445.4857
20240322,-446.6403
20240322,-446.6403
20240325,-446.1508
20240325,-445.4623
20240325,-446.4873
20240325,-447.7725
20240325,-446.3047
20240325,-445.8975
20240325,-447.4162
20240326,-446.9332
20240326,-447.9496
20240326,-447.4855
20240326,-446.2818
20240326,-444.7896
20240326,-445.8688
20240326,-444.4713
20240326,-445.6012
20240326,-446.8746
20240326,-448.0047
20240326,-448.0612
20240326,-449.1837
20240326,-448.6273
20240327,-447.1316
20240327,-448.1444
20240327,-446.658
20240327,-445.1623
20240327,-443.6759
20240327,-444.6978
20240327,-443.2562
20240327,-444.4352
20240327,-445.6348
20240327,-446.691
20240327,-448.0889
20240327,-449.169
20240327,-450.3123
20240327,-451.4433
20240327,-449.9508
20240327,-448.6166
20240327,-448.2703
20240327,-447.6787
20240328,-448.7979
20240328,-448.3189
20240328,-447.8399
20240328,-448.88
20240328,-448.7228
20240328,-449.7766
20240328,-450.2835
20240328,-451.5464
20240328,-452.6457
20240328,-452.2262
20240328,-451.9171
20240328,-453.0109
20240328,-454.0929
20240328,-455.2115
20240328,-455.6397
20240401,-455.839
20240401,-456.8504
20240401,-455.3533
20240401,-456.4103
20240401,-457.4404
20240401,-456.9496
20240401,-458.1318
20240401,-456.717
20240401,-458.0312
20240401,-457.7251
20240401,-459.0859
20240401,-458.8761
20240401,-458.5786
20240402,-457.5026
20240402,-456.0108
20240402,-457.0931
20240402,-458.1285
20240402,-459.2579
20240402,-458.5932
20240402,-459.7168
20240402,-460.8424
20240402,-462.0194
20240402,-461.6153
20240402,-462.6817
20240402,-463.9017
20240402,-462.4795
20240403,-463.5075
20240403,-463.0316
20240403,-462.5682
20240403,-461.0957
20240403,-462.1579
20240403,-462.1068
20240403,-461.6496
20240403,-462.7441
20240403,-463.816
20240403,-465.0331
20240403,-466.0933
20240403,-465.8929
20240403,-464.4051
20240403,-464.0858
20240403,-465.4078
20240404,-466.5319
20240404,-467.5502
20240404,-468.591
20240404,-469.6499
20240404,-470.7729
20240404,-471.8194
20240404,-472.9003
20240404,-473.9525
20240404,-475.0792
20240404,-476.2032
20240404,-474.7149
20240404,-474.264
20240404,-475.3559
20240404,-473.8889
20240404,-472.4436
20240404,-471.222
20240404,-470.3188
20240404,-468.839
20240404,-468.4571
20240405,-466.96
20240405,-467.9781
20240405,-466.5049
20240405,-465.1213
20240405,-463.6339
20240405,-462.5923
20240405,-463.6541
20240408,-464.7326
20240408,-465.7424
20240408,-466.7909
20240408,-465.301
20240408,-466.4343
20240408,-466.0048
20240408,-465.0028
20240408,-466.2368
20240408,-465.5539
20240408,-466.6611
20240408,-467.7525
20240409,-466.2567
20240409,-467.2841
20240409,-468.3196
20240409,-469.4572
20240409,-470.4893
20240409,-470.2017
20240409,-469.7351
20240409,-470.7489
20240409,-469.3241
20240409,-467.8401
20240409,-467.6488
20240409,-466.218
20240409,-467.2793
20240409,-468.6581
20240409,-469.7631
20240409,-471.4046
20240409,-470.0281
20240409,-468.81
20240409,-467.6191
20240409,-469.9166
20240410,-468.4233
20240410,-467.3151
20240410,-468.3705
20240410,-467.9009
20240410,-469.0023
20240410,-470.0602
20240410,-471.1853
20240410,-470.7196
20240410,-471.7552
20240410,-472.7814
20240410,-473.8112
20240410,-474.8354
20240410,-475.8705
20240410,-476.9105
20240410,-476.451
20240410,-477.5937
20240411,-477.1037
20240411,-475.6123
20240411,-475.1987
20240411,-476.217
20240411,-475.7456
20240411,-475.2712
20240411,-476.3071
20240411,-475.8212
20240411,-476.863
20240411,-475.4202
20240411,-476.4496
20240411,-475.9812
20240411,-477.0423
20240411,-478.1257
20240411,-479.2302
20240411,-478.7645
20240411,-480.099
20240411,-481.1349
20240411,-480.6856
20240411,-480.2349
20240412,-481.3017
20240412,-480.9718
20240412,-480.5329
20240412,-481.7225
20240412,-482.757
20240412,-481.2749
20240412,-482.3144
20240412,-482.5769
20240415,-481.1343
20240415,-482.1589
20240415,-480.6631
20240415,-479.1659
20240415,-480.1851
20240415,-478.6996
20240415,-477.236
20240415,-475.7578
20240415,-474.4121
20240415,-473.9632
20240415,-472.5019
20240415,-472.0292
20240415,-471.6605
20240415,-470.2338
20240415,-469.928
20240415,-468.446
20240415,-469.4734
20240415,-469.0052
20240416,-470.0822
20240416,-471.1312
20240416,-472.21
20240416,-473.2979
20240416,-474.3277
20240416,-473.8454
20240416,-473.3881
20240416,-472.9099
20240416,-471.4193
20240416,-471.0705
20240416,-472.1237
20240416,-473.1778
20240417,-471.6888
20240417,-470.1957
20240417,-468.7216
20240417,-467.2764
20240417,-465.7874
20240417,-464.2949
20240417,-463.7981
20240417,-463.3232
20240417,-464.5094
20240417,-465.5683
20240417,-466.6112
20240417,-467.6442
20240417,-467.4461
20240417,-468.5816
20240417,-469.7548
20240418,-470.8094
20240418,-471.8382
20240418,-471.3662
20240418,-472.5763
20240418,-473.7875
20240418,-472.2974
20240418,-471.8524
20240418,-471.4072
20240418,-472.446
20240418,-473.4845
20240418,-474.5896
20240419,-474.1128
20240419,-472.6163
20240419,-472.2046
20240419,-470.7122
20240419,-470.2337
20240419,-471.4932
20240419,-472.5195
20240419,-471.0343
20240419,-470.5597
20240419,-470.1103
20240419,-469.6555
20240419,-468.1658
20240419,-466.6751
20240419,-465.2949
20240419,-466.3249
20240419,-467.3611
20240419,-468.4134
20240419,-468.0195
20240422,-466.5303
20240422,-467.6325
20240422,-466.2286
20240422,-467.2635
20240422,-468.3081
20240422,-466.8538
20240422,-465.3658
20240422,-464.8846
20240422,-465.9271
20240422,-466.9508
20240422,-467.9791
20240422,-470.1179
20240422,-471.1668
20240422,-470.7173
20240422,-471.8299
20240422,-472.9756
20240422,-474.093
20240422,-473.6719
20240422,-472.3729
20240422,-473.4655
20240422,-474.4971
20240422,-475.6288
20240422,-474.1471
20240422,-473.6836
20240423,-473.2131
20240423,-474.2492
20240423,-473.2534
20240423,-472.0739
20240423,-473.0956
20240423,-474.1941
20240423,-473.8294
20240423,-473.4253
20240423,-472.9887
20240423,-474.0641
20240423,-475.1371
20240423,-476.5347
20240423,-479.9541
20240423,-478.5181
20240423,-477.041
20240423,-478.1533
20240423,-477.808
20240423,-478.9088
20240424,-477.4309
20240424,-478.4481
20240424,-477.9819
20240424,-479.1004
20240424,-480.1522
20240424,-481.1589
20240424,-482.2412
20240424,-483.3094
20240424,-482.8868
20240424,-484.3303
20240424,-484.0792
20240424,-483.9148
20240425,-482.416
20240425,-481.9294
20240425,-481.3528
20240425,-482.3982
20240425,-483.4125
20240425,-482.0533
20240425,-481.5942
20240425,-482.661
20240425,-482.2294
20240425,-483.4898
20240425,-484.6617
20240425,-485.874
20240426,-486.9199
20240426,-487.9385
20240426,-488.983
20240426,-489.9955
20240426,-488.5068
20240426,-487.037
20240426,-488.1755
20240426,-493.9865
20240426,-495.079
20240426,-496.2978
20240429,-497.3251
20240429,-496.8799
20240429,-495.3843
20240429,-493.9025
20240429,-494.9813
20240429,-496.4399
20240429,-497.6743
20240429,-498.7318
20240429,-499.7701
20240429,-499.296
20240430,-500.3093
20240430,-498.8244
20240430,-497.3395
20240430,-495.8566
20240430,-494.8598
20240430,-495.962
20240430,-494.5011
20240430,-495.5593
20240501,-495.1156
20240501,-496.2491
20240501,-494.7607
20240501,-493.2647
20240501,-494.3351
20240501,-495.3906
20240501,-496.4779
20240501,-497.5247
20240501,-499.0992
20240501,-500.2211
20240501,-502.2212
20240501,-503.2742
20240501,-501.8169
20240501,-502.9677
20240502,-502.4957
20240502,-502.0175
20240502,-503.0299
20240502,-501.5362
20240502,-502.1655
20240502,-503.1851
20240502,-504.2503
20240502,-502.7576
20240502,-502.9556
20240502,-501.5252
20240502,-502.5417
20240502,-501.0709
20240502,-500.6126
20240502,-499.2248
20240502,-500.2761
20240502,-501.3274
20240502,-502.3445
20240502,-503.434
20240502,-504.6105
20240502,-506.1901
20240502,-504.7038
20240502,-504.2526
20240502,-503.7917
20240503,-503.5574
20240503,-503.1119
20240503,-502.4485
20240503,-500.957
20240503,-502.0871
20240503,-503.1375
20240503,-504.1582
20240503,-502.9017
20240503,-503.9752
20240503,-505.04
20240503,-504.6576
20240506,-505.0401
20240506,-506.14
20240506,-507.1744
20240506,-505.7151
20240506,-505.263
20240506,-504.796
20240506,-504.3144
20240506,-505.4078
20240506,-504.954
20240506,-505.9974
20240506,-507.166
20240506,-508.2084
20240506,-508.0618
20240506,-507.7317
20240506,-508.8961
20240507,-509.0807
20240507,-507.7095
20240507,-507.3189
20240507,-505.8618
20240507,-506.8875
20240507,-507.9505
20240507,-508.9923
20240507,-510.5778
20240507,-510.1098
20240507,-511.1479
20240507,-510.7083
20240507,-509.2131
20240507,-507.7277
20240507,-508.8527
20240507,-508.7606
20240507,-507.5888
20240508,-508.6471
20240508,-509.6709
20240508,-510.692
20240508,-511.3486
20240508,-509.8586
20240508,-510.8875
20240508,-511.9285
20240508,-511.4609
20240508,-512.5176
20240508,-513.5705
20240508,-514.6673
20240508,-515.747
20240508,-516.7857
20240508,-517.8281
20240508,-517.7452
20240508,-519.1481
20240508,-520.3748
20240508,-521.5452
20240509,-520.3418
20240509,-521.361
20240509,-519.879
20240509,-520.917
20240509,-521.3426
20240509,-520.8746
20240509,-521.993
20240509,-520.4983
20240509,-519.0129
20240509,-517.5305
20240509,-517.0667
20240509,-516.6728
20240509,-516.2127
20240509,-517.3116
20240509,-518.4013
20240509,-519.5025
20240509,-521.5025
20240509,-520.1327
20240509,-519.5112
20240509,-519.0575
20240509,-519.2205
20240510,-520.246
20240510,-521.3032
20240510,-520.2823
20240510,-520.6347
20240510,-520.7965
20240510,-521.8405
20240510,-520.4224
20240510,-520.1266
20240510,-521.1673
20240510,-520.7066
20240513,-521.7427
20240513,-522.8445
20240513,-523.8933
20240513,-522.4106
20240513,-520.9315
20240513,-519.4482
20240513,-520.4596
20240514,-518.9703
20240514,-520.1668
20240514,-518.6805
20240514,-519.769
20240514,-520.9481
20240514,-520.4771
20240514,-518.9928
20240514,-520.0482
20240514,-521.0636
20240514,-522.2254
20240514,-523.391
20240514,-522.9948
20240514,-521.5143
20240514,-523.2226
20240514,-522.9356
20240515,-522.4973
20240515,-522.0253
20240515,-522.0331
20240515,-520.5451
20240515,-519.0588
20240515,-517.5722
20240515,-516.0887
20240515,-514.9114
20240515,-515.9986
20240515,-515.5529
20240515,-514.0622
20240515,-512.6077
20240515,-512.1724
20240515,-513.2043
20240516,-514.3138
20240516,-515.3521
20240516,-516.3911
20240516,-517.4314
20240516,-515.9543
20240516,-516.9782
20240516,-518.0056
20240516,-519.0899
20240516,-520.1393
20240516,-518.7584
20240516,-519.8512
20240516,-521.0977
20240516,-522.2312
20240516,-523.6353
20240516,-523.2325
20240516,-522.3611
20240517,-523.4232
20240517,-522.4999
20240517,-523.9867
20240517,-522.5159
20240517,-523.5993
20240517,-524.7381
20240517,-525.8187
20240517,-525.5229
20240517,-526.5829
20240517,-525.1922
20240517,-524.9782
20240517,-526.0659
20240517,-527.3156
20240517,-528.3578
20240520,-526.8777
20240520,-527.9384
20240520,-527.4885
20240520,-525.993
20240520,-527.1838
20240520,-528.2163
20240520,-529.2944
20240520,-530.3781
20240520,-531.6953
20240520,-533.345
20240520,-531.8702
20240520,-531.4425
20240520,-530.1933
20240521,-530.561
20240521,-529.0716
20240521,-530.1028
20240521,-529.6842
20240521,-529.0503
20240521,-527.5596
20240521,-528.8033
20240521,-529.8686
20240521,-529.5253
20240521,-530.7351
20240521,-531.8164
20240521,-533.0046
20240521,-534.4722
20240521,-534.9889
20240522,-534.1355
20240522,-535.1627
20240522,-534.6968
20240522,-535.7427
20240522,-536.8079
20240522,-535.3112
20240522,-536.3874
20240522,-537.4675
20240522,-535.9812
20240522,-537.0463
20240522,-538.0964
20240522,-539.6868
20240522,-540.8654
20240522,-539.9254
20240522,-539.48
20240522,-540.5373
20240523,-540.0629
20240523,-538.6034
20240523,-538.244
20240523,-537.0731
20240523,-538.0972
20240523,-539.1488
20240523,-540.1829
20240523,-541.2264
20240523,-539.7652
20240523,-538.3428
20240523,-536.8992
20240523,-535.4139
20240523,-533.9179
20240523,-535.415
20240523,-534.7434
20240524,-533.5636
20240524,-534.6108
20240524,-535.6641
20240524,-534.2073
20240524,-532.7326
20240524,-531.7978
20240524,-531.3568
20240528,-529.8685
20240528,-529.4476
20240528,-530.1755
20240528,-531.2018
20240528,-532.2168
20240528,-533.2661
20240528,-534.296
20240528,-532.9519
20240528,-534.0984
20240528,-535.1884
20240528,-533.6973
20240528,-534.7459
20240528,-533.3583
20240528,-534.4739
20240528,-535.6332
20240528,-536.7172
20240528,-536.3416
20240528,-537.3998
20240528,-537.612
20240528,-538.6612
20240528,-539.997
20240529,-539.5248
20240529,-540.3899
20240529,-541.4097
20240529,-542.4522
20240529,-543.4825
20240529,-543.0025
20240529,-544.0405
20240529,-545.2117
20240529,-546.2491
20240529,-547.3326
20240530,-548.4069
20240530,-549.5423
20240530,-550.5931
20240530,-551.6232
20240530,-552.6737
20240530,-553.7476
20240530,-555.1256
20240530,-554.65
20240530,-555.6836
20240530,-554.1951
20240530,-555.4177
20240530,-556.5002
20240530,-556.0242
20240530,-555.5972
20240530,-555.1346
20240530,-555.7439
20240531,-554.2489
20240531,-555.2554
20240531,-553.7616
20240531,-552.2669
20240531,-550.7713
20240531,-549.2811
20240531,-547.7981
20240531,-548.8101
20240531,-549.8663
20240531,-549.3733
20240531,-548.9598
20240531,-547.4933
20240531,-548.8121
20240531,-549.9426
20240531,-550.9819
20240531,-552.0017
20240531,-550.5815
20240603,-551.605
20240603,-550.111
20240603,-548.6188
20240603,-547.1259
20240603,-546.6463
20240603,-545.1548
20240603,-546.1661
20240603,-547.1875
20240603,-548.4691
20240603,-549.5162
20240603,-550.576
20240603,-551.8675
20240603,-553.3145
20240604,-552.8457
20240604,-553.9437
20240604,-554.9783
20240604,-556.0323
20240604,-556.138
20240604,-557.1579
20240604,-558.2152
20240604,-559.2741
20240604,-560.2918
20240604,-561.4984
20240604,-562.6046
20240604,-562.3207
20240604,-563.413
20240604,-562.7921
20240604,-563.9995
20240604,-563.5452
20240604,-564.5889
20240604,-565.3183
20240605,-566.3892
20240605,-564.8988
20240605,-565.932
20240605,-565.5291
20240605,-564.4143
20240605,-563.9397
20240605,-562.4752
20240605,-563.5299
20240605,-564.6364
20240605,-564.1547
20240605,-565.2635
20240605,-564.7765
20240605,-566.0257
20240605,-564.8615
20240605,-566.0248
20240606,-567.0699
20240606,-568.1616
20240606,-569.182
20240606,-568.7306
20240606,-567.2341
20240606,-568.2753
20240606,-567.7863
20240606,-566.2998
20240606,-565.8097
20240606,-566.8234
20240606,-567.8987
20240606,-566.4246
20240606,-567.5036
20240606,-566.0158
20240606,-567.1486
20240606,-569.4546
20240607,-567.9631
20240607,-568.9863
20240607,-569.9922
20240607,-568.5942
20240607,-569.6176
20240607,-569.2077
20240607,-570.2468
20240607,-569.7824
20240607,-569.3126
20240607,-570.375
20240607,-571.3975
20240607,-570.1102
20240607,-569.7348
20240607,-570.9704
20240607,-572.0306
20240610,-571.8675
20240610,-572.8835
20240610,-573.9047
20240610,-574.9592
20240610,-573.7539
20240610,-574.786
20240610,-574.3291
20240610,-575.3588
20240610,-573.8757
20240610,-572.3902
20240610,-573.424
20240610,-574.6321
20240610,-573.1471
20240610,-574.1766
20240610,-572.6872
20240610,-572.2867
20240611,-573.3207
20240611,-574.0294
20240611,-575.0526
20240611,-576.1014
20240611,-577.1197
20240611,-575.626
20240611,-576.6368
20240611,-577.1002
20240611,-578.1589
20240611,-579.1755
20240611,-579.0287
20240611,-577.5588
20240611,-576.0837
20240611,-574.6013
20240611,-574.2034
20240611,-572.7271
20240611,-571.435
20240611,-572.4967
20240611,-572.0377
20240612,-571.5633
20240612,-571.2797
20240612,-569.787
20240612,-570.8637
20240612,-570.3885
20240612,-569.2493
20240612,-568.7716
20240612,-570.0328
20240612,-571.0942
20240612,-572.1564
20240612,-571.7087
20240613,-572.7292
20240613,-572.2467
20240613,-571.7817
20240613,-572.7908
20240613,-574.0103
20240613,-573.5437
20240613,-573.1226
20240613,-574.3208
20240613,-572.8538
20240613,-573.9049
20240614,-574.9621
20240614,-574.4835
20240614,-574.0726
20240614,-573.6275
20240614,-572.7792
20240614,-573.8226
20240614,-574.8464
20240614,-575.9016
20240614,-575.5537
20240614,-575.0752
20240614,-574.7877
20240614,-575.9155
20240614,-576.9513
20240614,-578.0989
20240614,-579.1073
20240614,-580.1792
20240614,-581.5367
20240614,-580.2301
20240614,-581.3501
20240614,-582.526
20240614,-583.7632
20240614,-585.0575
20240617,-586.0652
20240617,-585.5778
20240617,-586.642
20240617,-586.2408
20240617,-587.295
20240617,-586.0068
20240617,-585.5319
20240617,-585.0711
20240617,-586.1844
20240617,-584.6905
20240617,-585.7635
20240617,-585.6756
20240618,-585.1877
20240618,-586.2118
20240618,-584.7209
20240618,-583.7789
20240618,-584.7911
20240618,-585.8933
20240618,-585.4361
20240618,-585.3001
20240618,-586.3849
20240618,-587.404
20240618,-588.5376
20240618,-589.6574
20240618,-589.3796
20240620,-590.4538
20240620,-591.4828
20240620,-589.9899
20240620,-589.583
20240620,-590.6056
20240620,-591.6416
20240620,-590.1851
20240620,-591.2223
20240620,-589.7392
20240620,-588.5825
20240620,-589.5993
20240620,-590.766
20240620,-590.2875
20240620,-591.4407
20240620,-593.0483
20240621,-594.0599
20240621,-595.079
20240621,-596.1174
20240621,-597.1263
20240621,-596.6921
20240621,-597.796
20240621,-598.8443
20240621,-600.1706
20240621,-601.1998
20240621,-602.2328
20240621,-601.7722
20240621,-600.4002
20240621,-601.2099
20240621,-602.2666
20240621,-603.5676
20240621,-603.2412
20240621,-602.7807
20240624,-601.291
20240624,-600.4311
20240624,-599.2701
20240624,-600.2891
20240624,-599.2723
20240624,-597.8109
20240624,-598.8363
20240624,-599.8502
20240624,-598.3583
20240624,-599.6336
20240624,-602.1786
20240624,-601.8397
20240624,-602.8846
20240624,-602.4213
20240624,-601.9943
20240624,-600.51
20240624,-601.869
20240624,-603.0905
20240625,-601.7532
20240625,-601.262
20240625,-602.2985
20240625,-602.5946
20240625,-602.1317
20240625,-603.1656
20240625,-604.2539
20240625,-604.2539
20240625,-605.5159
20240625,-604.5964
20240625,-605.7358
20240625,-604.7322
20240625,-603.8707
20240626,-604.9107
20240626,-604.4444
20240626,-602.9503
20240626,-601.464
20240626,-601.1116
20240626,-599.6158
20240626,-600.7014
20240626,-601.8343
20240626,-604.0421
20240626,-605.2399
20240626,-606.3279
20240627,-607.3905
20240627,-608.4823
20240627,-609.5377
20240627,-610.5714
20240627,-610.2478
20240627,-611.5347
20240627,-610.0457
20240627,-608.557
20240627,-609.8113
20240627,-610.923
20240627,-612.0102
20240627,-613.0364
20240627,-612.7473
20240627,-612.3172
20240627,-613.4193
20240627,-614.5731
20240627,-615.6206
20240627,-615.4821
20240628,-615.0039
20240628,-616.0234
20240628,-617.0533
20240628,-618.0823
20240628,-619.1326
20240628,-620.1651
20240628,-619.7146
20240628,-620.823
20240628,-621.8553
20240628,-622.8937
20240628,-623.9233
20240628,-623.8344
20240628,-625.158
20240701,-626.2349
20240701,-627.2553
20240701,-628.3274
20240701,-629.3681
20240701,-630.3754
20240701,-628.8837
20240701,-630.3398
20240701,-631.3713
20240701,-633.036
20240701,-632.0338
20240701,-633.2983
20240701,-636.073
20240701,-635.708
20240701,-634.2803
20240701,-635.4994
20240701,-636.3068
20240702,-634.8097
20240702,-635.9037
20240702,-636.9482
20240702,-637.9899
20240702,-636.5046
20240702,-637.6219
20240702,-638.7839
20240702,-637.3082
20240702,-638.409
20240702,-637.2028
20240702,-636.1598
20240702,-637.3317
20240702,-636.2002
20240702,-634.9235
20240702,-634.0476
20240703,-635.0742
20240703,-636.1253
20240703,-637.2804
20240703,-638.3066
20240703,-636.8098
20240703,-637.8347
20240703,-638.9019
20240703,-637.4079
20240703,-638.4865
20240703,-638.8856
20240703,-638.9971
20240703,-639.1237
20240705,-638.105
20240705,-636.61
20240705,-637.6364
20240705,-636.8055
20240705,-635.3146
20240705,-633.8216
20240705,-633.3401
20240705,-632.3693
20240705,-630.8965
20240705,-629.437
20240705,-630.5519
20240705,-631.7019
20240708,-632.7289
20240708,-633.7397
20240708,-634.7717
20240708,-635.025
20240708,-636.0571
20240708,-637.1015
20240708,-638.1613
20240708,-637.6658
20240708,-636.1969
20240708,-637.2679
20240708,-638.4623
20240708,-639.5369
20240708,-638.128
20240708,-639.1816
20240708,-640.2816
20240709,-641.3408
20240709,-639.8678
20240709,-638.3714
20240709,-639.408
20240709,-639.4632
20240709,-638.9941
20240709,-637.4998
20240709,-636.0513
20240709,-634.7072
20240709,-634.3181
20240709,-632.8252
20240709,-633.8389
20240709,-635.5171
20240709,-636.6087
20240709,-637.6458
20240710,-638.7034
20240710,-639.7312
20240710,-639.2364
20240710,-640.3227
20240710,-639.8348
20240710,-639.3494
20240710,-640.3871
20240710,-639.9081
20240710,-639.4494
20240710,-638.9692
20240710,-640.1596
20240710,-638.6657
20240710,-637.1974
20240710,-638.3882
20240710,-636.9216
20240710,-636.4875
20240710,-636.1192
20240710,-634.7357
20240710,-635.7579
20240710,-636.8509
20240710,-638.1725
20240710,-636.7493
20240711,-635.2542
20240711,-636.2613
20240711,-634.7744
20240711,-635.0259
20240711,-633.6219
20240711,-632.155
20240711,-633.2288
20240711,-634.2485
20240711,-633.9595
20240711,-632.5152
20240711,-634.666
20240711,-633.2098
20240711,-633.0313
20240712,-631.544
20240712,-630.6927
20240712,-631.7209
20240712,-632.7418
20240712,-631.2527
20240712,-632.3548
20240712,-630.9246
20240712,-632.0137
20240712,-633.1271
20240715,-631.638
20240715,-631.1563
20240715,-632.1832
20240715,-631.7979
20240715,-630.3219
20240715,-628.8396
20240715,-627.4355
20240715,-628.5496
20240715,-641.0674
20240715,-642.1947
20240715,-643.2967
20240715,-644.3311
20240715,-643.4663
20240715,-644.5248
20240715,-645.6327
20240715,-647.6249
20240715,-648.6637
20240716,-648.195
20240716,-646.7043
20240716,-646.2857
20240716,-644.866
20240716,-643.4024
20240716,-641.9294
20240716,-641.4988
20240716,-640.0094
20240716,-639.5713
20240716,-639.0829
20240716,-640.1743
20240716,-641.2673
20240716,-642.3242
20240716,-643.424
20240716,-643.0484
20240716,-644.1703
20240716,-645.2735
20240717,-646.2937
20240717,-645.0661
20240717,-644.2368
20240717,-645.2548
20240717,-643.7646
20240717,-644.8511
20240717,-645.8927
20240717,-645.4631
20240717,-644.3799
20240717,-645.4184
20240717,-646.4339
20240717,-647.4728
20240717,-647.0592
20240717,-645.6397
20240717,-646.9162
20240717,-647.9459
20240717,-647.5005
20240718,-646.0049
20240718,-644.5093
20240718,-644.0564
20240718,-645.0677
20240718,-646.125
20240718,-645.7365
20240718,-644.2468
20240718,-642.7548
20240718,-643.7812
20240718,-644.8221
20240718,-645.9046
20240718,-645.4325
20240718,-644.9943
20240718,-644.5097
20240718,-645.6103
20240718,-645.1366
20240718,-643.6476
20240718,-643.159
20240718,-641.6712
20240718,-641.7778
20240718,-642.8973
20240718,-644.5462
20240718,-644.0906
20240718,-645.7761
20240718,-644.4157
20240718,-643.0068
20240718,-642.5442
20240718,-642.0882
20240718,-643.1236
20240719,-642.1223
20240719,-643.1655
20240719,-641.67
20240719,-642.6831
20240719,-641.24
20240719,-640.7575
20240719,-640.2791
20240719,-639.7956
20240719,-639.3226
20240719,-640.3443
20240719,-641.5258
20240719,-642.5537
20240719,-641.1877
20240719,-640.7739
20240719,-641.8164
20240719,-642.9337
20240722,-642.4938
20240722,-643.5077
20240722,-644.5192
20240722,-645.6106
20240722,-645.1297
20240722,-646.1592
20240722,-646.7852
20240722,-647.817
20240722,-648.8387
20240722,-648.3618
20240722,-646.8746
20240722,-647.8936
20240722,-647.5823
20240722,-646.6943
20240722,-646.237
20240722,-645.7588
20240722,-644.2777
20240722,-642.8168
20240722,-643.9326
20240722,-642.6069
20240723,-643.6925
20240723,-643.2033
20240723,-642.7224
20240723,-643.7322
20240723,-642.3038
20240723,-643.3367
20240723,-644.3621
20240723,-645.4151
20240723,-646.535
20240723,-647.9523
20240723,-650.5803
20240723,-650.1972
20240723,-651.2466
20240723,-652.4331
20240723,-653.5757
20240724,-654.5906
20240724,-654.7719
20240724,-655.8397
20240724,-654.3551
20240724,-655.3861
20240724,-656.4063
20240724,-657.5064
20240724,-657.0364
20240725,-656.548
20240725,-655.0753
20240725,-656.1399
20240725,-655.655
20240725,-654.1949
20240725,-653.5679
20240725,-654.5841
20240725,-655.7203
20240725,-654.2291
20240725,-653.8126
20240726,-654.8419
20240726,-655.8551
20240726,-655.2878
20240726,-656.298
20240726,-655.2974
20240726,-656.31
20240726,-657.3388
20240726,-658.3508
20240726,-659.3719
20240726,-660.3892
20240726,-661.4007
20240726,-662.4224
20240726,-663.5142
20240726,-664.5525
20240726,-666.1812
20240726,-664.709
20240726,-666.0001
20240726,-665.6177
20240726,-666.7145
20240726,-666.4536
20240726,-664.988
20240726,-664.986
20240726,-665.6131
20240729,-666.6712
20240729,-667.7032
20240729,-668.7273
20240729,-667.2701
20240729,-668.3579
20240729,-666.9784
20240729,-668.0913
20240729,-669.3366
20240730,-670.4062
20240730,-668.9524
20240730,-670.0178
20240730,-671.0788
20240730,-672.1153
20240730,-670.6465
20240730,-671.7542
20240730,-672.9486
20240730,-672.4982
20240730,-673.5968
20240730,-674.7147
20240730,-673.2316
20240730,-674.2618
20240730,-675.481
20240730,-676.572
20240731,-677.5908
20240731,-678.601
20240731,-679.6199
20240731,-679.1299
20240731,-678.6901
20240731,-679.7106
20240731,-681.0614
20240731,-682.0978
20240731,-683.1174
20240731,-681.6336
20240731,-682.6527
20240801,-683.6778
20240801,-684.6969
20240801,-685.7091
20240801,-686.7235
20240801,-687.7319
20240801,-688.7562
20240801,-689.7673
20240801,-688.2713
20240801,-686.8034
20240801,-685.3528
20240801,-686.4069
20240801,-687.624
20240802,-686.5742
20240802,-686.082
20240802,-687.1015
20240802,-688.1676
20240802,-689.4776
20240802,-690.5626
20240802,-691.6079
20240802,-691.7732
20240802,-692.3023
20240802,-693.316
20240802,-694.3768
20240802,-695.4515
20240802,-695.0
20240802,-693.7551
20240802,-693.2776
20240802,-691.8228
20240802,-692.865
20240802,-693.9427
20240802,-694.4459
20240805,-693.9504
20240805,-694.9597
20240805,-693.4745
20240805,-694.4936
20240805,-694.8612
20240805,-695.924
20240806,-695.4472
20240806,-694.026
20240806,-693.5437
20240806,-694.6099
20240806,-695.3802
20240806,-696.4188
20240806,-694.9375
20240806,-696.1525
20240806,-697.2213
20240806,-698.4241
20240807,-697.9489
20240807,-698.9648
20240807,-699.9868
20240807,-701.1027
20240807,-702.1611
20240807,-703.1838
20240807,-704.297
20240807,-702.8789
20240807,-704.0014
20240808,-702.5522
20240808,-701.07
20240808,-700.262
20240808,-700.2
20240808,-699.4183
20240808,-698.449
20240808,-696.9642
20240808,-696.4804
20240808,-696.0126
20240808,-695.5444
20240808,-696.6178
20240808,-697.7759
20240808,-698.9893
20240808,-700.5982
20240808,-701.7958
20240808,-702.8334
20240808,-702.1098
20240808,-702.5801
20240808,-702.6977
20240809,-703.7266
20240809,-703.7835
20240809,-702.8058
20240809,-703.8442
20240809,-702.7595
20240809,-701.2615
20240809,-700.5044
20240809,-700.579
20240809,-700.101
20240809,-699.2711
20240809,-698.2837
20240809,-696.8086
20240809,-696.3904
20240809,-697.464
20240809,-698.4993
20240809,-699.5891
20240809,-700.6219
20240809,-699.1436
20240809,-700.177
20240809,-701.2515
20240812,-702.2889
20240812,-702.6796
20240812,-703.6962
20240812,-702.2544
20240812,-701.7817
20240812,-701.3355
20240812,-701.0102
20240812,-702.0461
20240812,-701.5602
20240812,-702.6055
20240812,-703.6743
20240812,-703.2503
20240812,-704.3016
20240812,-702.8408
20240812,-703.5515
20240813,-704.6082
20240813,-703.1135
20240813,-701.7774
20240813,-700.6189
20240813,-699.706
20240813,-700.2542
20240813,-701.2727
20240813,-702.2987
20240813,-702.9027
20240813,-703.9317
20240813,-704.974
20240813,-703.5046
20240813,-703.0676
20240813,-702.3413
20240813,-703.3946
20240813,-702.9293
20240813,-702.1926
20240813,-702.0524
20240814,-700.5628
20240814,-701.6056
20240814,-701.1359
20240814,-702.3071
20240814,-701.8434
20240814,-701.362
20240814,-700.4477
20240814,-699.9929
20240814,-701.0421
20240814,-702.0769
20240814,-700.6001
20240814,-699.1334
20240815,-698.6554
20240815,-697.1624
20240815,-695.6728
20240815,-695.1847
20240815,-693.6909
20240815,-692.1987
20240815,-693.2304
20240815,-691.7375
20240815,-690.7112
20240815,-689.786
20240815,-688.4321
20240815,-689.4607
20240815,-690.4825
20240815,-689.9896
20240815,-691.0318
20240815,-689.5456
20240815,-689.0781
20240815,-689.6675
20240815,-688.2311
20240815,-686.7459
20240815,-687.8633
20240816,-687.3936
20240816,-687.0433
20240816,-686.8631
20240816,-686.4637
20240816,-685.8711
20240816,-685.3951
20240816,-684.9477
20240816,-684.4763
20240816,-683.9881
20240816,-683.5007
20240816,-684.5132
20240816,-683.8727
20240816,-683.4195
20240816,-682.9784
20240816,-681.4918
20240816,-681.0181
20240816,-682.1052
20240816,-681.6345
20240816,-681.1921
20240816,-682.2363
20240816,-680.7604
20240816,-680.5287
20240816,-679.408
20240819,-680.4583
20240819,-681.477
20240819,-680.2809
20240819,-679.9443
20240819,-681.0223
20240819,-682.0632
20240819,-681.6218
20240819,-682.7014
20240819,-681.23
20240819,-681.7039
20240819,-682.7504
20240819,-681.4537
20240819,-681.2284
20240819,-682.3765
20240819,-683.5383
20240819,-684.6379
20240819,-687.476
20240819,-689.1841
20240819,-687.7066
20240819,-688.8144
20240820,-688.386
20240820,-687.9235
20240820,-688.9472
20240820,-687.4529
20240820,-685.9756
20240820,-687.0091
20240820,-688.1358
20240820,-687.6823
20240820,-688.7458
20240820,-688.3005
20240820,-689.3586
20240821,-688.911
20240821,-689.9515
20240821,-690.977
20240821,-692.0094
20240821,-693.0888
20240821,-692.6204
20240821,-692.1425
20240821,-693.1759
20240821,-694.2273
20240821,-694.938
20240821,-696.3294
20240821,-694.8387
20240821,-696.0778
20240821,-694.6049
20240821,-693.1946
20240821,-692.7286
20240821,-693.7955
20240821,-694.0917
20240822,-693.6051
20240822,-694.6284
20240822,-695.6705
20240822,-696.8415
20240822,-697.9115
20240822,-696.5077
20240822,-697.5372
20240822,-699.5372
20240822,-699.9513
20240822,-701.1459
20240823,-702.1672
20240823,-701.7414
20240823,-701.2836
20240823,-702.3301
20240823,-701.8396
20240823,-700.3436
20240823,-698.8615
20240823,-700.2557
20240823,-698.7613
20240823,-697.2928
20240823,-695.8138
20240823,-696.8525
20240823,-697.8916
20240823,-698.973
20240823,-698.7766
20240823,-700.0188
20240823,-699.7771
20240823,-701.0947
20240823,-703.055
20240823,-701.5856
20240823,-700.0974
20240823,-701.2244
20240826,-702.2789
20240826,-703.3476
20240826,-701.8614
20240826,-702.8975
20240826,-702.191
20240826,-700.6972
20240826,-699.2032
20240826,-698.7302
20240826,-699.7845
20240826,-699.4903
20240826,-700.0149
20240826,-698.5854
20240826,-697.0934
20240826,-699.0935
20240826,-700.6435
20240826,-699.1614
20240826,-698.7361
20240826,-698.6436
20240826,-699.6891
20240826,-699.2744
20240827,-700.3299
20240827,-701.3535
20240827,-700.926
20240827,-701.9582
20240827,-701.4819
20240827,-702.5103
20240827,-702.0233
20240827,-701.7657
20240827,-702.8087
20240827,-703.9397
20240827,-705.036
20240827,-706.1679
20240827,-707.268
20240827,-709.0306
20240827,-710.1128
20240827,-711.3982
20240828,-709.9036
20240828,-710.9944
20240828,-710.5079
20240828,-709.0221
20240828,-707.5281
20240828,-707.0537
20240828,-708.0987
20240828,-706.6046
20240828,-707.6293
20240828,-707.1455
20240828,-706.6709
20240828,-707.7798
20240828,-706.3005
20240828,-707.4091
20240828,-706.9728
20240828,-709.5957
20240828,-710.843
20240828,-709.4919
20240828,-708.0793
20240828,-709.372
20240828,-707.9127
20240828,-707.7191
20240829,-708.7738
20240829,-709.8243
20240829,-710.8506
20240829,-711.8823
20240829,-712.914
20240829,-713.9303
20240829,-714.9486
20240829,-715.9983
20240829,-715.6262
20240829,-714.1367
20240829,-712.6478
20240829,-712.0417
20240829,-713.1063
20240829,-714.1476
20240830,-715.1658
20240830,-716.1839
20240830,-717.2537
20240830,-718.3029
20240830,-717.9075
20240830,-716.8236
20240830,-717.8957
20240830,-718.9221
20240830,-717.4446
20240830,-716.9645
20240830,-717.9865
20240830,-717.5237
20240830,-718.57
20240830,-719.7235
20240830,-719.436
20240830,-718.0701
20240830,-719.1526
20240830,-717.746
20240830,-716.6815
20240903,-715.1844
20240903,-716.196
20240903,-717.2472
20240903,-718.3828
20240903,-716.915
20240903,-715.4288
20240903,-713.9354
20240903,-713.5419
20240904,-712.0454
20240904,-713.1745
20240904,-714.201
20240904,-713.1833
20240904,-713.4048
20240904,-712.2576
20240904,-710.7849
20240904,-710.8127
20240904,-711.8829
20240904,-712.983
20240904,-714.0343
20240904,-712.6957
20240904,-713.7606
20240904,-714.7989
20240905,-713.303
20240905,-714.3359
20240905,-715.3948
20240905,-714.9146
20240905,-714.4757
20240905,-715.5008
20240905,-716.531
20240905,-717.5755
20240905,-716.7528
20240905,-717.7839
20240905,-717.5566
20240905,-718.6124
20240905,-717.1909
20240905,-716.9006
20240905,-718.9006
20240905,-720.1621
20240905,-721.4289
20240905,-722.477
20240905,-721.817
20240906,-720.3273
20240906,-721.3517
20240906,-719.856
20240906,-718.3656
20240906,-716.8849
20240906,-715.3893
20240906,-714.9056
20240906,-713.4786
20240906,-711.9873
20240906,-711.5543
20240906,-710.0704
20240906,-708.5838
20240906,-707.137
20240906,-705.7174
20240906,-704.2801
20240906,-702.7893
20240906,-701.7569
20240906,-700.2647
20240906,-701.3405
20240906,-701.0658
20240906,-702.1921
20240906,-703.3868
20240906,-704.4227
20240906,-703.9695
20240906,-702.4913
20240909,-703.5109
20240909,-704.5285
20240909,-705.5518
20240909,-705.5878
20240909,-704.099
20240909,-703.6222
20240909,-703.1802
20240909,-702.7277
20240909,-703.9634
20240909,-702.4785
20240909,-702.0756
20240909,-703.1117
20240909,-704.1861
20240909,-705.2188
20240909,-706.2666
20240910,-705.8104
20240910,-704.3264
20240910,-703.8423
20240910,-704.203
20240910,-702.7238
20240910,-701.2365
20240910,-700.769
20240910,-699.2865
20240910,-697.8344
20240910,-697.3508
20240910,-696.8602
20240910,-696.3815
20240910,-694.9076
20240910,-695.9193
20240910,-696.9385
20240910,-697.991
20240910,-699.0235
20240910,-700.2525
20240910,-701.7425
20240910,-701.9736
20240910,-700.4838
20240910,-701.5842
20240910,-702.6612
20240910,-702.7879
20240911,-701.3302
20240911,-702.3736
20240911,-700.9651
20240911,-700.6418
20240911,-700.1621
20240911,-701.1864
20240911,-705.809
20240911,-705.3412
20240911,-708.6463
20240911,-709.6663
20240911,-708.1719
20240911,-707.7065
20240911,-706.215
20240911,-704.7227
20240911,-705.7416
20240911,-704.2534
20240911,-702.7648
20240911,-701.2833
20240911,-702.3206
20240911,-700.832
20240911,-700.2441
20240912,-701.307
20240912,-702.3671
20240912,-703.4075
20240912,-704.4204
20240912,-703.688
20240912,-703.2002
20240912,-702.7071
20240912,-702.2254
20240912,-701.7606
20240912,-700.6434
20240912,-701.6697
20240912,-702.7458
20240912,-701.658
20240912,-700.167
20240912,-701.2062
20240912,-699.7316
20240913,-700.4727
20240913,-701.5067
20240913,-700.4547
20240913,-698.9825
20240913,-700.0021
20240913,-701.0288
20240913,-699.8621
20240913,-698.5477
20240913,-699.561
20240913,-700.6415
20240913,-701.8295
20240913,-701.4902
20240916,-702.5197
20240916,-703.5511
20240916,-704.589
20240916,-705.611
20240916,-704.8446
20240916,-703.6502
20240916,-703.1671
20240916,-704.1888
20240916,-705.2021
20240916,-706.218
20240916,-707.2668
20240916,-708.2838
20240916,-709.3251
20240916,-710.4329
20240916,-711.926
20240916,-711.4626
20240916,-712.9676
20240916,-711.481
20240916,-712.5174
20240916,-712.6007
20240917,-713.6668
20240917,-714.6849
20240917,-715.7171
20240917,-716.756
20240917,-717.7716
20240917,-718.8443
20240917,-718.3619
20240917,-717.9657
20240917,-719.0485
20240917,-718.5772
20240917,-717.1212
20240917,-718.1723
20240917,-716.6785
20240917,-716.2265
20240917,-715.3208
20240918,-716.3647
20240918,-717.4472
20240918,-716.9711
20240918,-718.0264
20240918,-717.586
20240918,-718.6282
20240918,-719.6401
20240918,-720.6747
20240918,-720.4359
20240918,-721.5599
20240918,-722.6736
20240918,-723.6877
20240918,-722.7834
20240918,-723.8078
20240918,-723.9165
20240919,-722.4316
20240919,-723.4567
20240919,-721.9742
20240919,-721.4916
20240919,-722.5589
20240919,-722.1451
20240919,-723.2758
20240919,-724.3437
20240919,-722.856
20240919,-722.4371
20240919,-723.8053
20240919,-723.3737
20240919,-725.3737
20240920,-726.3988
20240920,-727.4594
20240920,-728.4734
20240920,-726.9847
20240920,-726.5244
20240920,-725.0599
20240920,-726.1414
20240920,-727.232
20240920,-728.6
20240920,-729.6528
20240920,-728.1805
20240923,-729.2163
20240923,-730.2363
20240923,-729.3464
20240923,-730.3636
20240923,-731.4561
20240923,-732.486
20240923,-733.5316
20240923,-734.5533
20240923,-733.0647
20240923,-732.7386
20240923,-738.6924
20240923,-741.4503
20240923,-742.8414
20240923,-741.3887
20240923,-740.1212
20240923,-741.2175
20240924,-742.2615
20240924,-741.7913
20240924,-742.8266
20240924,-743.9622
20240924,-744.9798
20240924,-746.132
20240924,-745.6758
20240924,-744.1809
20240924,-745.8192
20240924,-746.8632
20240924,-748.0096
20240924,-749.4205
20240924,-748.8233
20240924,-750.3575
20240925,-751.4051
20240925,-750.9204
20240925,-750.4345
20240925,-748.9682
20240925,-747.4733
20240925,-747.0626
20240925,-748.1194
20240925,-747.6558
20240925,-748.6916
20240925,-749.7169
20240925,-750.8605
20240925,-749.3682
20240925,-750.3908
20240925,-749.9348
20240925,-751.2626
20240925,-752.3166
20240925,-753.4789
20240925,-754.941
20240925,-756.0497
20240926,-755.5708
20240926,-755.1674
20240926,-755.1965
20240926,-754.7297
20240926,-755.7695
20240926,-754.3059
20240927,-755.344
20240927,-754.8596
20240927,-755.8885
20240927,-756.9216
20240927,-755.4806
20240927,-753.9837
20240927,-755.0802
20240927,-756.0976
20240927,-754.628
20240927,-755.7647
20240927,-756.8312
20240927,-757.8598
20240927,-759.0764
20240927,-760.1323
20240927,-764.3447
20240927,-765.457
20240927,-766.5736
20240927,-767.6844
20240927,-767.4031
20240927,-767.2108
20240927,-765.7514
20240930,-766.7908
20240930,-765.2994
20240930,-766.3348
20240930,-764.8435
20240930,-764.4069
20240930,-765.481
20240930,-765.0001
20240930,-764.5209
20240930,-764.1972
20240930,-765.3468
20240930,-766.4529
20240930,-764.9581
20240930,-766.0563
20240930,-767.3602
20240930,-768.5751
20240930,-767.3796
20240930,-768.4795
20240930,-769.5059
20240930,-768.0675
20240930,-767.1051
20241001,-768.1357
20241001,-767.038
20241001,-765.5463
20241001,-765.0587
20241001,-764.1957
20241001,-762.7061
20241001,-763.7354
20241001,-764.7748
20241001,-764.6218
20241001,-764.1387
20241001,-763.725
20241001,-764.788
20241001,-764.3834
20241001,-764.5885
20241001,-765.6512
20241002,-766.1064
20241002,-767.1341
20241002,-768.1427
20241002,-769.2013
20241002,-768.726
20241002,-769.9121
20241002,-771.0605
20241002,-769.6333
20241002,-770.7459
20241002,-771.7717
20241003,-770.2828
20241003,-769.817
20241003,-770.8584
20241003,-771.8999
20241003,-772.9104
20241003,-771.4468
20241003,-772.4859
20241003,-772.0114
20241003,-773.0358
20241003,-771.5409
20241003,-772.6875
20241003,-771.206
20241003,-772.2862
20241003,-773.4122
20241003,-773.5998
20241003,-774.271
20241003,-775.3076
20241003,-775.7157
20241003,-777.0413
20241003,-776.3137
20241003,-774.8539
20241003,-776.059
20241003,-777.1378
20241003,-778.2721
20241004,-776.7861
20241004,-775.2942
20241004,-775.8931
20241004,-776.9427
20241004,-777.9621
20241004,-778.9908
20241004,-780.0429
20241004,-779.5524
20241004,-780.5685
20241004,-781.6375
20241004,-782.6906
20241004,-781.2079
20241004,-780.8316
20241004,-779.3522
20241004,-778.5704
20241004,-778.429
20241004,-778.9638
20241007,-780.0057
20241007,-780.6258
20241007,-781.6754
20241007,-782.7313
20241007,-783.7407
20241007,-784.8673
20241007,-785.8985
20241007,-785.4161
20241007,-783.9284
20241007,-783.4553
20241007,-783.0462
20241007,-781.5695
20241007,-781.1278
20241007,-782.3533
20241008,-780.8621
20241008,-780.3807
20241008,-778.8872
20241008,-777.3925
20241008,-775.9023
20241008,-775.4637
20241008,-775.0499
20241008,-776.1874
20241008,-776.0286
20241008,-777.5969
20241008,-777.2616
20241008,-776.342
20241009,-775.4658
20241009,-775.0045
20241009,-773.5173
20241009,-772.026
20241009,-773.0721
20241009,-774.546
20241009,-774.2119
20241009,-774.4122
20241009,-775.6094
20241009,-777.6094
20241009,-777.2793
20241009,-775.8315
20241009,-777.3241
20241009,-776.4226
20241010,-777.4755
20241010,-777.0143
20241010,-778.0871
20241010,-776.5958
20241010,-776.1094
20241010,-775.6242
20241010,-776.6678
20241010,-776.2463
20241010,-775.7727
20241010,-774.2915
20241010,-772.8246
20241010,-773.9765
20241010,-772.48
20241010,-773.5643
20241010,-772.1312
20241010,-773.7252
20241010,-774.7476
20241011,-775.835
20241011,-775.3692
20241011,-774.5707
20241011,-775.5986
20241011,-775.3146
20241011,-776.4198
20241011,-777.5574
20241011,-778.6989
20241011,-778.4177
20241011,-776.9441
20241011,-778.0513
20241011,-779.3005
20241011,-779.2162
20241011,-781.7592
20241011,-783.1779
20241014,-782.1241
20241014,-782.0751
20241014,-783.094
20241014,-782.2082
20241014,-781.4391
20241014,-779.9464
20241014,-778.9239
20241014,-779.9438
20241014,-779.4538
20241014,-780.4777
20241014,-779.9904
20241014,-778.4961
20241014,-779.7913
20241014,-780.8996
20241014,-782.0863
20241014,-781.6668
20241014,-780.1963
20241014,-779.3622
20241014,-780.4486
20241014,-781.5428
20241015,-781.0487
20241015,-782.0677
20241015,-781.5724
20241015,-782.8385
20241015,-783.8648
20241015,-782.8702
20241015,-783.8978
20241015,-785.0825
20241015,-786.1798
20241015,-787.3145
20241015,-788.3945
20241015,-789.4546
20241015,-790.5618
20241015,-791.7074
20241015,-792.8406
20241015,-792.4023
20241015,-791.9724
20241015,-793.0231
20241015,-794.5805
20241015,-795.6607
20241015,-795.7796
20241016,-794.8252
20241016,-795.8418
20241016,-795.8999
20241016,-796.9168
20241016,-797.946
20241016,-797.5452
20241016,-798.575
20241016,-799.6072
20241016,-800.6724
20241016,-801.7543
20241016,-800.2703
20241016,-799.1257
20241016,-800.1597
20241016,-798.668
20241016,-799.6819
20241016,-800.7276
20241016,-801.763
20241016,-802.9646
20241016,-801.474
20241016,-802.5627
20241017,-803.579
20241017,-803.105
20241017,-802.6239
20241017,-802.1326
20241017,-800.675
20241017,-801.7018
20241017,-802.7311
20241017,-803.7741
20241017,-804.0035
20241017,-805.0365
20241017,-806.0712
20241017,-807.1249
20241017,-808.1702
20241017,-807.8078
20241018,-806.32
20241018,-805.8771
20241018,-807.0262
20241018,-805.587
20241018,-807.449
20241018,-807.1031
20241018,-805.6194
20241018,-805.3483
20241018,-806.4759
20241018,-807.972
20241021,-808.9888
20241021,-807.5007
20241021,-808.5243
20241021,-807.6654
20241021,-807.6788
20241021,-808.7128
20241021,-808.3097
20241021,-809.5181
20241021,-808.0309
20241021,-809.0751
20241021,-808.6582
20241021,-807.2008
20241021,-808.3832
20241021,-809.5249
20241021,-808.0718
20241021,-810.586
20241021,-811.7053
20241021,-812.9229
20241021,-811.919
20241022,-813.0379
20241022,-811.5471
20241022,-812.6252
20241022,-813.6476
20241022,-813.2779
20241022,-814.3086
20241022,-815.3525
20241022,-816.376
20241022,-817.4483
20241022,-818.5682
20241022,-819.6546
20241023,-818.1612
20241023,-819.1844
20241023,-820.3379
20241023,-818.8479
20241023,-818.4141
20241023,-819.4345
20241023,-820.5838
20241023,-821.666
20241023,-823.115
20241023,-824.2577
20241023,-825.388
20241023,-823.9952
20241023,-825.0235
20241023,-826.1167
20241023,-827.2525
20241023,-828.5741
20241024,-829.1562
20241024,-828.6702
20241024,-829.705
20241024,-830.8048
20241024,-830.3285
20241024,-831.3566
20241024,-829.8754
20241024,-828.3932
20241024,-828.0841
20241024,-829.2103
20241024,-830.2535
20241024,-831.4893
20241024,-833.6981
20241024,-835.6982
20241024,-834.3202
20241024,-835.5605
20241025,-834.1407
20241025,-833.6641
20241025,-833.3854
20241025,-834.489
20241025,-834.0138
20241025,-833.5966
20241025,-834.6635
20241025,-836.163
20241025,-839.5932
20241025,-838.1281
20241025,-839.8739
20241025,-840.9836
20241025,-839.5559
20241025,-840.8353
20241025,-841.8958
20241028,-842.9334
20241028,-844.0256
20241028,-843.6238
20241028,-843.3182
20241028,-844.3607
20241028,-843.8935
20241028,-844.9403
20241028,-846.1551
20241028,-847.2368
20241028,-845.7572
20241029,-844.2658
20241029,-842.7793
20241029,-843.7892
20241029,-844.8253
20241029,-843.4936
20241029,-844.5574
20241029,-845.6764
20241029,-845.6009
20241029,-844.1092
20241029,-845.1917
20241029,-846.4214
20241030,-847.5382
20241030,-847.0546
20241030,-846.601
20241030,-847.3209
20241030,-848.3427
20241030,-849.6417
20241030,-849.272
20241030,-848.8002
20241030,-849.835
20241031,-849.3588
20241031,-847.8601
20241031,-846.9203
20241031,-846.4699
20241031,-846.696
20241031,-847.8011
20241031,-846.4687
20241031,-845.2237
20241031,-843.8866
20241031,-843.4199
20241031,-843.0099
20241031,-844.1505
20241031,-845.6884
20241031,-846.7399
20241031,-846.9896
20241101,-848.0021
20241101,-849.0288
20241101,-848.562
20241101,-849.7097
20241101,-850.813
20241101,-851.9851
20241101,-852.4213
20241101,-853.5447
20241101,-859.8494
20241104,-859.42
20241104,-860.429
20241104,-861.486
20241104,-863.4859
20241104,-864.5372
20241104,-865.6271
20241104,-865.4354
20241105,-864.9533
20241105,-863.4741
20241105,-863.0004
20241105,-862.1292
20241105,-863.2955
20241105,-864.4802
20241105,-865.6919
20241105,-866.9375
20241105,-868.1695
20241105,-869.6727
20241105,-870.9083
20241105,-870.9014
20241105,-870.8951
20241105,-870.733
20241106,-871.7492
20241106,-870.2964
20241106,-870.5194
20241106,-870.0457
20241106,-869.6262
20241106,-868.1469
20241106,-869.1921
20241106,-867.7175
20241106,-867.3408
20241106,-866.935
20241106,-868.0164
20241106,-866.5489
20241106,-865.0605
20241106,-866.146
20241106,-867.2061
20241106,-865.9043
20241106,-866.9744
20241107,-865.4857
20241107,-866.5176
20241107,-866.0346
20241107,-865.5881
20241107,-864.1012
20241107,-863.7953
20241107,-863.2482
20241107,-861.7508
20241107,-862.2047
20241107,-861.3876
20241107,-860.9341
20241107,-861.9992
20241107,-860.5622
20241107,-861.6742
20241107,-860.8013
20241107,-859.3184
20241107,-857.8381
20241107,-858.9405
20241107,-858.4971
20241107,-859.6846
20241108,-858.1987
20241108,-857.7424
20241108,-856.2456
20241108,-857.2617
20241108,-856.7765
20241108,-857.7828
20241108,-856.2859
20241108,-854.7913
20241108,-854.4101
20241108,-852.9282
20241108,-853.9884
20241108,-852.4919
20241108,-853.5774
20241108,-853.1602
20241108,-854.5418
20241108,-853.2027
20241111,-853.2589
20241111,-853.2802
20241111,-854.3277
20241111,-855.3769
20241111,-853.878
20241111,-854.8947
20241111,-854.4842
20241111,-855.6204
20241111,-855.1892
20241111,-854.6951
20241111,-855.7905
20241111,-857.0171
20241111,-858.0665
20241111,-859.4083
20241111,-860.5843
20241111,-862.0984
20241111,-863.2681
20241111,-864.9095
20241112,-865.9521
20241112,-864.4654
20241112,-865.4719
20241112,-866.5283
20241112,-867.6456
20241112,-868.6934
20241112,-869.7136
20241112,-868.2216
20241112,-867.7471
20241112,-866.2545
20241112,-865.9696
20241112,-867.0091
20241112,-868.422
20241112,-869.7129
20241112,-871.4667
20241112,-872.5142
20241112,-874.041
20241112,-875.0955
20241112,-876.2463
20241112,-875.2373
20241112,-876.2525
20241112,-877.3564
20241112,-876.4247
20241113,-875.9642
20241113,-875.4928
20241113,-875.0164
20241113,-873.5252
20241113,-874.5597
20241113,-873.0727
20241113,-871.5851
20241113,-870.1114
20241113,-871.1383
20241113,-872.1937
20241113,-870.696
20241113,-870.2255
20241113,-869.8508
20241113,-868.3715
20241113,-866.881
20241113,-866.4011
20241113,-868.4011
20241113,-866.9685
20241113,-868.0906
20241113,-866.6597
20241113,-867.7723
20241114,-868.8082
20241114,-869.8317
20241114,-870.8493
20241114,-870.3639
20241114,-869.8727
20241114,-870.9143
20241114,-870.4199
20241114,-871.505
20241114,-872.5278
20241114,-871.0451
20241114,-869.5944
20241114,-868.1662
20241114,-866.6839
20241114,-867.8935
20241114,-868.9792
20241114,-870.0227
20241114,-871.3522
20241114,-872.3829
20241115,-873.4026
20241115,-872.9397
20241115,-873.962
20241115,-872.4658
20241115,-873.5042
20241115,-872.0171
20241115,-870.5374
20241115,-869.0793
20241115,-867.6244
20241115,-868.6917
20241115,-868.2358
20241115,-868.0144
20241115,-867.6317
20241118,-868.7427
20241118,-868.2795
20241118,-869.3114
20241118,-868.8328
20241118,-869.9259
20241118,-870.9761
20241118,-872.0519
20241118,-873.2371
20241118,-871.7519
20241118,-872.8148
20241118,-873.9428
20241118,-875.0385
20241119,-876.0719
20241119,-875.7138
20241119,-875.6582
20241119,-874.4081
20241119,-872.9417
20241119,-874.0041
20241119,-875.1879
20241119,-873.7356
20241119,-873.2636
20241120,-874.2804
20241120,-872.9343
20241120,-872.4558
20241120,-873.4983
20241120,-874.527
20241120,-875.5984
20241120,-874.1146
20241120,-875.1754
20241120,-873.7196
20241120,-873.2602
20241120,-873.1166
20241120,-874.5132
20241121,-873.0205
20241121,-871.5226
20241121,-872.5345
20241121,-873.5541
20241121,-872.1542
20241121,-870.6557
20241121,-870.1887
20241121,-868.6927
20241121,-869.721
20241121,-868.2433
20241121,-867.79
20241121,-867.4645
20241121,-867.0
20241121,-868.4982
20241122,-867.0098
20241122,-868.0435
20241122,-869.1111
20241122,-870.1499
20241122,-868.9777
20241122,-868.5476
20241122,-869.5797
20241122,-870.6328
20241122,-871.2405
20241122,-872.2489
20241122,-873.2847
20241122,-874.3294
20241122,-875.3559
20241122,-876.3933
20241122,-875.9515
20241122,-874.9365
20241122,-874.6291
20241122,-876.3752
20241122,-875.9355
20241122,-874.5504
20241122,-875.6244
20241122,-876.8381
20241125,-876.3586
20241125,-877.4094
20241125,-875.9797
20241125,-877.0484
20241125,-875.5725
20241125,-874.1636
20241125,-873.7008
20241125,-874.7235
20241125,-875.8446
20241126,-876.8884
20241126,-877.9212
20241126,-876.4255
20241126,-877.4415
20241126,-878.4505
20241126,-878.7577
20241126,-877.9231
20241126,-876.43
20241126,-877.5658
20241126,-878.6287
20241126,-879.8094
20241126,-878.3493
20241126,-879.4455
20241127,-880.4752
20241127,-879.9922
20241127,-878.5082
20241127,-879.5721
20241127,-878.866
20241127,-877.3769
20241127,-878.4449
20241127,-878.0399
20241127,-879.2219
20241127,-880.2658
20241127,-884.7076
20241127,-885.9201
20241127,-884.4735
20241127,-885.5866
20241127,-886.6833
20241127,-887.7552
20241127,-886.2801
20241127,-884.7996
20241127,-887.4795
20241129,-885.9977
20241129,-887.007
20241129,-888.0793
20241129,-886.6194
20241129,-886.7136
20241129,-885.9483
20241202,-886.9965
20241202,-886.5096
20241202,-885.0185
20241202,-883.5379
20241202,-884.5449
20241202,-883.0706
20241202,-881.5886
20241202,-880.128
20241202,-881.32
20241202,-883.7296
20241202,-885.1608
20241202,-884.3901
20241202,-882.9833
20241203,-882.5768
20241203,-881.483
20241203,-881.0182
20241203,-882.0383
20241203,-880.554
20241203,-879.1256
20241203,-880.156
20241203,-879.7431
20241203,-880.7659
20241203,-880.3176
20241203,-879.8465
20241203,-880.8859
20241203,-879.3889
20241203,-878.9167
20241203,-880.5178
20241203,-881.6494
20241203,-880.163
20241203,-880.9416
20241204,-881.9756
20241204,-883.0859
20241204,-884.1474
20241204,-883.7308
20241204,-883.2518
20241204,-882.7667
20241204,-883.795
20241204,-883.3567
20241204,-882.8757
20241204,-881.43
20241204,-882.4465
20241204,-880.9671
20241204,-882.077
20241204,-881.626
20241204,-883.2484
20241204,-881.7528
20241205,-882.7949
20241205,-881.3251
20241205,-882.4338
20241205,-881.9679
20241205,-883.0472
20241205,-882.574
20241205,-884.1623
20241205,-883.6221
20241205,-884.681
20241205,-884.2176
20241205,-882.7251
20241205,-883.8018
20241205,-885.6085
20241205,-886.6906
20241205,-887.7348
20241205,-888.7603
20241206,-887.9225
20241206,-888.9653
20241206,-889.9891
20241206,-888.4958
20241206,-886.9979
20241206,-887.3748
20241206,-885.8933
20241206,-885.4145
20241206,-886.6225
20241206,-887.7248
20241206,-887.289
20241206,-886.8315
20241206,-885.334
20241206,-886.6679
20241206,-887.8833
20241206,-887.4287
20241206,-889.1361
20241206,-889.0232
20241206,-887.5336
20241209,-888.6025
20241209,-889.6426
20241209,-888.2226
20241209,-889.2455
20241209,-890.7226
20241209,-891.7498
20241209,-890.737
20241209,-891.892
20241209,-893.1723
20241209,-894.5565
20241209,-895.7005
20241209,-897.2944
20241209,-898.5389
20241209,-899.6978
20241209,-898.3415
20241209,-899.0616
20241209,-900.2542
20241210,-901.2684
20241210,-900.775
20241210,-899.2866
20241210,-900.3372
20241210,-898.8429
20241210,-899.9756
20241210,-900.9901
20241210,-902.0244
20241210,-903.0858
20241210,-904.2093
20241210,-905.2855
20241210,-906.5101
20241210,-905.0275
20241210,-904.6241
20241210,-904.1527
20241211,-903.7026
20241211,-904.4444
20241211,-905.5143
20241211,-905.0247
20241211,-906.0607
20241211,-904.5759
20241211,-905.6329
20241211,-906.6727
20241211,-907.6974
20241211,-908.7508
20241211,-908.2904
20241211,-909.3703
20241211,-908.9237
20241211,-910.0543
20241211,-911.1119
20241212,-912.1747
20241212,-912.0318
20241212,-913.0755
20241212,-911.5847
20241212,-912.6029
20241212,-912.1469
20241212,-910.6982
20241212,-912.0359
20241212,-911.5825
20241212,-912.7969
20241212,-913.8922
20241212,-914.9721
20241212,-916.972
20241212,-918.0095
20241213,-919.053
20241213,-918.5395
20241213,-919.5524
20241213,-919.257
20241213,-920.4024
20241213,-921.4712
20241213,-922.4906
20241213,-923.6064
20241213,-924.6773
20241213,-925.9096
20241213,-927.0851
20241213,-928.2262
20241213,-926.78
20241213,-929.0854
20241213,-930.296
20241213,-931.4636
20241216,-930.4844
20241216,-931.4969
20241216,-932.502
20241216,-932.0082
20241216,-930.5151
20241216,-931.5682
20241216,-930.1247
20241216,-931.1571
20241216,-930.7921
20241216,-931.8216
20241216,-930.396
20241216,-931.4943
20241216,-932.6158
20241216,-933.9145
20241216,-935.3156
20241216,-945.601
20241216,-945.1412
20241216,-946.2004
20241216,-947.3117
20241216,-948.6318
20241217,-949.6631
20241217,-950.6829
20241217,-950.2063
20241217,-951.3031
20241217,-950.8683
20241217,-951.9249
20241217,-953.0715
20241217,-954.1735
20241217,-955.292
20241217,-954.9215
20241217,-956.0848
20241217,-955.6014
20241217,-954.571
20241217,-956.0693
20241218,-954.5705
20241218,-955.5971
20241218,-956.6571
20241218,-957.7051
20241218,-957.2469
20241218,-955.762
20241218,-956.8502
20241218,-957.9901
20241218,-956.5367
20241218,-955.0405
20241218,-953.5443
20241218,-952.0465
20241218,-950.55
20241218,-949.0674
20241218,-947.5924
20241218,-946.0977
20241218,-947.1728
20241218,-945.6853
20241218,-944.1913
20241218,-943.1398
20241219,-942.6624
20241219,-941.1651
20241219,-940.6817
20241219,-941.7036
20241219,-942.722
20241219,-941.2249
20241219,-942.2579
20241219,-940.7743
20241219,-941.7854
20241219,-942.9091
20241219,-942.4301
20241219,-941.9484
20241219,-941.4866
20241219,-941.0138
20241219,-939.5204
20241219,-940.6889
20241219,-940.9108
20241220,-941.9312
20241220,-940.4424
20241220,-938.9489
20241220,-938.4766
20241220,-938.0035
20241220,-939.1896
20241223,-940.2237
20241223,-939.7403
20241223,-939.2585
20241223,-940.2771
20241223,-938.8379
20241223,-938.3561
20241223,-939.3702
20241223,-940.4263
20241223,-939.9503
20241223,-940.9654
20241223,-941.9707
20241223,-941.6782
20241223,-940.5486
20241223,-940.1758
20241223,-939.7122
20241223,-940.8197
20241223,-940.357
20241223,-939.9148
20241223,-939.5091
20241223,-940.6138
20241223,-941.6906
20241224,-941.2812
20241224,-942.3123
20241224,-940.8235
20241224,-941.8481
20241224,-941.3915
20241224,-939.9826
20241224,-938.7693
20241224,-939.8998
20241224,-939.9354
20241226,-941.0298
20241226,-942.2285
20241226,-941.7926
20241226,-942.8333
20241226,-941.339
20241226,-941.8138
20241226,-942.913
20241226,-942.4441
20241226,-942.0048
20241226,-940.5177
20241226,-939.3466
20241226,-940.5497
20241226,-941.7872
20241226,-941.5971
20241226,-940.3052
20241226,-938.8448
20241227,-939.8756
20241227,-940.9251
20241227,-942.0128
20241227,-943.0462
20241227,-944.1341
20241227,-945.2061
20241227,-946.2171
20241227,-947.4325
20241227,-947.1389
20241227,-945.6784
20241227,-948.951
20241227,-950.0083
20241227,-951.057
20241227,-952.4184
20241227,-952.0708
20241227,-953.3238
20241227,-951.838
20241227,-952.8967
20241227,-952.4794
20241227,-953.5593
20241230,-954.6001
20241230,-954.2181
20241230,-955.2652
20241230,-956.2972
20241230,-957.3221
20241230,-958.3525
20241230,-959.3758
20241230,-958.8896
20241230,-959.9144
20241230,-960.9282
20241230,-962.0129
20241230,-961.6421
20241230,-962.8401
20241230,-964.0334
20241231,-965.1005
20241231,-964.012
20241231,-962.9141
20241231,-961.7357
20241231,-962.7587
20241231,-963.7817
20241231,-964.803
20241231,-963.8877
20241231,-962.9078
20241231,-962.5042
20241231,-962.0806
20241231,-961.6518
20241231,-961.1715
20241231,-962.2228
20241231,-960.9215
20241231,-961.9821
20241231,-962.2668
20241231,-963.3029
20241231,-964.3587
20241231,-963.8659
20241231,-963.9957
20241231,-965.0345
20241231,-963.5502
20250102,-964.6264
20250102,-965.6858
20250102,-966.7658
20250102,-967.7932
20250102,-966.2966
20250102,-967.3475
20250102,-968.4103
20250102,-966.918
20250102,-966.2121
20250102,-967.2579
20250102,-966.7679
20250102,-967.2642
20250102,-967.7417
20250102,-966.952
20250102,-966.4904
20250102,-966.2474
20250102,-967.3164
20250102,-968.5887
20250103,-968.1089
20250103,-969.134
20250103,-967.8784
20250103,-968.9045
20250103,-970.0155
20250103,-971.0491
20250103,-969.6329
20250103,-969.2423
20250103,-970.5268
20250103,-971.8994
20250103,-972.9569
20250103,-972.6257
20250106,-972.1431
20250106,-971.6541
20250106,-971.2088
20250106,-970.4626
20250106,-971.5858
20250106,-972.6264
20250106,-972.1798
20250106,-971.7153
20250106,-970.2182
20250106,-969.7913
20250106,-969.6217
20250106,-968.141
20250106,-969.1707
20250106,-979.4101
20250106,-978.9805
20250107,-979.9944
20250107,-981.0013
20250107,-982.0347
20250107,-982.7806
20250107,-983.8108
20250107,-984.8793
20250107,-985.9368
20250107,-987.005
20250107,-986.5442
20250107,-987.7278
20250107,-986.2477
20250107,-984.7584
20250107,-985.8282
20250107,-987.0698
20250107,-985.5829
20250107,-986.7648
20250108,-987.4659
20250108,-988.5362
20250108,-989.5553
20250108,-990.6394
20250108,-991.6888
20250108,-990.2023
20250108,-991.2341
20250108,-992.2418
20250108,-993.3402
20250108,-992.8574
20250108,-993.9818
20250108,-993.4956
20250108,-993.0356
20250108,-994.0813
20250108,-995.1761
20250108,-996.2897
20250108,-996.0469
20250108,-995.6133
20250110,-995.1298
20250110,-993.7133
20250110,-993.227
20250110,-992.7391
20250110,-993.7569
20250110,-992.2657
20250110,-993.3139
20250110,-991.8264
20250110,-991.3941
20250110,-990.8975
20250110,-990.4186
20250110,-990.6673
20250110,-991.6962
20250110,-991.2049
20250110,-992.2108
20250110,-993.2356
20250110,-994.2628
20250110,-995.2824
20250110,-996.3648
20250110,-997.5023
20250110,-998.5445
20250110,-997.611
20250110,-996.7564
20250110,-996.3035
20250110,-997.4752
20250110,-998.5281
20250113,-999.549
20250113,-1000.7438
20250113,-1001.7652
20250113,-1001.2765
20250113,-1002.3856
20250113,-1000.9136
20250113,-1000.59
20250113,-999.6496
20250114,-998.1575
20250114,-997.5064
20250114,-996.0614
20250114,-995.5787
20250114,-995.0922
20250114,-994.6024
20250114,-993.1251
20250114,-994.134
20250114,-995.1711
20250114,-996.1815
20250114,-997.3206
20250114,-996.5728
20250114,-997.5927
20250114,-998.6106
20250114,-999.6529
20250114,-998.1586
20250114,-999.2254
20250114,-997.7409
20250114,-997.2627
20250114,-998.3286
20250114,-999.4421
20250114,-998.0294
20250114,-996.5777
20250114,-997.659
20250114,-996.1666
20250115,-997.2223
20250115,-996.7299
20250115,-995.6621
20250115,-995.493
20250115,-995.013
20250115,-996.0252
20250115,-997.0669
20250115,-998.1378
20250115,-996.6431
20250115,-996.1802
20250115,-997.2105
20250115,-996.5138
20250115,-995.0261
20250115,-993.5376
20250115,-992.6144
20250115,-991.5212
20250115,-990.176
20250115,-988.8428
20250115,-988.4126
20250116,-989.4362
20250116,-988.9584
20250116,-988.2572
20250116,-989.331
20250116,-987.8338
20250116,-988.8733
20250116,-988.705
20250116,-989.7563
20250116,-990.8013
20250116,-994.8111
20250117,-993.3801
20250117,-994.4344
20250117,-995.482
20250117,-994.9922
20250117,-993.6186
20250117,-994.7407
20250117,-995.7741
20250117,-995.6811
20250117,-995.1885
20250117,-996.3103
20250117,-997.3434
20250117,-995.9653
20250117,-997.1098
20250117,-998.1703
20250117,-996.6872
20250117,-997.7359
20250117,-998.7945
20250117,-998.5639
20250117,-999.649
20250117,-998.1843
20250117,-996.7651
20250121,-997.8765
20250121,-996.4788
20250121,-997.5121
20250121,-997.0916
20250121,-996.6037
20250121,-997.6341
20250121,-996.1447
20250121,-994.6585
20250121,-993.1778
20250121,-991.698
20250121,-992.9387
20250121,-994.098
20250121,-993.6349
20250121,-993.2193
20250121,-992.5172
20250121,-993.6152
20250121,-994.6656
20250121,-995.7015
20250121,-996.7221
20250121,-997.7581
20250121,-999.0012
20250122,-998.5275
20250122,-999.5609
20250122,-1000.0223
20250122,-1001.0371
20250122,-1002.0518
20250122,-1001.6068
20250122,-1000.1211
20250122,-999.0484
20250122,-1000.1036
20250122,-999.6679
20250122,-1000.7353
20250122,-1001.8762
20250122,-1002.9322
20250122,-1002.5025
20250122,-1002.2007
20250122,-1003.4882
20250122,-1004.5449
20250122,-1005.5684
20250122,-1006.8019
20250122,-1007.8886
20250123,-1006.9426
20250123,-1005.4753
20250123,-1006.4938
20250123,-1006.0253
20250123,-1005.0203
20250123,-1004.5419
20250123,-1003.0512
20250123,-1004.2215
20250123,-1002.7329
20250123,-1002.2712
20250123,-1003.3247
20250123,-1002.8372
20250123,-1003.8574
20250123,-1003.4327
20250123,-1004.5008
20250123,-1004.6903
20250123,-1005.7081
20250123,-1004.2154
20250123,-1005.2769
20250123,-1005.7267
20250123,-1005.3049
20250124,-1006.4677
20250124,-1007.523
20250124,-1008.5313
20250124,-1007.5333
20250124,-1008.5563
20250124,-1007.0877
20250124,-1006.6259
20250124,-1007.6545
20250124,-1008.6888
20250124,-1009.8473
20250124,-1010.8569
20250124,-1010.4228
20250124,-1009.9539
20250124,-1011.054
20250124,-1009.5605
20250124,-1008.1047
20250124,-1006.6632
20250124,-1005.285
20250127,-1006.3094
20250127,-1007.3229
20250127,-1008.3297
20250127,-1009.3943
20250127,-1007.901
20250127,-1006.4023
20250127,-1004.9069
20250127,-1005.9246
20250127,-1005.5181
20250127,-1006.5423
20250127,-1007.5705
20250127,-1008.0459
20250127,-1009.104
20250127,-1007.6744
20250127,-1008.7506
20250127,-1007.2929
20250127,-1006.8025
20250127,-1006.3361
20250127,-1007.371
20250128,-1006.4603
20250128,-1007.651
20250128,-1006.1608
20250128,-1004.6991
20250128,-1004.2123
20250128,-1002.7171
20250128,-1003.8431
20250128,-1004.9238
20250128,-1005.9644
20250128,-1005.4892
20250128,-1006.5329
20250128,-1006.0436
20250128,-1007.0911
20250129,-1006.6696
20250129,-1006.213
20250129,-1007.2208
20250129,-1008.2601
20250129,-1009.3427
20250129,-1008.8666
20250129,-1008.39
20250129,-1007.9358
20250129,-1007.4638
20250129,-1008.5138
20250129,-1008.0257
20250129,-1007.5549
20250129,-1008.6073
20250129,-1010.0139
20250129,-1011.1981
20250129,-1010.8036
20250129,-1011.8564
20250129,-1014.705
20250129,-1015.7994
20250130,-1016.8112
20250130,-1017.8302
20250130,-1017.4333
20250130,-1018.4464
20250130,-1017.9529
20250130,-1018.9863
20250130,-1020.1187
20250130,-1021.1597
20250130,-1022.3191
20250130,-1021.8839
20250130,-1023.152
20250130,-1022.6915
20250130,-1023.7445
20250130,-1022.2616
20250130,-1023.3348
20250131,-1024.3447
20250131,-1023.8811
20250131,-1024.8985
20250131,-1026.1306
20250131,-1025.6571
20250131,-1024.1637
20250131,-1023.6839
20250131,-1023.2006
20250131,-1024.2168
20250131,-1022.729
20250131,-1021.2358
20250131,-1022.2875
20250131,-1023.32
20250131,-1024.4528
20250131,-1025.5597
20250131,-1026.7677
20250131,-1026.4319
20250131,-1027.4814
20250131,-1026.5005
20250203,-1025.3585
20250203,-1026.3903
20250203,-1024.8966
20250203,-1024.4115
20250203,-1024.5989
20250203,-1024.3392
20250203,-1022.8477
20250203,-1023.8762
20250203,-1023.7976
20250203,-1023.4206
20250204,-1024.5799
20250204,-1024.0888
20250204,-1022.6029
20250204,-1021.6285
20250204,-1021.1448
20250204,-1022.2176
20250204,-1020.7732
20250204,-1020.3264
20250204,-1019.9443
20250204,-1018.4513
20250204,-1018.6386
20250204,-1018.1649
20250204,-1019.204
20250204,-1020.2509
20250204,-1020.2046
20250204,-1021.3538
20250204,-1022.4867
20250204,-1022.1064
20250205,-1023.1226
20250205,-1021.6373
20250205,-1021.1518
20250205,-1019.6628
20250205,-1018.1646
20250205,-1019.273
20250205,-1017.8032
20250205,-1016.3119
20250205,-1014.837
20250205,-1016.0457
20250205,-1015.5552
20250205,-1015.11
20250205,-1016.1243
20250205,-1015.8173
20250205,-1016.8845
20250205,-1017.9786
20250206,-1017.4915
20250206,-1017.0013
20250206,-1018.0491
20250206,-1019.0594
20250206,-1020.0896
20250206,-1018.6106
20250206,-1019.6356
20250206,-1020.6617
20250206,-1021.8361
20250206,-1022.857
20250206,-1023.9377
20250206,-1026.6595
20250206,-1027.7163
20250206,-1026.3343
20250206,-1028.0725
20250206,-1029.4078
20250207,-1030.4535
20250207,-1031.4676
20250207,-1032.4881
20250207,-1032.0848
20250207,-1033.1267
20250207,-1034.1521
20250207,-1035.2605
20250207,-1036.3516
20250207,-1035.8815
20250207,-1036.9454
20250207,-1036.4834
20250207,-1036.1531
20250207,-1035.5226
20250207,-1036.5358
20250210,-1035.3015
20250210,-1036.4133
20250210,-1037.4655
20250210,-1038.5451
20250210,-1037.1323
20250210,-1036.8223
20250210,-1037.9333
20250210,-1037.4871
20250210,-1038.666
20250210,-1039.7025
20250210,-1040.8889
20250210,-1040.0364
20250210,-1038.5629
20250210,-1037.1619
20250210,-1036.7174
20250210,-1035.2479
20250210,-1035.0943
20250211,-1034.6254
20250211,-1033.1406
20250211,-1032.6568
20250211,-1033.666
20250211,-1034.6816
20250211,-1033.2068
20250211,-1032.725
20250211,-1031.2277
20250211,-1029.8282
20250211,-1028.3625
20250211,-1029.4887
20250211,-1031.4224
20250211,-1034.5081
20250211,-1035.6143
20250211,-1036.6563
20250211,-1037.8334
20250211,-1037.0788
20250212,-1038.1205
20250212,-1037.6929
20250212,-1036.9682
20250212,-1038.0322
20250212,-1039.1114
20250212,-1040.1362
20250212,-1039.0581
20250212,-1040.0756
20250212,-1039.5211
20250212,-1040.5624
20250212,-1041.9312
20250212,-1041.404
20250212,-1042.6778
20250212,-1043.9399
20250212,-1042.5887
20250212,-1045.5557
20250212,-1045.2257
20250213,-1046.2637
20250213,-1045.8967
20250213,-1045.4088
20250213,-1043.9779
20250213,-1045.0031
20250213,-1043.5069
20250213,-1044.5381
20250213,-1044.0895
20250213,-1042.6043
20250213,-1041.1541
20250213,-1042.3652
20250213,-1042.0321
20250213,-1041.6378
20250213,-1042.7445
20250213,-1041.6235
20250213,-1042.7113
20250213,-1043.8803
20250213,-1042.4046
20250213,-1041.6387
20250213,-1041.3754
20250213,-1039.9107
20250214,-1039.4355
20250214,-1040.4709
20250214,-1038.9738
20250214,-1037.477
20250214,-1038.5283
20250214,-1039.588
20250214,-1040.7848
20250214,-1041.8385
20250214,-1042.9372
20250214,-1043.9632
20250214,-1045.0172
20250214,-1044.5827
20250214,-1044.1194
20250214,-1044.3039
20250218,-1042.8132
20250218,-1043.8277
20250218,-1042.3657
20250218,-1043.4545
20250218,-1044.5519
20250218,-1043.2196
20250218,-1041.7282
20250218,-1041.3009
20250218,-1042.3753
20250219,-1043.3887
20250219,-1042.8961
20250219,-1043.9265
20250219,-1044.959
20250219,-1046.0842
20250219,-1047.204
20250219,-1048.2354
20250219,-1047.7582
20250219,-1049.1042
20250219,-1050.165
20250219,-1051.3272
20250219,-1052.3819
20250219,-1053.4338
20250219,-1051.9549
20250219,-1053.0093
20250219,-1052.6002
20250219,-1053.6346
20250219,-1053.203
20250220,-1052.7199
20250220,-1051.2706
20250220,-1049.792
20250220,-1049.132
20250220,-1049.2135
20250220,-1049.0083
20250220,-1048.2106
20250220,-1049.4124
20250220,-1052.0804
20250220,-1053.1565
20250220,-1054.234
20250220,-1055.267
20250220,-1056.3701
20250220,-1059.5081
20250220,-1058.0191
20250220,-1057.5521
20250220,-1058.6563
20250221,-1057.1754
20250221,-1055.6782
20250221,-1054.1809
20250221,-1055.2287
20250221,-1054.7459
20250221,-1053.745
20250221,-1054.8105
20250221,-1055.8745
20250221,-1054.3845
20250221,-1052.897
20250221,-1051.4001
20250221,-1050.1875
20250221,-1048.6953
20250221,-1048.2212
20250221,-1049.5416
20250221,-1050.9159
20250221,-1050.5252
20250221,-1049.0386
20250221,-1047.5868
20250221,-1046.2294
20250221,-1045.7466
20250221,-1044.2541
20250221,-1045.3375
20250224,-1043.8468
20250224,-1042.359
20250224,-1041.8891
20250224,-1040.3909
20250224,-1038.9003
20250224,-1038.4069
20250224,-1037.9259
20250224,-1037.4313
20250224,-1036.9438
20250224,-1036.4561
20250224,-1035.9622
20250224,-1034.475
20250224,-1034.8739
20250224,-1033.3817
20250224,-1032.9339
20250224,-1031.7654
20250224,-1032.8409
20250224,-1033.859
20250224,-1034.891
20250224,-1035.932
20250224,-1037.0633
20250224,-1038.2628
20250224,-1036.7942
20250224,-1037.8255
20250225,-1036.3311
20250225,-1034.8357
20250225,-1033.3783
20250225,-1032.8857
20250225,-1031.3877
20250225,-1029.8928
20250225,-1029.6455
20250225,-1028.1478
20250225,-1026.8828
20250225,-1025.4189
20250225,-1023.9208
20250225,-1022.43
20250225,-1021.9528
20250225,-1021.4877
20250225,-1020.9957
20250225,-1019.5019
20250225,-1018.0032
20250225,-1016.5096
20250225,-1016.1783
20250225,-1014.7021
20250225,-1014.2174
20250225,-1012.7238
20250225,-1012.2383
20250225,-1011.7575
20250225,-1011.47
20250225,-1012.4886
20250225,-1011.0612
20250225,-1010.8935
20250226,-1010.426
20250226,-1009.4317
20250226,-1010.4502
20250226,-1011.4586
20250226,-1012.5588
20250226,-1011.103
20250226,-1010.6248
20250226,-1010.1519
20250226,-1010.4096
20250226,-1009.9479
20250226,-1009.5162
20250226,-1009.3834
20250226,-1009.3757
20250227,-1008.2635
20250227,-1007.7783
20250227,-1008.8028
20250227,-1007.3067
20250227,-1008.312
20250227,-1007.8337
20250227,-1007.366
20250227,-1008.4183
20250227,-1007.9805
20250227,-1009.1015
20250227,-1010.4111
20250227,-1008.928
20250227,-1007.4441
20250227,-1005.9616
20250227,-1005.5223
20250227,-1005.0393
20250227,-1003.9699
20250228,-1003.4899
20250228,-1002.9999
20250228,-1001.5513
20250228,-1002.5943
20250228,-1003.6219
20250228,-1004.6673
20250228,-1005.6969
20250228,-1006.7803
20250228,-1005.4228
20250228,-1006.463
20250228,-1004.9763
20250228,-1004.5183
20250228,-1007.1971
20250228,-1006.1523
20250303,-1007.1698
20250303,-1008.2251
20250303,-1009.2837
20250303,-1010.3243
20250303,-1009.8357
20250303,-1008.3411
20250303,-1009.3746
20250304,-1008.8814
20250304,-1009.9071
20250304,-1010.9357
20250305,-1009.5315
20250305,-1008.0571
20250305,-1009.6041
20250305,-1008.1689
20250305,-1007.6921
20250305,-1007.2122
20250305,-1005.8075
20250305,-1006.8553
20250305,-1006.377
20250305,-1005.9091
20250305,-1005.4352
20250305,-1006.4732
20250305,-1007.5035
20250305,-1008.5555
20250305,-1008.0888
20250305,-1009.1099
20250305,-1010.1498
20250305,-1009.7567
20250305,-1010.7849
20250306,-1010.2915
20250306,-1011.3238
20250306,-1010.8384
20250306,-1010.364
20250306,-1008.9301
20250306,-1008.4488
20250306,-1009.4714
20250306,-1007.9902
20250306,-1009.0493
20250306,-1010.0795
20250306,-1011.1233
20250306,-1012.155
20250306,-1013.3134
20250306,-1014.3539
20250306,-1015.3941
20250307,-1016.4144
20250307,-1017.4439
20250307,-1018.4554
20250307,-1019.5171
20250307,-1019.0283
20250307,-1017.5622
20250307,-1017.0708
20250307,-1018.1022
20250307,-1017.6107
20250307,-1017.1188
20250307,-1016.6333
20250307,-1015.1385
20250307,-1016.1621
20250307,-1017.2156
20250307,-1018.2701
20250307,-1018.4912
20250307,-1019.5245
20250310,-1018.0264
20250310,-1016.5389
20250310,-1015.0404
20250310,-1014.5726
20250310,-1015.5988
20250310,-1015.107
20250310,-1014.619
20250310,-1013.1206
20250310,-1011.6313
20250310,-1010.1436
20250310,-1008.6491
20250310,-1009.6628
20250310,-1009.2133
20250310,-1007.7186
20250310,-1008.742
20250310,-1007.2454
20250310,-1005.8035
20250310,-1005.317
20250310,-1004.9598
20250310,-1003.5317
20250310,-1002.0547
20250311,-1003.0661
20250311,-1002.6238
20250311,-1001.1298
20250311,-1000.6445
20250311,-1001.6902
20250311,-1001.1982
20250311,-1002.2137
20250311,-1003.2277
20250311,-1002.7837
20250311,-1002.3002
20250311,-1003.3068
20250311,-1004.3253
20250311,-1005.3343
20250311,-1006.4927
20250311,-1005.0024
20250311,-1006.1768
20250311,-1004.6849
20250311,-1005.7573
20250311,-1005.299
20250311,-1006.3264
20250311,-1007.3449
20250311,-1008.4364
20250312,-1006.9401
20250312,-1006.4504
20250312,-1007.0509
20250312,-1005.5534
20250312,-1004.0588
20250312,-1003.579
20250312,-1004.6001
20250312,-1004.1258
20250312,-1002.6346
20250312,-1001.158
20250312,-1002.1895
20250312,-1003.3869
20250312,-1001.8927
20250312,-1001.4462
20250312,-1002.5457
20250312,-1002.0721
20250312,-1001.7018
20250312,-1002.7658
20250312,-1003.82
20250313,-1002.959
20250313,-1003.9816
20250313,-1005.0361
20250313,-1006.052
20250313,-1007.0716
20250313,-1005.5776
20250313,-1006.6509
20250313,-1006.2893
20250313,-1005.92
20250313,-1004.4431
20250313,-1002.9848
20250313,-1004.0254
20250314,-1003.5387
20250314,-1003.0463
20250314,-1004.0671
20250314,-1005.0845
20250314,-1004.4641
20250314,-1005.5026
20250314,-1006.5479
20250314,-1007.5846
20250317,-1007.0949
20250317,-1007.3581
20250317,-1008.3924
20250317,-1009.4048
20250317,-1007.9192
20250317,-1006.4239
20250317,-1005.9491
20250317,-1004.4787
20250317,-1003.0137
20250317,-1004.0905
20250317,-1003.6183
20250317,-1004.6727
20250317,-1005.743
20250317,-1006.8166
20250317,-1008.0073
20250318,-1009.0386
20250318,-1010.0558
20250318,-1009.6074
20250318,-1010.658
20250318,-1011.6889
20250318,-1011.2592
20250318,-1012.3626
20250318,-1013.698
20250318,-1014.7396
20250319,-1014.2622
20250319,-1013.7944
20250319,-1012.3017
20250319,-1011.8709
20250319,-1010.9338
20250319,-1010.0554
20250319,-1008.6084
20250319,-1007.9275
20250319,-1007.4363
20250319,-1005.9484
20250319,-1006.9611
20250319,-1008.2256
20250319,-1009.7795
20250319,-1009.4296
20250320,-1010.4573
20250320,-1009.9677
20250320,-1008.5283
20250320,-1007.0428
20250320,-1006.5769
20250320,-1006.2233
20250320,-1004.7858
20250320,-1003.3342
20250320,-1002.9065
20250320,-1002.4795
20250320,-1002.0278
20250320,-1000.5801
20250320,-999.1092
20250320,-998.6472
20250320,-997.1835
20250320,-998.2113
20250320,-997.8522
20250320,-998.9306
20250320,-1000.171
20250320,-999.8357
20250320,-1000.8759
20250320,-999.3881
20250320,-1000.4135
20250320,-1000.4684
20250321,-999.9851
20250321,-1001.0016
20250321,-999.5066
20250321,-999.029
20250321,-997.5504
20250321,-997.0842
20250321,-996.2037
20250321,-997.2658
20250321,-998.2921
20250321,-996.7999
20250321,-998.3931
20250324,-997.7585
20250324,-998.7773
20250324,-998.502
20250324,-999.5245
20250324,-999.0601
20250324,-1000.2228
20250324,-999.9135
20250324,-1001.0031
20250324,-1002.1113
20250324,-1003.2209
20250324,-1001.7321
20250324,-1000.7679
20250324,-1001.8098
20250325,-1002.8474
20250325,-1002.3669
20250325,-1003.398
20250325,-1004.4331
20250325,-1005.4701
20250325,-1006.6615
20250325,-1007.7586
20250325,-1008.8338
20250325,-1008.3491
20250325,-1009.393
20250325,-1010.5043
20250325,-1010.0388
20250325,-1011.1102
20250325,-1012.1417
20250325,-1011.7235
20250325,-1012.8252
20250325,-1011.4335
20250325,-1012.4928
20250326,-1012.0269
20250326,-1010.539
20250326,-1011.6904
20250326,-1012.7409
20250326,-1011.2793
20250326,-1015.1213
20250326,-1013.6442
20250326,-1014.8532
20250326,-1013.4614
20250327,-1011.9645
20250327,-1011.5508
20250327,-1012.5681
20250327,-1012.105
20250327,-1013.2312
20250327,-1014.3539
20250327,-1015.5046
20250327,-1017.0055
20250327,-1016.6167
20250328,-1015.1243
20250328,-1013.6594
20250328,-1014.7124
20250328,-1013.2853
20250328,-1011.7868
20250328,-1010.2945
20250328,-1009.9268
20250328,-1009.3087
20250328,-1010.351
20250328,-1011.3988
20250328,-1012.4231
20250328,-1011.0142
20250328,-1012.06
20250328,-1012.8478
20250328,-1013.8881
20250328,-1014.971
20250328,-1016.0738
20250328,-1017.1657
20250328,-1018.2276
20250328,-1019.2712
20250331,-1020.3296
20250331,-1021.3567
20250331,-1022.3732
20250331,-1023.4142
20250331,-1021.9163
20250331,-1023.0711
20250401,-1024.1304
20250401,-1023.6472
20250401,-1023.1679
20250401,-1024.1891
20250401,-1025.2202
20250401,-1026.2586
20250401,-1025.7716
20250401,-1026.8232
20250401,-1027.838
20250401,-1027.359
20250401,-1026.7447
20250401,-1027.7764
20250401,-1027.294
20250401,-1028.3171
20250401,-1029.3394
20250401,-1030.3729
20250401,-1031.3964
20250401,-1030.9118
20250401,-1031.9532
20250401,-1033.2169
20250401,-1034.5175
20250401,-1035.5808
20250401,-1036.6156
20250401,-1037.7119
20250401,-1036.2169
20250401,-1035.5069
20250401,-1035.0674
20250402,-1033.5727
20250402,-1033.0593
20250402,-1031.562
20250402,-1032.5982
20250402,-1031.108
20250402,-1030.6288
20250402,-1031.6756
20250402,-1030.1994
20250402,-1029.7296
20250402,-1031.2244
20250402,-1032.3872
20250402,-1030.8934
20250402,-1030.2663
20250402,-1029.296
20250402,-1028.0105
20250402,-1027.4901
20250402,-1026.5197
20250402,-1025.4403
20250402,-1025.4288
20250402,-1025.0392
20250402,-1024.0362
20250403,-1025.0547
20250403,-1023.5609
20250403,-1022.0676
20250403,-1023.0843
20250403,-1024.1031
20250403,-1025.1156
20250403,-1024.687
20250403,-1023.2033
20250403,-1024.2629
20250403,-1026.0988
20250403,-1024.6119
20250403,-1023.1961
20250403,-1024.227
20250403,-1025.362
20250403,-1024.8885
20250403,-1024.661
20250403,-1024.7407
20250403,-1025.002
20250404,-1024.5179
20250404,-1023.0194
20250404,-1021.5256
20250404,-1021.0649
20250404,-1020.5709
20250404,-1019.0733
20250404,-1018.5806
20250404,-1017.1146
20250404,-1018.1252
20250404,-1017.6995
20250404,-1017.2205
20250404,-1015.729
20250404,-1016.7486
20250404,-1017.7605
20250404,-1018.7667
20250404,-1017.2867
20250404,-1018.3217
20250404,-1019.3732
20250408,-1020.4112
20250408,-1021.4206
20250408,-1022.439
20250409,-1023.4466
20250409,-1024.469
20250409,-1025.4979
20250409,-1026.5407
20250409,-1027.5571
20250409,-1028.5953
20250409,-1027.1046
20250409,-1026.6301
20250409,-1027.643
20250409,-1028.6555
20250409,-1029.6667
20250409,-1030.6786
20250409,-1029.1806
20250409,-1027.685
20250409,-1026.1891
20250409,-1025.7057
20250410,-1026.7192
20250410,-1026.2312
20250411,-1027.2433
20250411,-1028.2568
20250411,-1029.2729
20250411,-1030.2849
20250411,-1031.311
20250411,-1032.3218
20250411,-1030.8267
20250411,-1031.8396
20250411,-1032.8493
20250411,-1033.8579
20250411,-1034.8677
20250411,-1035.8976
20250411,-1034.8029
20250411,-1035.8157
20250411,-1034.3193
20250411,-1035.3461
20250411,-1036.3765
20250411,-1037.409
20250411,-1035.9195
20250411,-1036.9419
20250411,-1035.4806
20250411,-1036.5098
20250414,-1036.0786
20250414,-1037.0989
20250414,-1038.1311
20250414,-1039.1708
20250414,-1040.1864
20250414,-1041.2228
20250414,-1039.7252
20250414,-1044.0748
20250414,-1043.7084
20250414,-1043.2761
20250414,-1044.4327
20250415,-1045.4658
20250415,-1046.5457
20250415,-1046.0547
20250415,-1044.5698
20250415,-1045.595
20250415,-1046.6217
20250415,-1047.6449
20250415,-1046.3945
20250415,-1047.4044
20250415,-1048.4348
20250415,-1049.4771
20250415,-1050.4985
20250415,-1051.5352
20250415,-1051.0566
20250415,-1050.5731
20250415,-1051.6014
20250415,-1052.6446
20250415,-1052.1717
20250415,-1051.7263
20250415,-1050.2307
20250415,-1051.2967
20250416,-1050.8121
20250416,-1051.8396
20250416,-1052.8629
20250416,-1053.8946
20250416,-1053.4199
20250416,-1054.4369
20250416,-1055.5165
20250416,-1054.0246
20250416,-1055.0848
20250416,-1056.1723
20250416,-1054.675
20250416,-1054.2522
20250416,-1052.7597
20250416,-1053.799
20250416,-1052.3079
20250416,-1050.8282
20250416,-1051.8394
20250416,-1052.8642
20250416,-1052.3778
20250416,-1050.9067
20250416,-1051.9399
20250417,-1050.4566
20250417,-1048.9668
20250417,-1047.4818
20250417,-1045.9891
20250417,-1047.0125
20250417,-1048.0325
20250417,-1049.0538
20250417,-1048.5754
20250417,-1048.0965
20250417,-1047.6168
20250417,-1048.6467
20250417,-1049.6754
20250417,-1050.7051
20250417,-1050.2913
20250417,-1051.3205
20250417,-1052.3371
20250417,-1052.0392
20250417,-1053.5486
20250417,-1054.6039
20250421,-1053.115
20250421,-1052.6308
20250421,-1051.1385
20250421,-1049.6476
20250421,-1048.1595
20250421,-1046.6631
20250421,-1046.1853
20250421,-1045.6942
20250421,-1044.2778
20250421,-1043.6498
20250421,-1043.1969
20250421,-1042.7124
20250421,-1041.2318
20250421,-1042.2536
20250421,-1041.7713
20250421,-1042.8066
20250421,-1042.1314
20250421,-1041.7455
20250421,-1042.9743
20250421,-1044.7438
20250421,-1045.7878
20250421,-1047.0862
20250422,-1046.5967
20250422,-1045.1313
20250422,-1043.6349
20250422,-1042.1643
20250422,-1043.1898
20250422,-1044.4263
20250422,-1042.9388
20250422,-1043.973
20250423,-1043.4875
20250423,-1044.5031
20250423,-1045.5242
20250423,-1046.532
20250423,-1046.0806
20250423,-1047.1263
20250423,-1048.1427
20250423,-1049.1584
20250423,-1049.6907
20250423,-1048.2076
20250424,-1046.7136
20250424,-1045.2256
20250424,-1043.7298
20250424,-1044.8047
20250424,-1043.6654
20250424,-1042.39
20250424,-1040.917
20250424,-1041.9674
20250424,-1043.1133
20250424,-1044.1584
20250424,-1042.6816
20250424,-1042.3162
20250425,-1041.835
20250425,-1042.8542
20250425,-1042.4049
20250425,-1043.4477
20250425,-1042.9654
20250425,-1041.4754
20250425,-1041.1959
20250425,-1042.252
20250425,-1043.4
20250425,-1043.1284
20250425,-1041.6669
20250425,-1043.6669
20250425,-1042.1928
20250425,-1041.7232
20250425,-1042.7516
20250425,-1041.2961
20250425,-1042.3632
20250425,-1043.6656
20250425,-1045.0241
20250425,-1043.5376
20250425,-1044.7003
20250425,-1045.9271
20250428,-1046.9368
20250428,-1045.4634
20250428,-1050.8605
20250428,-1052.0027
20250428,-1051.635
20250429,-1051.1561
20250429,-1050.0492
20250429,-1051.1232
20250429,-1050.6412
20250429,-1050.6488
20250429,-1050.163
20250429,-1050.5345
20250429,-1049.6519
20250429,-1050.6723
20250429,-1050.1833
20250429,-1049.9452
20250429,-1049.522
20250429,-1049.0997
20250429,-1050.1301
20250429,-1051.2673
20250429,-1052.3549
20250429,-1053.3972
20250429,-1051.9112
20250429,-1052.9859
20250430,-1051.4951
20250430,-1052.5264
20250430,-1051.0307
20250430,-1052.0463
20250430,-1051.5683
20250430,-1051.1757
20250430,-1052.3487
20250430,-1053.394
20250430,-1054.6399
20250430,-1055.759
20250430,-1056.8847
20250501,-1057.8975
20250501,-1058.9086
20250501,-1057.422
20250501,-1058.4455
20250501,-1056.9501
20250501,-1057.9652
20250501,-1059.1402
20250501,-1058.6759
20250501,-1059.8122
20250501,-1060.9095
20250501,-1061.9947
20250501,-1063.1639
20250501,-1064.2453
20250501,-1065.2869
20250502,-1066.299
20250502,-1067.3395
20250502,-1068.3688
20250502,-1066.8708
20250502,-1066.39
20250502,-1065.9197
20250502,-1067.0113
20250502,-1066.1533
20250502,-1067.1693
20250502,-1065.6854
20250502,-1065.2095
20250502,-1063.7902
20250502,-1063.0582
20250502,-1062.6301
20250502,-1061.1596
20250502,-1060.6866
20250502,-1060.7604
20250502,-1061.7861
20250502,-1062.8059
20250502,-1063.8223
20250502,-1064.9029
20250502,-1066.4981
20250502,-1066.3063
20250502,-1068.0132
20250505,-1068.7078
20250505,-1069.7278
20250505,-1068.9972
20250505,-1068.5159
20250505,-1069.5406
20250505,-1069.07
20250505,-1068.5403
20250505,-1067.9935
20250505,-1067.4309
20250505,-1068.4833
20250505,-1069.5045
20250505,-1070.6467
20250505,-1069.1689
20250505,-1068.7067
20250505,-1069.7439
20250505,-1071.2269
20250505,-1069.7861
20250505,-1069.3892
20250505,-1070.4378
20250505,-1068.9909
20250505,-1068.5252
20250505,-1068.0924
20250506,-1069.1418
20250506,-1067.6962
20250506,-1067.2205
20250506,-1066.743
20250506,-1066.2575
20250506,-1064.7641
20250506,-1063.2715
20250506,-1062.7971
20250506,-1061.308
20250506,-1062.3305
20250506,-1061.8788
20250506,-1061.3975
20250506,-1060.9193
20250506,-1062.0353
20250506,-1063.1633
20250506,-1064.3087
20250506,-1065.4378
20250506,-1066.6684
20250507,-1067.6804
20250507,-1068.6958
20250507,-1069.9441
20250507,-1068.4607
20250507,-1069.508
20250507,-1070.5338
20250507,-1069.0544
20250507,-1070.075
20250507,-1068.5815
20250507,-1069.7881
20250507,-1069.359
20250507,-1068.888
20250507,-1068.4793
20250507,-1069.5016
20250507,-1069.0927
20250507,-1068.6125
20250507,-1068.1498
20250507,-1068.3427
20250507,-1068.5111
20250507,-1068.6524
20250508,-1068.1841
20250508,-1067.7118
20250508,-1068.8774
20250508,-1067.3915
20250508,-1068.5054
20250508,-1067.0071
20250508,-1066.5274
20250508,-1065.0387
20250508,-1063.5546
20250508,-1064.5733
20250508,-1063.0816
20250508,-1064.1398
20250508,-1065.1845
20250508,-1069.0483
20250508,-1070.2196
20250509,-1071.2239
20250509,-1072.2658
20250509,-1073.2964
20250509,-1073.6178
20250509,-1075.2185
20250509,-1076.2409
20250509,-1077.2913
20250509,-1077.1037
20250512,-1078.2442
20250512,-1076.7735
20250512,-1075.283
20250512,-1074.8976
20250512,-1075.9488
20250512,-1076.9923
20250512,-1077.1485
20250512,-1078.1863
20250512,-1079.2281
20250512,-1078.7676
20250512,-1078.3659
20250513,-1079.3928
20250513,-1077.9058
20250513,-1076.4122
20250513,-1074.9224
20250513,-1075.9609
20250513,-1074.4721
20250513,-1072.9786
20250513,-1072.501
20250513,-1072.0975
20250513,-1071.6914
20250513,-1072.7024
20250513,-1073.7679
20250513,-1074.8176
20250513,-1075.8618
20250513,-1074.7909
20250513,-1074.1465
20250513,-1075.1719
20250513,-1076.2085
20250513,-1074.7112
20250513,-1073.2176
20250513,-1072.7533
20250513,-1072.3161
20250513,-1073.4172
20250513,-1074.7379
20250513,-1075.9618
20250513,-1077.37
20250514,-1078.5067
20250514,-1079.5372
20250514,-1080.5611
20250514,-1080.0698
20250514,-1079.5902
20250514,-1080.6187
20250514,-1079.1383
20250514,-1077.7388
20250514,-1077.2629
20250514,-1077.3921
20250514,-1078.4095
20250514,-1077.9539
20250514,-1079.0188
20250514,-1078.5499
20250514,-1077.7801
20250514,-1077.4346
20250515,-1078.4563
20250515,-1076.9715
20250515,-1077.9942
20250515,-1078.0313
20250515,-1079.0945
20250515,-1080.1066
20250515,-1078.6152
20250515,-1077.1334
20250515,-1078.2308
20250515,-1077.7726
20250515,-1076.2819
20250515,-1076.8238
20250516,-1076.9392
20250516,-1077.9705
20250516,-1077.4915
20250516,-1078.5343
20250516,-1078.0671
20250516,-1077.5767
20250516,-1077.1133
20250516,-1078.2606
20250516,-1079.3332
20250516,-1080.591
20250516,-1080.3376
20250516,-1081.3638
20250516,-1083.1157
20250519,-1081.6236
20250519,-1082.6527
20250519,-1082.0211
20250519,-1080.6457
20250519,-1080.1595
20250519,-1081.2498
20250519,-1080.7575
20250519,-1080.2818
20250519,-1079.902
20250519,-1080.94
20250519,-1081.3961
20250519,-1079.9133
20250519,-1081.1488
20250519,-1082.3695
20250519,-1083.961
20250519,-1085.0294
20250519,-1084.6391
20250519,-1083.1701
20250520,-1084.2134
20250520,-1085.236
20250520,-1086.2414
20250520,-1087.2788
20250520,-1088.2995
20250520,-1089.4979
20250520,-1090.5429
20250520,-1089.5948
20250520,-1090.6235
20250520,-1091.6895
20250520,-1093.0563
20250520,-1094.0975
20250520,-1095.1768
20250520,-1096.2752
20250520,-1095.8055
20250520,-1096.9841
20250520,-1098.1783
20250520,-1099.3322
20250520,-1097.8372
20250521,-1098.9121
20250521,-1098.4357
20250521,-1099.4937
20250521,-1100.5526
20250521,-1101.6178
20250521,-1102.6306
20250521,-1101.1398
20250521,-1099.6586
20250521,-1099.2871
20250521,-1100.3127
20250521,-1099.5604
20250521,-1099.0668
20250521,-1098.3694
20250521,-1098.0279
20250521,-1099.0517
20250521,-1100.1538
20250521,-1101.4374
20250522,-1102.5147
20250522,-1101.0203
20250522,-1102.0608
20250522,-1103.1196
20250522,-1104.1797
20250522,-1103.8163
20250523,-1104.8331
20250523,-1104.3522
20250523,-1105.4174
20250523,-1106.4826
20250523,-1106.4127
20250527,-1104.9223
20250527,-1105.9568
20250527,-1104.9464
20250527,-1103.4543
20250527,-1101.9964
20250527,-1100.5399
20250527,-1099.0761
20250527,-1100.4619
20250527,-1101.9277
20250527,-1103.1231
20250527,-1104.3327
20250527,-1103.9582
20250527,-1105.0437
20250528,-1106.0958
20250528,-1107.1259
20250528,-1105.6356
20250528,-1106.6941
20250528,-1106.2285
20250528,-1104.7408
20250528,-1105.9409
20250528,-1107.0169
20250528,-1105.5603
20250529,-1106.6085
20250529,-1105.112
20250529,-1103.6259
20250529,-1104.7332
20250529,-1106.01
20250530,-1105.5449
20250530,-1106.5797
20250530,-1107.6049
20250530,-1106.1094
20250530,-1104.6138
20250530,-1103.1304
20250530,-1101.7701
20250530,-1101.3418
20250530,-1099.8491
20250530,-1098.3561
20250530,-1096.8746
20250530,-1096.3978
20250530,-1097.4222
20250530,-1098.4461
20250530,-1099.4754
20250530,-1100.5159
20250530,-1101.5749
20250530,-1103.2546
20250530,-1104.2687
20250530,-1106.7638
20250530,-1107.8237
20250530,-1108.8593
20250530,-1110.1141
20250530,-1111.313
20250602,-1112.3335
20250602,-1113.3734
20250602,-1113.6791
20250602,-1114.709
20250602,-1115.0575
20250602,-1116.1227
20250602,-1117.1367
20250602,-1118.1759
20250602,-1119.2116
20250602,-1120.2599
20250602,-1121.5325
20250602,-1121.6375
20250602,-1122.742
20250602,-1121.2511
20250602,-1122.3915
20250602,-1120.9769
20250603,-1119.5196
20250603,-1120.5452
20250603,-1119.0603
20250603,-1118.6
20250603,-1117.1095
20250603,-1115.6202
20250603,-1116.717
20250603,-1117.7465
20250603,-1117.2981
20250603,-1118.3404
20250603,-1119.5651
20250603,-1120.8654
20250603,-1122.0665
20250603,-1121.6191
20250603,-1122.6318
20250603,-1123.8809
20250603,-1123.466
20250603,-1122.2147
20250603,-1124.2146
20250603,-1123.8809
20250604,-1124.9729
20250604,-1124.501
20250604,-1125.5388
20250604,-1124.0418
20250604,-1122.5706
20250604,-1124.0091
20250604,-1125.258
20250605,-1126.2693
20250605,-1125.7854
20250605,-1126.8192
20250605,-1126.3688
20250605,-1127.3836
20250605,-1126.911
20250605,-1126.4411
20250605,-1125.976
20250605,-1127.0117
20250605,-1128.0408
20250605,-1127.579
20250605,-1128.6056
20250605,-1128.2829
20250605,-1127.8963
20250605,-1131.2075
20250605,-1132.2886
20250606,-1133.312
20250606,-1134.3185
20250606,-1132.825
20250606,-1132.3467
20250606,-1133.3787
20250606,-1131.9231
20250606,-1132.9881
20250606,-1131.5187
20250606,-1132.7204
20250606,-1134.242
20250606,-1135.305
20250606,-1136.3961
20250606,-1135.9188
20250606,-1135.1424
20250606,-1140.166
20250609,-1141.2278
20250609,-1142.2524
20250609,-1140.7629
20250609,-1139.2896
20250609,-1140.3283
20250609,-1141.3432
20250609,-1142.369
20250609,-1143.3997
20250609,-1144.4583
20250609,-1145.5341
20250609,-1146.5909
20250609,-1145.1469
20250609,-1143.6714
20250609,-1144.8111
20250609,-1145.9118
20250609,-1145.4603
20250609,-1145.0195
20250610,-1146.0297
20250610,-1147.0525
20250610,-1145.5639
20250610,-1145.1025
20250610,-1143.6126
20250610,-1143.1304
20250610,-1142.6647
20250610,-1142.2484
20250610,-1143.3997
20250610,-1144.4778
20250610,-1145.555
20250610,-1146.6198
20250610,-1146.2561
20250610,-1147.3097
20250610,-1148.572
20250610,-1148.1415
20250611,-1146.6443
20250611,-1147.0282
20250611,-1145.5389
20250611,-1145.0652
20250611,-1146.1037
20250611,-1147.1636
20250611,-1146.6727
20250611,-1145.2204
20250611,-1146.3289
20250611,-1144.8937
20250611,-1144.4169
20250611,-1143.6365
20250611,-1142.3227
20250612,-1143.4139
20250612,-1142.9274
20250612,-1141.4394
20250612,-1139.9611
20250612,-1141.0066
20250612,-1139.5283
20250612,-1138.0423
20250612,-1136.5502
20250612,-1136.0679
20250612,-1135.5994
20250612,-1136.612
20250612,-1135.2206
20250612,-1134.787
20250612,-1135.9374
20250612,-1135.9623
20250612,-1138.2592
20250613,-1136.7652
20250613,-1137.7937
20250613,-1138.8707
20250613,-1138.3999
20250613,-1139.4238
20250613,-1140.5313
20250613,-1140.059
20250613,-1141.0856
20250613,-1142.1276
20250613,-1143.2143
20250613,-1142.846
20250613,-1141.5587
20250613,-1141.0837
20250613,-1140.8049
20250613,-1140.4328
20250616,-1139.5302
20250616,-1138.0349
20250616,-1139.2596
20250616,-1140.4463
20250616,-1141.5243
20250616,-1141.2923
20250616,-1142.3563
20250616,-1142.0575
20250617,-1143.0942
20250617,-1144.1353
20250617,-1145.1808
20250617,-1146.2844
20250617,-1147.3224
20250617,-1146.9168
20250617,-1147.9701
20250617,-1148.9882
20250617,-1150.0225
20250617,-1151.0631
20250617,-1152.2261
20250617,-1153.38
20250617,-1154.4376
20250617,-1153.0163
20250617,-1151.546
20250617,-1152.7072
20250618,-1152.231
20250618,-1150.7416
20250618,-1149.2539
20250618,-1147.7999
20250618,-1148.8182
20250618,-1148.3413
20250618,-1148.8745
20250618,-1149.9207
20250618,-1150.0965
20250618,-1150.4734
20250618,-1150.4077
20250618,-1151.4892
20250618,-1151.5571
20250620,-1150.06
20250620,-1149.5654
20250620,-1148.0793
20250620,-1146.5874
20250620,-1145.1057
20250620,-1146.2291
20250620,-1144.7416
20250620,-1144.2814
20250620,-1143.796
20250620,-1142.3206
20250620,-1143.3594
20250620,-1144.4908
20250620,-1144.0229
20250620,-1145.0597
20250620,-1146.1022
20250623,-1145.6316
20250623,-1146.6798
20250623,-1146.1877
20250623,-1147.2001
20250623,-1148.2375
20250623,-1147.8059
20250623,-1146.33
20250623,-1144.8436
20250623,-1145.8783
20250623,-1146.9099
20250623,-1147.9472
20250623,-1148.9885
20250623,-1150.0039
20250623,-1151.0469
20250623,-1150.1335
20250623,-1149.9393
20250623,-1151.0383
20250623,-1149.9526
20250624,-1148.4722
20250624,-1146.9793
20250624,-1145.5151
20250624,-1146.5679
20250624,-1147.6413
20250624,-1148.6811
20250624,-1148.2426
20250624,-1147.7828
20250624,-1148.0299
20250625,-1149.057
20250625,-1147.5587
20250625,-1148.634
20250625,-1149.6771
20250625,-1150.74
20250625,-1150.2567
20250625,-1152.2005
20250625,-1153.4281
20250625,-1152.9868
20250625,-1152.8532
20250626,-1151.651
20250626,-1152.6594
20250626,-1151.8187
20250626,-1150.3307
20250626,-1151.1664
20250626,-1150.6884
20250626,-1150.2444
20250626,-1148.75
20250626,-1147.6326
20250626,-1148.7073
20250626,-1148.4805
20250626,-1149.7132
20250626,-1148.7094
20250626,-1149.8175
20250626,-1151.0791
20250626,-1150.7533
20250626,-1151.4183
20250626,-1151.0178
20250626,-1152.3097
20250626,-1150.926
20250627,-1149.4445
20250627,-1148.9707
20250627,-1148.5935
20250627,-1147.1133
20250627,-1145.7184
20250627,-1146.7483
20250627,-1145.2532
20250627,-1143.7893
20250627,-1144.9118
20250627,-1146.0674
20250627,-1145.6153
20250627,-1145.1686
20250627,-1146.2931
20250627,-1147.3745
20250627,-1145.8887
20250627,-1146.9058
20250627,-1146.5895
20250630,-1147.6816
20250630,-1148.7033
20250630,-1149.7613
20250630,-1150.8297
20250630,-1151.8577
20250630,-1152.8803
20250630,-1153.9997
20250630,-1152.7008
20250630,-1151.2321
20250630,-1152.2894
20250630,-1153.4589
20250630,-1152.5226
20250630,-1151.4321
20250701,-1152.5062
20250701,-1151.016
20250701,-1152.0339
20250701,-1153.0478
20250701,-1154.118
20250701,-1155.2627
20250701,-1156.3423
20250701,-1157.367
20250701,-1158.3856
20250701,-1156.8935
20250701,-1157.9176
20250701,-1156.4274
20250701,-1154.9361
20250701,-1156.019
20250701,-1155.6889
20250701,-1154.196
20250701,-1155.4026
20250701,-1153.9106
20250701,-1154.948
20250701,-1155.9672
20250701,-1155.5493
20250701,-1158.2346
20250702,-1159.2552
20250702,-1160.2791
20250702,-1161.317
20250702,-1159.8328
20250702,-1160.9036
20250702,-1162.0455
20250702,-1163.6079
20250702,-1162.1634
20250702,-1160.935
20250702,-1162.1097
20250702,-1160.6525
20250702,-1159.16
20250702,-1159.3006
20250702,-1158.8713
20250702,-1161.0904
20250702,-1160.6794
20250703,-1160.2583
20250703,-1160.1837
20250703,-1159.1215
20250703,-1160.192
20250703,-1159.7113
20250703,-1158.2395
20250703,-1156.7534
20250703,-1157.7823
20250703,-1156.2857
20250703,-1157.3269
20250703,-1157.772
20250703,-1157.2933
20250703,-1158.338
20250703,-1158.965
20250703,-1160.0808
20250703,-1161.535
20250707,-1162.5498
20250707,-1163.6691
20250707,-1164.1382
20250707,-1165.169
20250707,-1166.2044
20250707,-1165.7209
20250707,-1165.2829
20250707,-1165.0296
20250707,-1166.0675
20250707,-1167.1028
20250707,-1165.6087
20250707,-1164.1552
20250707,-1162.6843
20250707,-1161.2338
20250708,-1159.7732
20250708,-1160.9145
20250708,-1159.4266
20250708,-1158.9885
20250708,-1157.4993
20250708,-1157.1422
20250708,-1158.2258
20250708,-1159.2956
20250708,-1157.845
20250708,-1157.4208
20250708,-1158.4873
20250708,-1157.0523
20250708,-1158.3379
20250708,-1158.0524
20250708,-1156.6049
20250708,-1155.6022
20250708,-1156.6198
20250709,-1157.7006
20250709,-1156.8052
20250709,-1155.3292
20250709,-1155.6146
20250709,-1156.627
20250709,-1157.6573
20250709,-1157.1788
20250709,-1156.7119
20250709,-1156.6291
20250709,-1156.1717
20250709,-1157.2392
20250709,-1156.8137
20250709,-1155.637
20250709,-1155.253
20250709,-1153.7601
20250709,-1158.8048
20250709,-1157.3491
20250709,-1158.551
20250710,-1157.062
20250710,-1155.5896
20250710,-1154.7949
20250710,-1153.3103
20250710,-1154.3366
20250710,-1155.3737
20250710,-1153.8846
20250710,-1152.3868
20250710,-1151.9501
20250710,-1150.5749
20250710,-1151.6235
20250710,-1151.2782
20250710,-1150.1718
20250711,-1148.9422
20250711,-1147.4485
20250711,-1148.4551
20250711,-1148.0258
20250711,-1146.538
20250711,-1147.6427
20250711,-1146.4412
20250711,-1147.6655
20250711,-1148.7712
20250711,-1149.8481
20250711,-1150.9965
20250711,-1152.2837
20250711,-1153.4991
20250711,-1154.6615
20250714,-1154.4283
20250714,-1155.5391
20250714,-1154.045
20250714,-1153.6202
20250714,-1154.1558
20250714,-1155.2097
20250714,-1156.5797
20250714,-1157.7043
20250714,-1159.0658
20250714,-1158.7
20250715,-1158.2094
20250715,-1156.7534
20250715,-1155.2676
20250715,-1156.2933
20250715,-1157.3052
20250715,-1158.3523
20250715,-1158.8559
20250715,-1159.9072
20250715,-1159.425
20250715,-1160.4873
20250715,-1161.5659
20250715,-1162.6915
20250715,-1162.3216
20250715,-1163.9188
20250715,-1163.4903
20250715,-1162.0109
20250715,-1163.043
20250715,-1164.9342
20250716,-1164.4811
20250716,-1162.9931
20250716,-1164.0116
20250716,-1162.5724
20250716,-1162.1283
20250716,-1161.6525
20250716,-1160.1882
20250716,-1161.2632
20250716,-1163.0117
20250716,-1162.6002
20250716,-1161.1469
20250716,-1162.298
20250716,-1163.4063
20250716,-1162.9597
20250716,-1164.2757
20250716,-1165.3945
20250716,-1166.4807
20250717,-1165.477
20250717,-1166.5315
20250717,-1167.5491
20250717,-1167.0705
20250717,-1168.1596
20250717,-1169.2011
20250717,-1170.2454
20250717,-1169.8738
20250717,-1171.0699
20250717,-1170.6538
20250718,-1170.1577
20250718,-1169.7264
20250718,-1169.563
20250718,-1170.6079
20250718,-1170.1511
20250718,-1171.238
20250718,-1172.3789
20250718,-1172.0827
20250718,-1170.5958
20250718,-1171.9542
20250721,-1171.5007
20250721,-1172.317
20250721,-1172.8051
20250721,-1173.813
20250721,-1173.3302
20250721,-1172.8707
20250721,-1172.3991
20250721,-1170.9106
20250721,-1171.954
20250721,-1171.5272
20250721,-1172.558
20250721,-1172.0822
20250721,-1171.631
20250721,-1172.6735
20250721,-1172.2032
20250721,-1173.2441
20250721,-1171.8787
20250721,-1171.4173
20250721,-1171.0008
20250721,-1172.0911
20250721,-1173.3727
20250721,-1175.1196
20250722,-1174.6279
20250722,-1173.1355
20250722,-1172.7131
20250722,-1172.3043
20250722,-1170.8214
20250722,-1169.3347
20250722,-1168.8806
20250722,-1169.9967
20250722,-1169.5405
20250722,-1169.0764
20250722,-1168.5976
20250722,-1169.7034
20250722,-1169.3987
20250722,-1169.7689
20250722,-1170.9421
20250723,-1171.9883
20250723,-1173.0236
20250723,-1171.9297
20250723,-1171.622
20250723,-1172.6659
20250723,-1173.6926
20250723,-1173.2172
20250723,-1171.8325
20250723,-1170.3351
20250723,-1171.529
20250723,-1170.1022
20250723,-1169.7898
20250723,-1170.8001
20250723,-1171.8803
20250723,-1173.1089
20250723,-1172.6654
20250723,-1174.4821
20250724,-1174.0218
20250724,-1175.0555
20250724,-1174.6757
20250724,-1175.7197
20250724,-1176.771
20250724,-1177.7803
20250724,-1176.3066
20250724,-1176.6506
20250724,-1177.7009
20250724,-1179.0388
20250724,-1178.6196
20250724,-1179.8023
20250724,-1180.8816
20250724,-1180.5814
20250724,-1182.0016
20250724,-1181.557
20250724,-1182.8339
20250724,-1183.9643
20250724,-1184.0169
20250725,-1185.0396
20250725,-1185.4494
20250725,-1185.8332
20250725,-1186.846
20250725,-1185.3586
20250725,-1184.887
20250725,-1185.9311
20250725,-1186.9992
20250725,-1185.5095
20250725,-1185.0478
20250725,-1184.6806
20250725,-1185.7296
20250725,-1186.7891
20250725,-1185.3283
20250725,-1187.3283
20250725,-1188.4707
20250725,-1189.6744
20250725,-1190.9416
20250725,-1192.0648
20250725,-1191.856
20250725,-1191.6664
20250728,-1191.2302
20250728,-1190.7389
20250728,-1191.882
20250728,-1192.1782
20250728,-1193.227
20250728,-1194.2945
20250728,-1195.3559
20250728,-1196.5532
20250728,-1197.606
20250728,-1198.6549
20250728,-1199.7681
20250728,-1199.5293
20250728,-1198.0725
20250728,-1199.5111
20250728,-1200.6712
20250728,-1200.2624
20250728,-1201.3094
20250728,-1200.5275
20250728,-1201.5783
20250728,-1202.717
20250728,-1202.2898
20250728,-1203.3242
20250728,-1204.4128
20250729,-1203.3648
20250729,-1202.8837
20250729,-1201.3914
20250729,-1202.438
20250729,-1201.9787
20250729,-1203.008
20250729,-1204.0384
20250729,-1202.5436
20250729,-1203.7148
20250729,-1203.2684
20250729,-1204.376
20250729,-1205.5826
20250729,-1207.7775
20250729,-1209.0542
20250729,-1210.1158
20250729,-1212.5954
20250729,-1212.6363
20250729,-1211.8056
20250729,-1212.8732
20250730,-1213.9593
20250730,-1213.4861
20250730,-1211.9987
20250730,-1213.0605
20250730,-1212.5918
20250730,-1213.6323
20250730,-1214.6784
20250730,-1214.4759
20250730,-1215.5201
20250730,-1214.0521
20250730,-1212.5919
20250730,-1213.6962
20250730,-1213.2576
20250730,-1214.363
20250730,-1215.9462
20250730,-1215.4651
20250730,-1214.4903
20250730,-1213.7949
20250730,-1214.1844
20250730,-1215.2189
20250731,-1214.7499
20250731,-1213.254
20250731,-1212.7314
20250731,-1211.6361
20250731,-1210.266
20250731,-1209.8349
20250731,-1209.3513
20250731,-1208.9698
20250731,-1209.9916
20250731,-1209.5562
20250731,-1210.5994
20250731,-1211.8265
20250731,-1210.3364
20250801,-1209.8523
20250801,-1208.3979
20250801,-1207.1874
20250801,-1206.7089
20250801,-1207.77
20250801,-1208.8073
20250801,-1209.82
20250801,-1209.419
20250801,-1208.9316
20250801,-1208.4613
20250801,-1207.9712
20250801,-1206.4738
20250801,-1204.9851
20250801,-1206.113
20250804,-1204.6263
20250804,-1203.6092
20250804,-1202.9101
20250804,-1201.4236
20250804,-1202.528
20250804,-1201.0393
20250804,-1200.8972
20250804,-1201.9097
20250804,-1201.4888
20250804,-1202.5615
20250804,-1203.7672
20250804,-1202.2835
20250805,-1203.3067
20250805,-1204.3197
20250805,-1205.3316
20250805,-1203.9105
20250805,-1205.4567
20250805,-1205.0031
20250805,-1204.5487
20250805,-1204.0884
20250805,-1202.6174
20250805,-1203.7098
20250805,-1204.7651
20250805,-1203.2813
20250805,-1204.5741
20250806,-1203.0926
20250806,-1201.5976
20250806,-1202.6187
20250806,-1203.6401
20250806,-1204.6774
20250806,-1203.5458
20250806,-1203.1723
20250806,-1204.2118
20250806,-1205.2576
20250806,-1206.3894
20250806,-1206.3687
20250806,-1207.8004
20250807,-1206.3038
20250807,-1207.3218
20250807,-1206.832
20250807,-1207.925
20250807,-1207.0925
20250807,-1205.6002
20250807,-1206.6626
20250807,-1208.1154
20250807,-1209.269
20250807,-1207.8054
20250808,-1207.3384
20250808,-1206.865
20250808,-1206.7481
20250808,-1207.7823
20250808,-1206.3022
20250808,-1207.3142
20250808,-1208.339
20250808,-1208.3459
20250808,-1207.8654
20250808,-1206.3709
20250808,-1205.9176
20250808,-1206.9298
20250808,-1207.3384
20250808,-1206.868
20250808,-1207.8967
20250808,-1208.9384
20250808,-1210.1402
20250808,-1211.2957
20250808,-1212.3292
20250808,-1212.314
20250808,-1213.4196
20250811,-1212.9266
20250811,-1211.4449
20250811,-1210.018
20250811,-1209.5596
20250811,-1209.0769
20250811,-1210.2011
20250811,-1209.7277
20250811,-1209.2478
20250811,-1207.752
20250811,-1207.3119
20250811,-1208.6064
20250811,-1209.7425
20250811,-1209.4959
20250811,-1210.5234
20250811,-1209.395
20250812,-1209.9419
20250812,-1210.9707
20250812,-1211.9909
20250812,-1211.5064
20250812,-1210.0165
20250812,-1211.0345
20250812,-1212.0486
20250812,-1210.562
20250812,-1209.8069
20250812,-1209.3867
20250812,-1207.9131
20250812,-1208.7866
20250812,-1208.3645
20250812,-1206.8752
20250812,-1208.1506
20250812,-1207.6918
20250812,-1207.2504
20250812,-1208.4843
20250813,-1207.0006
20250813,-1205.5132
20250813,-1206.5381
20250813,-1205.0457
20250813,-1203.5558
20250813,-1203.143
20250813,-1204.9357
20250814,-1203.4474
20250814,-1202.9899
20250814,-1204.0082
20250814,-1205.0342
20250814,-1206.0436
20250814,-1207.0726
20250814,-1208.1002
20250814,-1209.1691
20250814,-1210.255
20250814,-1211.36
20250814,-1210.603
20250814,-1210.1349
20250814,-1209.6656
20250814,-1209.3145
20250814,-1208.8309
20250814,-1208.3771
20250814,-1207.9091
20250814,-1208.9937
20250814,-1210.353
20250814,-1211.426
20250814,-1211.0206
20250815,-1210.7168
20250815,-1211.7505
20250815,-1212.7621
20250815,-1213.7785
20250815,-1212.2933
20250815,-1211.829
20250815,-1210.3534
20250815,-1208.939
20250815,-1209.964
20250815,-1208.7278
20250815,-1208.2709
20250815,-1210.271
20250815,-1208.8915
20250815,-1209.9579
20250815,-1211.0337
20250818,-1212.0438
20250818,-1211.3023
20250818,-1211.1794
20250818,-1212.2374
20250818,-1213.2515
20250818,-1214.3041
20250818,-1212.8142
20250818,-1212.3774
20250818,-1211.4011
20250818,-1211.5761
20250818,-1210.0957
20250818,-1211.2438
20250818,-1210.778
20250818,-1210.778
20250818,-1211.1325
20250819,-1209.6375
20250819,-1210.6506
20250819,-1211.6687
20250819,-1212.6817
20250819,-1211.5151
20250819,-1212.5473
20250819,-1213.5778
20250819,-1213.1004
20250819,-1211.6081
20250819,-1212.6287
20250819,-1212.089
20250819,-1211.6301
20250819,-1212.9176
20250819,-1214.0602
20250819,-1215.3977
20250819,-1216.5928
20250819,-1216.3136
20250819,-1217.4991
20250819,-1219.1001
20250819,-1217.6605
20250819,-1217.8905
20250820,-1216.397
20250820,-1214.9007
20250820,-1214.4106
20250820,-1215.4221
20250820,-1214.9313
20250820,-1215.9391
20250820,-1216.4321
20250820,-1216.0187
20250820,-1215.522
20250820,-1215.3906
20250820,-1216.4003
20250820,-1217.4244
20250820,-1216.9882
20250820,-1218.0028
20250820,-1219.022
20250820,-1218.5746
20250820,-1219.8281
20250820,-1220.8672
20250820,-1220.42
20250820,-1221.5599
20250820,-1220.4022
20250820,-1221.8508
20250820,-1220.3916
20250820,-1221.4153
20250821,-1220.9494
20250821,-1220.4787
20250821,-1221.5445
20250821,-1222.5775
20250821,-1223.5924
20250821,-1224.6249
20250821,-1225.6446
20250821,-1226.6619
20250821,-1227.6732
20250821,-1227.3647
20250821,-1228.5338
20250821,-1229.5841
20250821,-1228.1283
20250821,-1226.9696
20250821,-1228.1192
20250821,-1229.2335
20250821,-1230.2542
20250821,-1230.5003
20250821,-1231.8267
20250822,-1230.4489
20250822,-1231.4738
20250822,-1232.6062
20250822,-1231.4417
20250822,-1230.9532
20250822,-1231.2603
20250822,-1229.7799
20250822,-1230.8561
20250822,-1230.7627
20250822,-1231.9347
20250822,-1230.4454
20250822,-1230.0537
20250822,-1228.62
20250822,-1229.8049
20250822,-1231.0315
20250822,-1232.1225
20250822,-1233.585
20250822,-1233.0199
20250825,-1234.0903
20250825,-1233.7039
20250825,-1234.748
20250825,-1234.1694
20250825,-1232.6837
20250825,-1233.7868
20250825,-1234.8136
20250825,-1234.333
20250825,-1232.8675
20250825,-1232.0786
20250825,-1233.6325
20250825,-1234.7781
20250825,-1234.6055
20250825,-1235.943
20250825,-1235.5984
20250825,-1236.7558
20250826,-1237.7924
20250826,-1237.3053
20250826,-1238.2728
20250826,-1239.3
20250826,-1237.8076
20250826,-1238.9959
20250826,-1240.0896
20250826,-1239.756
20250826,-1240.7922
20250826,-1240.3195
20250826,-1241.3968
20250826,-1242.5319
20250826,-1245.2994
20250826,-1246.35
20250826,-1247.4574
20250826,-1245.9763
20250826,-1244.5182
20250826,-1244.0753
20250826,-1245.253
20250827,-1246.2914
20250827,-1247.3332
20250827,-1246.8836
20250827,-1246.4084
20250827,-1245.936
20250827,-1246.9629
20250827,-1248.075
20250827,-1247.6078
20250827,-1248.7415
20250827,-1248.2992
20250827,-1247.978
20250827,-1249.2236
20250827,-1249.0948
20250827,-1250.1756
20250827,-1251.3474
20250828,-1252.3728
20250828,-1253.4019
20250828,-1252.9107
20250828,-1252.4443
20250828,-1251.9618
20250828,-1250.4758
20250828,-1249.6985
20250828,-1248.6192
20250828,-1247.27
20250828,-1248.6538
20250828,-1249.7075
20250828,-1250.8938
20250828,-1249.9445
20250829,-1251.0712
20250829,-1250.3205
20250829,-1251.3664
20250829,-1250.877
20250829,-1251.7194
20250829,-1250.2231
20250829,-1249.7374
20250829,-1249.2592
20250829,-1250.2779
20250829,-1251.4113
20250829,-1251.0366
20250829,-1252.1059
20250829,-1250.6477
20250829,-1251.8236
20250829,-1250.4108
20250829,-1251.7491
20250829,-1251.7491
20250829,-1253.1439
20250902,-1254.1682
20250902,-1253.1872
20250902,-1253.1659
20250902,-1254.2129
20250902,-1255.2897
20250902,-1256.356
20250902,-1257.3828
20250902,-1255.9487
20250902,-1257.0536
20250902,-1256.5916
20250902,-1257.3961
20250903,-1256.9276
20250903,-1257.9391
20250903,-1259.0344
20250903,-1260.045
20250903,-1261.1462
20250903,-1262.1783
20250903,-1260.7054
20250903,-1261.7464
20250903,-1262.7896
20250903,-1263.8648
20250903,-1263.3967
20250903,-1262.9928
20250903,-1261.5753
20250903,-1262.7351
20250903,-1261.8256
20250903,-1262.8694
20250903,-1263.902
20250903,-1262.4532
20250904,-1263.4957
20250904,-1264.5614
20250904,-1265.5981
20250904,-1266.6258
20250904,-1265.8309
20250904,-1266.8616
20250904,-1265.4861
20250904,-1266.5811
20250904,-1265.0937
20250904,-1264.6641
20250904,-1263.1958
20250904,-1264.3186
20250904,-1262.8409
20250905,-1262.3568
20250905,-1263.3811
20250905,-1264.4108
20250905,-1265.4257
20250905,-1266.4585
20250905,-1264.9794
20250905,-1264.5524
20250905,-1263.0768
20250905,-1264.4037
20250905,-1263.9235
20250905,-1263.5127
20250905,-1264.5805
20250908,-1265.6397
20250908,-1264.2005
20250908,-1265.2247
20250908,-1264.7789
20250908,-1264.3077
20250908,-1262.9887
20250908,-1261.7897
20250908,-1262.8305
20250908,-1263.1961
20250908,-1262.7802
20250908,-1262.2942
20250908,-1263.3759
20250908,-1264.5312
20250908,-1266.133
20250908,-1265.6516
20250908,-1266.7735
20250908,-1268.0002
20250909,-1269.0425
20250909,-1270.0608
20250909,-1271.0764
20250909,-1271.0863
20250909,-1270.601
20250909,-1270.1343
20250909,-1271.1695
20250909,-1272.184
20250909,-1271.7295
20250909,-1270.2672
20250909,-1271.3819
20250909,-1269.8853
20250909,-1270.9855
20250909,-1272.3651
20250909,-1273.4488
20250909,-1277.3197
20250909,-1277.1329
20250909,-1278.2977
20250909,-1278.2977
20250909,-1279.4301
20250910,-1280.5756
20250910,-1281.6245
20250910,-1282.645
20250910,-1282.7378
20250910,-1283.7669
20250910,-1284.8147
20250910,-1285.9061
20250910,-1287.5909
20250910,-1286.1089
20250910,-1287.4743
20250910,-1288.4896
20250910,-1289.5936
20250910,-1290.6891
20250910,-1291.8345
20250911,-1290.3442
20250911,-1290.0858
20250911,-1291.1054
20250911,-1292.1882
20250911,-1293.2149
20250911,-1292.7231
20250911,-1291.2347
20250911,-1290.7398
20250911,-1290.2929
20250911,-1291.3495
20250911,-1290.9093
20250911,-1292.2102
20250911,-1291.7359
20250912,-1290.8765
20250912,-1291.9153
20250912,-1293.0242
20250912,-1292.5858
20250912,-1291.6688
20250912,-1290.1802
20250912,-1289.1673
20250912,-1287.6895
20250912,-1287.139
20250912,-1288.2178
20250912,-1289.3848
20250912,-1290.5115
20250912,-1289.0464
20250912,-1287.6231
20250912,-1286.7892
20250912,-1287.9086
20250915,-1287.4574
20250915,-1288.5272
20250915,-1287.1081
20250915,-1288.1316
20250915,-1289.1485
20250915,-1290.1629
20250915,-1291.2463
20250915,-1292.2623
20250915,-1293.2928
20250915,-1292.8096
20250915,-1292.3771
20250915,-1293.4743
20250915,-1294.5177
20250915,-1296.0147
20250915,-1295.5653
20250915,-1296.6295
20250915,-1297.6901
20250915,-1296.9577
20250915,-1298.2906
20250916,-1298.6521
20250916,-1298.1611
20250916,-1299.1782
20250916,-1300.2481
20250916,-1301.2605
20250916,-1302.3126
20250916,-1303.3756
20250916,-1302.9668
20250916,-1304.1695
20250916,-1305.2154
20250916,-1304.7764
20250916,-1305.9095
20250916,-1304.4352
20250916,-1302.9614
20250917,-1303.972
20250917,-1304.9836
20250917,-1304.5954
20250917,-1305.6342
20250917,-1306.6543
20250917,-1305.2182
20250917,-1306.6382
20250917,-1306.1702
20250917,-1305.7083
20250917,-1307.0103
20250917,-1308.048
20250917,-1309.1475
20250917,-1308.673
20250917,-1309.6886
20250917,-1310.376
20250918,-1311.3915
20250918,-1309.9086
20250918,-1310.9277
20250918,-1311.968
20250918,-1313.0508
20250918,-1314.4688
20250918,-1315.5318
20250918,-1316.5541
20250918,-1317.5854
20250918,-1318.6789
20250918,-1319.7571
20250919,-1318.83
20250919,-1319.8564
20250919,-1320.9604
20250919,-1322.0088
20250919,-1323.1402
20250919,-1321.651
20250919,-1321.1303
20250919,-1319.6447
20250919,-1318.1686
20250919,-1317.7328
20250922,-1316.2467
20250922,-1314.7575
20250922,-1313.4736
20250922,-1311.9818
20250922,-1313.0449
20250922,-1312.9406
20250922,-1313.9519
20250922,-1312.4624
20250922,-1313.5317
20250922,-1314.8707
20250922,-1322.389
20250922,-1321.9753
20250922,-1321.8513
20250922,-1323.0617
20250922,-1322.1193
20250922,-1321.9049
20250922,-1323.0106
20250923,-1324.0393
20250923,-1325.1272
20250923,-1326.1894
20250923,-1327.2753
20250923,-1328.2992
20250923,-1326.8035
20250923,-1327.8658
20250923,-1326.3739
20250923,-1327.8544
20250924,-1328.8743
20250924,-1328.9287
20250924,-1330.0923
20250924,-1331.1179
20250924,-1329.6318
20250924,-1330.6882
20250924,-1329.2085
20250924,-1330.3301
20250924,-1331.4174
20250924,-1332.5708
20250924,-1333.7047
20250924,-1335.1392
20250924,-1336.1806
20250924,-1335.9536
20250924,-1334.4743
20250924,-1335.612
20250924,-1336.6564
20250924,-1335.264
20250924,-1337.0378
20250924,-1337.0378
20250925,-1338.0638
20250925,-1337.576
20250925,-1338.6301
20250925,-1338.2108
20250925,-1336.7211
20250925,-1337.7727
20250925,-1338.717
20250925,-1339.7452
20250925,-1340.8255
20250925,-1339.3461
20250925,-1340.3675
20250925,-1341.4049
20250925,-1341.0215
20250926,-1340.5708
20250926,-1341.6183
20250926,-1341.1393
20250926,-1342.1516
20250926,-1340.664
20250926,-1341.6828
20250926,-1342.7606
20250926,-1342.3286
20250926,-1343.3456
20250926,-1344.4384
20250926,-1344.9746
20250926,-1343.5395
20250926,-1344.5866
20250926,-1344.1318
20250926,-1343.6682
20250926,-1344.7405
20250926,-1347.2091
20250926,-1348.2841
20250926,-1348.4022
20250926,-1349.5112
20250926,-1350.6632
20250929,-1351.6992
20250929,-1352.7824
20250929,-1353.8158
20250929,-1354.1937
20250929,-1355.2078
20250929,-1356.4265
20250929,-1357.5278
20250929,-1358.5555
20250929,-1359.5801
20250929,-1360.6129
20250929,-1360.162
20250929,-1361.2391
20250929,-1360.7569
20250929,-1361.8296
20250929,-1362.9137
20250929,-1361.4599
20250929,-1361.0517
20250929,-1361.3531
20250930,-1362.3681
20250930,-1361.8773
20250930,-1362.9394
20250930,-1362.4563
20250930,-1361.9747
20250930,-1361.736
20250930,-1362.8756
20250930,-1363.9814
20250930,-1363.9814
20250930,-1365.0348
20250930,-1363.5966
20250930,-1364.6495
20250930,-1366.4154
20250930,-1367.8989
20250930,-1367.5068
20250930,-1368.5892
20250930,-1370.2528
20250930,-1368.7764
20250930,-1369.862
20251001,-1369.386
20251001,-1368.911
20251001,-1367.4188
20251001,-1367.6269
20251001,-1366.1323
20251001,-1365.6458
20251001,-1365.1871
20251001,-1364.8275
20251001,-1366.0183
20251001,-1367.1213
20251001,-1368.1465
20251001,-1367.6041
20251001,-1368.754
20251002,-1368.2765
20251002,-1369.2826
20251002,-1370.3544
20251002,-1371.3784
20251002,-1371.7299
20251002,-1372.2028
20251002,-1371.7964
20251002,-1371.3282
20251002,-1371.8838
20251002,-1370.4245
20251002,-1371.4676
20251002,-1370.6654
20251002,-1370.2421
20251002,-1369.9378
20251002,-1369.6105
20251003,-1369.1484
20251003,-1370.1703
20251003,-1371.1913
20251003,-1370.7076
20251003,-1371.7358
20251003,-1371.2621
20251003,-1372.3697
20251003,-1371.9259
20251003,-1370.442
20251003,-1370.1009
20251003,-1371.7818
20251003,-1372.8093
20251003,-1373.8929
20251003,-1373.6619
20251006,-1372.1653
20251006,-1373.1725
20251006,-1371.6789
20251006,-1371.0255
20251006,-1372.1236
20251006,-1374.6508
20251006,-1374.2232
20251006,-1377.0953
20251006,-1375.6019
20251006,-1376.6753
20251006,-1377.0337
20251007,-1378.0819
20251007,-1376.5985
20251007,-1377.6066
20251007,-1376.4255
20251007,-1377.6335
20251007,-1376.1423
20251007,-1478.717
20251007,-1477.2418
20251007,-1476.7665
20251007,-1477.9972
20251007,-1477.8418
20251007,-1477.4164
20251007,-1481.2772
20251007,-1485.2653
20251008,-1483.7738
20251008,-1483.4002
20251008,-1482.2532
20251008,-1483.3337
20251008,-1484.3622
20251008,-1485.4241
20251008,-1484.9709
20251008,-1486.0083
20251008,-1485.5783
20251008,-1485.2478
20251008,-1486.9297
20251008,-1485.4352
20251008,-1485.1849
20251009,-1485.2445
20251009,-1484.8444
20251009,-1484.1302
20251009,-1483.9124
20251009,-1484.5141
20251009,-1485.2845
20251009,-1486.317
20251009,-1487.3308
20251009,-1485.8356
20251009,-1485.3859
20251009,-1484.9523
20251009,-1483.4744
20251009,-1481.9913
20251009,-1481.1689
20251010,-1482.1839
20251010,-1483.2188
20251010,-1484.2287
20251010,-1485.3687
20251010,-1483.8719
20251010,-1482.3764
20251010,-1481.8921
20251010,-1480.6512
20251010,-1479.1577
20251010,-1477.6686
20251010,-1477.1979
20251010,-1475.7164
20251010,-1475.2369
20251010,-1474.7964
20251010,-1473.4023
20251013,-1474.4262
20251013,-1475.4484
20251013,-1476.4927
20251013,-1476.0741
20251013,-1477.1033
20251013,-1478.1444
20251013,-1480.1444
20251013,-1481.3445
20251013,-1482.4866
20251013,-1483.5253
20251014,-1484.5446
20251014,-1485.5652
20251014,-1486.5924
20251014,-1487.6991
20251014,-1495.8987
20251015,-1496.925
20251015,-1497.9601
20251015,-1496.7845
20251015,-1497.8186
20251015,-1497.3321
20251015,-1498.4932
20251015,-1499.5071
20251015,-1500.5721
20251015,-1499.0776
20251015,-1500.2373
20251016,-1501.2539
20251016,-1500.7604
20251016,-1501.7723
20251016,-1502.8099
20251016,-1503.869
20251016,-1504.8987
20251016,-1503.4021
20251016,-1504.4287
20251016,-1502.9887
20251016,-1504.0157
20251016,-1505.1727
20251016,-1506.335
20251016,-1507.4635
20251016,-1507.1359
20251016,-1508.2941
20251016,-1509.3374
20251016,-1510.0375
20251016,-1509.006
20251017,-1510.0196
20251017,-1511.0315
20251017,-1512.061
20251017,-1511.5817
20251017,-1512.6367
20251017,-1513.669
20251017,-1514.6905
20251017,-1515.7037
20251017,-1515.291
20251020,-1516.326
20251020,-1517.4765
20251020,-1518.5249
20251020,-1519.6329
20251020,-1520.8148
20251020,-1521.9908
20251020,-1523.0767
20251021,-1522.5884
20251021,-1523.61
20251021,-1522.1357
20251021,-1523.1381
20251021,-1522.7
20251021,-1522.2399
20251021,-1523.3071
20251021,-1524.5249
20251021,-1525.8625
20251021,-1526.9041
20251021,-1526.4285
20251021,-1527.5764
20251022,-1528.5993
20251022,-1528.1241
20251022,-1529.1673
20251022,-1527.6727
20251022,-1526.1774
20251022,-1524.6888
20251022,-1525.7111
20251022,-1526.748
20251022,-1527.877
20251022,-1527.4452
20251022,-1526.0307
20251022,-1528.519
20251022,-1529.6652
20251022,-1531.533
20251022,-1532.6291
20251022,-1532.6299
20251023,-1533.6917
20251023,-1533.2075
20251023,-1532.7237
20251023,-1533.8219
20251023,-1534.8759
20251023,-1536.0649
20251023,-1537.1519
20251023,-1539.1519
20251023,-1540.1925
20251024,-1541.226
20251024,-1542.2535
20251024,-1540.7731
20251024,-1539.28
20251024,-1540.3116
20251024,-1541.5746
20251024,-1542.2618
20251024,-1543.5723
20251024,-1544.6357
20251024,-1545.8917
20251024,-1547.4027
20251024,-1545.9262
20251024,-1544.7098
20251024,-1545.8077
20251024,-1546.0142
20251027,-1547.039
20251027,-1546.6849
20251027,-1547.7429
20251027,-1547.2751
20251027,-1545.8008
20251027,-1547.0408
20251027,-1548.1219
20251027,-1547.6537
20251027,-1548.7047
20251027,-1549.8411
20251027,-1551.0752
20251027,-1552.2122
20251027,-1551.7425
20251027,-1552.7946
20251027,-1553.8964
20251027,-1553.4487
20251028,-1554.4668
20251028,-1555.4742
20251028,-1554.9818
20251028,-1554.5137
20251028,-1554.0437
20251028,-1555.2134
20251028,-1556.2699
20251028,-1554.7982
20251028,-1554.3263
20251028,-1552.8382
20251028,-1551.3513
20251028,-1552.4011
20251028,-1553.4627
20251028,-1553.0062
20251028,-1551.5099
20251028,-1552.6038
20251028,-1553.7832
20251028,-1554.8044
20251028,-1553.9664
20251028,-1552.8068
20251028,-1553.1183
20251029,-1554.2417
20251029,-1555.3003
20251029,-1556.3442
20251029,-1557.4006
20251029,-1558.4148
20251029,-1559.4381
20251029,-1557.9449
20251029,-1558.9897
20251029,-1560.0192
20251029,-1561.0666
20251029,-1562.1062
20251029,-1563.1275
20251029,-1561.6475
20251029,-1562.7772
20251029,-1563.1458
20251029,-1564.1726
20251029,-1565.1802
20251029,-1565.5682
20251030,-1565.4742
20251030,-1566.4923
20251030,-1567.5025
20251030,-1568.5347
20251030,-1569.5537
20251030,-1570.5705
20251030,-1571.5911
20251030,-1570.3872
20251030,-1570.1475
20251030,-1571.2335
20251030,-1572.2915
20251030,-1570.9925
20251030,-1569.5076
20251030,-1570.5982
20251030,-1570.8355
20251030,-1570.0782
20251031,-1569.5864
20251031,-1570.6049
20251031,-1571.6457
20251031,-1572.7012
20251031,-1571.2079
20251031,-1570.7697
20251031,-1571.8386
20251031,-1572.8571
20251031,-1572.3777
20251031,-1571.9117
20251031,-1570.4199
20251031,-1571.5115
20251031,-1572.6865
20251031,-1573.7472
20251031,-1574.9031
20251031,-1574.4201
20251031,-1573.5762
20251031,-1573.1032
20251031,-1574.3457
20251103,-1574.2665
20251103,-1572.7755
20251103,-1572.3021
20251103,-1573.3181
20251103,-1574.3442
20251103,-1572.8776
20251103,-1573.9365
20251103,-1574.9696
20251103,-1573.4758
20251103,-1572.1563
20251103,-1573.206
20251103,-1574.2952
20251103,-1572.8114
20251103,-1573.8915
20251103,-1575.115
20251103,-1574.6353
20251103,-1575.7158
20251103,-1574.5528
20251104,-1575.5713
20251104,-1576.5811
20251104,-1577.6045
20251104,-1578.6138
20251104,-1578.14
20251104,-1579.2129
20251104,-1580.4692
20251104,-1578.9755
20251104,-1580.7297
20251104,-1580.4809
20251104,-1580.0119
20251104,-1581.059
20251104,-1579.7738
20251105,-1578.9319
20251105,-1580.1242
20251105,-1581.1767
20251105,-1579.83
20251105,-1580.9925
20251105,-1582.1255
20251105,-1583.2463
20251106,-1581.7506
20251106,-1580.2534
20251106,-1579.7736
20251106,-1578.2771
20251106,-1576.7805
20251106,-1575.2851
20251106,-1573.7911
20251106,-1574.8227
20251106,-1574.3297
20251106,-1572.8411
20251106,-1573.9377
20251106,-1572.4438
20251106,-1572.1247
20251106,-1571.3835
20251106,-1572.4244
20251106,-1573.8445
20251106,-1573.4054
20251106,-1574.5112
20251106,-1574.1344
20251106,-1575.2274
20251107,-1576.231
20251107,-1575.4864
20251107,-1575.1629
20251107,-1576.1951
20251107,-1577.2164
20251107,-1576.7323
20251107,-1577.7752
20251107,-1578.7868
20251107,-1579.8339
20251107,-1579.3528
20251107,-1577.8597
20251107,-1577.3777
20251107,-1576.8895
20251107,-1576.4125
20251107,-1577.4268
20251107,-1578.4449
20251107,-1579.4969
20251107,-1579.0347
20251107,-1577.558
20251107,-1578.5704
20251107,-1579.6031
20251107,-1580.763
20251107,-1579.4025
20251107,-1580.515
20251107,-1581.608
20251110,-1580.1191
20251110,-1578.6274
20251110,-1579.6574
20251110,-1579.1931
20251110,-1580.2447
20251110,-1579.7707
20251110,-1579.9926
20251110,-1578.5034
20251110,-1579.5585
20251110,-1580.5793
20251110,-1581.6528
20251110,-1582.7255
20251110,-1581.2937
20251110,-1581.0257
20251110,-1579.5418
20251110,-1578.0765
20251110,-1576.6314
20251110,-1575.1707
20251110,-1574.7306
20251110,-1576.0081
20251110,-1577.1254
20251111,-1576.6862
20251111,-1577.7107
20251111,-1577.4464
20251111,-1575.9656
20251111,-1577.0242
20251111,-1578.0676
20251111,-1579.0947
20251111,-1578.603
20251111,-1577.1314
20251111,-1578.2075
20251111,-1579.5875
20251111,-1580.8048
20251111,-1581.939
20251111,-1580.4757
20251111,-1579.2689
20251111,-1578.8125
20251111,-1579.8966
20251111,-1579.4227
20251111,-1578.9624
20251112,-1579.9786
20251112,-1580.9948
20251112,-1579.4977
20251112,-1579.0724
20251112,-1580.1003
20251112,-1581.2182
20251112,-1580.7781
20251112,-1581.8092
20251112,-1580.3274
20251112,-1581.3342
20251112,-1582.3762
20251112,-1581.932
20251112,-1582.96
20251112,-1583.9897
20251112,-1585.0627
20251112,-1586.1141
20251112,-1587.1671
20251113,-1585.6697
20251113,-1586.6961
20251113,-1586.2017
20251113,-1587.2281
20251113,-1585.7317
20251113,-1585.3437
20251113,-1583.8515
20251113,-1583.3625
20251113,-1581.8889
20251113,-1581.4133
20251113,-1579.935
20251113,-1580.9663
20251113,-1580.5244
20251114,-1581.608
20251114,-1582.716
20251114,-1582.2694
20251117,-1583.2916
20251117,-1584.3072
20251117,-1582.8092
20251117,-1581.323
20251117,-1580.9069
20251117,-1580.454
20251117,-1581.4981
20251117,-1582.5567
20251117,-1583.5939
20251117,-1584.6439
20251117,-1585.6737
20251117,-1586.7001
20251117,-1588.2669
20251117,-1587.8563
20251117,-1588.9867
20251117,-1590.298
20251117,-1588.8053
20251117,-1590.1727
20251118,-1591.1913
20251118,-1589.6985
20251118,-1588.2057
20251118,-1589.2184
20251118,-1590.2456
20251118,-1591.2789
20251118,-1592.2964
20251118,-1590.7986
20251118,-1591.8682
20251118,-1592.9052
20251118,-1594.1816
20251118,-1593.7027
20251118,-1593.2396
20251119,-1594.2491
20251119,-1592.7709
20251119,-1593.7833
20251119,-1594.7995
20251119,-1593.3144
20251119,-1591.8189
20251119,-1592.9437
20251119,-1593.9969
20251119,-1595.1344
20251119,-1593.6417
20251119,-1594.6915
20251119,-1594.2308
20251119,-1592.7352
20251119,-1591.2404
20251119,-1589.7495
20251119,-1590.8867
20251119,-1592.0232
20251119,-1593.0966
20251119,-1592.1039
20251119,-1590.6239
20251119,-1590.3357
20251120,-1591.359
20251120,-1589.8603
20251120,-1590.867
20251120,-1591.8747
20251120,-1590.3914
20251120,-1589.9138
20251120,-1590.9422
20251120,-1591.9584
20251120,-1590.4621
20251120,-1591.4977
20251120,-1590.0114
20251120,-1588.5168
20251120,-1588.0349
20251120,-1587.5752
20251120,-1586.119
20251120,-1585.6834
20251120,-1585.2345
20251120,-1586.2742
20251120,-1587.3308
20251121,-1585.8338
20251121,-1585.346
20251121,-1586.3655
20251121,-1587.3734
20251121,-1588.4434
20251121,-1586.9476
20251121,-1585.4513
20251121,-1584.9659
20251121,-1584.4806
20251121,-1585.5032
20251124,-1586.539
20251124,-1587.5687
20251124,-1588.6391
20251124,-1589.6987
20251124,-1590.709
20251124,-1591.7193
20251124,-1592.7362
20251124,-1593.7421
20251124,-1594.8216
20251124,-1595.8453
20251124,-1594.373
20251124,-1595.4173
20251124,-1596.6343
20251124,-1596.2856
20251124,-1595.8198
20251125,-1596.56
20251125,-1597.5804
20251125,-1597.3866
20251125,-1598.4002
20251125,-1599.423
20251125,-1600.4411
20251125,-1598.9496
20251125,-1597.4571
20251125,-1596.1657
20251125,-1595.755
20251125,-1594.2723
20251125,-1593.7836
20251125,-1594.8336
20251125,-1594.408
20251125,-1595.4319
20251125,-1596.5745
20251125,-1597.594
20251125,-1596.5622
20251125,-1595.0722
20251126,-1596.1346
20251126,-1594.9577
20251126,-1596.0449
20251126,-1597.0592
20251126,-1598.0956
20251126,-1599.1063
20251126,-1597.6284
20251126,-1597.2194
20251126,-1596.6672
20251126,-1596.1913
20251126,-1595.7253
20251126,-1595.262
20251126,-1593.8744
20251126,-1593.3954
20251126,-1592.957
20251126,-1594.0778
20251126,-1595.1208
20251126,-1596.7011
20251126,-1596.2476
20251126,-1597.2775
20251126,-1599.2173
20251128,-1598.6918
20251128,-1597.9981
20251128,-1596.5462
20251128,-1595.6089
20251128,-1594.3247
20251128,-1592.8393
20251128,-1591.4202
20251128,-1590.2101
20251128,-1589.7358
20251128,-1588.2653
20251128,-1586.7867
20251128,-1587.8229
20251128,-1587.3523
20251128,-1586.8623
20251128,-1586.4187
20251128,-1587.5608
20251128,-1588.6035
20251128,-1589.68
20251128,-1588.2743
20251128,-1588.0069
20251128,-1589.1089
20251128,-1589.1693
20251128,-1589.1942
20251128,-1589.2257
20251201,-1590.2627
20251201,-1589.8397
20251201,-1588.3552
20251201,-1589.4338
20251201,-1589.2514
20251201,-1590.2632
20251201,-1591.299
20251201,-1590.6343
20251201,-1591.6785
20251201,-1592.702
20251201,-1593.7573
20251201,-1594.7738
20251201,-1595.787
20251201,-1596.8383
20251201,-1597.9319
20251201,-1599.1859
20251201,-1600.2624
20251201,-1599.7855
20251201,-1598.2933
20251201,-1596.8225
20251201,-1595.3622
20251202,-1596.4348
20251202,-1597.4755
20251202,-1595.9778
20251202,-1597.0154
20251202,-1598.044
20251202,-1599.0668
20251202,-1600.0951
20251202,-1601.1724
20251202,-1602.3037
20251202,-1600.8334
20251202,-1601.9429
20251202,-1603.1607
20251202,-1601.6948
20251202,-1603.6947
20251202,-1604.1664
20251202,-1605.2393
20251202,-1606.1331
20251203,-1607.1539
20251203,-1605.6606
20251203,-1604.7665
20251203,-1603.2759
20251203,-1602.9662
20251203,-1603.9751
20251203,-1602.5024
20251203,-1601.0085
20251203,-1602.0327
20251203,-1603.0584
20251203,-1604.1013
20251203,-1605.6675
20251204,-1606.6992
20251204,-1606.2144
20251204,-1605.739
20251204,-1606.749
20251204,-1606.258
20251204,-1605.7713
20251204,-1606.811
20251204,-1606.379
20251204,-1605.9343
20251204,-1607.152
20251204,-1605.6598
20251204,-1606.7376
20251205,-1605.2791
20251205,-1604.7919
20251205,-1605.8291
20251205,-1606.8913
20251205,-1607.9872
20251205,-1607.5016
20251205,-1606.9554
20251205,-1608.378
20251205,-1609.4204
20251205,-1610.4553
20251205,-1610.0106
20251205,-1611.0849
20251205,-1609.5929
20251205,-1608.1951
20251208,-1609.2182
20251208,-1608.8525
20251208,-1607.375
20251208,-1608.439
20251208,-1609.4959
20251208,-1610.5253
20251208,-1609.0293
20251208,-1610.0936
20251208,-1610.4823
20251208,-1611.6134
20251208,-1612.6858
20251208,-1613.8276
20251209,-1614.8452
20251209,-1615.8845
20251209,-1616.1032
20251209,-1614.6062
20251209,-1613.9472
20251209,-1614.1085
20251209,-1613.6156
20251209,-1613.6819
20251209,-1614.6942
20251209,-1613.2243
20251209,-1612.5129
20251209,-1611.042
20251209,-1612.1389
20251210,-1610.6542
20251210,-1611.6712
20251210,-1612.7034
20251210,-1613.7737
20251210,-1614.8225
20251210,-1613.3263
20251210,-1611.8318
20251210,-1613.2218
20251210,-1614.4394
20251210,-1615.5365
20251210,-1614.0509
20251210,-1612.5603
20251210,-1614.2136
20251210,-1615.3503
20251210,-1615.1977
20251211,-1616.2208
20251211,-1617.2919
20251211,-1615.8088
20251211,-1614.376
20251211,-1615.5226
20251211,-1616.5957
20251211,-1615.4329
20251211,-1616.4895
20251211,-1617.9962
20251211,-1616.5465
20251212,-1617.6048
20251212,-1616.1093
20251212,-1617.1244
20251212,-1618.2489
20251212,-1619.2926
20251212,-1618.8089
20251212,-1617.3125
20251212,-1618.3913
20251212,-1619.435
20251212,-1617.9457
20251212,-1618.9784
20251212,-1620.0107
20251212,-1621.0482
20251212,-1622.097
20251212,-1621.6217
20251212,-1622.7798
20251212,-1622.3516
20251212,-1623.9508
20251212,-1625.1121
20251212,-1626.2722
20251215,-1625.8424
20251215,-1625.3688
20251215,-1623.8701
20251215,-1622.3787
20251215,-1620.8824
20251215,-1619.3911
20251215,-1617.8964
20251215,-1617.4172
20251215,-1618.4534
20251215,-1619.4661
20251215,-1620.4807
20251215,-1619.9937
20251215,-1621.0142
20251215,-1622.0309
20251215,-1623.2149
20251215,-1624.2368
20251215,-1625.3634
20251215,-1626.7208
20251215,-1625.2522
20251215,-1624.7016
20251215,-1625.8265
20251216,-1624.3874
20251216,-1623.896
20251216,-1622.4203
20251216,-1622.6248
20251216,-1622.14
20251216,-1621.6666
20251216,-1620.1748
20251216,-1619.6965
20251216,-1620.7116
20251216,-1621.7396
20251216,-1622.0328
20251216,-1623.0827
20251216,-1621.5932
20251216,-1621.2455
20251216,-1620.7613
20251216,-1621.8234
20251216,-1621.4039
20251216,-1620.962
20251216,-1620.7767
20251216,-1619.306
20251216,-1618.2746
20251216,-1618.2844
20251217,-1619.3365
20251217,-1620.3665
20251217,-1621.3816
20251217,-1622.4413
20251217,-1623.467
20251217,-1621.9726
20251217,-1620.4784
20251217,-1618.9852
20251217,-1617.5539
20251217,-1616.0625
20251217,-1614.5718
20251217,-1613.0828
20251217,-1614.113
20251217,-1615.1367
20251217,-1614.6597
20251217,-1616.0421
20251217,-1614.604
20251217,-1615.6608
20251218,-1616.6871
20251218,-1617.7305
20251218,-1618.7562
20251218,-1617.2601
20251218,-1618.2876
20251218,-1617.7959
20251218,-1617.3254
20251218,-1616.8303
20251218,-1616.684
20251218,-1617.7238
20251218,-1617.2296
20251218,-1618.2516
20251218,-1619.3156
20251218,-1618.6109
20251218,-1618.1276
20251218,-1619.1909
20251218,-1620.4263
20251218,-1619.9562
20251218,-1619.6992
20251218,-1620.7355
20251218,-1619.2393
20251218,-1620.5182
20251218,-1619.1278
20251219,-1620.2202
20251219,-1621.2669
20251219,-1622.3102
20251219,-1621.8391
20251219,-1622.8573
20251219,-1622.4254
20251219,-1623.5711
20251219,-1624.7327
20251219,-1625.8449
20251219,-1626.9361
20251219,-1626.4579
20251219,-1627.5116
20251219,-1629.2487
20251219,-1628.9191
20251219,-1630.0753
20251222,-1628.5961
20251222,-1627.8481
20251222,-1629.1422
20251222,-1630.2586
20251222,-1631.3478
20251222,-1630.3282
20251222,-1631.6155
20251222,-1632.6851
20251222,-1633.7733
20251222,-1634.9393
20251222,-1636.448
20251222,-1637.1451
20251222,-1638.5292
20251223,-1639.6327
20251223,-1640.6593
20251223,-1641.6743
20251223,-1640.1959
20251223,-1641.3735
20251223,-1642.4175
20251223,-1643.461
20251223,-1644.6519
20251223,-1643.1606
20251223,-1641.6809
20251223,-1641.2419
20251223,-1642.2856
20251223,-1643.5655
20251223,-1644.7285
20251223,-1646.1045
20251224,-1644.6782
20251224,-1644.2762
20251224,-1645.3226
20251224,-1644.4092
20251224,-1645.5581
20251224,-1644.9218
20251224,-1646.0145
20251224,-1647.0311
20251224,-1648.1062
20251224,-1646.6298
20251224,-1645.6381
20251224,-1646.2958
20251224,-1645.8304
20251224,-1646.213
20251224,-1647.4371
20251224,-1648.5503
20251224,-1649.6091
20251226,-1648.1141
20251226,-1646.7934
20251226,-1647.8061
20251226,-1648.8824
20251226,-1648.8783
20251226,-1649.9413
20251226,-1651.0074
20251226,-1653.4026
20251226,-1654.4482
20251229,-1655.5094
20251229,-1656.5279
20251229,-1657.5442
20251229,-1658.6798
20251229,-1658.2093
20251229,-1659.4104
20251229,-1660.4727
20251229,-1661.5434
20251229,-1661.1184
20251229,-1662.8526
20251229,-1662.4869
20251229,-1662.1368
20251229,-1661.0284
20251229,-1659.5599
20251229,-1660.7587
20251230,-1661.8278
20251230,-1662.8556
20251230,-1662.4061
20251230,-1663.4851
20251230,-1664.5523
20251230,-1665.6328
20251230,-1665.2271
20251230,-1664.7799
20251230,-1665.8275
20251230,-1666.9488
20251230,-1668.3858
20251230,-1667.9791
20251230,-1669.0742
20251230,-1667.6103
20251230,-1666.1375
20251231,-1667.2057
20251231,-1668.2632
20251231,-1669.288
20251231,-1670.3412
20251231,-1669.8693
20251231,-1670.887
20251231,-1671.9335
20251231,-1673.0917
20251231,-1674.3284
20251231,-1673.9167
20251231,-1675.5247
20251231,-1676.61
20251231,-1678.425
20251231,-1679.771
20251231,-1681.3303
20251231,-1683.0308
20251231,-1682.1789
20251231,-1680.6864
20260102,-1681.7827
20260102,-1682.8003
20260102,-1683.892
20260102,-1682.3961
20260102,-1680.9037
20260102,-1679.4105
20260102,-1678.9228
20260102,-1677.4248
20260102,-1678.4475
20260102,-1677.9678
20260102,-1677.4771
20260102,-1678.5148
20260102,-1678.5543
20260102,-1679.6079
20260102,-1680.6771
20260102,-1679.1906
20260105,-1678.7014
20260105,-1679.7573
20260105,-1679.9914
20260105,-1679.6369
20260105,-1679.1606
20260106,-1680.1788
20260106,-1678.9512
20260106,-1678.46
20260106,-1676.9634
20260106,-1676.4959
20260106,-1677.5253
20260106,-1678.5701
20260106,-1678.2002
20260106,-1679.3085
20260106,-1679.0502
20260106,-1680.2084
20260106,-1678.722
20260106,-1677.2557
20260106,-1676.8489
20260106,-1676.542
20260106,-1677.8445
20260106,-1676.5095
20260106,-1675.028
20260106,-1674.5435
20260106,-1674.0915
20260106,-1675.2558
20260106,-1676.3901
20260107,-1675.9051
20260107,-1675.4222
20260107,-1676.4521
20260107,-1677.4797
20260107,-1678.5542
20260107,-1679.6253
20260107,-1680.7038
20260107,-1679.3588
20260107,-1677.8678
20260107,-1679.0082
20260107,-1680.1005
20260108,-1679.0949
20260108,-1677.9502
20260108,-1677.3979
20260108,-1676.9149
20260108,-1675.4224
20260108,-1673.9671
20260108,-1675.4519
20260108,-1676.8657
20260108,-1678.2998
20260108,-1679.4361
20260108,-1680.4827
20260108,-1680.5819
20260109,-1680.5665
20260109,-1681.5875
20260109,-1682.6309
20260109,-1683.6444
20260109,-1682.5871
20260109,-1682.1003
20260109,-1683.1346
20260109,-1684.1896
20260109,-1683.7787
20260109,-1682.3127
20260109,-1681.9248
20260109,-1682.9795
20260109,-1681.4899
20260109,-1682.5617
20260109,-1681.1015
20260112,-1682.119
20260112,-1682.1772
20260112,-1682.4018
20260112,-1683.4494
20260112,-1681.9698
20260112,-1680.4904
20260112,-1680.0108
20260112,-1681.1049
20260112,-1679.628
20260112,-1680.6852
20260112,-1680.2196
20260112,-1681.3083
20260112,-1682.6362
20260112,-1682.1584
20260113,-1681.1607
20260113,-1682.195
20260113,-1683.2289
20260113,-1682.7537
20260113,-1682.3076
20260113,-1683.3344
20260113,-1684.3562
20260113,-1685.376
20260113,-1683.8867
20260113,-1685.1062
20260113,-1686.3387
20260113,-1684.8679
20260113,-1686.0059
20260113,-1685.5321
20260113,-1685.1215
20260113,-1684.6549
20260114,-1685.6612
20260114,-1686.7466
20260114,-1685.4268
20260114,-1686.4508
20260114,-1687.4784
20260114,-1687.002
20260114,-1686.508
20260114,-1687.5708
20260114,-1686.0881
20260114,-1684.6058
20260114,-1685.6723
20260114,-1686.7187
20260114,-1686.2415
20260114,-1685.9007
20260114,-1686.9476
20260114,-1686.5922
20260115,-1687.6068
20260115,-1688.6133
20260115,-1687.5801
20260115,-1686.0897
20260115,-1685.5506
20260115,-1686.5998
20260115,-1687.6308
20260115,-1688.6579
20260115,-1689.68
20260115,-1690.7022
20260115,-1690.2774
20260115,-1691.3092
20260115,-1692.3587
20260115,-1693.3923
20260115,-1694.4259
20260115,-1693.5247
20260115,-1694.5991
20260115,-1693.4588
20260115,-1694.5041
20260115,-1693.2875
20260116,-1691.7991
20260116,-1692.8589
20260116,-1691.7203
20260116,-1692.7679
20260116,-1692.4971
20260116,-1693.5569
20260116,-1694.6211
20260116,-1694.2363
20260116,-1695.6912
20260116,-1696.9582
20260116,-1698.2084
20260116,-1699.2967
20260116,-1700.5142
20260120,-1699.0243
20260120,-1697.5677
20260120,-1698.5822
20260120,-1698.1743
20260120,-1699.1842
20260120,-1700.2032
20260120,-1699.7081
20260120,-1700.7578
20260120,-1700.2742
20260120,-1699.791
20260120,-1700.849
20260120,-1701.8829
20260120,-1701.4426
20260120,-1699.9498
20260120,-1699.4948
20260120,-1698.7363
20260120,-1697.246
20260120,-1695.7657
20260120,-1694.2974
20260121,-1692.7989
20260121,-1691.3022
20260121,-1689.8168
20260121,-1689.3246
20260121,-1687.8298
20260121,-1687.3382
20260121,-1688.3762
20260121,-1689.4186
20260121,-1690.4991
20260121,-1691.6047
20260121,-1691.2052
20260121,-1692.265
20260121,-1691.8718
20260121,-1691.1725
20260121,-1691.3366
20260121,-1692.4255
20260121,-1693.5144
20260122,-1694.5314
20260122,-1693.6722
20260122,-1694.6817
20260122,-1695.6964
20260122,-1695.2423
20260122,-1693.8916
20260122,-1694.9195
20260122,-1695.9577
20260122,-1695.4655
20260122,-1694.0002
20260122,-1695.0793
20260122,-1696.1583
20260122,-1697.3046
20260122,-1696.8605
20260122,-1697.929
20260123,-1697.4563
20260123,-1696.3971
20260123,-1697.4233
20260123,-1698.4883
20260123,-1697.0351
20260123,-1698.1985
20260123,-1699.2875
20260123,-1700.3105
20260123,-1701.6607
20260123,-1701.0234
20260123,-1699.6252
20260123,-1700.6796
20260126,-1701.7058
20260126,-1700.21
20260126,-1701.2981
20260126,-1702.3754
20260126,-1703.4076
20260126,-1704.425
20260126,-1705.4649
20260126,-1705.025
20260126,-1706.105
20260126,-1707.1796
20260126,-1708.4774
20260126,-1709.5518
20260126,-1708.0726
20260126,-1709.1316
20260127,-1707.6418
20260127,-1707.1673
20260127,-1708.2242
20260127,-1707.8075
20260127,-1706.3171
20260127,-1707.3319
20260127,-1708.3482
20260127,-1709.3981
20260127,-1707.9054
20260127,-1708.9336
20260127,-1709.9416
20260127,-1711.0717
20260127,-1710.715
20260127,-1711.7999
20260127,-1712.9318
20260127,-1711.4381
20260127,-1712.4683
20260127,-1712.4519
20260128,-1713.4776
20260128,-1714.5081
20260128,-1715.5336
20260128,-1716.564
20260128,-1717.6197
20260128,-1716.3653
20260128,-1714.9205
20260128,-1713.4299
20260128,-1714.5993
20260128,-1714.1316
20260128,-1715.149
20260129,-1715.9981
20260129,-1717.0041
20260129,-1718.0216
20260129,-1716.5254
20260129,-1716.0331
20260129,-1715.539
20260129,-1716.557
20260129,-1717.5723
20260129,-1716.08
20260129,-1717.1244
20260129,-1718.2558
20260129,-1719.1125
20260129,-1720.3158
20260129,-1721.5727
20260129,-1722.6583
20260129,-1723.7532
20260129,-1724.796
20260129,-1724.7554
20260129,-1725.7768
20260129,-1724.4199
20260130,-1724.8242
20260130,-1725.8476
20260130,-1725.3584
20260130,-1723.8592
20260130,-1724.8845
20260130,-1725.9064
20260130,-1725.4187
20260130,-1726.4824
20260130,-1727.5054
20260130,-1728.7324
20260130,-1729.928
20260130,-1730.9718
20260130,-1731.9949
20260130,-1733.209
20260130,-1734.3663
20260130,-1735.4212
20260202,-1734.8079
20260202,-1733.844
20260202,-1732.8385
20260202,-1733.8505
20260202,-1734.8595
20260202,-1733.38
20260202,-1734.7137
20260202,-1734.2591
20260202,-1735.3954
20260202,-1734.9243
20260203,-1735.9501
20260203,-1734.4545
20260203,-1732.9568
20260203,-1731.4586
20260203,-1732.4679
20260203,-1731.9726
20260203,-1730.4838
20260203,-1731.4962
20260203,-1731.0183
20260203,-1732.0391
20260203,-1733.0757
20260203,-1732.6369
20260203,-1732.1623
20260204,-1733.1767
20260204,-1734.1878
20260204,-1735.198
20260204,-1733.7011
20260204,-1732.2018
20260204,-1733.238
20260204,-1731.7439
20260204,-1732.7768
20260204,-1731.2904
20260204,-1729.7959
20260204,-1728.3013
20260204,-1726.8097
20260204,-1725.3133
20260204,-1726.3449
20260204,-1727.4619
20260204,-1728.4992
20260204,-1728.0243
20260204,-1727.5387
20260204,-1728.5589
20260204,-1728.0731
20260204,-1727.5841
20260204,-1726.1109
20260204,-1725.7101
20260204,-1726.9144
20260204,-1726.2956
20260204,-1725.8536
20260205,-1724.3593
20260205,-1722.8629
20260205,-1723.8752
20260205,-1722.9934
20260205,-1722.0367
20260205,-1723.0717
20260205,-1722.5766
20260205,-1723.5861
20260205,-1724.6144
20260205,-1725.633
20260205,-1724.3831
20260205,-1725.3954
20260205,-1726.4121
20260205,-1727.4171
20260205,-1728.4359
20260205,-1729.6502
20260205,-1729.3429
20260205,-1730.3698
20260205,-1731.457
20260205,-1732.7953
20260205,-1734.087
20260205,-1735.1051
20260206,-1736.141
20260206,-1735.7915
20260206,-1735.8583
20260206,-1735.1476
20260206,-1736.1659
20260206,-1735.6819
20260206,-1734.2279
20260206,-1732.7422
20260206,-1733.8224
20260206,-1733.4024
20260206,-1731.9926
20260209,-1732.9999
20260209,-1731.5081
20260209,-1732.5383
20260209,-1732.0487
20260209,-1731.5636
20260209,-1731.1899
20260209,-1732.2667
20260209,-1733.5229
20260209,-1740.882
20260209,-1741.9635
20260209,-1741.5431
20260209,-1740.6354
20260209,-1741.7481
20260209,-1742.8356
20260209,-1742.3789
20260209,-1743.4288
20260210,-1744.4817
20260210,-1745.4932
20260210,-1746.5055
20260210,-1747.5475
20260210,-1747.055
20260210,-1748.1091
20260210,-1749.2348
20260210,-1750.2516
20260210,-1751.3318
20260210,-1752.4543
20260210,-1751.9903
20260210,-1753.0618
20260210,-1752.8037
20260211,-1751.309
20260211,-1750.0942
20260211,-1748.6012
20260211,-1748.1081
20260211,-1747.4783
20260211,-1746.0072
20260211,-1745.5979
20260211,-1745.1651
20260211,-1746.2603
20260211,-1744.7894
20260211,-1745.8244
20260211,-1744.3673
20260211,-1743.9054
20260211,-1744.9912
20260211,-1747.3448
20260211,-1747.8933
20260211,-1747.4044
20260211,-1745.934
20260211,-1747.0291
20260212,-1745.5338
20260212,-1744.0368
20260212,-1745.0844
20260212,-1743.5863
20260212,-1742.111
20260212,-1743.1278
20260212,-1741.6365
20260212,-1740.9634
20260212,-1740.4892
20260212,-1739.0025
20260212,-1737.5107
20260212,-1736.0662
20260212,-1734.573
20260212,-1733.0831
20260212,-1732.6124
20260212,-1732.1225
20260212,-1733.1408
20260212,-1734.1772
20260212,-1732.6927
20260212,-1733.7331
20260212,-1734.7916
20260212,-1735.8269
20260213,-1734.347
20260213,-1732.864
20260213,-1733.9041
20260213,-1734.918
20260213,-1736.0644
20260213,-1737.1251
20260213,-1738.9041
20260213,-1740.0657
20260213,-1741.184
20260217,-1740.6883
20260217,-1740.7628
20260217,-1740.2784
20260217,-1741.3368
20260217,-1742.3511
20260217,-1743.359
20260217,-1744.374
20260217,-1745.3853
20260217,-1746.4343
20260217,-1747.4749
20260217,-1748.4899
20260217,-1749.5496
20260217,-1750.606
20260218,-1749.1255
20260218,-1750.1345
20260218,-1751.1589
20260218,-1750.6652
20260218,-1750.876
20260218,-1752.0219
20260218,-1753.1291
20260218,-1754.5376
20260218,-1756.2809
20260218,-1757.6803
20260218,-1757.2334
20260218,-1755.7378
20260218,-1754.2992
20260218,-1753.3717
20260219,-1752.888
20260219,-1752.3989
20260219,-1753.4455
20260219,-1751.9486
20260219,-1752.9776
20260219,-1752.504
20260219,-1753.5466
20260219,-1754.5896
20260219,-1755.6179
20260219,-1754.1322
20260219,-1755.1652
20260219,-1754.6867
20260219,-1755.712
20260219,-1755.2846
20260219,-1753.7986
20260220,-1752.3009
20260220,-1753.3122
20260220,-1751.8231
20260220,-1750.3671
20260220,-1751.3907
20260220,-1752.4034
20260220,-1753.4204
20260220,-1752.9349
20260220,-1753.947
20260220,-1753.48
20260220,-1753.0051
20260220,-1752.5304
20260220,-1752.3509
20260220,-1753.5102
20260223,-1752.0136
20260223,-1750.8817
20260223,-1751.8878
20260223,-1752.8986
20260223,-1753.9236
20260223,-1752.4581
20260223,-1750.9945
20260223,-1749.5083
20260223,-1748.0206
20260223,-1746.5271
20260223,-1745.0596
20260223,-1743.6114
20260223,-1743.2258
20260224,-1742.9216
20260224,-1743.938
20260224,-1742.4806
20260224,-1740.9881
20260224,-1742.1282
20260224,-1743.5829
20260224,-1742.1033
20260224,-1743.2062
20260225,-1742.7406
20260225,-1742.3514
20260225,-1743.396
20260225,-1742.7269
20260225,-1743.7566
20260225,-1743.3022
20260225,-1741.83
20260225,-1741.3128
20260225,-1741.0872
20260225,-1740.6997
20260225,-1739.2122
20260225,-1740.295
20260225,-1740.1619
20260226,-1741.2345
20260226,-1742.2432
20260226,-1743.2559
20260226,-1741.758
20260226,-1742.9374
20260226,-1742.4576
20260226,-1741.9702
20260226,-1741.4936
20260226,-1741.0501
20260226,-1740.5839
20260226,-1741.6193
20260226,-1741.2778
20260226,-1746.7985
20260226,-1748.2103
20260226,-1749.4735
20260227,-1749.166
20260227,-1748.6801
20260227,-1749.6953
20260227,-1750.7323
20260227,-1750.2647
20260227,-1751.3047
20260227,-1752.328
20260227,-1751.8997
20260227,-1750.4108
20260227,-1751.4838
20260227,-1752.6788
20260227,-1751.6243
20260227,-1751.1803
20260227,-1752.2213
20260227,-1751.823
20260227,-1752.9259
20260227,-1753.9785
20260227,-1753.5172
20260227,-1753.295
20260302,-1753.1232
20260302,-1754.1395
20260303,-1752.6435
20260303,-1752.163
20260303,-1753.1696
20260303,-1754.1959
20260303,-1755.2225
20260303,-1756.2807
20260303,-1757.3171
20260303,-1755.8229
20260303,-1755.3403
20260303,-1754.8581
20260303,-1754.3978
20260303,-1754.964
20260304,-1756.0227
20260304,-1757.0427
20260304,-1756.5525
20260304,-1757.6011
20260304,-1757.1491
20260304,-1756.6838
20260304,-1756.1998
20260304,-1757.2867
20260304,-1758.669
20260304,-1761.1618
20260304,-1760.7152
20260304,-1760.2394
20260304,-1759.7607
20260304,-1761.0199
20260304,-1759.546
20260304,-1759.1972
20260304,-1759.0097
20260304,-1758.5453
20260304,-1759.6845
20260305,-1760.6981
20260305,-1761.7206
20260305,-1762.7313
20260305,-1762.9493
20260305,-1763.96
20260305,-1764.977
20260305,-1766.011
20260305,-1767.0218
20260305,-1768.0294
20260305,-1769.0523
20260305,-1770.0751
20260305,-1768.9515
20260305,-1770.049
20260305,-1771.0877
20260305,-1772.1108
20260305,-1773.1617
20260305,-1771.6791
20260305,-1772.9122
20260305,-1774.3014
20260305,-1775.5028
20260305,-1776.6967
20260306,-1777.7649
20260306,-1778.7806
20260306,-1778.2871
20260306,-1779.3138
20260306,-1780.4241
20260306,-1781.4666
20260306,-1782.502
20260306,-1781.5292
20260306,-1780.0317
20260306,-1779.1681
20260306,-1780.4811
20260309,-1781.4998
20260309,-1781.0098
20260309,-1780.5293
20260309,-1781.5446
20260309,-1782.5833
20260309,-1783.6091
20260309,-1783.1176
20260309,-1784.1595
20260309,-1785.1949
20260309,-1786.2134
20260309,-1787.2325
20260309,-1788.2501
20260309,-1786.7548
20260309,-1785.2648
20260309,-1786.2715
20260309,-1785.8826
20260309,-1784.4568
20260309,-1784.1129
20260309,-1784.5748
20260310,-1784.1113
20260310,-1785.1357
20260310,-1786.224
20260310,-1787.2524
20260310,-1788.2692
20260310,-1789.3301
20260310,-1787.8446
20260310,-1788.8727
20260310,-1789.9066
20260310,-1790.9305
20260310,-1789.4391
20260311,-1788.947
20260311,-1789.9785
20260311,-1789.5052
20260311,-1788.0107
20260311,-1789.0506
20260311,-1788.32
20260311,-1789.4784
20260311,-1791.4784
20260311,-1791.0361
20260311,-1792.243
20260311,-1790.7566
20260311,-1789.3435
20260311,-1790.6473
20260312,-1789.1536
20260312,-1790.2013
20260312,-1791.2522
20260312,-1790.7839
20260312,-1791.816
20260312,-1792.8586
20260312,-1793.8936
20260312,-1795.0144
20260312,-1793.6578
20260312,-1794.6887
20260312,-1795.7805
20260312,-1795.3223
20260312,-1796.4752
20260312,-1797.6008
20260312,-1798.6711
20260312,-1799.7098
20260312,-1799.2278
20260312,-1800.6814
20260312,-1799.7258
20260312,-1799.3434
20260313,-1800.3941
20260313,-1799.9111
20260313,-1798.4172
20260313,-1799.4302
20260313,-1797.9379
20260313,-1797.4503
20260313,-1795.9546
20260313,-1794.4644
20260313,-1792.9673
20260313,-1791.4772
20260313,-1790.3073
20260313,-1789.838
20260313,-1789.362
20260313,-1790.5224
20260313,-1791.6715
20260313,-1792.8189
20260313,-1791.344
20260313,-1792.4007
20260313,-1795.045
20260313,-1796.162
20260313,-1795.7036
20260313,-1796.7158
20260313,-1795.2352
20260313,-1793.7998
20260316,-1794.8382
20260316,-1795.8563
20260316,-1796.89
20260316,-1797.9449
20260316,-1798.9825
20260316,-1798.5088
20260316,-1799.552
20260316,-1800.6182
20260316,-1801.8767
20260316,-1801.987
20260316,-1803.2964
20260317,-1804.3441
20260317,-1805.3867
20260317,-1806.413
20260317,-1805.9341
20260317,-1805.4492
20260317,-1804.9734
20260317,-1804.4819
20260317,-1802.9903
20260317,-1802.5207
20260317,-1803.6182
20260317,-1804.9754
20260317,-1806.1716
20260318,-1805.685
20260318,-1806.7039
20260318,-1807.7513
20260318,-1808.7744
20260318,-1808.2882
20260318,-1809.3054
20260318,-1808.9079
20260318,-1808.4401
20260318,-1807.5812
20260318,-1806.1048
20260318,-1807.1525
20260318,-1806.6923
20260318,-1805.2047
20260318,-1804.7678
20260318,-1805.4684
20260319,-1803.9871
20260319,-1802.4998
20260319,-1801.0059
20260319,-1799.5075
20260319,-1799.6223
20260319,-1799.1363
20260319,-1800.1652
20260319,-1798.6681
20260319,-1797.1967
20260319,-1796.7465
20260319,-1797.8172
20260319,-1796.8522
20260320,-1795.3556
20260320,-1794.873
20260320,-1794.3882
20260320,-1792.8942
20260320,-1792.7402
20260320,-1792.2542
20260320,-1791.7601
20260320,-1791.3178
20260320,-1792.443
20260320,-1792.002
20260320,-1793.0839
20260320,-1791.6024
20260320,-1792.7049
20260320,-1793.763
20260320,-1792.2724
20260320,-1793.3294
20260320,-1794.0156
20260323,-1792.5227
20260323,-1792.0524
20260323,-1793.0595
20260323,-1794.0883
20260323,-1795.1128
20260323,-1796.1375
20260323,-1797.1587
20260323,-1798.1688
20260323,-1799.1983
20260323,-1800.3097
20260323,-1801.3296
20260323,-1802.3995
20260323,-1803.484
20260324,-1803.0066
20260324,-1804.0199
20260324,-1805.0544
20260324,-1804.5677
20260324,-1803.0702
20260324,-1801.5779
20260324,-1800.1306
20260324,-1801.151
20260324,-1800.7242
20260324,-1800.2973
20260324,-1799.867
20260324,-1799.3812
20260324,-1800.4039
20260324,-1801.4358
20260324,-1802.4644
20260324,-1802.0741
20260324,-1801.0111
20260324,-1799.8498
20260325,-1800.2628
20260325,-1801.2979
20260325,-1800.8375
20260325,-1800.3521
20260325,-1801.4063
20260325,-1802.4211
20260325,-1803.499
20260325,-1803.036
20260325,-1804.1967
20260325,-1802.7031
20260325,-1804.365
20260325,-1805.4072
20260325,-1806.5562
20260326,-1807.5971
20260326,-1807.1049
20260326,-1805.6071
20260326,-1805.1196
20260326,-1806.2665
20260326,-1804.7733
20260326,-1804.3336
20260326,-1805.3956
20260326,-1804.9554
20260326,-1804.6192
20260326,-1804.1583
20260326,-1805.1871
20260326,-1806.3401
20260326,-1805.9214
20260326,-1805.6293
20260326,-1806.826
20260326,-1808.8261
20260326,-1809.9697
20260327,-1809.4974
20260327,-1809.0297
20260327,-1807.5357
20260327,-1808.5611
20260327,-1808.0742
20260327,-1807.5909
20260327,-1806.8583
20260327,-1807.8677
20260327,-1806.3694
20260327,-1807.4055
20260327,-1806.9374
20260327,-1807.9792
20260327,-1806.9714
20260327,-1808.0156
20260327,-1809.1778
20260327,-1810.2861
20260327,-1811.8608
20260327,-1812.918
20260327,-1812.4146
20260327,-1810.9531
20260327,-1810.47
20260330,-1809.9897
20260330,-1811.0587
20260330,-1810.5705
20260330,-1811.5881
20260330,-1810.093
20260330,-1810.3689
20260330,-1811.3883
20260330,-1812.4038
20260330,-1811.7231
20260330,-1812.7412
20260330,-1811.2447
20260330,-1812.2774
20260330,-1810.7819
20260330,-1810.3003
20260330,-1808.8022
20260330,-1808.3364
20260330,-1809.3647
20260330,-1807.8706
20260330,-1808.9636
20260330,-1810.028
20260330,-1811.513
20260330,-1810.0322
20260330,-1811.1235
20260330,-1812.1604
20260330,-1811.702
20260331,-1812.7244
20260331,-1811.2771
20260331,-1810.7974
20260331,-1811.833
20260331,-1812.8759
20260331,-1813.9094
20260331,-1812.412
20260331,-1810.9337
20260331,-1815.022
20260331,-1813.5305
20260331,-1814.5564
20260331,-1814.0826
20260331,-1813.6462
20260331,-1812.1651
20260331,-1813.2144
20260331,-1812.7967
20260331,-1812.3569
20260401,-1811.6386
20260401,-1810.7271
20260401,-1810.2473
20260401,-1811.2611
20260401,-1810.8605
20260401,-1811.9378
20260401,-1813.4081
20260402,-1811.9138
20260402,-1811.0072
20260402,-1809.5827
20260402,-1808.2993
20260402,-1806.8394
20260402,-1805.349
20260402,-1803.8512
20260402,-1802.7708
20260402,-1801.59
20260402,-1800.0939
20260402,-1798.6089
20260402,-1797.7375
20260402,-1797.1917
20260402,-1796.7246
20260402,-1796.2528
20260402,-1794.9469
20260402,-1795.981
20260402,-1797.0288
20260402,-1796.5688
20260402,-1795.3633
20260402,-1794.9413
20260406,-1795.4099
20260406,-1795.0084
20260406,-1794.5973
20260406,-1795.7056
20260406,-1796.9865
20260406,-1798.0965
20260406,-1797.6368
20260406,-1798.7543
20260406,-1800.0598
20260406,-1801.1569
20260407,-1800.6634
20260407,-1800.5833
20260407,-1801.6078
20260407,-1800.593
20260407,-1800.144
20260407,-1801.171
20260407,-1800.6824
20260407,-1799.1975
20260407,-1800.2289
20260407,-1798.7451
20260407,-1798.2783
20260407,-1796.7945
20260407,-1795.3173
20260407,-1796.367
20260407,-1795.8955
20260407,-1796.9508
20260407,-1798.008
20260407,-1799.081
20260408,-1798.6007
20260408,-1798.1188
20260408,-1799.1444
20260408,-1798.6743
20260408,-1797.1772
20260408,-1796.6957
20260408,-1796.2066
20260408,-1795.7974
20260409,-1796.8061
20260409,-1797.8804
20260409,-1798.9277
20260409,-1798.4731
20260409,-1799.4933
20260409,-1798.0088
20260409,-1796.5445
20260409,-1795.0748
20260409,-1796.0906
20260409,-1795.8902
20260409,-1796.919
20260409,-1795.4512
20260409,-1795.0605
20260409,-1796.1979
20260409,-1794.7159
20260409,-1793.2188
20260410,-1793.7428
20260410,-1794.0275
20260410,-1794.5304
20260410,-1795.5393
20260410,-1795.0585
20260410,-1796.0803
20260410,-1797.1915
20260410,-1798.3423
20260410,-1799.9531
20260410,-1801.1056
20260410,-1802.3249
20260410,-1801.8599
20260410,-1802.9976
20260413,-1801.5026
20260413,-1800.007
20260413,-1798.5133
20260413,-1797.0559
20260413,-1795.6128
20260413,-1794.6563
20260413,-1794.1697
20260413,-1795.1925
20260413,-1796.2344
20260413,-1795.7907
20260413,-1795.3126
20260413,-1794.8687
20260413,-1796.5991
20260413,-1797.6941
20260413,-1798.7384
20260414,-1799.7586
20260414,-1800.782
20260414,-1800.3
20260414,-1798.8289
20260414,-1799.8477
20260414,-1798.4032
20260414,-1798.4032
20260414,-1799.4863
20260414,-1799.2553
20260414,-1800.4918
20260415,-1798.9953
20260415,-1800.0227
20260415,-1801.0432
20260415,-1799.5461
20260415,-1798.0513
20260415,-1797.5998
20260415,-1796.1238
20260415,-1794.631
20260415,-1795.934
20260415,-1796.9968
20260415,-1798.1808
20260415,-1799.3706
20260415,-1797.8815
20260415,-1797.4186
20260415,-1797.0655
20260415,-1798.2455
20260415,-1800.8828
20260416,-1801.3117
20260416,-1802.3289
20260416,-1800.8342
20260416,-1800.856
20260416,-1799.375
20260416,-1798.8914
20260416,-1798.4187
20260416,-1797.9569
20260416,-1797.4874
20260416,-1798.542
20260416,-1799.5718
20260416,-1799.0818
20260416,-1800.134
20260416,-1801.1621
20260416,-1802.369
20260416,-1803.576
20260417,-1802.0809
20260417,-1800.5904
20260417,-1801.6109
20260417,-1800.1202
20260417,-1801.1523
20260417,-1799.6569
20260417,-1799.1818
20260417,-1800.2109
20260417,-1799.7247
20260417,-1799.3117
20260417,-1798.8244
20260417,-1797.3269
20260417,-1796.8509
20260417,-1796.3986
20260417,-1794.9051
20260417,-1795.9635
20260417,-1797.0942
20260417,-1796.6689
20260417,-1796.2603
20260420,-1794.7715
20260420,-1795.3394
20260420,-1794.8803
20260420,-1795.9046
20260420,-1795.4196
20260420,-1796.4863
20260420,-1797.5598
20260420,-1798.5743
20260420,-1799.6357
20260420,-1800.6856
20260420,-1801.7328
20260420,-1802.8673
20260420,-1804.0006
20260420,-1802.5271
20260420,-1803.5549
20260420,-1804.7357
20260420,-1805.2472
20260421,-1806.2883
20260421,-1807.3143
20260421,-1808.3482
20260421,-1809.3627
20260421,-1810.4239
20260421,-1808.9267
20260421,-1809.9486
20260421,-1808.6465
20260421,-1809.6738
20260421,-1808.2305
20260421,-1806.7639
20260421,-1807.7787
20260421,-1806.3349
20260421,-1807.3782
20260421,-1811.4173
20260421,-1811.0444
20260421,-1810.5769
20260421,-1811.6548
20260421,-1811.2386
20260421,-1809.7792
20260421,-1808.3176
20260421,-1806.8241
20260422,-1807.8588
20260422,-1808.951
20260422,-1807.4601
20260422,-1805.9656
20260422,-1804.4713
20260422,-1802.9737
20260422,-1801.4793
20260422,-1802.533
20260422,-1802.0661
20260422,-1800.6017
20260422,-1801.7521
20260422,-1802.89
20260422,-1804.1191
20260422,-1805.6244
20260422,-1805.3638
20260423,-1804.9049
20260423,-1803.4246
20260423,-1804.5293
20260423,-1805.5779
20260423,-1804.6629
20260423,-1803.1769
20260423,-1804.1857
20260423,-1803.7065
20260423,-1803.2168
20260423,-1804.3311
20260423,-1802.8441
20260423,-1802.4517
20260423,-1800.9585
20260423,-1800.4741
20260423,-1799.4416
20260423,-1800.4539
20260423,-1798.9809
20260424,-1798.5129
20260424,-1798.0197
20260424,-1797.5281
20260424,-1798.6156
20260424,-1799.6783
20260424,-1799.1932
20260424,-1798.5501
20260424,-1799.5933
20260424,-1799.1688
20260424,-1798.6775
20260424,-1799.8617
20260424,-1800.9101
20260424,-1800.9247
20260424,-1799.4311
20260424,-1800.5526
20260424,-1802.1073
20260427,-1801.9274
20260427,-1802.9516
20260427,-1803.9575
20260427,-1803.4676
20260427,-1804.4878
20260427,-1803.0148
20260427,-1804.0301
20260427,-1803.5661
20260427,-1804.6393
20260427,-1803.153
20260427,-1802.9817
20260427,-1803.0999
20260427,-1804.1769
20260427,-1802.6911
20260427,-1803.7451
20260427,-1804.8011
20260428,-1803.8707
20260428,-1803.2667
20260428,-1804.2872
20260428,-1805.3081
20260428,-1804.8243
20260428,-1805.8424
20260428,-1805.4844
20260428,-1806.5574
20260428,-1805.0904
20260428,-1804.741
20260428,-1807.1066
20260428,-1807.7207
20260429,-1807.0388
20260429,-1808.0777
20260429,-1806.5818
20260429,-1805.0869
20260429,-1804.9332
20260429,-1805.9503
20260429,-1806.9634
20260429,-1807.9776
20260429,-1807.433
20260429,-1808.7192
20260429,-1807.2337
20260429,-1808.2885
20260429,-1806.8048
20260429,-1806.3585
20260429,-1805.8958
20260429,-1805.4711
20260429,-1806.5529
20260429,-1807.6233
20260429,-1809.2151
20260430,-1807.7287
20260430,-1808.7557
20260430,-1809.8521
20260430,-1810.8595
20260430,-1811.8714
20260430,-1810.3733
20260430,-1808.8789
20260430,-1807.3943
20260430,-1808.4195
20260430,-1807.3589
20260430,-1805.866
20260430,-1804.3767
20260430,-1805.4191
20260501,-1804.9298
20260501,-1804.7724
20260501,-1805.7997
20260501,-1806.8131
20260501,-1805.3261
20260501,-1805.1377
20260501,-1806.1608
20260501,-1807.1995
20260501,-1808.2154
20260501,-1807.7389
20260501,-1806.2473
20260501,-1804.802
20260501,-1805.8591
20260501,-1804.9397
20260501,-1806.0122
20260504,-1806.6365
20260504,-1806.1415
20260504,-1807.1622
20260504,-1808.2315
20260504,-1809.2632
20260504,-1809.0462
20260504,-1810.069
20260504,-1811.095
20260504,-1811.7353
20260504,-1811.0261
20260504,-1810.2269
20260505,-1808.734
20260505,-1808.2388
20260505,-1807.7623
20260505,-1808.7902
20260505,-1808.1
20260505,-1807.0055
20260505,-1808.0367
20260505,-1807.5434
20260505,-1809.3794
20260505,-1810.4884
20260505,-1811.658
20260505,-1812.7689
20260505,-1811.3003
20260506,-1812.3327
20260506,-1810.8366
20260506,-1810.6664
20260506,-1811.7
20260506,-1812.7281
20260506,-1813.7567
20260506,-1814.7803
20260506,-1815.792
20260506,-1815.3507
20260506,-1813.8873
20260506,-1812.4192
20260506,-1811.544
20260506,-1812.96
20260506,-1812.5094
20260506,-1813.6138
20260507,-1812.5521
20260507,-1813.5698
20260507,-1814.6039
20260507,-1814.1205
20260507,-1815.1354
20260507,-1814.6929
20260507,-1815.7185
20260507,-1816.7626
20260507,-1817.7891
20260507,-1817.3065
20260507,-1818.3317
20260507,-1817.1154
20260507,-1815.7205
20260507,-1814.2273
20260507,-1815.2626
20260508,-1814.7928
20260508,-1813.296
20260508,-1814.3878
20260508,-1815.4076
20260508,-1816.4206
20260508,-1815.9269
20260508,-1814.4324
20260508,-1815.4855
20260508,-1814.032
20260508,-1813.5446
20260508,-1814.5584
20260508,-1815.5773
20260508,-1815.207
20260508,-1813.7247
20260508,-1814.7461
20260508,-1813.2606
20260508,-1811.7726
20260511,-1811.3073
20260511,-1812.0401
20260511,-1813.0541
20260511,-1814.099
20260511,-1815.189
20260511,-1816.2113
20260511,-1814.7577
20260511,-1813.2847
20260511,-1814.3098
20260511,-1813.8682
20260511,-1814.9839
20260511,-1813.4971
20260511,-1814.5187
20260511,-1814.0459
20260512,-1815.0834
20260512,-1816.1269
20260512,-1814.6366
20260512,-1815.7619
20260512,-1815.3279
20260512,-1816.416
20260512,-1817.5088
20260513,-1818.5189
20260513,-1819.526
20260513,-1820.5301
20260513,-1821.5813
20260513,-1820.0834
20260513,-1821.1084
20260513,-1822.2761
20260513,-1821.8003
20260513,-1820.3085
20260513,-1819.8298
20260513,-1819.4149
20260513,-1817.9474
20260513,-1817.5007
20260513,-1817.0316
20260513,-1818.1541
20260514,-1819.2059
20260514,-1820.2144
20260514,-1819.725
20260514,-1818.2338
20260514,-1819.3006
20260514,-1820.3447
20260514,-1818.8645
20260514,-1820.1047
20260514,-1821.121
20260514,-1822.1563
20260514,-1823.1787
20260514,-1824.2729
20260514,-1822.7816
20260514,-1822.3881
20260514,-1821.7038
20260515,-1820.8664
20260515,-1819.3753
20260515,-1820.3859
20260515,-1819.8979
20260515,-1820.9078
20260515,-1821.9677
20260515,-1820.4828
20260515,-1819.014
20260515,-1817.8623
20260515,-1818.973
20260515,-1820.0237
20260515,-1821.1616
20260515,-1820.7331
20260518,-1821.7652
20260518,-1821.0224
20260518,-1822.0367
20260518,-1821.4627
20260518,-1819.9861
20260518,-1820.9965
20260518,-1820.0351
20260518,-1821.0524
20260518,-1819.5604
20260518,-1818.0609
20260518,-1817.566
20260518,-1818.3044
20260518,-1816.8271
20260518,-1817.8458
20260518,-1818.5722
20260518,-1817.0758
20260518,-1816.5925
20260518,-1815.1002
20260518,-1814.6066
20260518,-1813.1129
20260519,-1812.6328
20260519,-1812.136
20260519,-1813.1575
20260519,-1814.1744
20260519,-1815.1917
20260519,-1816.227
20260519,-1817.2854
20260519,-1818.3993
20260519,-1819.4384
20260519,-1820.597
20260519,-1821.7558
20260519,-1823.0202
20260519,-1822.6299
20260519,-1821.1446
20260519,-1821.7171
20260520,-1821.2281
20260520,-1820.7351
20260520,-1821.767
20260520,-1822.8427
20260520,-1823.8949
20260520,-1823.4999
20260520,-1823.1012
20260520,-1822.6711
20260520,-1822.2145
20260520,-1821.1126
20260520,-1822.3605
20260520,-1821.8835
20260521,-1821.3895
20260521,-1822.4062
20260521,-1821.9444
20260521,-1822.9813
20260521,-1824.0139
20260521,-1823.0755
20260521,-1822.5958
20260521,-1823.6036
20260521,-1824.6219
20260521,-1825.7225
20260521,-1826.7489
20260521,-1827.7613
20260521,-1826.5777
20260521,-1830.2522
20260521,-1831.392
20260521,-1829.9782
20260521,-1829.5061
20260521,-1830.5597
20260521,-1831.6031
20260521,-1830.114
20260521,-1831.2363
20260522,-1830.7443
20260522,-1831.7931
20260522,-1832.8482
20260522,-1831.9665
20260522,-1831.178
20260522,-1832.195
20260522,-1830.6987
20260522,-1831.7787
20260522,-1832.5155
20260522,-1832.0194
20260522,-1831.5546
20260522,-1831.1051
20260522,-1830.6662
20260522,-1831.7114
20260522,-1832.7494
20260522,-1833.7863
20260522,-1834.8875
20260522,-1835.9169
20260522,-1836.9483
20260522,-1838.1071
20260526,-1839.1691
20260526,-1838.6846
20260526,-1838.2156
20260526,-1837.7263
20260526,-1837.9816
20260526,-1838.9948
20260526,-1840.0141
20260526,-1841.0764
20260526,-1842.1056
20260526,-1843.1123
20260526,-1841.6216
20260526,-1841.1333
20260526,-1842.1505
20260526,-1843.2812
20260526,-1844.3179
20260526,-1842.836
20260527,-1843.8628
20260527,-1844.8967
20260527,-1845.9068
20260527,-1845.4324
20260527,-1844.9589
20260527,-1845.9908
20260527,-1844.5296
20260527,-1845.6341
20260527,-1844.3556
20260527,-1843.1402
20260527,-1844.2163
20260527,-1843.4136
20260528,-1844.474
20260528,-1845.4817
20260528,-1846.5216
20260528,-1845.8584
20260528,-1844.986
20260528,-1845.2863
20260528,-1845.435
20260528,-1845.3151
20260528,-1843.8168
20260528,-1842.3581
20260528,-1841.8699
20260528,-1842.8785
20260528,-1844.4318
20260528,-1842.9454
20260528,-1844.1124
20260528,-1845.2164
20260528,-1846.2708
20260528,-1845.8742
20260528,-1847.0322
20260528,-1845.5668
20260528,-1844.0793
20260529,-1845.131
20260529,-1846.1427
20260529,-1844.6512
20260529,-1845.7101
20260529,-1846.7398
20260529,-1845.6696
20260529,-1844.1756
20260529,-1843.2122
20260529,-1842.7987
20260529,-1843.8669
20260529,-1845.2301
20260529,-1846.4479
20260529,-1847.6136
20260529,-1846.1245
20260529,-1847.4055
20260601,-1848.423
20260601,-1849.4382
20260601,-1847.9428
20260601,-1849.0251
20260601,-1848.5949
20260601,-1847.1808
20260601,-1848.2022
20260601,-1847.7156
20260601,-1847.2269
20260601,-1847.8003
20260601,-1847.3209
20260601,-1848.3423
20260601,-1849.3554
20260601,-1848.9498
20260601,-1850.0899
20260601,-1849.6692
20260601,-1850.6864
20260601,-1851.1015
20260601,-1849.8505
20260602,-1848.9265
20260602,-1849.9403
20260602,-1850.5105
20260602,-1849.0151
20260602,-1850.07
20260602,-1849.5757
20260602,-1849.089
20260602,-1848.6954
20260602,-1848.2289
20260602,-1846.8455
20260602,-1848.8585
20260602,-1849.889
20260602,-1848.4008
20260602,-1849.5524
20260602,-1848.0736
20260602,-1849.2861
20260602,-1850.4762
20260603,-1849.0
20260603,-1848.132
20260603,-1846.6357
20260603,-1847.6753
20260603,-1847.241
20260603,-1845.7469
20260603,-1846.772
20260603,-1846.3249
20260603,-1844.8552
20260603,-1846.6132
20260603,-1847.6708
20260603,-1848.7606
20260603,-1852.3572
20260603,-1851.8788
20260603,-1852.8909
20260603,-1851.4147
20260603,-1853.0233
20260604,-1851.5245
20260604,-1850.05
20260604,-1849.6304
20260604,-1849.1368
20260604,-1848.6783
20260604,-1849.8679
20260604,-1848.3805
20260604,-1849.3932
20260604,-1848.9163
20260604,-1847.435
20260604,-1848.5155
20260605,-1847.0181
20260605,-1848.0289
20260605,-1846.5304
20260605,-1845.0316
20260605,-1843.995
20260605,-1845.0003
20260605,-1846.015
20260605,-1844.5215
20260605,-1845.5439
20260605,-1844.0464
20260605,-1843.6677
20260605,-1843.2409
20260605,-1844.3473
20260605,-1845.7465
20260605,-1847.0066
20260605,-1846.5425
20260608,-1847.5593
20260608,-1848.567
20260608,-1849.573
20260608,-1850.5832
20260608,-1851.5883
20260608,-1852.5954
20260608,-1853.6036
20260608,-1854.6486
20260608,-1854.1619
20260608,-1853.7034
20260608,-1854.7457
20260608,-1855.8123
20260608,-1854.4257
20260608,-1853.944
20260608,-1855.023
20260609,-1853.5334
20260609,-1852.0363
20260609,-1850.5437
20260609,-1849.0458
20260609,-1848.5523
20260609,-1847.0553
20260609,-1845.5573
20260609,-1844.0587
20260609,-1842.5626
20260609,-1841.0652
20260609,-1839.5756
20260609,-1838.0815
20260609,-1836.5843
20260609,-1835.0889
20260609,-1834.6047
20260609,-1835.6619
20260609,-1835.3927
20260609,-1836.5392
20260609,-1837.627
20260609,-1837.1486
20260609,-1835.7854
20260609,-1834.3003
20260610,-1833.8667
20260610,-1834.883
20260610,-1835.8887
20260610,-1836.8949
20260610,-1835.3986
20260610,-1833.9096
20260610,-1832.4126
20260610,-1831.9395
20260610,-1831.4617
20260610,-1830.9738
20260610,-1832.0091
20260610,-1831.668
20260610,-1831.245
20260610,-1830.7752
20260610,-1830.2841
20260610,-1829.7992
20260610,-1829.3454
20260610,-1830.3929
20260610,-1831.4948
20260610,-1831.0125
20260610,-1832.0759
20260610,-1833.6893
20260611,-1834.7047
20260611,-1834.212
20260611,-1835.2259
20260611,-1834.7365
20260611,-1835.7667
20260611,-1836.7887
20260611,-1837.8406
20260611,-1839.0469
20260611,-1838.9186
20260611,-1839.461
20260611,-1840.475
20260611,-1841.4976
20260612,-1842.5108
20260612,-1843.5181
20260612,-1844.5352
20260612,-1844.0565
20260612,-1844.2672
20260612,-1842.7753
20260612,-1842.336
20260612,-1843.0748
20260612,-1846.9547
20260612,-1848.1485
20260612,-1849.2828
20260612,-1850.3923
20260612,-1851.4271
20260615,-1852.4924
20260615,-1851.8102
20260615,-1852.8167
20260615,-1852.3395
20260615,-1851.8558
20260615,-1851.4411
20260615,-1852.4884
20260615,-1853.5497
20260615,-1854.5656
20260615,-1855.9662
20260615,-1857.1206
20260615,-1858.5854
20260615,-1857.0997
20260616,-1858.1404
20260616,-1859.1506
20260616,-1858.2315
20260616,-1859.2431
20260616,-1860.2716
20260616,-1860.2284
20260616,-1861.2744
20260616,-1859.9548
20260616,-1858.4806
20260616,-1859.5433
20260616,-1860.5846
20260616,-1861.66
20260616,-1862.7413
20260616,-1863.7916
20260616,-1864.835
20260616,-1865.896
20260616,-1864.4205
20260616,-1863.9475
20260616,-1863.4936
20260617,-1864.5421
20260617,-1865.6155
20260617,-1865.1212
20260617,-1866.1593
20260617,-1865.6769
20260617,-1866.6891
20260617,-1867.759
20260617,-1868.8367
20260617,-1869.8693
20260617,-1869.3887
20260617,-1870.4591
20260617,-1870.0214
20260617,-1871.1359
20260617,-1872.3874
20260617,-1872.0153
20260617,-1873.0231
20260617,-1871.5302
20260617,-1872.5382
20260617,-1873.6265
20260617,-1874.6864
20260617,-1874.2457
20260618,-1875.2525
20260618,-1874.7863
20260618,-1873.3048
20260618,-1874.3514
20260618,-1875.3604
20260618,-1874.002
20260618,-1872.5145
20260618,-1873.5551
20260622,-1874.5821
20260622,-1875.587
20260622,-1876.626
20260622,-1875.1312
20260622,-1876.1496
20260622,-1874.6617
20260622,-1873.1669
20260622,-1871.6709
20260622,-1870.177
20260622,-1871.2149
20260622,-1872.2298
20260622,-1871.7427
20260622,-1870.2529
20260622,-1871.3303
20260623,-1872.3459
20260623,-1873.3559
20260623,-1873.641
20260623,-1873.1038
20260623,-1872.6061
20260623,-1871.4671
20260623,-1870.9268
20260623,-1872.005
20260623,-1871.647
20260623,-1872.6697
20260623,-1873.7137
20260623,-1873.5282
20260623,-1873.446
20260624,-1874.4579
20260624,-1875.5291
20260624,-1874.0334
20260624,-1875.0566
20260624,-1874.5884
20260624,-1875.6907
20260624,-1874.2037
20260624,-1872.7078
20260624,-1873.7367
20260624,-1873.2429
20260624,-1874.265
20260624,-1875.2841
20260624,-1876.3437
20260624,-1877.3818
20260624,-1878.4652
20260624,-1877.4215
20260625,-1877.6246
20260625,-1878.1143
20260625,-1879.1249
20260625,-1878.6262
20260625,-1879.6304
20260625,-1878.132
20260625,-1876.6963
20260625,-1877.7081
20260625,-1876.2457
20260625,-1877.2666
20260625,-1876.78
20260625,-1876.2921
20260625,-1877.3183
20260625,-1878.3675
20260625,-1879.3906
20260625,-1880.4104
20260625,-1879.9451
20260625,-1879.4726
20260625,-1878.0871
20260625,-1876.8075
20260625,-1876.4118
20260626,-1875.9294
20260626,-1875.4517
20260626,-1873.9668
20260626,-1873.6208
20260626,-1872.1237
20260626,-1871.6372
20260626,-1872.6908
20260629,-1873.6991
20260629,-1873.2108
20260629,-1872.7132
20260629,-1871.2158
20260629,-1870.724
20260629,-1870.2467
20260629,-1869.7792
20260629,-1870.8064
20260629,-1871.8197
20260629,-1871.4171
20260629,-1872.4349
20260629,-1871.5638
20260629,-1872.5977
20260629,-1871.1003
20260629,-1872.5128
20260629,-1873.5711
20260629,-1874.7102
20260629,-1875.8091
20260629,-1874.3702
20260630,-1875.4451
20260630,-1876.4812
20260630,-1877.4882
20260630,-1875.9927
20260630,-1877.0381
20260630,-1876.5515
20260630,-1877.5794
20260630,-1878.6125
20260630,-1878.1618
20260630,-1879.2184
20260630,-1879.9965
20260630,-1879.5246
20260701,-1880.5369
20260701,-1881.2837
20260701,-1879.79
20260701,-1879.2983
20260701,-1877.8097
20260701,-1877.3475
20260701,-1879.0272
20260701,-1880.1086
20260701,-1878.6115
20260701,-1878.1313
20260701,-1879.1546
20260701,-1880.4106
20260701,-1881.6641
20260702,-1882.7096
20260702,-1883.741
20260702,-1884.7784
20260702,-1883.2825
20260702,-1884.2977
20260702,-1885.3152
20260702,-1886.3363
20260702,-1887.3841
20260702,-1888.4036
20260702,-1886.9116
20260702,-1888.0718
20260702,-1889.1003
20260702,-1890.1253
20260702,-1891.331
20260702,-1890.9121
20260702,-1891.9468
20260702,-1891.5179
20260706,-1891.5711
20260706,-1890.0766
20260706,-1891.1418
20260706,-1889.659
20260706,-1890.6703
20260706,-1889.8021
20260706,-1888.9252
20260706,-1889.9722
20260706,-1889.509
20260706,-1890.519
20260706,-1890.5728
20260706,-1892.272
20260707,-1891.7919
20260707,-1891.2966
20260707,-1890.8043
20260707,-1891.8125
20260707,-1891.3171
20260707,-1890.828
20260707,-1891.8541
20260707,-1891.3689
20260707,-1892.7094
20260707,-1893.7512
20260707,-1892.2577
20260707,-1891.8483
20260707,-1891.5256
20260707,-1890.0341
20260707,-1888.603
20260707,-1887.8023
20260707,-1888.9472
20260708,-1890.0125
20260708,-1888.5166
20260708,-1889.528
20260708,-1890.0083
20260708,-1889.5604
20260708,-1889.0919
20260708,-1887.607
20260708,-1888.6368
20260708,-1889.6463
20260708,-1890.7571
20260708,-1889.2604
20260708,-1889.3036
20260708,-1887.8409
20260708,-1888.9209
20260708,-1889.9819
20260709,-1891.0123
20260709,-1890.5434
20260709,-1889.9684
20260709,-1889.481
20260709,-1887.987
20260709,-1889.0076
20260709,-1888.5339
20260709,-1890.433
20260710,-1889.9393
20260710,-1889.8738
20260710,-1888.752
20260710,-1888.843
20260710,-1889.1395
20260710,-1888.4083
20260710,-1887.9164
20260710,-1887.3534
20260710,-1887.0502
20260710,-1888.0973
20260710,-1887.6177
20260710,-1888.6548
20260710,-1889.7083
20260710,-1889.594
20260710,-1889.1061
20260710,-1888.8523
20260710,-1888.4835
20260710,-1888.2515
20260710,-1888.2515
20260710,-1890.7282
20260710,-1891.8095
20260713,-1892.8314
20260713,-1893.8963
20260713,-1892.4027
20260713,-1891.9084
20260713,-1890.8957
20260713,-1891.9253
20260713,-1891.4461
20260713,-1892.5165
20260713,-1892.0322
20260713,-1891.5478
20260713,-1890.977
20260713,-1892.0029
20260713,-1892.3281
20260713,-1892.0036
20260714,-1890.818
20260714,-1890.3268
20260714,-1888.8325
20260714,-1889.8685
20260714,-1890.9427
20260714,-1890.4542
20260714,-1891.4664
20260714,-1892.4779
20260714,-1893.5633
20260714,-1894.6197
20260714,-1894.6663
20260714,-1894.1823
20260714,-1892.6928
20260714,-1893.7776
20260714,-1893.5583
20260715,-1894.6213
20260715,-1895.6552
20260715,-1894.1582
20260715,-1895.1912
20260715,-1896.2052
20260715,-1897.2307
20260715,-1898.2562
20260715,-1897.7664
20260715,-1897.3516
20260715,-1896.862
20260715,-1897.9459
20260715,-1899.1109
20260715,-1900.438
20260715,-1901.5071
20260715,-1902.6114
20260715,-1903.6242
20260715,-1904.7084
20260715,-1904.3612
20260715,-1904.0426
20260715,-1905.356
20260715,-1905.3641
20260715,-1904.9073
20260715,-1904.6667
20260715,-1905.7497
20260716,-1906.7585
20260716,-1907.7755
20260716,-1908.7797
20260716,-1909.7921
20260716,-1910.9066
20260716,-1912.1881
20260716,-1910.6905
20260716,-1909.2009
20260716,-1907.7254
20260716,-1906.2369
20260716,-1904.7474
20260716,-1905.8162
20260716,-1905.3313
20260716,-1903.8566
20260716,-1902.9617
20260717,-1903.2503
20260717,-1904.273
20260717,-1905.3196
20260717,-1905.2855
20260717,-1903.7874
20260717,-1902.3018
20260720,-1900.8097
20260720,-1900.3681
20260720,-1898.8736
20260720,-1897.9088
20260720,-1898.9387
20260720,-1897.44
20260720,-1896.9601
20260720,-1897.9936
20260720,-1897.515
20260720,-1897.0298
20260720,-1895.7567
20260720,-1894.2669
20260720,-1893.7744
20260720,-1894.7875
20260720,-1895.7956
20260720,-1895.3008
20260720,-1896.5323
20260720,-1895.0478
20260720,-1893.574
20260720,-1895.0914
20260720,-1895.638
20260720,-1895.1761
20260720,-1896.2245
20260720,-1894.7349
20260721,-1894.2403
20260721,-1895.2566
20260721,-1894.7923
20260721,-1893.9457
20260721,-1893.4937
20260721,-1892.5281
20260721,-1891.5898
20260721,-1891.3087
20260721,-1891.1741
20260721,-1889.682
20260721,-1890.9769
20260721,-1890.0751
20260722,-1889.5982
20260722,-1888.1008
20260722,-1889.1257
20260722,-1888.6319
20260722,-1889.6616
20260722,-1890.1421
20260722,-1891.1562
20260722,-1892.2334
20260722,-1891.7642
20260722,-1892.8548
20260722,-1891.3608
20260722,-1892.3935
20260722,-1893.4267
20260722,-1894.469
20260722,-1895.5207
20260722,-1896.7479
20260722,-1898.0176
20260722,-1899.214
20260722,-1900.2558
20260722,-1899.7799
20260722,-1898.2918
20260723,-1897.7986
20260723,-1896.8689
20260723,-1895.3719
20260723,-1894.8825
20260723,-1895.9257
20260723,-1896.9667
20260723,-1896.5073
20260723,-1895.0556
20260723,-1896.1937
20260723,-1897.2008
20260723,-1898.2338
20260723,-1899.2987
20260723,-1897.869
20260724,-1898.8943
20260724,-1897.3971
20260724,-1898.4151
20260724,-1899.4242
20260724,-1897.9705
20260724,-1897.4764
20260724,-1898.5063
20260724,-1899.5142
20260724,-1898.0539
20260724,-1899.1174
20260724,-1898.6359
20260724,-1899.6832
20260724,-1900.7134
20260724,-1901.791
20260724,-1903.5422
20260724,-1904.7391
20260724,-1904.2593
20260724,-1903.7414
20260724,-1902.7544
20260724,-1904.1731
20260724,-1905.9304
20260724,-1907.1266
20260727,-1905.6371
20260727,-1904.8504
20260727,-1903.3587
20260727,-1902.8653
20260727,-1901.3667
20260727,-1900.8716
20260727,-1899.3731
20260727,-1897.8874
20260727,-1897.4026
20260727,-1896.9144
20260727,-1897.9239
20260727,-1898.9603
20260727,-1899.9949
20260727,-1899.5078
20260727,-1899.0246
20260727,-1898.5316
20260727,-1898.0556
20260727,-1899.4321
20260727,-1898.9877
20260728,-1897.8192
20260728,-1897.3407
20260728,-1896.8545
20260728,-1896.2277
20260728,-1897.2748
20260728,-1898.3018
20260728,-1899.3346
20260728,-1898.846
20260728,-1898.365
20260728,-1899.3775
20260728,-1898.8812
20260728,-1899.9095
20260728,-1900.9234
20260728,-1900.4715
20260728,-1899.9879
20260728,-1899.5059
20260728,-1898.0466
20260728,-1896.5538
20260728,-1896.3788
20260728,-1897.5127
20260728,-1897.0631
20260728,-1898.0933
20260728,-1896.6826
20260728,-1896.2012
20260729,-1897.2139
20260729,-1895.7147
20260729,-1895.2238
20260729,-1894.7317
20260729,-1894.235
20260729,-1895.2563
20260729,-1896.2773
20260729,-1897.2938
20260729,-1898.3734
20260729,-1899.4116
20260729,-1900.4326
20260729,-1901.459
20260729,-1900.9675
20260729,-1900.497
20260729,-1900.04
20260729,-1901.1388
20260729,-1902.4152
20260729,-1901.9413
20260729,-1901.4755
20260729,-1902.5102
20260729,-1902.1032
20260729,-1903.1731
20260729,-1902.7241
20260729,-1903.7852
20260730,-1902.8056
20260730,-1903.8112
20260730,-1904.8438
20260730,-1905.8969
20260730,-1906.9744
20260730,-1905.4777
20260730,-1905.0382
20260730,-1906.133
20260730,-1907.2461
20260731,-1908.288
20260731,-1907.8012
20260731,-1907.3271
20260731,-1907.6721
20260731,-1907.1889
20260731,-1908.1989
20260731,-1907.7602
20260731,-1907.2913
20260731,-1908.364
20260731,-1909.456
20260731,-1910.4727
20260731,-1911.4842
20260731,-1910.61
20260731,-1910.1721
20260731,-1909.7147
20260731,-1910.8364
20260731,-1912.0008
20260731,-1911.5209
20260803,-1910.0277
20260803,-1911.0516
20260803,-1909.558
20260803,-1910.5888
20260803,-1909.0912
20260803,-1908.2133
20260803,-1906.735
20260803,-1907.8033
20260803,-1907.4018
20260803,-1905.9082
20260803,-1904.8022
20260803,-1906.0435
20260803,-1904.5813
20260803,-1905.618
20260804,-1904.128
20260804,-1902.6334
20260804,-1901.1467
20260804,-1899.654
20260804,-1898.1626
20260804,-1899.2064
20260804,-1897.7096
20260804,-1897.2564
20260804,-1898.2666
20260804,-1897.809
20260804,-1896.7766
20260804,-1897.8216
20260804,-1898.9471
20260804,-1899.9743
20260804,-1899.5087
20260804,-1900.5376
20260804,-1902.2482
20260804,-1902.9449
20260805,-1904.0012
20260805,-1905.0283
20260805,-1906.0714
20260805,-1907.1758
20260805,-1908.2181
20260805,-1909.2422
20260805,-1910.2682
20260805,-1911.3142
20260805,-1912.3422
20260805,-1913.3923
20260805,-1914.4166
20260806,-1914.4342
20260806,-1913.7781
20260806,-1913.2866
20260806,-1912.8019
20260806,-1912.3072
20260806,-1912.6705
20260806,-1913.698
20260806,-1914.8435
20260806,-1913.4579
20260806,-1912.985
20260806,-1914.0552
20260806,-1915.1176
20260806,-1915.1808
20260807,-1913.6848
20260807,-1914.1918
20260807,-1913.7114
20260807,-1914.7291
20260807,-1914.646
20260807,-1915.7649
20260807,-1916.8187
20260807,-1917.938
20260807,-1916.4565
20260807,-1917.5627
20260810,-1917.0775
20260810,-1918.0906
20260810,-1917.6055
20260810,-1917.1179
20260810,-1918.1457
20260810,-1917.6589
20260810,-1917.178
20260810,-1916.8674
20260810,-1917.9208
20260810,-1918.0382
20260810,-1919.2524
20260810,-1918.8619
20260810,-1920.0535
20260810,-1918.7886
20260810,-1917.3268
20260811,-1918.3653
20260811,-1919.4389
20260811,-1920.4631
20260811,-1920.9122
20260811,-1922.1139
20260811,-1921.6409
20260811,-1921.1458
20260811,-1921.3116
20260811,-1919.8276
20260811,-1920.8698
20260811,-1921.8883
20260811,-1923.1992
20260811,-1924.3373
20260811,-1922.8414
20260811,-1922.3926
20260811,-1921.9534
20260811,-1920.4617
20260811,-1919.993
20260811,-1921.0397
20260811,-1922.4311
20260811,-1921.9583
20260812,-1921.5618
20260812,-1920.0737
20260812,-1919.5898
20260812,-1920.6849
20260812,-1921.7041
20260812,-1921.6504
20260812,-1922.7323
20260812,-1923.7974
20260812,-1924.8195
20260812,-1924.3498
20260812,-1925.4182
20260812,-1926.4801
20260812,-1924.9849
20260812,-1926.0151
20260812,-1927.0657
20260812,-1925.5737
20260812,-1926.6276
20260812,-1927.1517
20260812,-1929.0588
20260813,-1928.7787
20260813,-1927.2795
20260813,-1927.4199
20260813,-1926.9335
20260813,-1925.442
20260813,-1926.4598
20260813,-1927.5461
20260813,-1928.5861
20260813,-1927.0979
20260813,-1925.624
20260813,-1925.1583
20260813,-1926.3889
20260813,-1927.459
20260814,-1926.989
20260814,-1926.1437
20260814,-1927.2646
20260814,-1925.7668
20260814,-1926.8464
20260814,-1927.8853
20260814,-1928.9051
20260814,-1927.7751
20260814,-1927.4431
20260814,-1928.6135
20260817,-1929.6231
20260817,-1930.6525
20260817,-1931.6623
20260817,-1930.7598
20260817,-1929.2699
20260817,-1930.3244
20260817,-1931.6343
20260817,-1931.1794
20260817,-1932.2995
20260817,-1933.4244
20260817,-1933.4678
20260818,-1933.2271
20260818,-1931.7377
20260818,-1931.4163
20260818,-1932.432
20260818,-1931.9551
20260818,-1933.002
20260818,-1934.0365
20260818,-1935.3903
20260818,-1936.6985
20260818,-1938.1935
20260818,-1939.3299
20260818,-1940.3843
20260818,-1940.0075
20260818,-1939.9152
20260819,-1940.9631
20260819,-1939.4692
20260819,-1938.9837
20260819,-1940.003
20260819,-1939.5116
20260819,-1939.0309
20260819,-1940.0539
20260819,-1939.5663
20260819,-1940.6225
20260819,-1941.6485
20260819,-1942.656
20260819,-1943.6986
20260819,-1944.7112
20260819,-1943.2156
20260819,-1942.1684
20260819,-1941.5265
20260819,-1942.6732
20260819,-1943.829
20260819,-1943.4631
20260819,-1943.0218
20260819,-1942.5313
20260819,-1941.0412
20260819,-1939.5951
20260819,-1940.8439
20260819,-1940.3849
20260819,-1941.4886
20260820,-1941.6209
20260820,-1940.5179
20260820,-1941.5509
20260820,-1942.5922
20260820,-1943.6542
20260820,-1944.6715
20260820,-1945.7043
20260820,-1946.731
20260820,-1947.7547
20260820,-1947.2814
20260820,-1948.3564
20260820,-1949.3982
20260820,-1948.0614
20260820,-1947.5917
20260820,-1948.65
20260820,-1954.2214
20260820,-1955.273
20260820,-1954.8324
20260820,-1953.4846
20260821,-1954.2776
20260821,-1955.2919
20260821,-1956.3723
20260821,-1955.8999
20260821,-1954.403
20260821,-1952.9144
20260821,-1951.4162
20260821,-1952.4307
20260821,-1951.9916
20260821,-1951.5021
20260821,-1951.0417
20260821,-1949.5829
20260821,-1948.6965
20260821,-1948.2279
20260821,-1949.2736
20260821,-1950.3943
20260821,-1951.7342
20260821,-1951.3963
20260821,-1952.4918
20260821,-1951.0314
20260824,-1952.0956
20260824,-1951.8932
20260824,-1952.9127
20260824,-1951.4144
20260824,-1952.4371
20260824,-1953.4887
20260824,-1954.5175
20260824,-1954.0384
20260824,-1955.0823
20260824,-1956.1533
20260824,-1957.2735
20260824,-1958.3379
20260824,-1958.6445
20260824,-1958.2475
20260825,-1957.7696
20260825,-1958.7858
20260825,-1957.7346
20260825,-1957.0524
20260825,-1958.0647
20260825,-1957.5781
20260825,-1957.2468
20260825,-1955.9749
20260825,-1957.0977
20260825,-1958.2529
20260825,-1959.4948
20260825,-1960.5636
20260825,-1960.0848
20260825,-1959.6658
20260825,-1960.6896
20260826,-1960.635
20260826,-1961.6485
20260826,-1961.158
20260826,-1960.6836
20260826,-1960.8507
20260826,-1961.887
20260826,-1962.9168
20260826,-1963.9328
20260826,-1963.5803
20260826,-1964.6331
20260826,-1965.7399
20260826,-1966.8072
20260826,-1967.8932
20260826,-1969.0106
20260826,-1970.2942
20260827,-1971.3067
20260827,-1972.3123
20260827,-1970.8165
20260827,-1970.3354
20260827,-1971.3625
20260827,-1970.9157
20260827,-1970.4602
20260827,-1970.0251
20260827,-1969.5954
20260827,-1970.636
20260827,-1971.7101
20260827,-1970.2195
20260827,-1971.3435
20260827,-1970.4377
20260827,-1969.5803
20260828,-1969.3787
20260828,-1970.4
20260828,-1968.9067
20260828,-1969.9331
20260828,-1969.4494
20260828,-1968.9817
20260828,-1968.5103
20260828,-1968.0422
20260828,-1969.3264
20260828,-1969.1082
20260828,-1967.6302
20260828,-1968.7187
20260828,-1969.8524
20260828,-1970.9941
20260828,-1972.2248
20260828,-1971.8128
20260828,-1971.3444