day,cum_net_r
20230911,-1.0
20230911,-2.0
20230911,-3.0
20230911,-4.0
20230911,-5.0
20230911,-6.0
20230911,-7.0
20230911,-8.0
20230912,-9.0
20230912,-10.0
20230912,-11.0
20230912,-12.0
20230912,-13.0
20230912,-14.0
20230912,-15.0
20230912,-13.1282
20230912,-14.1282
20230912,-15.1282
20230913,-16.1282
20230913,-17.1282
20230913,-18.1282
20230913,-19.1282
20230913,-15.5092
20230913,-16.5092
20230913,-17.5092
20230913,-18.5092
20230913,-19.5092
20230913,-20.5092
20230913,-21.5092
20230913,-18.7471
20230913,-18.4614
20230913,-16.7667
20230913,-15.508
20230913,-16.508
20230913,-17.508
20230913,-18.508
20230913,-16.6254
20230914,-13.0925
20230914,-14.0925
20230914,-15.0925
20230914,-16.0925
20230914,-17.0925
20230914,-13.0412
20230914,-14.0412
20230914,-10.2912
20230914,-11.2912
20230914,-12.2912
20230914,-10.0769
20230914,-8.5252
20230914,-9.5252
20230914,-10.5252
20230914,-11.5252
20230915,-12.5252
20230915,-10.3748
20230915,-11.3748
20230915,-12.3748
20230915,-13.3748
20230915,-14.3748
20230915,-15.3748
20230915,-16.3748
20230915,-12.907
20230915,-10.689
20230915,-11.689
20230915,-12.689
20230918,-13.689
20230918,-14.689
20230918,-15.689
20230918,-16.689
20230918,-17.689
20230918,-18.689
20230918,-19.689
20230918,-16.6175
20230918,-17.6175
20230918,-17.6284
20230918,-11.664
20230918,-11.3015
20230918,-10.9765
20230919,-8.6025
20230919,-9.7995
20230919,-5.281
20230919,-6.281
20230919,-2.9477
20230919,-3.9477
20230919,-4.9477
20230919,-5.9477
20230919,-7.3227
20230919,-1.2801
20230920,2.6462
20230920,8.2826
20230920,7.2826
20230920,6.2826
20230920,8.9934
20230920,17.2434
20230920,16.2434
20230920,17.6879
20230920,19.2399
20230920,18.2399
20230920,17.2399
20230920,16.2399
20230921,15.2399
20230921,14.2399
20230921,13.2399
20230921,15.6218
20230921,14.6218
20230921,13.6218
20230921,12.6218
20230921,13.2793
20230921,15.917
20230921,14.917
20230921,13.917
20230922,12.917
20230922,11.917
20230922,15.042
20230922,14.042
20230922,15.6557
20230922,14.6557
20230922,13.6557
20230922,15.4501
20230922,16.7544
20230922,15.7544
20230922,19.7544
20230922,18.7544
20230922,17.7544
20230922,16.7544
20230922,20.2779
20230922,22.4015
20230922,21.4015
20230922,22.9131
20230925,21.9131
20230925,20.9131
20230925,19.9131
20230925,21.2006
20230925,20.2006
20230925,21.3634
20230925,22.8312
20230925,21.8312
20230925,20.8312
20230925,21.9777
20230925,20.9777
20230925,19.9777
20230926,26.4777
20230926,30.2842
20230926,29.2842
20230926,28.2842
20230926,31.4523
20230926,34.5176
20230926,33.5176
20230926,32.5176
20230926,34.7857
20230926,33.7857
20230926,32.7857
20230926,31.7857
20230926,30.7857
20230926,29.9472
20230926,28.9472
20230926,27.9472
20230927,26.9472
20230927,25.9472
20230927,24.9472
20230927,23.9472
20230927,22.9472
20230927,21.9472
20230927,20.9472
20230927,19.9472
20230927,18.9472
20230927,17.9472
20230928,16.9472
20230928,15.9472
20230928,14.9472
20230928,13.9472
20230928,12.9472
20230928,18.1646
20230928,20.5226
20230928,19.5226
20230928,18.5226
20230928,17.5226
20230928,19.0152
20230928,18.0152
20230929,17.0152
20230929,16.0152
20230929,17.5152
20230929,16.5152
20230929,15.5152
20230929,17.7745
20230929,16.7745
20230929,15.7745
20230929,14.7745
20230929,13.7745
20230929,12.7745
20231002,11.7745
20231002,10.7745
20231002,9.7745
20231002,8.7745
20231002,7.7745
20231002,11.4215
20231002,10.4215
20231002,9.4215
20231002,8.4215
20231002,7.4215
20231002,6.2602
20231003,5.2602
20231003,8.4376
20231003,7.4376
20231003,6.4376
20231003,7.8376
20231003,10.2922
20231003,9.2922
20231003,8.2922
20231003,7.2922
20231004,6.2922
20231004,5.2922
20231004,4.2922
20231004,3.2922
20231004,6.8024
20231004,5.8024
20231004,4.8024
20231004,3.8024
20231004,2.8024
20231004,1.8024
20231004,0.8024
20231004,-0.1976
20231004,-1.1976
20231004,-2.1976
20231005,1.0024
20231005,0.0024
20231005,-0.9976
20231005,-1.9976
20231005,-2.9976
20231005,-3.9976
20231005,-4.9976
20231005,-5.9976
20231005,-5.992
20231006,-6.992
20231006,-7.992
20231006,-8.992
20231006,-9.992
20231006,-10.992
20231006,-11.992
20231006,-12.992
20231006,-13.992
20231006,-14.992
20231006,-15.992
20231006,-13.892
20231006,-12.7253
20231006,-10.4095
20231006,-11.4095
20231006,-12.4095
20231006,-13.4095
20231006,-14.4095
20231006,-15.4095
20231009,-16.4095
20231009,-13.2429
20231009,-14.2429
20231009,-15.2429
20231009,-13.6196
20231009,-14.6196
20231009,-11.5162
20231009,-12.5162
20231010,-9.2404
20231010,-10.2404
20231010,-8.8767
20231010,-9.8767
20231010,-10.8767
20231010,-11.8767
20231010,-12.8767
20231011,-6.7229
20231011,-7.7229
20231011,-8.7229
20231011,-6.7885
20231011,-7.7885
20231011,-8.7885
20231011,-9.7885
20231011,-10.7885
20231011,-11.7885
20231011,-12.7885
20231011,-11.3642
20231011,-7.4132
20231011,-2.0323
20231011,-3.0323
20231012,-4.0323
20231012,-5.0323
20231012,-3.9775
20231012,-4.9775
20231012,-5.9775
20231012,-6.9775
20231012,-7.9775
20231012,-5.7166
20231012,-6.7166
20231013,-7.7166
20231013,-8.7166
20231013,-9.7166
20231013,-10.7166
20231013,-11.7166
20231013,-13.0575
20231013,-10.924
20231013,-9.2317
20231013,-10.2317
20231013,-11.2317
20231013,-11.2459
20231016,-12.2459
20231016,-13.2459
20231016,-14.2459
20231016,-15.2459
20231016,-16.2459
20231016,-17.2459
20231016,-18.2459
20231016,-19.2459
20231016,-16.5859
20231016,-15.0502
20231016,-16.0502
20231016,-17.0502
20231016,-18.0502
20231016,-19.0502
20231016,-18.4088
20231016,-19.4088
20231017,-20.4088
20231017,-21.4088
20231017,-22.4088
20231017,-20.3088
20231017,-18.9088
20231017,-16.2253
20231017,-17.2253
20231017,-15.7845
20231017,-14.6054
20231017,-15.6054
20231017,-16.6054
20231017,-17.6054
20231017,-17.4842
20231017,-18.4842
20231017,-19.4842
20231018,-20.4842
20231018,-21.4842
20231018,-17.5556
20231018,-18.5556
20231018,-19.5556
20231018,-20.5556
20231018,-19.4279
20231018,-20.4279
20231018,-21.4279
20231018,-22.4279
20231018,-18.8701
20231018,-14.8701
20231018,-12.2353
20231018,-13.2353
20231018,-11.9
20231018,-10.6641
20231018,-7.4732
20231018,-3.2732
20231018,-0.8645
20231018,-1.8645
20231018,-2.8645
20231018,-3.8645
20231018,-4.8645
20231019,0.101
20231019,-0.899
20231019,1.7573
20231019,0.7573
20231019,-0.2427
20231019,-0.6589
20231019,1.0691
20231019,0.0691
20231019,-0.9309
20231019,-1.9309
20231019,-2.9309
20231019,-1.2402
20231020,-2.2402
20231020,-3.2402
20231020,-4.2402
20231020,-0.5628
20231020,2.0957
20231020,4.8816
20231020,10.2011
20231020,9.2011
20231020,8.2011
20231020,11.3886
20231020,13.2457
20231020,12.2457
20231020,11.2457
20231020,10.8508
20231020,9.8508
20231020,8.8508
20231020,7.8508
20231023,9.3003
20231023,8.3003
20231023,12.5226
20231023,13.7017
20231023,16.2573
20231023,18.4391
20231023,21.5253
20231023,26.7717
20231023,29.2338
20231023,34.8215
20231023,33.8215
20231023,32.8215
20231023,33.8911
20231023,32.8911
20231023,31.8911
20231023,33.0433
20231023,32.0433
20231023,31.0433
20231024,33.011
20231024,36.5388
20231024,38.1498
20231024,37.1498
20231024,36.1498
20231024,35.1498
20231024,34.1498
20231024,33.1498
20231024,36.134
20231024,35.134
20231024,34.134
20231024,33.134
20231024,32.134
20231025,31.134
20231025,30.134
20231025,33.134
20231025,32.134
20231025,31.134
20231025,30.134
20231025,29.134
20231025,28.134
20231025,27.134
20231025,26.134
20231025,25.134
20231025,24.134
20231025,23.134
20231025,22.134
20231026,21.134
20231026,20.134
20231026,19.134
20231026,22.3416
20231026,24.7819
20231026,23.7819
20231026,27.8236
20231026,26.8236
20231026,25.8236
20231026,24.8236
20231026,23.8236
20231026,22.8236
20231026,21.8236
20231027,20.8236
20231027,19.8236
20231027,18.8236
20231027,17.8236
20231027,16.8236
20231027,17.9255
20231027,16.9255
20231027,15.9255
20231027,14.9255
20231030,13.9255
20231030,17.2891
20231030,16.2891
20231030,15.2891
20231030,16.9225
20231030,15.9225
20231030,14.9225
20231030,16.408
20231030,17.4298
20231030,16.4298
20231030,15.4298
20231030,14.4298
20231030,16.8048
20231030,15.8048
20231030,14.8048
20231031,13.8048
20231031,12.8048
20231031,16.3681
20231031,15.3681
20231031,14.3681
20231031,13.3681
20231031,12.3681
20231031,13.6907
20231031,12.6907
20231031,16.0445
20231031,15.0445
20231031,23.4793
20231031,22.4793
20231031,27.2066
20231031,26.2066
20231031,25.2066
20231031,27.0589
20231031,26.3193
20231031,25.3193
20231031,24.3193
20231031,23.3193
20231101,22.3193
20231101,21.3193
20231101,20.3193
20231101,19.1795
20231101,18.1795
20231101,17.1795
20231101,16.1795
20231101,15.1795
20231101,14.1795
20231102,17.6462
20231102,16.6462
20231102,15.6462
20231102,14.6462
20231102,13.6462
20231102,17.3304
20231102,19.2928
20231102,18.2928
20231102,20.0845
20231102,19.0845
20231102,18.0786
20231103,17.0786
20231103,16.0786
20231103,15.0786
20231103,14.0786
20231103,13.0786
20231103,12.8584
20231103,11.8584
20231103,10.8584
20231103,9.8584
20231103,8.8584
20231103,7.8584
20231103,6.8584
20231103,12.4298
20231103,11.4298
20231106,10.4298
20231106,9.4298
20231106,8.4298
20231106,7.4298
20231106,6.4298
20231106,5.4298
20231106,4.4298
20231106,3.4298
20231106,2.4298
20231106,1.4298
20231106,0.4298
20231106,1.6915
20231106,3.2774
20231106,2.2774
20231107,3.9917
20231107,5.0382
20231107,4.0382
20231107,3.0382
20231107,2.0382
20231107,1.0382
20231107,0.0382
20231107,-0.9618
20231107,-1.9618
20231107,0.6971
20231107,-0.3029
20231107,-1.3029
20231107,-2.3029
20231108,-3.3029
20231108,-4.3029
20231108,-5.3029
20231108,-6.3029
20231108,-2.8835
20231108,-0.5407
20231108,-1.1657
20231108,-2.1657
20231108,-3.1657
20231108,-4.1657
20231108,-5.1657
20231108,-6.1657
20231108,-7.1657
20231109,-8.1657
20231109,-9.1657
20231109,-10.1657
20231109,-11.1657
20231109,-8.2833
20231109,-9.2833
20231109,-7.8168
20231109,-6.4002
20231109,-7.4002
20231109,-8.4002
20231109,-9.4002
20231109,-8.1119
20231109,-9.1119
20231110,-4.6719
20231110,-5.6719
20231110,-1.581
20231110,2.6119
20231110,1.6119
20231110,0.6119
20231110,-0.6543
20231110,-1.6543
20231110,-2.6543
20231110,-3.6543
20231110,-4.6543
20231110,3.0257
20231110,2.0257
20231110,1.0257
20231110,2.6728
20231113,1.6728
20231113,3.9728
20231113,2.9728
20231113,8.7864
20231113,12.6614
20231113,11.6614
20231113,10.6614
20231113,9.6614
20231113,8.6614
20231113,7.6614
20231113,7.6682
20231113,9.3682
20231113,8.3682
20231113,7.3682
20231114,9.4406
20231114,8.4406
20231114,7.4406
20231114,6.4406
20231114,5.4406
20231114,6.4742
20231114,5.4742
20231114,7.2443
20231114,7.8376
20231114,6.8376
20231115,5.8376
20231115,7.3265
20231115,6.3265
20231115,5.3265
20231115,4.3265
20231115,3.3265
20231115,5.3446
20231115,6.4754
20231115,7.1996
20231115,6.1996
20231116,5.1996
20231116,4.1996
20231116,3.1996
20231116,4.2946
20231116,3.2946
20231116,2.2946
20231116,1.2946
20231116,0.2946
20231116,-0.7054
20231116,4.7107
20231117,5.805
20231117,7.1356
20231117,9.5404
20231117,11.2904
20231117,10.2904
20231117,9.2904
20231117,10.9733
20231117,9.9733
20231117,8.9733
20231117,7.9733
20231117,8.7438
20231117,7.7438
20231117,10.2294
20231117,9.2294
20231120,8.2294
20231120,7.2294
20231120,6.2294
20231120,5.2294
20231120,9.0371
20231120,8.0371
20231120,7.0371
20231120,6.0371
20231120,5.0371
20231120,4.0371
20231121,3.0371
20231121,2.0371
20231121,1.0371
20231121,2.1426
20231121,1.1426
20231121,0.1426
20231121,-0.8574
20231121,3.4652
20231122,2.4652
20231122,3.9763
20231122,5.5512
20231122,4.5512
20231122,3.5512
20231122,2.5512
20231122,1.5512
20231122,1.1542
20231122,-0.2371
20231122,-1.2371
20231122,-2.2371
20231124,-3.2371
20231124,-4.2371
20231124,-5.2371
20231124,-6.2371
20231124,-4.7971
20231124,-5.7971
20231124,-3.572
20231124,-2.4819
20231127,-3.4819
20231127,-4.4819
20231127,-5.4819
20231127,-6.4819
20231127,-5.0787
20231127,-6.0787
20231127,-7.0787
20231127,-8.0787
20231127,-9.0787
20231127,-10.0787
20231128,-11.0787
20231128,-7.0574
20231128,-8.0574
20231128,-9.0574
20231128,-10.0574
20231128,-8.1526
20231128,-9.1526
20231128,-10.1526
20231128,-11.1526
20231128,-12.1526
20231128,-13.1526
20231128,-14.1526
20231128,-9.8428
20231129,-10.8428
20231129,-11.8428
20231129,-6.9198
20231129,-7.9198
20231129,-8.9198
20231129,-9.9198
20231129,-10.9198
20231129,-11.9198
20231129,-12.9198
20231129,-13.9198
20231130,-14.9198
20231130,-15.9198
20231130,-16.9198
20231130,-17.9198
20231130,-18.9198
20231130,-15.1944
20231130,-16.1944
20231130,-17.1944
20231130,-14.0609
20231130,-15.0609
20231130,-16.0609
20231201,-17.0609
20231201,-18.0609
20231201,-16.4894
20231201,-17.4894
20231201,-15.6491
20231201,-16.7575
20231201,-17.7575
20231201,-18.7575
20231201,-19.7575
20231201,-20.7575
20231204,-21.7575
20231204,-22.7575
20231204,-21.2941
20231204,-22.2941
20231204,-23.2941
20231204,-21.3581
20231204,-22.1866
20231204,-21.4723
20231204,-22.4723
20231204,-23.4723
20231204,-23.9274
20231204,-22.5524
20231204,-23.5524
20231204,-21.8236
20231204,-22.0054
20231204,-23.0054
20231205,-24.0054
20231205,-25.0054
20231205,-26.0054
20231205,-27.0054
20231205,-28.0054
20231205,-29.0054
20231205,-30.0054
20231205,-27.417
20231205,-28.417
20231205,-26.561
20231205,-27.561
20231205,-27.8328
20231205,-22.6453
20231205,-23.6453
20231205,-24.6453
20231205,-25.6453
20231205,-26.6453
20231206,-27.6453
20231206,-28.6453
20231206,-29.6453
20231206,-25.4453
20231206,-26.4453
20231206,-23.8504
20231207,-24.8504
20231207,-20.2595
20231207,-19.0767
20231207,-20.0767
20231207,-16.2195
20231207,-17.2195
20231207,-18.2195
20231208,-19.2195
20231208,-20.2195
20231208,-21.2195
20231208,-22.2195
20231208,-23.2195
20231208,-24.2195
20231208,-25.2195
20231208,-26.2195
20231208,-27.2195
20231208,-28.2195
20231208,-29.2195
20231208,-30.2195
20231208,-31.2195
20231208,-32.2195
20231208,-30.5751
20231211,-31.5751
20231211,-32.5751
20231211,-33.5751
20231211,-34.5751
20231211,-35.5751
20231211,-36.5751
20231211,-37.5751
20231211,-38.5751
20231211,-39.5751
20231212,-34.593
20231212,-35.593
20231212,-31.0667
20231212,-32.0667
20231212,-30.9758
20231212,-30.0617
20231212,-31.0617
20231212,-32.0617
20231212,-28.395
20231212,-29.395
20231212,-28.8445
20231213,-25.6907
20231213,-26.6907
20231213,-27.6907
20231213,-28.6907
20231213,-29.6907
20231213,-30.6907
20231213,-31.6907
20231213,-32.6907
20231213,-30.903
20231213,-26.5424
20231213,-27.5424
20231213,-28.5424
20231214,-21.9777
20231214,-22.9777
20231214,-23.9777
20231214,-24.9777
20231214,-25.9777
20231214,-26.9777
20231214,-23.9912
20231214,-24.9912
20231214,-23.4679
20231214,-24.4679
20231214,-22.7214
20231214,-23.7214
20231214,-24.7214
20231214,-25.7214
20231215,-26.7214
20231215,-25.2668
20231215,-24.6899
20231215,-25.6899
20231215,-26.6899
20231215,-25.3664
20231215,-25.8945
20231215,-26.8945
20231215,-27.8945
20231218,-28.8945
20231218,-29.8945
20231218,-30.8945
20231218,-31.8945
20231218,-32.8945
20231218,-33.8945
20231218,-34.8945
20231218,-35.8945
20231218,-36.8945
20231218,-36.082
20231218,-32.3111
20231218,-33.3111
20231218,-32.3647
20231218,-33.3647
20231219,-34.3647
20231219,-35.3647
20231219,-36.3647
20231219,-37.3647
20231219,-35.7536
20231219,-33.2022
20231219,-34.2022
20231219,-35.2022
20231219,-36.2022
20231219,-37.2022
20231219,-38.2022
20231219,-39.2022
20231220,-35.48
20231220,-36.48
20231220,-37.48
20231220,-33.13
20231220,-34.13
20231220,-35.13
20231220,-36.13
20231220,-37.13
20231220,-38.13
20231221,-39.13
20231221,-37.0943
20231221,-35.1483
20231221,-36.1483
20231221,-37.1483
20231221,-38.1483
20231221,-39.1483
20231221,-40.1483
20231221,-41.1483
20231221,-42.1483
20231221,-41.1368
20231221,-39.994
20231221,-38.0144
20231221,-39.0144
20231222,-34.6231
20231222,-32.9457
20231222,-33.9457
20231222,-34.9457
20231222,-31.7937
20231222,-28.4584
20231222,-29.4584
20231222,-30.4584
20231222,-31.4584
20231222,-32.4584
20231222,-33.4584
20231226,-30.6998
20231226,-31.6998
20231226,-32.6998
20231226,-33.6998
20231226,-34.6998
20231226,-35.6998
20231226,-36.6998
20231226,-37.6998
20231226,-35.7478
20231226,-36.7478
20231226,-37.7478
20231226,-35.5811
20231226,-35.8227
20231227,-34.1021
20231227,-35.1021
20231227,-33.2773
20231227,-34.2773
20231227,-31.6234
20231227,-32.6234
20231227,-33.6234
20231227,-31.468
20231227,-32.468
20231227,-33.468
20231228,-31.3786
20231228,-32.3786
20231228,-33.3786
20231228,-34.3786
20231228,-34.4646
20231228,-35.4646
20231228,-35.873
20231228,-36.873
20231229,-34.4896
20231229,-35.4896
20231229,-32.8311
20231229,-28.9882
20231229,-30.0395
20231229,-31.0395
20231229,-32.0395
20231229,-33.0395
20231229,-34.0395
20231229,-35.0395
20231229,-36.0395
20231229,-37.0395
20231229,-38.0395
20240102,-35.2199
20240102,-36.2199
20240102,-37.2199
20240102,-38.2199
20240102,-39.2199
20240102,-40.2199
20240102,-38.3572
20240102,-39.3572
20240102,-40.3572
20240102,-37.7447
20240102,-38.7447
20240103,-39.7447
20240103,-40.7447
20240103,-41.7447
20240103,-36.8925
20240103,-35.207
20240103,-36.207
20240103,-33.6256
20240103,-32.3866
20240103,-31.4016
20240103,-32.4016
20240103,-33.4016
20240103,-31.8934
20240103,-32.8934
20240103,-32.5479
20240103,-32.7146
20240104,-31.4279
20240104,-32.4279
20240104,-33.4279
20240104,-34.4279
20240104,-35.4279
20240104,-36.4279
20240104,-37.4279
20240104,-38.4279
20240104,-39.4649
20240104,-40.4649
20240104,-41.4649
20240105,-42.4649
20240105,-43.4649
20240105,-44.4649
20240105,-45.4649
20240105,-43.9132
20240105,-44.9132
20240105,-42.7269
20240105,-41.025
20240105,-40.2349
20240105,-38.1926
20240105,-39.1926
20240105,-40.1926
20240108,-41.1926
20240108,-42.1926
20240108,-43.1926
20240108,-44.1926
20240108,-45.1926
20240108,-43.3019
20240109,-44.3019
20240109,-42.1876
20240109,-43.1876
20240109,-44.1876
20240109,-45.1876
20240109,-46.1876
20240109,-47.1876
20240109,-48.1876
20240109,-49.1876
20240109,-50.1876
20240109,-51.1876
20240109,-52.1876
20240110,-53.1876
20240110,-54.1876
20240110,-55.1876
20240110,-53.9654
20240110,-54.9654
20240110,-53.4401
20240110,-50.261
20240110,-48.5854
20240110,-46.3552
20240110,-47.3552
20240110,-48.3552
20240110,-49.3552
20240110,-48.1006
20240110,-47.9299
20240110,-48.9299
20240111,-49.9299
20240111,-50.9299
20240111,-51.9299
20240111,-52.9299
20240111,-53.9299
20240111,-54.9299
20240111,-55.9299
20240111,-56.9299
20240111,-57.9299
20240111,-58.9299
20240112,-53.4099
20240112,-51.5462
20240112,-52.5462
20240112,-53.5462
20240112,-54.5462
20240112,-55.5462
20240112,-56.5462
20240112,-57.5462
20240112,-58.5462
20240112,-59.5462
20240112,-60.5462
20240112,-60.1129
20240116,-61.1129
20240116,-62.1129
20240116,-58.5129
20240116,-59.5129
20240116,-60.5129
20240116,-61.5129
20240117,-62.5129
20240117,-63.5129
20240117,-64.5129
20240117,-65.5129
20240117,-66.5129
20240117,-65.0129
20240117,-66.0129
20240117,-67.0129
20240117,-65.9773
20240117,-64.8539
20240117,-65.3195
20240118,-66.3195
20240118,-63.729
20240118,-60.9743
20240118,-61.9743
20240118,-60.7866
20240118,-61.7866
20240118,-62.7866
20240118,-60.6014
20240118,-58.8706
20240118,-56.8352
20240118,-51.9228
20240118,-49.1536
20240118,-50.1536
20240118,-51.1536
20240118,-52.1536
20240118,-53.1536
20240118,-54.1536
20240119,-48.9087
20240119,-49.9087
20240119,-50.9087
20240119,-49.9432
20240119,-50.9432
20240119,-51.9432
20240119,-52.9432
20240119,-53.9432
20240122,-51.2436
20240122,-52.2436
20240122,-53.2436
20240122,-54.2436
20240122,-55.2436
20240122,-56.2436
20240122,-46.8103
20240122,-46.4406
20240122,-47.4406
20240122,-46.5928
20240122,-46.2565
20240123,-47.2565
20240123,-45.3765
20240123,-46.3765
20240123,-47.3765
20240123,-48.3765
20240123,-46.2996
20240123,-47.2996
20240123,-48.2996
20240124,-49.2996
20240124,-50.2996
20240124,-46.4929
20240124,-47.4929
20240124,-48.4929
20240124,-45.6596
20240124,-46.6596
20240124,-47.6596
20240124,-48.6596
20240124,-49.6596
20240124,-50.6596
20240124,-51.6596
20240125,-52.6596
20240125,-53.6596
20240125,-54.6596
20240125,-55.6596
20240125,-51.9619
20240125,-48.4282
20240125,-49.4282
20240125,-48.1844
20240125,-41.051
20240125,-42.051
20240125,-43.051
20240125,-41.2385
20240125,-38.2957
20240126,-39.7445
20240126,-37.5313
20240126,-33.8647
20240126,-31.5332
20240126,-32.5332
20240126,-33.5332
20240126,-34.5332
20240126,-32.6945
20240126,-30.749
20240126,-28.4898
20240126,-29.4898
20240126,-25.6009
20240126,-20.5962
20240126,-21.5962
20240129,-22.5962
20240129,-23.5962
20240129,-24.5962
20240129,-21.8755
20240129,-22.8755
20240129,-23.8755
20240129,-22.6235
20240129,-20.48
20240129,-21.48
20240129,-22.48
20240129,-17.8133
20240129,-15.1467
20240129,-13.7937
20240129,-14.7937
20240129,-15.7937
20240129,-11.8578
20240129,-6.6171
20240130,-7.6171
20240130,-5.0218
20240130,-6.0218
20240130,-7.0218
20240130,-8.0218
20240130,-9.0218
20240130,-10.0218
20240130,-11.0218
20240130,-6.0411
20240130,-3.4447
20240130,-4.4447
20240131,-5.4447
20240131,-6.4447
20240131,-7.4447
20240131,-6.2139
20240131,-7.2139
20240131,-8.2139
20240131,-9.2139
20240131,-10.2139
20240131,-11.2139
20240131,-12.2139
20240131,-10.622
20240201,-11.622
20240201,-12.622
20240201,-13.622
20240201,-14.622
20240201,-15.622
20240201,-13.997
20240201,-14.997
20240201,-15.997
20240201,-16.997
20240201,-17.997
20240201,-16.8818
20240201,-17.8818
20240202,-16.2649
20240202,-17.2649
20240202,-14.8649
20240202,-15.8649
20240202,-14.278
20240202,-15.278
20240202,-12.8245
20240202,-13.8245
20240202,-11.0854
20240202,-12.0854
20240205,-13.0854
20240205,-11.1965
20240205,-12.1965
20240205,-10.588
20240205,-8.657
20240205,-9.657
20240205,-10.657
20240205,-11.657
20240205,-12.657
20240205,-10.2986
20240205,-7.5032
20240205,-8.5032
20240205,-3.1727
20240205,-0.506
20240206,2.3458
20240206,1.3458
20240206,0.3458
20240206,-0.6542
20240206,0.6782
20240206,-0.3218
20240206,-1.3218
20240206,1.0119
20240206,0.0119
20240206,2.5952
20240207,1.5952
20240207,0.5952
20240207,-0.4048
20240207,4.8584
20240207,3.8584
20240207,2.8584
20240207,1.8584
20240207,0.8584
20240207,-0.1416
20240207,-1.1416
20240207,0.7846
20240207,2.3803
20240207,1.3803
20240207,2.5155
20240207,1.5155
20240208,0.5155
20240208,-0.4845
20240208,-1.4845
20240208,-0.1512
20240208,2.8614
20240208,1.8614
20240208,3.9864
20240208,6.1986
20240208,7.2599
20240208,6.2599
20240209,5.2599
20240209,4.2599
20240209,3.2599
20240209,2.2599
20240209,1.2599
20240209,0.2599
20240209,-0.7401
20240209,1.6349
20240209,2.8546
20240209,5.167
20240209,4.167
20240209,6.2055
20240212,5.2055
20240212,4.2055
20240212,3.2055
20240212,2.2055
20240212,1.2055
20240212,0.2055
20240213,-0.7945
20240213,-1.7945
20240213,-2.8848
20240213,-0.416
20240213,-1.416
20240213,8.9931
20240214,7.9931
20240214,6.9931
20240214,5.9931
20240214,4.9931
20240214,6.9931
20240214,5.9931
20240214,4.9931
20240214,5.7431
20240214,7.3145
20240214,8.7701
20240214,7.7701
20240215,6.7701
20240215,5.7701
20240215,4.7701
20240215,4.2951
20240215,3.2951
20240215,2.2951
20240215,1.2951
20240216,0.2951
20240216,2.2442
20240216,3.1878
20240216,4.8562
20240216,3.8562
20240216,2.8562
20240216,1.8562
20240216,0.8562
20240216,-0.1438
20240216,-1.1438
20240216,-2.1438
20240220,-3.1438
20240220,-4.1438
20240220,-5.1438
20240220,-6.1438
20240220,-7.1438
20240220,-4.8626
20240220,-5.8626
20240220,-6.8626
20240220,0.4417
20240220,2.7453
20240220,2.2854
20240220,1.2854
20240220,1.7836
20240220,2.542
20240220,1.542
20240221,0.542
20240221,2.3484
20240221,3.8266
20240221,2.8266
20240221,3.2977
20240221,2.2977
20240222,1.2977
20240222,0.2977
20240222,-1.199
20240222,-2.199
20240222,1.0844
20240222,0.0844
20240222,1.4472
20240222,0.4472
20240223,-0.5528
20240223,2.1892
20240223,1.1892
20240223,0.1892
20240223,-0.8108
20240223,-1.8108
20240223,-2.8108
20240223,-3.8108
20240223,-4.8108
20240226,-5.8108
20240226,-6.9508
20240226,-7.9508
20240226,-8.9508
20240226,-9.9508
20240226,-10.9508
20240226,-9.7508
20240226,-10.5245
20240226,-11.5245
20240227,-12.5245
20240227,-13.5245
20240227,-14.5245
20240227,-15.5245
20240227,-16.5245
20240227,-12.9579
20240227,-13.9579
20240227,-12.315
20240228,-13.315
20240228,-14.315
20240228,-15.315
20240228,-16.315
20240228,-17.315
20240228,-18.315
20240228,-17.9366
20240228,-18.9366
20240228,-16.7731
20240228,-17.7731
20240228,-18.7731
20240229,-19.7731
20240229,-20.7731
20240229,-21.7731
20240229,-19.8617
20240229,-18.1022
20240229,-16.2927
20240229,-11.3879
20240229,-12.3879
20240229,-9.1987
20240301,-10.1987
20240301,-6.5043
20240301,-7.5043
20240301,-8.5043
20240301,-7.75
20240301,-4.0427
20240301,-5.0427
20240301,-6.0427
20240301,-3.1168
20240304,-4.1168
20240304,-2.2802
20240304,-3.2802
20240304,-4.2802
20240304,-0.5752
20240304,-1.5752
20240304,-2.5752
20240304,-1.194
20240305,-2.194
20240305,-3.194
20240305,-4.194
20240305,-5.194
20240306,-6.194
20240306,-4.365
20240306,-2.2638
20240306,0.1416
20240306,-0.8584
20240306,-1.8584
20240306,-2.8584
20240306,-0.7234
20240306,0.3025
20240306,-0.6975
20240306,-1.6975
20240306,-0.6809
20240306,0.658
20240307,4.571
20240307,11.071
20240307,13.8468
20240307,15.3628
20240307,16.748
20240307,15.748
20240307,14.748
20240307,13.748
20240307,12.748
20240307,11.748
20240307,10.744
20240307,9.744
20240307,8.744
20240307,7.744
20240308,11.4713
20240308,10.4713
20240308,12.9099
20240308,11.9099
20240308,14.847
20240308,20.1803
20240308,19.1803
20240308,19.6962
20240308,18.6962
20240308,20.0836
20240308,19.0836
20240308,20.1484
20240308,19.1484
20240311,18.1484
20240311,17.1484
20240311,16.1484
20240311,15.1484
20240311,14.1484
20240311,15.9408
20240311,14.9408
20240311,13.9408
20240311,13.4249
20240311,12.4249
20240311,11.4249
20240312,16.3821
20240312,15.3821
20240312,19.8543
20240312,22.2729
20240312,21.2729
20240312,20.2729
20240312,19.2729
20240312,18.2729
20240312,17.2729
20240312,16.2729
20240312,15.2729
20240312,14.2729
20240312,13.2729
20240313,12.2729
20240313,11.2729
20240313,10.2729
20240313,9.2729
20240313,8.2729
20240313,9.5603
20240313,8.5603
20240313,10.5032
20240313,13.0182
20240313,12.0182
20240313,23.8499
20240314,22.8499
20240314,21.8499
20240314,20.8499
20240314,19.8499
20240314,21.0112
20240314,20.0112
20240314,19.0112
20240314,18.9588
20240314,17.9588
20240314,16.9588
20240314,15.9588
20240315,14.9588
20240315,13.9588
20240315,12.9486
20240315,11.9486
20240315,10.9486
20240315,9.9463
20240315,8.9463
20240315,11.9675
20240318,10.9675
20240318,13.1283
20240318,14.858
20240318,13.858
20240318,15.2151
20240318,17.7958
20240318,19.3747
20240318,24.4182
20240318,23.4182
20240318,25.0336
20240318,24.0336
20240318,23.0336
20240319,26.5156
20240319,25.5156
20240319,24.5156
20240319,23.5156
20240319,30.8586
20240319,29.8586
20240319,36.3745
20240320,35.3745
20240320,34.3745
20240320,33.3745
20240320,34.8377
20240320,33.8377
20240320,32.8377
20240320,31.8377
20240320,30.8377
20240320,29.8377
20240320,28.8377
20240321,29.9613
20240321,28.9613
20240321,29.3999
20240321,28.3999
20240321,27.3999
20240321,26.3999
20240321,25.3999
20240321,24.3999
20240321,23.3999
20240321,22.3999
20240321,21.3999
20240321,20.3999
20240321,22.8165
20240321,21.8165
20240322,20.8165
20240322,21.9332
20240322,20.9332
20240322,29.8443
20240322,28.8443
20240322,27.8443
20240325,29.5941
20240325,28.5941
20240325,27.5941
20240325,29.4945
20240325,28.4945
20240326,27.4945
20240326,26.4945
20240326,25.4945
20240326,24.4945
20240326,23.4945
20240326,22.4945
20240326,21.4945
20240326,20.4945
20240326,23.1612
20240326,22.1612
20240326,21.1612
20240326,20.1612
20240326,19.156
20240326,22.3625
20240326,21.3625
20240327,20.3625
20240327,19.3625
20240327,18.3625
20240327,17.3625
20240327,16.3625
20240327,18.3299
20240327,18.3836
20240327,17.3836
20240327,16.3836
20240327,15.3836
20240327,14.3836
20240327,13.3836
20240328,12.3836
20240328,11.3836
20240328,12.5779
20240328,12.8115
20240328,11.8115
20240328,10.8115
20240328,11.9004
20240328,10.9004
20240328,9.9004
20240401,14.3004
20240401,13.3004
20240401,12.3004
20240401,14.1576
20240401,14.4579
20240401,13.4579
20240401,14.4579
20240401,13.4579
20240402,12.4579
20240402,11.4579
20240402,13.252
20240402,12.252
20240402,11.553
20240402,10.553
20240402,14.6737
20240402,13.6737
20240403,12.6737
20240403,11.6737
20240403,10.6737
20240403,9.6737
20240403,8.6737
20240403,7.6737
20240403,6.6737
20240404,5.6737
20240404,4.6737
20240404,3.6737
20240404,2.6737
20240404,1.6737
20240404,0.6737
20240404,-0.3263
20240404,-1.3263
20240404,-2.3263
20240404,-3.3263
20240404,-4.3263
20240404,-0.044
20240404,1.206
20240405,0.206
20240405,-0.794
20240405,-1.794
20240405,-2.794
20240405,-2.1787
20240405,-3.1787
20240405,-4.1787
20240405,-5.1787
20240405,-6.1787
20240405,-0.4094
20240405,3.7379
20240405,2.7379
20240408,6.2579
20240408,5.2579
20240408,4.2579
20240408,3.2579
20240408,7.5128
20240408,6.5128
20240408,5.5128
20240408,4.5128
20240408,7.6609
20240408,6.6609
20240408,5.6609
20240408,8.3165
20240408,12.0589
20240408,15.7048
20240408,17.4695
20240408,18.9538
20240409,17.9538
20240409,20.3197
20240409,19.3197
20240409,18.3197
20240409,17.3197
20240409,16.3197
20240409,15.3197
20240409,14.3197
20240409,13.3197
20240409,12.3197
20240409,11.3197
20240410,13.4079
20240410,12.4079
20240410,11.4079
20240410,10.4079
20240410,9.4079
20240410,9.1296
20240410,8.1296
20240411,7.1296
20240411,10.0387
20240411,9.0387
20240411,8.0387
20240411,7.0387
20240411,10.6721
20240411,11.9534
20240411,15.6034
20240411,14.6034
20240412,16.2423
20240412,18.4675
20240412,20.4333
20240412,22.5828
20240412,26.0169
20240412,26.0109
20240412,26.5669
20240412,25.5669
20240412,24.5669
20240412,23.5669
20240412,22.5669
20240412,21.5669
20240415,20.5669
20240415,25.0837
20240415,24.0837
20240415,23.0837
20240415,21.9367
20240415,20.9367
20240415,25.12
20240415,24.12
20240415,23.12
20240415,22.12
20240415,21.12
20240415,20.12
20240415,19.12
20240415,18.12
20240416,22.72
20240416,24.2741
20240416,25.6678
20240416,24.6678
20240416,23.6678
20240416,27.4292
20240416,30.3297
20240416,29.3297
20240416,28.3297
20240416,27.3297
20240416,26.3297
20240416,29.1393
20240416,32.4662
20240416,31.4662
20240416,36.1668
20240416,35.1668
20240416,34.1668
20240416,37.2303
20240417,36.2303
20240417,35.2303
20240417,34.2303
20240417,33.2303
20240417,32.2303
20240417,31.2303
20240417,30.2303
20240417,31.8414
20240417,30.8414
20240418,29.8414
20240418,32.4585
20240418,31.4585
20240418,30.4585
20240418,29.4585
20240418,28.4585
20240418,29.8096
20240418,28.8096
20240418,27.8096
20240418,26.8096
20240419,29.449
20240419,30.7187
20240419,29.7187
20240419,28.7187
20240419,27.7187
20240419,26.7187
20240419,25.7187
20240419,27.4098
20240419,26.4098
20240419,25.4098
20240419,24.4098
20240419,23.4098
20240419,22.4098
20240422,21.4098
20240422,20.3791
20240422,19.3791
20240422,20.9055
20240422,19.9055
20240422,18.9055
20240422,20.0953
20240422,21.86
20240422,20.86
20240423,19.86
20240423,18.86
20240423,17.86
20240423,16.86
20240423,15.86
20240423,14.86
20240423,16.6611
20240423,18.5702
20240423,17.5702
20240423,16.5702
20240423,15.5702
20240423,15.6049
20240424,17.5039
20240424,16.5039
20240424,18.3501
20240424,17.3501
20240424,16.3501
20240424,15.3501
20240424,14.3501
20240424,13.3501
20240424,12.3501
20240425,11.3501
20240425,10.3501
20240425,9.3501
20240426,8.3501
20240426,12.2219
20240426,11.2219
20240426,10.2219
20240426,9.2219
20240426,8.2219
20240426,13.6505
20240426,13.9895
20240426,14.7908
20240426,13.7908
20240429,12.7908
20240429,11.7908
20240429,10.7908
20240429,9.7908
20240429,11.3003
20240429,15.2685
20240429,14.2685
20240429,13.2685
20240429,12.2685
20240429,15.8611
20240430,14.8611
20240430,13.8611
20240430,12.8611
20240430,11.8611
20240430,10.8611
20240430,9.8611
20240430,8.8611
20240430,7.8611
20240430,9.6138
20240430,8.6138
20240430,7.6138
20240430,6.6138
20240430,5.6138
20240501,4.6138
20240501,3.6138
20240501,2.6138
20240501,1.6138
20240501,0.6138
20240501,1.6292
20240501,0.6292
20240501,-0.3708
20240501,-1.3708
20240501,-2.3708
20240501,-3.3708
20240501,-4.3708
20240501,-5.3708
20240502,-6.3708
20240502,-7.3708
20240502,-8.3708
20240502,-9.3708
20240502,-4.556
20240502,-5.556
20240502,-6.556
20240502,-4.9077
20240502,-4.7965
20240502,-2.3867
20240502,-1.1991
20240503,-2.1991
20240503,-3.1991
20240503,-4.1991
20240503,-5.1991
20240503,-6.1991
20240503,-5.0902
20240503,-2.0902
20240503,-3.0902
20240503,-4.0902
20240503,-5.0902
20240503,-6.0902
20240503,-7.0902
20240506,-8.0902
20240506,-9.0902
20240506,-10.0902
20240506,-11.0902
20240506,-12.0902
20240506,-13.0902
20240506,-14.0902
20240506,-15.0902
20240506,-15.1284
20240506,-12.6284
20240507,-13.6284
20240507,-10.1573
20240507,-8.934
20240507,-6.9754
20240507,-7.9754
20240507,-8.9754
20240507,-9.9754
20240507,-10.9754
20240507,-6.9319
20240507,-7.9319
20240507,-5.5506
20240507,-6.5506
20240508,-7.5506
20240508,-8.5506
20240508,-9.5506
20240508,-10.5506
20240508,-11.5506
20240508,-12.5506
20240508,-13.5506
20240508,-12.8217
20240508,-10.7264
20240509,-11.7264
20240509,-12.7264
20240509,-13.0199
20240509,-14.0199
20240509,-15.0199
20240509,-12.4905
20240509,-13.4905
20240510,-14.4905
20240510,-15.4905
20240510,-16.4905
20240510,-17.4905
20240510,-15.9014
20240510,-13.0633
20240510,-10.7671
20240510,-11.7671
20240510,-12.7671
20240510,-10.1881
20240510,-11.1881
20240510,-9.3004
20240510,-10.3004
20240510,-11.3004
20240510,-7.3193
20240510,-7.0584
20240510,-4.422
20240510,-5.422
20240513,1.1934
20240513,0.1934
20240513,0.2138
20240513,2.0871
20240513,3.0035
20240513,5.423
20240513,4.423
20240513,4.573
20240513,3.573
20240513,2.573
20240513,1.573
20240514,0.573
20240514,-0.427
20240514,-1.427
20240514,-2.427
20240514,-1.167
20240514,-2.167
20240514,-3.167
20240514,-1.0388
20240514,0.4612
20240515,-0.5388
20240515,-1.5388
20240515,2.0699
20240515,1.0699
20240515,0.0699
20240515,-0.9301
20240515,-1.9301
20240516,-2.9301
20240516,-1.0145
20240516,-2.0145
20240516,-0.7953
20240516,0.3261
20240516,-0.6739
20240516,-1.6739
20240516,-2.6739
20240517,0.7927
20240517,-0.2073
20240517,-1.2073
20240517,-2.2073
20240517,-3.2073
20240517,-4.2073
20240517,-5.2073
20240517,-6.2073
20240517,-7.2073
20240520,-1.3948
20240520,-2.3948
20240520,-3.3948
20240520,-4.3948
20240520,-5.3948
20240520,-6.3948
20240520,-7.3948
20240520,-8.3948
20240520,-9.3948
20240521,-7.5949
20240521,-4.6488
20240521,-2.8746
20240521,-3.8746
20240521,-4.8746
20240521,-5.8746
20240521,-6.8746
20240521,-7.908
20240521,-8.9343
20240521,-9.9343
20240522,-10.9343
20240522,-11.9343
20240522,-12.9343
20240522,-10.4343
20240522,-11.4343
20240522,-8.4779
20240522,-9.4779
20240522,-6.7075
20240522,-7.7075
20240522,-8.7075
20240523,-9.7075
20240523,-8.1328
20240523,-9.1328
20240523,-7.8251
20240523,-8.8251
20240523,-9.8251
20240524,-10.8251
20240524,-11.8251
20240524,-12.8251
20240524,-13.8251
20240524,-10.3776
20240524,-11.3776
20240524,-12.3776
20240524,-13.3776
20240524,-14.3776
20240524,-15.3776
20240524,-16.3776
20240524,-17.3776
20240524,-18.3776
20240528,-19.3776
20240528,-16.6535
20240528,-13.4816
20240528,-12.3229
20240528,-9.037
20240528,-7.8703
20240528,-8.8703
20240528,-9.8703
20240528,-10.8703
20240528,-8.9269
20240528,-7.0878
20240528,-5.7909
20240528,-6.7909
20240528,-7.7909
20240528,-7.9806
20240529,-8.9806
20240529,-5.3472
20240529,-6.3472
20240529,-7.3472
20240529,-8.3472
20240529,-9.3472
20240529,-10.3472
20240529,-11.3472
20240529,-12.3472
20240530,-13.3472
20240530,-9.968
20240530,-10.968
20240530,-9.3569
20240530,-10.3569
20240530,-11.3569
20240530,-12.3569
20240530,-13.3569
20240530,-14.3569
20240531,-15.3569
20240531,-16.3569
20240531,-14.769
20240531,-15.769
20240531,-10.1421
20240531,-11.1421
20240531,-12.1421
20240603,-9.2614
20240603,-6.3266
20240603,-3.8917
20240603,-4.8917
20240603,-5.8917
20240603,-6.8917
20240603,-7.8917
20240603,-8.8917
20240603,-9.8917
20240604,-10.8917
20240604,-11.8917
20240604,-8.2327
20240604,-9.2327
20240604,-10.2327
20240604,-11.2327
20240604,-12.3604
20240604,-10.545
20240604,-11.545
20240604,-10.3809
20240604,-10.7354
20240605,-11.7354
20240605,-7.8012
20240605,-8.8012
20240605,-9.8012
20240605,-10.8012
20240605,-8.4861
20240605,-9.4861
20240605,-7.8624
20240605,-8.8624
20240605,-9.8624
20240606,-10.0977
20240606,-11.0977
20240606,-12.0977
20240606,-10.7227
20240606,-11.7227
20240606,-12.7227
20240606,-11.6926
20240606,-10.5187
20240606,-10.4986
20240606,-11.4986
20240607,-7.9748
20240607,-8.9748
20240607,-9.9748
20240607,-10.9748
20240607,-11.9748
20240607,-12.9748
20240607,-13.9748
20240607,-14.9748
20240607,-15.9748
20240607,-11.3846
20240607,-12.3846
20240607,-13.3846
20240610,-5.7774
20240610,-6.7774
20240610,-7.7774
20240610,-8.7774
20240610,-9.7774
20240610,-7.4113
20240610,-8.4113
20240610,-7.1239
20240610,-8.1239
20240610,-9.1239
20240610,-10.1239
20240610,-11.1239
20240611,-12.1239
20240611,-9.9957
20240611,-10.9957
20240611,-11.9957
20240611,-10.3755
20240611,-8.6796
20240611,-6.8221
20240611,-4.4419
20240611,-2.8461
20240611,-3.8461
20240611,-3.7267
20240611,-4.7267
20240611,-1.0946
20240612,-2.0946
20240612,-3.0946
20240612,-4.0946
20240612,-5.0946
20240612,-6.0946
20240612,-7.0946
20240612,-8.0946
20240612,-9.0946
20240612,-10.0946
20240612,-11.0946
20240612,-12.0946
20240613,-13.0946
20240613,-14.0946
20240613,-12.249
20240613,-10.8205
20240613,-11.8205
20240613,-10.7811
20240613,-11.7811
20240613,-12.7811
20240613,-13.7811
20240613,-14.7811
20240613,-13.1574
20240613,-14.1574
20240613,-15.1574
20240613,-12.5602
20240613,-13.5602
20240613,-14.5602
20240614,-15.5602
20240614,-15.1772
20240614,-13.4499
20240614,-12.3915
20240617,-13.3915
20240617,-14.3915
20240617,-15.3915
20240617,-10.0582
20240617,-11.0582
20240617,-12.0582
20240617,-10.8476
20240617,-8.215
20240617,-9.215
20240617,-10.215
20240617,-11.215
20240617,-12.215
20240617,-13.215
20240617,-9.6718
20240617,-10.6718
20240618,-11.6718
20240618,-12.6718
20240618,-11.6945
20240618,-12.6945
20240618,-13.6945
20240618,-14.6945
20240618,-15.6945
20240618,-16.6945
20240618,-17.6945
20240618,-18.6945
20240618,-16.5436
20240618,-17.5436
20240618,-18.5436
20240620,-19.5436
20240620,-20.5436
20240620,-21.5436
20240620,-22.5436
20240620,-23.5436
20240620,-22.4113
20240620,-23.4113
20240620,-24.4113
20240620,-25.4141
20240621,-26.4141
20240621,-24.993
20240621,-23.562
20240621,-22.2041
20240621,-23.2041
20240621,-24.2041
20240621,-25.2041
20240621,-26.2041
20240624,-22.0666
20240624,-19.306
20240624,-17.6797
20240624,-18.6797
20240624,-19.6797
20240624,-20.6797
20240624,-18.2664
20240624,-14.0327
20240624,-15.0327
20240624,-14.4578
20240624,-15.4578
20240624,-16.4578
20240624,-17.4578
20240625,-18.4578
20240625,-19.4578
20240625,-20.4578
20240625,-21.4578
20240625,-22.4578
20240625,-23.4578
20240625,-24.4578
20240625,-25.4578
20240625,-26.4578
20240625,-18.3864
20240626,-19.3864
20240626,-16.061
20240626,-17.061
20240626,-18.061
20240626,-19.061
20240626,-20.061
20240626,-18.7987
20240626,-17.1737
20240626,-18.1737
20240626,-19.1737
20240626,-20.1737
20240627,-16.03
20240627,-17.03
20240627,-14.7068
20240627,-15.7068
20240627,-14.3853
20240627,-15.3853
20240627,-16.3853
20240627,-15.9991
20240627,-16.9991
20240627,-17.9991
20240627,-18.9991
20240627,-19.9991
20240627,-16.8602
20240627,-15.0268
20240627,-16.0268
20240627,-17.0268
20240627,-18.0268
20240628,-19.0684
20240628,-20.0684
20240628,-18.2166
20240628,-19.2166
20240628,-20.2166
20240628,-21.2166
20240628,-22.2166
20240628,-23.2166
20240628,-24.2166
20240628,-22.8912
20240628,-20.1952
20240701,-21.267
20240701,-22.267
20240701,-19.467
20240701,-20.467
20240701,-17.9964
20240701,-16.143
20240701,-14.1062
20240701,-11.1249
20240701,-12.1249
20240701,-10.9319
20240701,-11.9319
20240701,-12.9319
20240702,-13.9319
20240702,-14.9319
20240702,-15.9319
20240702,-16.9319
20240702,-17.9319
20240702,-18.9319
20240702,-19.9319
20240702,-19.9463
20240702,-20.9463
20240702,-21.9463
20240702,-20.6999
20240702,-17.5522
20240702,-16.0657
20240702,-17.0657
20240702,-18.0657
20240702,-13.8416
20240702,-14.8416
20240702,-7.0916
20240702,-5.8416
20240703,-6.8416
20240703,-7.8416
20240703,-5.0416
20240703,-3.0387
20240703,-2.3328
20240703,-3.3328
20240703,-4.3328
20240703,-5.3328
20240703,-5.6106
20240703,-6.6106
20240703,-5.3321
20240703,-5.1159
20240703,-3.6588
20240703,-4.6588
20240705,-1.7088
20240705,-2.7088
20240705,-2.3034
20240705,-0.3034
20240705,-1.3034
20240705,-2.3034
20240705,-3.3034
20240708,-4.3034
20240708,2.1252
20240708,7.2161
20240708,6.2161
20240708,10.748
20240708,12.1459
20240708,14.0738
20240708,13.0738
20240708,15.4084
20240708,17.074
20240708,16.074
20240709,15.074
20240709,14.074
20240709,13.074
20240709,12.074
20240709,11.074
20240709,10.074
20240709,9.074
20240709,8.074
20240709,7.074
20240709,6.074
20240709,7.4788
20240709,6.4788
20240709,5.4788
20240709,4.4788
20240709,3.4788
20240710,2.4788
20240710,1.4788
20240710,0.4788
20240710,-0.5212
20240710,-1.5212
20240710,-2.5212
20240710,-1.0671
20240710,-2.0671
20240710,-1.0323
20240710,-2.0323
20240710,-3.0323
20240711,-4.0323
20240711,-5.0323
20240711,-4.0984
20240711,-5.0984
20240711,-6.0984
20240711,-7.0984
20240711,-8.0984
20240711,-9.0984
20240711,-10.0984
20240711,-8.7508
20240711,-9.7508
20240711,-7.5182
20240712,-5.772
20240712,-6.772
20240712,-5.238
20240712,-6.238
20240712,-7.238
20240712,-8.238
20240712,-9.238
20240712,-6.9007
20240712,-7.9007
20240712,-7.4007
20240712,-8.4007
20240715,-9.4007
20240715,-8.0022
20240715,-6.0427
20240715,-7.0427
20240715,-4.7302
20240715,-2.0203
20240715,0.8258
20240715,-0.1742
20240715,-1.1742
20240715,-2.1742
20240715,-3.1742
20240715,-4.1898
20240715,-5.1898
20240716,-6.1898
20240716,-7.1898
20240716,-8.1898
20240716,-9.1898
20240716,-10.1898
20240716,-11.1898
20240716,-12.1898
20240716,-13.1898
20240716,-14.1898
20240716,-15.1898
20240716,-16.1898
20240717,-17.1898
20240717,-18.1898
20240717,-19.1898
20240717,-20.1898
20240717,-17.7
20240717,-16.0281
20240717,-17.0281
20240717,-15.8116
20240717,-16.8116
20240717,-17.8116
20240717,-18.8116
20240717,-19.8116
20240717,-20.8116
20240717,-21.8116
20240718,-19.6516
20240718,-20.6516
20240718,-21.6516
20240718,-22.6516
20240718,-23.6516
20240718,-24.6516
20240718,-22.8766
20240718,-23.8766
20240718,-21.5585
20240718,-20.4818
20240718,-21.4818
20240719,-22.4818
20240719,-23.4818
20240719,-24.4818
20240719,-25.4818
20240719,-26.4818
20240719,-27.4818
20240719,-25.2033
20240719,-26.2033
20240719,-27.2033
20240719,-24.444
20240719,-25.444
20240719,-26.444
20240719,-27.444
20240719,-26.6505
20240719,-23.99
20240719,-22.39
20240719,-23.39
20240719,-24.39
20240719,-25.39
20240719,-26.39
20240719,-27.39
20240719,-28.39
20240722,-29.39
20240722,-30.39
20240722,-31.39
20240722,-28.6449
20240722,-26.5789
20240722,-25.136
20240722,-26.136
20240722,-27.136
20240722,-28.136
20240722,-26.1124
20240722,-27.1124
20240722,-25.9704
20240722,-25.3599
20240722,-24.0816
20240722,-22.9369
20240722,-23.9369
20240722,-23.8573
20240723,-24.8573
20240723,-25.8573
20240723,-22.3107
20240723,-23.3107
20240723,-24.3107
20240723,-25.3107
20240723,-26.3107
20240723,-23.0249
20240723,-22.6843
20240723,-23.6843
20240723,-18.9509
20240724,-19.9509
20240724,-20.9509
20240724,-16.7639
20240724,-14.6095
20240724,-15.6095
20240724,-16.6095
20240724,-17.6095
20240724,-16.592
20240725,-17.592
20240725,-18.592
20240725,-19.592
20240725,-20.592
20240725,-16.7299
20240725,-17.7299
20240725,-18.7299
20240725,-19.7299
20240725,-18.5407
20240725,-14.1571
20240725,-15.1571
20240726,-16.1571
20240726,-17.1571
20240726,-18.1571
20240726,-19.1571
20240726,-20.1571
20240726,-21.1571
20240726,-18.5511
20240726,-19.5511
20240726,-20.5511
20240726,-17.4156
20240726,-13.5108
20240726,-12.6579
20240726,-13.6579
20240726,-12.3596
20240726,-9.9661
20240726,-7.9073
20240726,-8.9073
20240726,-9.9073
20240726,-8.0972
20240726,-9.0972
20240726,-10.0972
20240726,-9.4326
20240729,-10.4326
20240729,-11.4326
20240729,-8.1767
20240729,-7.4543
20240729,-8.4543
20240729,-5.0257
20240729,-1.9237
20240729,-2.9237
20240729,-3.9237
20240729,-4.9237
20240729,-5.9237
20240729,-6.9237
20240729,-7.9237
20240729,-8.9237
20240730,-9.9237
20240730,-10.9237
20240730,-11.9237
20240730,-12.9237
20240730,-13.9237
20240730,-14.9237
20240730,-15.9237
20240730,-16.9237
20240730,-15.2518
20240730,-16.2518
20240730,-17.2518
20240730,-18.2518
20240730,-14.9185
20240731,-15.9185
20240731,-16.9185
20240731,-16.0431
20240731,-10.5907
20240731,-9.0463
20240731,-10.0463
20240731,-11.0463
20240731,-8.002
20240731,-8.0211
20240801,-9.0211
20240801,-10.0211
20240801,-7.3848
20240801,-4.6723
20240801,-3.4959
20240801,-4.4959
20240801,-5.4959
20240801,-3.7152
20240801,-4.7152
20240801,-5.7152
20240802,-6.7152
20240802,-7.7152
20240802,-8.7152
20240802,-5.7174
20240802,-4.6581
20240802,-5.6581
20240802,-6.6581
20240802,-7.6581
20240802,-8.6581
20240802,-9.6581
20240802,-10.6581
20240802,-11.6581
20240805,-12.6581
20240805,-13.6581
20240805,-10.6902
20240805,-11.6902
20240805,-10.4087
20240805,-11.4087
20240806,-12.4087
20240806,-10.8899
20240806,-7.6659
20240806,-4.2688
20240806,-5.2688
20240806,-6.2688
20240806,-7.2688
20240806,-8.2688
20240807,-9.2688
20240807,-10.2688
20240807,-11.2688
20240807,-9.5545
20240807,-6.7593
20240807,-7.7593
20240807,-6.726
20240807,-7.726
20240807,-8.726
20240808,-9.726
20240808,-10.726
20240808,-11.726
20240808,-12.726
20240808,-13.726
20240808,-14.726
20240808,-13.2559
20240808,-12.0641
20240808,-9.7565
20240808,-8.2017
20240808,-9.2017
20240808,-10.2017
20240808,-11.2017
20240808,-12.2017
20240808,-13.2017
20240808,-14.2017
20240808,-15.2017
20240809,-17.1681
20240809,-18.1681
20240809,-19.1681
20240809,-16.6348
20240809,-14.896
20240809,-13.5276
20240809,-14.5276
20240809,-15.5657
20240809,-11.7314
20240809,-10.0306
20240809,-11.0306
20240809,-9.5306
20240809,-10.5306
20240809,-9.3578
20240809,-10.3578
20240809,-9.9341
20240809,-10.9341
20240809,-10.7989
20240812,-11.7989
20240812,-8.6465
20240812,-9.6465
20240812,-10.6465
20240812,-11.6476
20240812,-11.3732
20240812,-10.2751
20240812,-10.6304
20240812,-11.6304
20240812,-12.6304
20240812,-7.9732
20240812,-8.9732
20240812,-6.4182
20240813,-7.4182
20240813,-8.4182
20240813,-6.8468
20240813,-6.7708
20240813,-7.7708
20240813,-8.7708
20240813,-9.7708
20240813,-5.4887
20240813,-6.4887
20240813,-3.4949
20240813,-4.4949
20240813,-3.8364
20240813,-4.8364
20240813,-5.8364
20240813,-6.8364
20240814,-7.8364
20240814,-8.8364
20240814,-7.3364
20240814,-6.0458
20240814,-7.0458
20240814,-8.0458
20240814,-9.0458
20240814,-6.926
20240814,-2.3672
20240814,-1.0338
20240814,-2.0338
20240814,-3.0338
20240814,-4.0338
20240814,-5.0338
20240814,-6.0338
20240814,-3.0338
20240814,-0.3679
20240815,-1.3679
20240815,-2.3679
20240815,-3.3679
20240815,-3.7992
20240815,-4.7992
20240815,-5.7992
20240815,-6.7992
20240816,-7.7992
20240816,-8.7992
20240816,-9.7992
20240816,-10.7992
20240816,-11.7992
20240816,-12.7992
20240816,-13.7992
20240816,-12.2537
20240816,-13.2537
20240816,-14.2537
20240816,-15.4042
20240816,-13.5677
20240819,-14.5677
20240819,-15.5677
20240819,-13.5887
20240819,-14.5887
20240819,-15.5887
20240819,-16.5887
20240819,-17.5887
20240819,-15.8938
20240819,-16.8938
20240819,-17.8938
20240819,-18.8938
20240819,-19.8938
20240819,-18.6969
20240819,-17.5264
20240819,-16.2297
20240819,-14.6366
20240819,-14.9977
20240819,-15.9977
20240820,-16.9977
20240820,-17.9977
20240820,-15.0674
20240820,-16.0674
20240820,-17.0674
20240820,-15.9363
20240820,-16.9363
20240820,-17.9363
20240820,-18.9363
20240820,-19.9363
20240821,-20.9363
20240821,-19.0623
20240821,-20.0623
20240821,-21.0623
20240821,-22.0623
20240821,-18.4389
20240821,-15.7655
20240821,-16.7655
20240821,-17.7655
20240821,-18.7655
20240821,-17.6027
20240821,-15.7138
20240821,-10.8924
20240821,-7.1159
20240821,-5.3281
20240821,-6.3281
20240821,-3.3432
20240821,-1.4656
20240821,-2.4656
20240822,-0.2838
20240822,1.7162
20240822,0.7162
20240822,-0.2838
20240822,-1.2838
20240822,-0.1588
20240822,-1.1588
20240822,-2.1588
20240822,-3.1588
20240822,-4.1588
20240822,-2.1588
20240822,-3.1588
20240822,4.3027
20240822,3.3027
20240823,5.7482
20240823,4.7482
20240823,3.7482
20240823,5.4534
20240823,7.1857
20240823,6.1857
20240823,5.1857
20240823,4.1857
20240823,3.1857
20240823,4.439
20240826,3.439
20240826,2.439
20240826,3.6265
20240826,2.6265
20240826,1.6265
20240826,4.5752
20240826,3.5752
20240826,2.5752
20240827,5.1752
20240827,6.3895
20240827,5.3895
20240827,4.3895
20240827,3.3895
20240827,2.3895
20240827,1.3895
20240827,0.3895
20240827,-0.6105
20240827,2.5464
20240827,1.5464
20240827,0.5464
20240828,-0.4536
20240828,-1.4536
20240828,-2.4536
20240828,-3.4536
20240828,-4.6633
20240828,0.1896
20240828,1.0563
20240828,0.0563
20240829,-0.9437
20240829,-1.9437
20240829,-2.9437
20240829,0.2931
20240829,-0.7069
20240829,-1.7069
20240829,-2.7069
20240829,0.5154
20240829,2.1866
20240829,4.3308
20240829,6.3438
20240829,7.7438
20240829,8.7467
20240829,12.5702
20240829,11.5702
20240829,10.5702
20240829,9.5702
20240829,8.5702
20240829,15.2975
20240829,14.2975
20240830,13.2975
20240830,12.2975
20240830,11.2975
20240830,13.8126
20240830,12.8126
20240830,11.8126
20240830,12.8126
20240830,11.8126
20240830,10.8006
20240830,9.8006
20240830,8.8006
20240830,7.8006
20240830,10.9448
20240903,12.1577
20240903,11.1577
20240903,12.8285
20240903,14.4834
20240903,13.4834
20240903,12.4263
20240903,11.4263
20240903,10.4263
20240903,9.4263
20240903,8.4263
20240904,7.4263
20240904,6.4263
20240904,5.4263
20240904,4.4263
20240904,3.4263
20240904,2.4263
20240904,1.4263
20240904,-0.7431
20240904,-3.1431
20240904,-4.1431
20240904,-2.7022
20240904,-1.4602
20240904,1.3106
20240904,2.5291
20240904,5.853
20240904,7.4327
20240904,9.1327
20240904,8.1327
20240905,7.1327
20240905,6.1327
20240905,5.1327
20240905,6.7481
20240905,5.7481
20240905,4.7481
20240905,3.7481
20240905,2.7481
20240906,1.7481
20240906,6.4357
20240906,10.2037
20240906,9.2037
20240906,8.2037
20240906,7.2037
20240906,6.2037
20240906,5.2037
20240906,4.2037
20240906,3.2037
20240906,2.2037
20240909,4.9537
20240909,6.7059
20240909,5.7059
20240909,6.7143
20240909,5.7143
20240909,4.7143
20240909,7.1294
20240909,6.1294
20240909,5.1294
20240909,6.1179
20240909,5.1179
20240909,6.741
20240909,5.741
20240909,8.3803
20240909,11.8925
20240909,10.8925
20240910,9.8925
20240910,8.8925
20240910,7.8925
20240910,6.8925
20240910,5.8925
20240910,4.8925
20240911,3.8925
20240911,2.8925
20240911,1.8925
20240911,2.9762
20240911,1.9762
20240911,0.9762
20240912,2.5315
20240912,1.5315
20240912,4.5271
20240912,3.5271
20240912,2.5271
20240912,4.568
20240912,6.4886
20240912,5.4886
20240912,4.4886
20240912,6.018
20240912,7.2038
20240912,8.5013
20240912,7.5013
20240912,7.3387
20240912,6.3387
20240913,5.3387
20240913,4.3387
20240913,3.3387
20240913,2.3387
20240913,4.1958
20240913,3.1958
20240913,2.1958
20240913,1.1958
20240913,9.304
20240913,8.304
20240916,8.4725
20240916,7.4725
20240916,6.4725
20240916,5.4725
20240916,4.4725
20240916,10.3083
20240916,9.3083
20240916,8.3083
20240916,8.6386
20240916,9.6651
20240916,8.6651
20240916,7.6651
20240916,9.9886
20240916,8.9886
20240917,7.9886
20240917,9.2081
20240917,8.2081
20240917,7.2081
20240917,9.2725
20240917,8.2725
20240917,7.2725
20240917,6.2725
20240917,5.2725
20240917,4.2725
20240917,3.2725
20240917,5.1936
20240917,7.0119
20240918,8.4614
20240918,11.916
20240918,14.589
20240918,13.589
20240918,12.589
20240918,14.5611
20240918,13.5611
20240918,12.5611
20240918,11.5611
20240919,10.5611
20240919,14.2329
20240919,13.2329
20240919,15.5433
20240919,16.6636
20240919,15.6636
20240919,16.7071
20240919,15.7071
20240919,14.7071
20240919,14.8121
20240919,13.8121
20240919,12.8121
20240920,11.8121
20240920,10.8121
20240920,13.4274
20240920,12.4274
20240920,14.1081
20240920,13.1081
20240920,14.714
20240920,13.714
20240920,12.714
20240920,11.714
20240920,10.714
20240923,12.1702
20240923,11.1702
20240923,10.1702
20240923,9.1702
20240923,8.1702
20240923,9.8264
20240924,8.8264
20240924,10.9595
20240924,9.9595
20240924,8.9595
20240924,7.9595
20240924,6.9595
20240924,8.6056
20240924,7.6056
20240924,6.6056
20240924,5.6056
20240924,4.6056
20240924,6.1995
20240924,5.1995
20240924,7.4318
20240924,7.6844
20240925,6.6844
20240925,5.6844
20240925,4.6844
20240925,3.6844
20240925,5.6993
20240925,4.6993
20240925,3.6993
20240925,2.6993
20240925,1.6993
20240925,6.0009
20240926,5.0009
20240926,4.0009
20240926,3.0009
20240926,2.0009
20240926,1.0009
20240926,0.0009
20240926,-0.9991
20240926,1.1454
20240926,2.6097
20240926,1.6097
20240926,0.6097
20240926,-0.3903
20240926,-1.3903
20240926,-1.3751
20240927,-0.3429
20240927,-1.3429
20240927,0.905
20240927,4.6403
20240927,5.8749
20240927,4.8749
20240927,3.8749
20240927,5.1425
20240927,4.1425
20240927,3.1425
20240927,2.1425
20240927,4.1425
20240927,5.9282
20240927,7.159
20240927,6.159
20240927,5.159
20240930,4.159
20240930,3.159
20240930,8.159
20240930,7.159
20240930,6.159
20240930,5.159
20240930,4.159
20240930,3.159
20240930,4.7978
20240930,3.7978
20240930,2.7978
20240930,5.9978
20241001,4.9978
20241001,3.9978
20241001,2.9978
20241001,1.9978
20241001,0.9978
20241001,2.9628
20241001,1.9628
20241002,8.2355
20241002,10.9057
20241002,9.9057
20241002,8.9057
20241002,11.9057
20241002,10.9057
20241002,10.8754
20241002,12.4601
20241002,11.4601
20241002,12.9101
20241002,16.8485
20241002,18.686
20241002,19.2666
20241003,18.2666
20241003,17.2666
20241003,19.2993
20241003,21.8541
20241003,23.4219
20241003,22.4219
20241003,23.6183
20241003,24.946
20241003,23.946
20241003,24.9327
20241003,24.601
20241003,23.601
20241003,22.601
20241003,21.601
20241004,20.601
20241004,23.6879
20241004,22.6879
20241004,21.6879
20241004,23.1392
20241004,22.1392
20241004,23.7962
20241004,22.7962
20241004,21.7962
20241004,20.7962
20241004,21.8701
20241007,20.8701
20241007,19.8701
20241007,18.8701
20241007,19.4283
20241007,18.4283
20241007,17.4283
20241007,16.4283
20241007,15.4283
20241007,14.4283
20241007,13.4283
20241008,12.4283
20241008,11.4283
20241008,10.4283
20241008,11.9754
20241008,10.9646
20241008,9.9646
20241008,19.3646
20241008,20.9374
20241009,19.9374
20241009,18.9374
20241009,17.9374
20241009,16.9374
20241009,15.9374
20241009,14.9374
20241009,20.0855
20241010,21.9814
20241010,20.9814
20241010,23.023
20241010,24.8461
20241010,26.0247
20241010,25.0247
20241010,24.0247
20241010,23.0247
20241010,22.0247
20241010,21.0247
20241010,22.0803
20241010,21.0803
20241010,20.0803
20241010,19.0803
20241011,18.858
20241011,17.858
20241011,16.858
20241011,15.858
20241011,14.858
20241011,15.4102
20241011,14.4102
20241011,12.6734
20241011,12.5305
20241014,13.5458
20241014,12.5458
20241014,11.5458
20241014,10.5458
20241014,9.5458
20241014,8.5458
20241014,7.5458
20241014,6.5458
20241014,5.5458
20241014,4.5458
20241015,3.5458
20241015,6.2865
20241015,6.4115
20241015,5.4115
20241015,4.4115
20241015,3.4115
20241015,2.4115
20241015,1.4115
20241015,0.4115
20241015,-0.5885
20241016,-1.5885
20241016,-2.5885
20241016,-3.5885
20241016,-3.0493
20241016,-4.0493
20241016,-5.0493
20241016,-1.7636
20241016,0.6278
20241016,3.5528
20241016,2.5528
20241017,1.5528
20241017,0.5528
20241017,-0.4472
20241017,-1.4472
20241017,-2.4472
20241017,-3.4472
20241017,-4.4472
20241017,-5.4472
20241017,-6.4472
20241017,-3.1139
20241017,-4.1139
20241017,-5.1139
20241018,-6.1139
20241018,-7.1139
20241018,-8.1139
20241018,-9.1139
20241018,-10.1139
20241018,-11.1139
20241018,-12.1139
20241018,-10.7706
20241018,-11.7706
20241021,-12.7706
20241021,-13.7706
20241021,-14.7706
20241021,-15.7706
20241021,-16.7706
20241021,-17.7706
20241021,-15.5461
20241021,-16.5461
20241021,-17.5461
20241021,-18.5461
20241021,-19.5461
20241021,-20.5461
20241021,-21.5461
20241022,-22.5461
20241022,-23.5461
20241022,-22.151
20241022,-23.151
20241022,-21.8555
20241022,-22.8555
20241022,-23.8555
20241022,-24.8555
20241022,-25.8555
20241022,-24.5729
20241022,-25.5729
20241023,-26.5729
20241023,-27.5729
20241023,-25.1729
20241023,-26.1998
20241023,-27.1998
20241023,-28.1998
20241023,-29.1998
20241023,-27.7165
20241023,-28.7165
20241023,-29.7165
20241023,-27.0629
20241023,-28.0629
20241023,-22.4603
20241024,-23.4603
20241024,-24.4603
20241024,-25.4603
20241024,-23.1436
20241024,-24.1436
20241024,-25.1436
20241024,-23.7813
20241024,-24.7813
20241024,-25.7813
20241024,-21.8935
20241024,-22.8935
20241024,-23.8935
20241024,-20.2952
20241024,-21.2952
20241024,-22.2952
20241025,-23.2952
20241025,-24.2952
20241025,-25.2952
20241025,-23.0819
20241025,-17.7309
20241025,-12.8559
20241028,-12.9527
20241028,-10.8519
20241028,-11.8519
20241028,-9.2519
20241028,-10.2519
20241028,-11.2519
20241028,-12.2519
20241029,-13.2519
20241029,-14.2519
20241029,-15.2519
20241029,-16.2519
20241029,-17.2519
20241029,-18.3719
20241029,-19.3719
20241029,-20.3719
20241029,-21.3719
20241029,-22.3719
20241029,-21.1839
20241029,-22.1839
20241030,-20.2402
20241030,-18.9312
20241030,-19.9312
20241030,-20.9312
20241030,-21.9312
20241030,-22.9312
20241030,-21.5121
20241031,-22.5121
20241031,-23.5121
20241031,-24.5121
20241031,-25.5121
20241031,-26.5121
20241031,-27.5121
20241031,-28.5121
20241101,-29.5121
20241101,-24.2121
20241101,-25.2121
20241101,-26.2121
20241101,-27.2121
20241101,-28.2121
20241101,-29.2121
20241101,-26.8459
20241101,-26.6729
20241101,-27.6729
20241104,-24.2201
20241104,-25.2357
20241104,-26.2357
20241104,-27.2357
20241104,-28.2357
20241104,-29.2357
20241104,-30.2357
20241105,-31.2357
20241105,-32.2357
20241105,-33.2357
20241105,-34.2357
20241105,-35.2357
20241105,-33.7
20241106,-32.3944
20241106,-33.3944
20241106,-34.3944
20241106,-35.3944
20241106,-34.1014
20241106,-35.1014
20241106,-36.1014
20241106,-37.1014
20241106,-38.1014
20241106,-39.1014
20241106,-40.1014
20241106,-41.1014
20241107,-42.1014
20241107,-40.8284
20241107,-37.5041
20241107,-38.5041
20241107,-39.5041
20241107,-36.4564
20241107,-37.4564
20241107,-38.4564
20241107,-36.2342
20241107,-37.2342
20241107,-37.3452
20241108,-38.3452
20241108,-39.3452
20241108,-40.3452
20241108,-41.3452
20241108,-42.3452
20241108,-43.3452
20241108,-44.3452
20241108,-45.3452
20241108,-46.3452
20241108,-47.3452
20241108,-48.3452
20241111,-49.3452
20241111,-50.3452
20241111,-51.3452
20241111,-52.3452
20241111,-53.3452
20241111,-54.3452
20241111,-55.3452
20241111,-53.0674
20241111,-54.0674
20241112,-50.719
20241112,-51.719
20241112,-52.719
20241112,-53.719
20241112,-54.719
20241112,-55.719
20241112,-56.719
20241112,-57.5393
20241113,-58.5393
20241113,-56.7409
20241113,-57.7409
20241113,-58.7409
20241113,-59.7409
20241113,-60.7409
20241113,-59.7304
20241113,-60.7304
20241113,-58.5082
20241113,-59.5082
20241113,-60.5082
20241113,-61.5082
20241113,-62.5082
20241113,-63.5082
20241114,-62.5082
20241114,-63.5082
20241114,-64.5082
20241114,-65.614
20241114,-63.7193
20241114,-64.7193
20241114,-65.7193
20241114,-66.7193
20241114,-64.6667
20241114,-65.6667
20241114,-66.6667
20241114,-67.6667
20241114,-68.6667
20241114,-69.6667
20241114,-70.6667
20241115,-71.6667
20241115,-72.6667
20241115,-73.6667
20241115,-74.6667
20241115,-75.6667
20241115,-76.6667
20241115,-77.6667
20241115,-78.6667
20241115,-73.0547
20241115,-74.0547
20241118,-72.4832
20241118,-73.4832
20241118,-74.4832
20241118,-71.8823
20241118,-72.8823
20241118,-73.8823
20241118,-72.5352
20241118,-73.5352
20241118,-72.0162
20241118,-73.0162
20241118,-71.6525
20241118,-72.6525
20241119,-73.6525
20241119,-74.6525
20241119,-75.6525
20241119,-76.6525
20241119,-77.6525
20241119,-76.2612
20241119,-77.2612
20241119,-78.2612
20241119,-76.7112
20241119,-71.7777
20241119,-70.7546
20241119,-68.8732
20241120,-69.8732
20241120,-70.8732
20241120,-71.8732
20241120,-72.8732
20241120,-70.2232
20241120,-71.2232
20241120,-72.2232
20241120,-70.7982
20241120,-69.9438
20241120,-70.9438
20241121,-71.9438
20241121,-72.9438
20241121,-73.9438
20241121,-74.9438
20241121,-75.9438
20241121,-76.9438
20241121,-78.1495
20241121,-79.1495
20241121,-80.1495
20241121,-81.1495
20241121,-82.1495
20241121,-83.1495
20241121,-84.1495
20241122,-85.1495
20241122,-86.1495
20241122,-87.1495
20241122,-84.103
20241122,-85.103
20241122,-86.103
20241122,-87.103
20241122,-88.103
20241122,-86.0893
20241122,-85.0401
20241122,-80.3469
20241122,-81.3469
20241122,-82.3469
20241122,-79.5798
20241125,-80.5798
20241125,-76.29
20241125,-77.29
20241125,-74.1757
20241125,-71.657
20241125,-72.657
20241125,-69.4209
20241125,-70.4209
20241125,-71.4209
20241125,-72.4209
20241126,-73.4209
20241126,-71.1001
20241126,-72.1001
20241126,-68.0547
20241126,-69.0547
20241126,-70.0547
20241126,-71.0547
20241126,-72.0547
20241126,-66.5547
20241126,-67.5547
20241126,-65.8971
20241126,-66.8971
20241126,-65.2106
20241127,-66.2106
20241127,-63.5167
20241127,-60.2536
20241127,-61.2536
20241127,-53.2594
20241127,-54.2594
20241127,-55.2594
20241127,-56.2594
20241127,-54.7939
20241127,-55.7939
20241129,-56.7939
20241129,-54.5411
20241129,-55.5411
20241129,-52.7545
20241129,-53.7545
20241129,-54.7545
20241129,-51.9475
20241202,-49.1208
20241202,-50.1208
20241202,-51.1208
20241202,-50.6335
20241202,-51.6335
20241202,-52.6335
20241202,-53.6335
20241202,-54.6335
20241202,-55.6335
20241202,-56.6335
20241203,-57.6335
20241203,-58.6335
20241203,-59.6335
20241203,-56.0483
20241203,-57.0483
20241203,-58.0483
20241203,-59.0483
20241203,-60.0483
20241203,-61.0483
20241203,-62.0483
20241203,-63.0483
20241203,-64.0483
20241203,-65.0483
20241203,-66.0483
20241204,-67.0483
20241204,-64.2191
20241204,-65.2191
20241204,-66.2191
20241204,-64.1208
20241204,-65.1208
20241205,-66.1208
20241205,-67.1208
20241205,-68.1208
20241205,-69.1208
20241205,-62.6763
20241205,-63.6763
20241205,-64.6763
20241206,-65.6763
20241206,-66.6763
20241206,-65.115
20241206,-66.115
20241206,-67.115
20241206,-62.5055
20241206,-63.5055
20241206,-64.5055
20241209,-65.5055
20241209,-66.5055
20241209,-67.5055
20241209,-68.5055
20241209,-69.5055
20241210,-70.5055
20241210,-71.5055
20241210,-72.5055
20241210,-73.5055
20241210,-69.9823
20241210,-70.9823
20241210,-69.3886
20241210,-70.3886
20241210,-71.3886
20241211,-72.3886
20241211,-73.3886
20241211,-74.3886
20241211,-75.3886
20241211,-76.3886
20241211,-77.3886
20241211,-78.3886
20241211,-79.3886
20241212,-80.3886
20241212,-78.177
20241212,-79.177
20241212,-80.177
20241212,-81.177
20241212,-82.177
20241212,-83.177
20241212,-84.177
20241213,-81.0031
20241213,-78.775
20241213,-76.3811
20241213,-77.3811
20241213,-74.9272
20241213,-75.9272
20241213,-76.9272
20241213,-77.9272
20241213,-74.182
20241213,-75.182
20241213,-76.182
20241213,-77.182
20241213,-78.182
20241213,-79.182
20241216,-75.5714
20241216,-76.5714
20241216,-77.5714
20241216,-78.5014
20241216,-79.5014
20241216,-80.5014
20241216,-81.5014
20241217,-80.273
20241217,-78.7937
20241217,-76.0437
20241217,-74.358
20241217,-72.2093
20241217,-73.2093
20241217,-74.2093
20241217,-75.2093
20241217,-76.2093
20241218,-77.2093
20241218,-78.2093
20241218,-79.2093
20241218,-80.2093
20241218,-81.2093
20241218,-82.2093
20241218,-83.2093
20241218,-84.2093
20241218,-80.6877
20241219,-81.6877
20241219,-82.6877
20241219,-83.6877
20241219,-84.6877
20241219,-85.6877
20241219,-86.6877
20241219,-87.6877
20241219,-88.6877
20241220,-89.6877
20241220,-88.0385
20241220,-86.6673
20241220,-87.6673
20241220,-88.6673
20241220,-89.6673
20241220,-90.6673
20241220,-91.6673
20241220,-92.6673
20241220,-93.6673
20241220,-94.6673
20241220,-95.6673
20241223,-96.6673
20241223,-97.6673
20241223,-98.6673
20241223,-99.6673
20241223,-100.6673
20241223,-101.6673
20241223,-99.2826
20241223,-100.2826
20241223,-98.3917
20241224,-97.309
20241224,-94.9032
20241224,-91.1916
20241224,-92.1916
20241224,-91.7102
20241224,-92.7102
20241224,-93.7102
20241224,-94.7102
20241224,-95.7102
20241226,-93.4539
20241226,-94.4539
20241226,-95.4539
20241226,-96.4539
20241226,-93.565
20241226,-91.2601
20241226,-89.7501
20241226,-90.7501
20241226,-91.7501
20241226,-92.7501
20241226,-91.2822
20241226,-92.2822
20241227,-93.2822
20241227,-94.2822
20241227,-95.2822
20241227,-96.2822
20241227,-97.2822
20241227,-98.292
20241227,-97.1283
20241227,-95.922
20241227,-94.8301
20241227,-92.9592
20241227,-94.0272
20241227,-92.0384
20241227,-91.1634
20241227,-92.1634
20241227,-93.1634
20241227,-94.1634
20241227,-95.1634
20241227,-96.1634
20241230,-97.1634
20241230,-91.7348
20241230,-89.4114
20241230,-90.4114
20241230,-91.4114
20241230,-92.6506
20241231,-90.5117
20241231,-88.9746
20241231,-87.3882
20241231,-88.3882
20241231,-89.3882
20241231,-90.3882
20241231,-91.3882
20241231,-92.3882
20250102,-82.032
20250102,-80.2413
20250102,-78.3569
20250102,-76.1588
20250102,-76.2505
20250102,-74.9043
20250102,-75.9043
20250102,-76.9043
20250102,-77.9043
20250102,-78.9043
20250103,-79.9043
20250103,-75.7667
20250103,-76.7667
20250103,-75.2758
20250103,-76.2758
20250103,-77.2758
20250103,-78.2758
20250103,-79.2758
20250103,-80.5367
20250103,-77.7034
20250103,-76.6395
20250103,-77.6395
20250103,-78.6395
20250103,-75.1452
20250103,-76.1452
20250103,-77.1452
20250103,-78.1452
20250106,-76.342
20250106,-71.3777
20250106,-72.3777
20250106,-68.5899
20250106,-69.5899
20250106,-70.5899
20250106,-69.0073
20250106,-70.0073
20250106,-71.0073
20250106,-72.0073
20250106,-73.0073
20250107,-68.7273
20250107,-69.7273
20250107,-66.9465
20250107,-64.8192
20250107,-61.2886
20250107,-60.0386
20250107,-61.0386
20250107,-62.0386
20250107,-63.0386
20250107,-64.0386
20250107,-65.0386
20250108,-66.0386
20250108,-67.0386
20250108,-68.0386
20250108,-69.0386
20250108,-70.0386
20250108,-71.0386
20250108,-72.4616
20250108,-73.4616
20250108,-74.4616
20250108,-75.4616
20250108,-76.4616
20250108,-77.4616
20250108,-76.8707
20250108,-77.8707
20250110,-78.8707
20250110,-79.8707
20250110,-80.8707
20250110,-80.6821
20250110,-79.5456
20250110,-75.3627
20250110,-76.3627
20250110,-77.3627
20250113,-78.3627
20250113,-79.3627
20250113,-80.3627
20250113,-81.3627
20250113,-82.3627
20250113,-83.3627
20250113,-83.4936
20250113,-84.4936
20250113,-85.0295
20250113,-86.0295
20250113,-87.0295
20250113,-88.0295
20250114,-89.0295
20250114,-90.0295
20250114,-87.8756
20250114,-88.8756
20250114,-89.8756
20250114,-88.1673
20250114,-89.1673
20250114,-87.5673
20250114,-88.5673
20250114,-89.5673
20250114,-90.5673
20250114,-91.5673
20250114,-92.5673
20250114,-93.5673
20250114,-94.5673
20250114,-92.4673
20250114,-93.4673
20250114,-91.2438
20250115,-92.2438
20250115,-93.2438
20250115,-94.2438
20250115,-93.5771
20250115,-94.7485
20250115,-95.7485
20250115,-96.7485
20250116,-97.7485
20250116,-98.7485
20250116,-99.7485
20250116,-100.7485
20250116,-100.564
20250116,-101.564
20250116,-102.564
20250116,-103.564
20250116,-101.1937
20250116,-102.1937
20250116,-103.1937
20250117,-104.1937
20250117,-105.1937
20250117,-106.1937
20250117,-104.8528
20250117,-105.8528
20250117,-103.8282
20250117,-103.6532
20250117,-104.6532
20250117,-105.6532
20250117,-106.6532
20250121,-107.6532
20250121,-105.7766
20250121,-103.8183
20250121,-102.3841
20250121,-100.9187
20250121,-101.9187
20250121,-102.9187
20250121,-99.9069
20250121,-100.9069
20250121,-99.2659
20250121,-100.2659
20250121,-98.5856
20250121,-99.5856
20250121,-100.1214
20250121,-101.1214
20250122,-102.1214
20250122,-103.1214
20250122,-104.1214
20250122,-102.2295
20250122,-103.2295
20250122,-104.2295
20250122,-105.2295
20250122,-104.1845
20250122,-105.1845
20250122,-106.1845
20250122,-106.1012
20250122,-107.1012
20250122,-105.2333
20250123,-102.6613
20250123,-103.6613
20250123,-104.6613
20250123,-105.6613
20250123,-106.6613
20250123,-107.6613
20250123,-108.6613
20250123,-109.6613
20250123,-110.6613
20250123,-108.9771
20250124,-109.9771
20250124,-110.9771
20250124,-111.9771
20250124,-108.4771
20250124,-109.4771
20250124,-110.4771
20250124,-111.4771
20250124,-112.4771
20250124,-113.4771
20250124,-114.4771
20250124,-115.4771
20250127,-113.4244
20250127,-114.4244
20250127,-115.4244
20250127,-116.4244
20250127,-117.4244
20250127,-117.5589
20250127,-118.5589
20250127,-119.5589
20250127,-115.9339
20250128,-116.9339
20250128,-117.9339
20250128,-111.4756
20250128,-109.5635
20250128,-106.5082
20250128,-107.5082
20250128,-106.1882
20250128,-104.9169
20250128,-101.6492
20250128,-102.6492
20250128,-101.5113
20250129,-102.5113
20250129,-103.5113
20250129,-104.5113
20250129,-102.659
20250129,-101.5818
20250129,-100.2741
20250129,-101.2741
20250130,-102.2741
20250130,-103.2741
20250130,-104.2741
20250130,-102.3106
20250130,-103.3106
20250130,-99.5219
20250130,-98.1158
20250130,-99.1158
20250130,-100.1158
20250130,-98.5506
20250130,-99.5506
20250130,-100.5506
20250130,-101.5506
20250130,-99.3688
20250130,-100.3688
20250130,-101.3688
20250130,-99.1297
20250131,-100.1297
20250131,-101.1297
20250131,-102.1297
20250131,-103.1297
20250131,-104.1297
20250131,-105.1464
20250131,-106.3951
20250131,-107.3951
20250131,-108.3951
20250131,-109.3951
20250131,-110.3951
20250131,-111.3951
20250131,-112.3951
20250131,-113.3951
20250203,-114.3951
20250203,-112.94
20250203,-113.94
20250203,-114.94
20250203,-115.94
20250203,-116.94
20250203,-117.94
20250203,-118.94
20250203,-119.94
20250203,-115.085
20250203,-112.9922
20250203,-113.9922
20250204,-112.2704
20250204,-109.8566
20250204,-110.8566
20250204,-107.482
20250204,-105.9789
20250205,-103.1789
20250205,-104.1789
20250205,-105.1789
20250205,-106.1789
20250205,-102.2615
20250205,-100.3063
20250205,-101.3063
20250205,-96.3981
20250205,-97.3981
20250205,-98.3981
20250206,-95.5519
20250206,-96.5519
20250206,-91.5105
20250206,-92.5105
20250206,-93.5105
20250206,-94.5105
20250206,-95.5105
20250206,-96.5105
20250206,-97.5105
20250206,-93.0105
20250206,-94.0105
20250206,-94.614
20250206,-89.614
20250206,-90.614
20250206,-85.2259
20250207,-86.2259
20250207,-87.2259
20250207,-84.6788
20250207,-81.6788
20250207,-82.6788
20250207,-80.3969
20250207,-76.7792
20250207,-75.2233
20250207,-76.2233
20250207,-77.2233
20250207,-78.2233
20250210,-79.2233
20250210,-80.2233
20250210,-78.5953
20250210,-79.5953
20250210,-80.5953
20250210,-81.5953
20250210,-80.4189
20250211,-81.4189
20250211,-82.4189
20250211,-83.4189
20250211,-80.6764
20250211,-81.6764
20250211,-82.6764
20250211,-83.6764
20250211,-84.6764
20250211,-85.6764
20250211,-86.6764
20250211,-87.6764
20250212,-87.1764
20250212,-88.1764
20250212,-89.1764
20250212,-90.1764
20250212,-91.1764
20250212,-92.1764
20250212,-93.1764
20250213,-94.1764
20250213,-95.1764
20250213,-96.1764
20250213,-97.1764
20250213,-98.4033
20250214,-89.0555
20250214,-78.879
20250214,-78.6415
20250214,-79.6415
20250214,-75.0925
20250214,-73.1335
20250218,-72.408
20250218,-71.2256
20250218,-65.2328
20250218,-66.2328
20250218,-67.2328
20250219,-68.2328
20250219,-69.2328
20250219,-70.2328
20250219,-71.2328
20250219,-72.2328
20250219,-69.5798
20250219,-70.5798
20250219,-71.5798
20250219,-71.6435
20250219,-71.2867
20250219,-68.5367
20250220,-69.5367
20250220,-70.5367
20250220,-69.2731
20250220,-67.6076
20250220,-68.6076
20250220,-69.5409
20250220,-70.5409
20250221,-71.5409
20250221,-72.5409
20250221,-73.5409
20250221,-74.5409
20250221,-72.3811
20250221,-73.3811
20250221,-64.8234
20250224,-65.8234
20250224,-66.8234
20250224,-67.8234
20250224,-68.8234
20250224,-69.8234
20250224,-69.5815
20250224,-70.5815
20250225,-71.5815
20250225,-72.5815
20250225,-73.5815
20250225,-74.5815
20250225,-75.5815
20250225,-76.5815
20250226,-77.5815
20250226,-78.5815
20250226,-79.5815
20250226,-80.5815
20250226,-81.5861
20250226,-80.2469
20250226,-81.2469
20250226,-82.2469
20250227,-83.2469
20250227,-81.3011
20250227,-82.3011
20250227,-83.3011
20250227,-81.5809
20250227,-76.4293
20250227,-75.088
20250227,-73.5365
20250228,-71.7631
20250228,-72.7631
20250228,-73.7631
20250228,-74.7631
20250228,-75.7631
20250228,-76.7631
20250303,-77.7631
20250303,-78.7631
20250303,-79.7631
20250303,-80.7631
20250303,-81.7631
20250303,-82.7631
20250303,-75.921
20250303,-76.921
20250304,-77.921
20250304,-76.8139
20250305,-77.8139
20250305,-71.4983
20250305,-72.4983
20250305,-73.4983
20250305,-74.4983
20250305,-75.4983
20250305,-73.666
20250305,-71.7624
20250305,-72.7624
20250305,-71.4252
20250305,-72.4252
20250305,-73.4252
20250306,-68.1181
20250306,-69.1181
20250306,-70.1181
20250306,-71.1181
20250306,-72.1181
20250306,-73.1181
20250306,-69.3403
20250306,-70.3403
20250307,-67.5909
20250307,-64.2481
20250307,-62.5119
20250307,-60.8282
20250307,-59.1099
20250307,-60.1099
20250307,-54.7599
20250307,-55.7599
20250307,-56.7599
20250307,-57.7599
20250307,-58.7599
20250307,-59.7599
20250307,-60.7599
20250310,-61.7599
20250310,-62.7599
20250310,-63.7599
20250310,-64.7599
20250311,-65.7599
20250311,-66.7599
20250311,-67.7599
20250311,-68.7599
20250311,-66.8539
20250311,-65.6681
20250311,-62.0209
20250311,-63.0209
20250311,-64.0209
20250311,-65.0209
20250311,-66.0209
20250311,-67.0209
20250311,-68.0209
20250312,-69.0209
20250312,-70.0209
20250312,-71.0209
20250312,-72.0396
20250312,-73.0396
20250312,-74.0396
20250312,-75.0396
20250312,-76.0396
20250312,-77.0396
20250313,-78.0396
20250313,-79.0396
20250313,-80.0396
20250313,-81.0396
20250313,-79.7596
20250313,-77.593
20250313,-76.433
20250313,-77.433
20250313,-78.433
20250313,-79.433
20250313,-80.433
20250313,-81.433
20250313,-79.5593
20250314,-80.5593
20250314,-81.5593
20250314,-82.5593
20250314,-83.5593
20250314,-84.5593
20250314,-85.7662
20250314,-86.7662
20250314,-87.7662
20250314,-86.7339
20250314,-83.5234
20250314,-81.9737
20250317,-80.7737
20250317,-81.7737
20250317,-82.7737
20250317,-83.7737
20250317,-84.8122
20250317,-85.8122
20250317,-86.8122
20250317,-82.9
20250318,-83.9
20250318,-84.9
20250318,-85.9
20250318,-86.9
20250318,-87.9
20250318,-88.9
20250319,-89.9
20250319,-90.9
20250319,-91.9
20250319,-92.9
20250319,-93.9
20250319,-94.9
20250319,-95.9
20250319,-94.4051
20250319,-95.4051
20250320,-96.5479
20250320,-97.5479
20250320,-98.5479
20250320,-99.5479
20250320,-100.5479
20250320,-101.5479
20250320,-102.5479
20250320,-103.5479
20250320,-104.5479
20250320,-105.5479
20250320,-101.9009
20250321,-102.9009
20250321,-103.9009
20250321,-101.7773
20250321,-102.7773
20250321,-101.0334
20250321,-102.0334
20250321,-103.0334
20250324,-104.0334
20250324,-105.0334
20250324,-106.0334
20250324,-106.3851
20250324,-107.3851
20250324,-104.1656
20250324,-105.1656
20250324,-96.6858
20250325,-97.6858
20250325,-95.5053
20250325,-94.0437
20250325,-95.0437
20250325,-96.0437
20250325,-87.5847
20250325,-88.5847
20250325,-88.0393
20250325,-85.5477
20250325,-86.5477
20250326,-85.0316
20250326,-86.0316
20250326,-87.0316
20250326,-88.0316
20250326,-85.6243
20250327,-86.6243
20250327,-87.6243
20250327,-88.6243
20250327,-89.6243
20250327,-90.6243
20250327,-91.6243
20250327,-92.6243
20250327,-93.6243
20250327,-94.6243
20250328,-95.6243
20250328,-96.6243
20250328,-93.7612
20250328,-94.7612
20250328,-95.7612
20250328,-96.7612
20250328,-97.7612
20250331,-94.1759
20250331,-90.5419
20250331,-91.5419
20250331,-88.9444
20250331,-84.4461
20250331,-81.12
20250331,-77.0985
20250331,-73.5985
20250331,-69.9534
20250331,-70.9534
20250331,-71.9534
20250331,-72.9534
20250331,-73.9534
20250331,-74.9534
20250401,-75.9534
20250401,-73.5561
20250401,-69.7756
20250401,-67.7042
20250401,-65.763
20250401,-64.5863
20250401,-63.1577
20250401,-60.3522
20250401,-61.3522
20250401,-62.3522
20250401,-60.1586
20250401,-58.9399
20250402,-59.9399
20250402,-60.9399
20250402,-61.9399
20250402,-62.9399
20250402,-63.9399
20250402,-64.9399
20250402,-65.9399
20250402,-66.9399
20250402,-67.9399
20250402,-68.9399
20250403,-69.9399
20250403,-70.9399
20250403,-71.9399
20250403,-72.9399
20250403,-67.9886
20250404,-68.9886
20250404,-69.9886
20250404,-70.9886
20250404,-71.9886
20250404,-72.9886
20250404,-69.5957
20250404,-65.4658
20250404,-66.4658
20250404,-67.4658
20250407,-64.339
20250407,-65.339
20250408,-62.6723
20250408,-63.6723
20250408,-64.6723
20250408,-65.6723
20250408,-66.6723
20250408,-67.6723
20250408,-68.6723
20250408,-65.1419
20250408,-66.1419
20250408,-64.779
20250408,-65.779
20250408,-64.2884
20250408,-63.0131
20250409,-64.0131
20250409,-65.0131
20250409,-66.0131
20250409,-67.0131
20250409,-68.0131
20250409,-69.0131
20250409,-66.9669
20250409,-60.1495
20250409,-54.5679
20250409,-49.1546
20250410,-50.1546
20250410,-45.9846
20250410,-44.7256
20250410,-43.324
20250410,-44.324
20250410,-41.0987
20250410,-42.0987
20250410,-40.9714
20250410,-41.9714
20250410,-42.9714
20250410,-43.9714
20250410,-40.3964
20250411,-39.0225
20250411,-40.0225
20250411,-38.1977
20250411,-36.2389
20250411,-37.2389
20250411,-35.3579
20250411,-34.3145
20250411,-32.6728
20250411,-33.6728
20250411,-31.7365
20250411,-26.2866
20250411,-27.2866
20250411,-28.3489
20250411,-26.2228
20250411,-27.2228
20250411,-25.7036
20250411,-24.6133
20250414,-25.6133
20250415,-22.7742
20250415,-23.7742
20250415,-24.7742
20250415,-25.7742
20250415,-26.7742
20250415,-23.7799
20250415,-21.9704
20250415,-22.9704
20250415,-20.0054
20250415,-21.0054
20250415,-19.6811
20250415,-17.5026
20250416,-18.5026
20250416,-16.8286
20250416,-17.8286
20250416,-16.5465
20250416,-17.5465
20250416,-18.5465
20250416,-19.6755
20250416,-20.6959
20250416,-21.6959
20250417,-22.6959
20250417,-23.6959
20250417,-24.6959
20250417,-25.6959
20250417,-23.0531
20250417,-24.0531
20250417,-25.0688
20250417,-26.0688
20250417,-27.0688
20250417,-28.0688
20250417,-29.0688
20250417,-28.4187
20250421,-29.4187
20250421,-30.4187
20250421,-28.1388
20250421,-29.1388
20250421,-30.1388
20250421,-31.1388
20250421,-32.1388
20250421,-33.1388
20250421,-34.1388
20250422,-35.1388
20250422,-36.1388
20250422,-32.5534
20250422,-33.5534
20250422,-34.5534
20250422,-35.5534
20250422,-36.5534
20250422,-37.5534
20250422,-38.5534
20250422,-39.5534
20250422,-40.5534
20250422,-41.5534
20250422,-37.5611
20250423,-38.5611
20250423,-39.5611
20250423,-40.5611
20250423,-41.5611
20250423,-42.5611
20250423,-41.2993
20250424,-42.2993
20250424,-43.2993
20250424,-44.2993
20250424,-45.2993
20250424,-46.2993
20250424,-47.2993
20250424,-48.2993
20250424,-49.2993
20250424,-50.2993
20250424,-51.2993
20250425,-47.6
20250425,-43.8667
20250425,-41.7442
20250425,-42.7442
20250425,-41.2928
20250425,-42.2928
20250425,-43.2928
20250425,-44.2928
20250425,-42.4568
20250425,-43.4568
20250425,-44.4568
20250425,-44.3616
20250425,-45.3616
20250425,-46.3616
20250425,-47.3616
20250425,-48.3616
20250425,-49.3616
20250425,-46.0723
20250428,-42.5064
20250428,-40.1202
20250428,-36.1202
20250428,-27.5756
20250428,-25.503
20250428,-23.1561
20250428,-21.5044
20250428,-20.3041
20250428,-19.1067
20250428,-20.1067
20250428,-21.1067
20250428,-22.1067
20250428,-23.1067
20250428,-24.1067
20250428,-25.1067
20250428,-26.1067
20250428,-27.1067
20250428,-28.1067
20250429,-29.1067
20250429,-30.1067
20250429,-31.1067
20250429,-32.1067
20250429,-33.1067
20250429,-34.1067
20250429,-30.5182
20250429,-31.5182
20250429,-32.5182
20250429,-33.5182
20250429,-34.5182
20250429,-32.2632
20250429,-33.2632
20250430,-34.2632
20250430,-29.7353
20250430,-26.8507
20250430,-24.6994
20250430,-22.0883
20250430,-19.974
20250430,-18.2975
20250430,-15.8028
20250430,-13.2382
20250430,-9.5834
20250430,-3.3944
20250430,-4.3944
20250430,-5.3944
20250430,-3.9891
20250430,-4.9891
20250430,-5.9891
20250430,-6.9891
20250501,-7.9891
20250501,-5.592
20250501,-6.592
20250501,-7.592
20250501,-8.592
20250501,-9.592
20250501,-10.592
20250501,-11.592
20250501,-12.592
20250501,-13.592
20250501,-14.592
20250502,-15.592
20250502,-16.592
20250502,-17.592
20250502,-18.592
20250502,-19.592
20250502,-20.592
20250502,-21.592
20250505,-22.592
20250505,-18.683
20250505,-19.683
20250505,-20.683
20250505,-18.683
20250505,-19.683
20250505,-20.683
20250505,-21.683
20250505,-22.683
20250505,-23.683
20250505,-24.683
20250506,-25.683
20250506,-26.683
20250506,-27.683
20250506,-26.2485
20250506,-24.195
20250506,-22.3523
20250506,-19.9773
20250506,-18.463
20250506,-16.4949
20250506,-14.6911
20250506,-15.6911
20250506,-14.5126
20250506,-15.5126
20250507,-16.5126
20250507,-17.5126
20250507,-18.5126
20250507,-19.5126
20250507,-15.9777
20250507,-16.9777
20250507,-17.9777
20250508,-18.9777
20250508,-19.9777
20250508,-20.9777
20250508,-21.9777
20250508,-22.9777
20250508,-23.9777
20250508,-24.9777
20250508,-25.9777
20250508,-26.9777
20250508,-27.9777
20250508,-28.9777
20250508,-29.9777
20250508,-30.9777
20250508,-31.9777
20250508,-27.1777
20250508,-28.1777
20250508,-25.811
20250509,-26.811
20250509,-27.811
20250509,-28.811
20250509,-29.811
20250509,-30.811
20250509,-28.4325
20250509,-29.4325
20250509,-30.4325
20250509,-31.6134
20250509,-32.6134
20250509,-33.6134
20250512,-34.6134
20250512,-35.6134
20250512,-31.1943
20250512,-32.1943
20250512,-33.1943
20250512,-34.1943
20250512,-31.6075
20250512,-28.6218
20250512,-29.6218
20250513,-30.6218
20250513,-31.6218
20250513,-32.6218
20250513,-33.6218
20250513,-30.8884
20250513,-27.0181
20250513,-28.0181
20250513,-29.0181
20250513,-30.0181
20250513,-31.0181
20250513,-32.0181
20250513,-33.0181
20250513,-34.0181
20250513,-33.0565
20250513,-32.0131
20250514,-33.0131
20250514,-27.3288
20250514,-28.3288
20250514,-27.5449
20250514,-28.5449
20250514,-29.5449
20250514,-27.1908
20250514,-23.9408
20250515,-22.901
20250515,-21.547
20250515,-20.3079
20250515,-21.3079
20250515,-22.3079
20250515,-23.3079
20250515,-24.3079
20250515,-25.3079
20250515,-26.3079
20250515,-27.3079
20250515,-28.3079
20250515,-27.6648
20250515,-28.6648
20250516,-27.2531
20250516,-28.2531
20250516,-25.974
20250516,-26.974
20250516,-26.1232
20250516,-22.4052
20250516,-23.4052
20250516,-24.4052
20250516,-25.4052
20250516,-24.0099
20250519,-25.0099
20250519,-26.0099
20250519,-23.6414
20250519,-24.6414
20250519,-25.6414
20250519,-26.1356
20250519,-27.1356
20250519,-24.48
20250519,-25.48
20250519,-26.48
20250519,-27.48
20250519,-25.7141
20250519,-26.3649
20250520,-24.6376
20250520,-22.6852
20250520,-23.6852
20250520,-24.6852
20250520,-18.7761
20250520,-19.7761
20250520,-20.7761
20250520,-21.7761
20250520,-22.7761
20250520,-23.7761
20250520,-24.7761
20250520,-19.7155
20250521,-20.7155
20250521,-15.7155
20250521,-16.7155
20250521,-17.7155
20250521,-18.7155
20250521,-19.7155
20250521,-20.7155
20250521,-21.7155
20250521,-22.7155
20250521,-21.3711
20250521,-22.3711
20250521,-23.3711
20250521,-24.424
20250521,-25.424
20250521,-26.424
20250521,-27.424
20250522,-28.424
20250522,-25.549
20250522,-26.549
20250522,-27.549
20250522,-28.549
20250522,-29.549
20250522,-23.549
20250522,-24.549
20250522,-25.549
20250522,-22.6343
20250522,-23.6343
20250522,-22.4437
20250522,-23.4437
20250523,-24.4437
20250523,-25.4437
20250523,-26.4437
20250523,-27.4437
20250523,-28.4437
20250523,-23.8308
20250523,-21.4022
20250523,-22.4022
20250523,-18.8682
20250523,-19.8682
20250523,-17.9894
20250523,-18.9894
20250523,-19.9894
20250523,-20.9894
20250523,-21.9894
20250523,-22.9894
20250523,-23.9894
20250523,-24.9894
20250523,-25.9894
20250523,-26.9894
20250527,-27.9894
20250527,-27.3137
20250527,-28.3137
20250527,-29.3137
20250527,-30.3137
20250527,-31.3137
20250527,-32.4728
20250527,-33.4728
20250527,-34.4728
20250528,-31.4262
20250528,-32.4262
20250528,-29.2762
20250528,-30.2762
20250528,-31.2762
20250528,-32.2762
20250528,-33.2762
20250528,-34.2762
20250528,-34.2762
20250528,-35.2762
20250528,-35.676
20250528,-36.676
20250528,-37.676
20250529,-38.676
20250529,-34.075
20250529,-35.075
20250529,-33.4487
20250529,-34.4487
20250529,-35.4487
20250529,-33.2063
20250529,-34.2063
20250529,-35.2063
20250529,-36.2063
20250529,-37.2063
20250529,-38.2063
20250529,-39.2063
20250530,-40.2063
20250530,-41.2063
20250530,-42.2063
20250530,-43.2063
20250530,-44.2063
20250530,-45.2063
20250530,-43.5004
20250530,-41.4951
20250530,-42.4951
20250530,-43.4951
20250530,-41.6617
20250530,-42.6617
20250530,-43.6617
20250530,-44.6617
20250530,-43.2635
20250530,-41.7733
20250530,-42.7733
20250530,-43.7733
20250530,-44.7733
20250530,-42.7681
20250530,-41.066
20250530,-38.9967
20250602,-39.0125
20250602,-40.0125
20250602,-39.371
20250602,-35.7158
20250602,-33.289
20250602,-32.0563
20250602,-33.0563
20250602,-31.4491
20250602,-32.4491
20250603,-33.4491
20250603,-34.4491
20250603,-35.4491
20250603,-36.4491
20250603,-37.4491
20250603,-38.4491
20250604,-39.4491
20250604,-40.4491
20250604,-37.2953
20250604,-38.2953
20250604,-39.2953
20250604,-40.2953
20250604,-41.2953
20250604,-42.2953
20250604,-43.2953
20250604,-44.2953
20250604,-45.2953
20250604,-42.5294
20250604,-41.5396
20250605,-38.403
20250605,-39.403
20250605,-40.403
20250605,-41.4031
20250605,-42.4031
20250605,-43.4031
20250605,-44.4031
20250605,-43.3718
20250605,-44.3718
20250605,-45.3718
20250605,-43.3564
20250605,-44.3564
20250605,-43.3147
20250606,-40.5436
20250606,-35.8569
20250606,-29.069
20250606,-27.4568
20250606,-28.4568
20250606,-29.4568
20250606,-30.4568
20250606,-29.386
20250606,-30.386
20250606,-31.386
20250606,-32.386
20250609,-33.386
20250609,-34.386
20250609,-30.5619
20250609,-31.5619
20250609,-32.5619
20250609,-33.7008
20250609,-32.527
20250609,-30.902
20250609,-27.3464
20250609,-24.4586
20250609,-25.4586
20250609,-26.4757
20250609,-23.8685
20250609,-17.5722
20250610,-18.5722
20250610,-16.5902
20250610,-17.5902
20250610,-13.4487
20250610,-14.4487
20250610,-11.5839
20250610,-9.0741
20250610,-10.0741
20250610,-11.0741
20250610,-12.0741
20250611,-13.0741
20250611,-14.0846
20250611,-12.7858
20250611,-13.7858
20250611,-14.7858
20250611,-15.7858
20250611,-16.7858
20250611,-17.7858
20250611,-18.7858
20250611,-19.7858
20250611,-20.7858
20250611,-21.7858
20250611,-22.7858
20250611,-23.7858
20250611,-24.7858
20250611,-22.4351
20250612,-23.4351
20250612,-21.5445
20250612,-16.2945
20250612,-14.6232
20250612,-15.6232
20250613,-16.6232
20250613,-17.6232
20250613,-15.1232
20250613,-11.3039
20250613,-12.3039
20250613,-10.0464
20250613,-11.0464
20250613,-12.0464
20250613,-13.0464
20250616,-14.0464
20250616,-15.0464
20250616,-12.7562
20250616,-10.4244
20250616,-10.8804
20250616,-11.8804
20250616,-12.8804
20250616,-11.2022
20250616,-9.4218
20250617,-10.4218
20250617,-7.6625
20250617,-8.6625
20250617,-4.8074
20250617,-5.8074
20250617,-4.736
20250617,-5.736
20250617,-6.736
20250617,-7.736
20250617,-5.5693
20250617,-3.5395
20250617,-2.4183
20250618,-0.2952
20250618,-1.2952
20250618,-2.2952
20250618,-3.2952
20250618,-4.2952
20250618,-5.2952
20250618,-6.8301
20250618,-7.8301
20250620,-6.0239
20250620,-2.7814
20250620,-3.7814
20250620,-4.7814
20250620,-5.7814
20250623,-6.7814
20250623,-7.7814
20250623,-8.7814
20250623,-9.7814
20250623,-10.7814
20250624,-11.7814
20250624,-12.7814
20250624,-13.7814
20250624,-12.4234
20250624,-13.4234
20250624,-9.2603
20250624,-10.2603
20250624,-8.1175
20250624,-9.1175
20250625,-10.1175
20250625,-11.1175
20250625,-12.1175
20250625,-13.1175
20250625,-14.1175
20250625,-10.6559
20250625,-11.6559
20250625,-12.6559
20250626,-8.8142
20250626,-9.8142
20250626,-8.0077
20250626,-6.7005
20250626,-5.739
20250626,-6.739
20250626,-7.739
20250626,-8.739
20250626,4.0032
20250626,3.0032
20250626,1.8366
20250627,0.8366
20250627,-0.1634
20250627,1.95
20250627,5.5382
20250627,4.5382
20250627,7.2499
20250627,6.2499
20250627,5.2499
20250627,7.1378
20250627,6.1378
20250627,5.1378
20250630,6.8729
20250630,5.8729
20250630,4.8729
20250630,5.907
20250630,4.907
20250630,8.2591
20250630,7.2591
20250630,6.2591
20250630,5.2591
20250701,4.2591
20250701,6.7358
20250701,11.1802
20250701,14.7993
20250701,19.1168
20250701,18.1168
20250701,17.1168
20250701,26.4606
20250701,25.4606
20250702,24.4606
20250702,26.2653
20250702,25.2653
20250702,30.7097
20250702,35.1299
20250702,34.1299
20250702,36.0258
20250702,40.2735
20250702,39.2735
20250702,50.7351
20250702,49.7351
20250702,48.7351
20250702,47.7351
20250702,46.7351
20250703,45.7351
20250703,44.7351
20250703,43.7351
20250703,42.7351
20250703,43.8041
20250703,42.8041
20250703,42.773
20250703,41.773
20250703,40.773
20250703,40.9124
20250703,39.9124
20250707,43.8209
20250707,42.8209
20250707,44.4217
20250707,48.3628
20250707,50.5295
20250707,49.5295
20250707,48.5295
20250707,47.5295
20250707,49.6139
20250708,48.6139
20250708,47.6139
20250708,49.0655
20250708,48.0655
20250708,47.0655
20250708,46.0655
20250708,45.0655
20250708,44.0655
20250708,42.8616
20250709,46.0804
20250709,52.6486
20250709,55.1486
20250709,54.1486
20250709,56.0057
20250709,57.9148
20250709,56.9148
20250709,58.1724
20250709,59.2932
20250709,58.2932
20250709,57.2932
20250709,58.5784
20250709,57.5784
20250710,56.5784
20250710,55.5784
20250710,54.5784
20250710,53.5784
20250710,52.5784
20250711,55.7742
20250711,59.3882
20250711,61.2719
20250711,60.2719
20250711,59.2719
20250711,58.2719
20250711,57.2719
20250711,60.1807
20250711,59.1807
20250711,58.1807
20250711,57.1807
20250711,59.6446
20250711,58.6446
20250711,59.7557
20250714,63.9397
20250714,70.7083
20250714,73.5531
20250714,72.5531
20250714,71.5531
20250714,70.5531
20250714,69.5531
20250714,68.5237
20250714,67.5237
20250714,66.5237
20250714,65.5237
20250714,64.5237
20250714,64.9864
20250715,63.9864
20250715,62.9519
20250715,61.9519
20250715,60.9519
20250715,59.9519
20250715,63.6435
20250715,62.6435
20250715,61.6435
20250716,60.6435
20250716,59.6435
20250716,58.6435
20250716,57.6435
20250716,56.6435
20250716,55.6435
20250716,54.6435
20250716,53.6435
20250716,52.6435
20250716,51.6435
20250717,50.6435
20250717,52.3587
20250717,55.3395
20250717,54.3395
20250717,56.7145
20250718,59.8614
20250718,58.8614
20250718,57.8614
20250718,56.8614
20250718,58.5684
20250718,60.3865
20250718,60.9184
20250718,61.9616
20250721,64.188
20250721,63.188
20250721,62.188
20250721,61.188
20250721,60.188
20250721,59.188
20250721,60.8977
20250721,59.8977
20250721,58.8603
20250721,57.8603
20250721,58.1653
20250721,57.1653
20250721,56.1653
20250721,55.1653
20250721,54.1653
20250721,53.1653
20250721,52.1653
20250722,53.7903
20250722,55.3786
20250722,56.2247
20250722,55.2247
20250722,54.2247
20250722,54.4149
20250722,53.4149
20250722,54.4398
20250722,53.4398
20250722,52.4398
20250722,52.2491
20250723,51.2491
20250723,50.2491
20250723,49.2491
20250723,48.2491
20250723,47.2491
20250723,48.8506
20250723,47.8506
20250723,46.8506
20250723,45.8506
20250723,44.8506
20250723,43.8506
20250723,42.8506
20250724,41.8506
20250724,40.8506
20250724,39.8506
20250724,38.8506
20250724,37.8506
20250724,41.3298
20250724,43.2692
20250724,42.2692
20250724,41.2166
20250725,40.2166
20250725,39.2166
20250725,38.2166
20250725,37.2166
20250725,36.2166
20250725,35.2166
20250725,34.2166
20250725,34.2438
20250725,36.3743
20250725,35.3743
20250728,34.3743
20250728,35.4983
20250728,34.4983
20250728,36.5745
20250728,35.5745
20250728,39.765
20250728,38.765
20250728,41.9555
20250728,40.9555
20250728,39.9555
20250728,38.9555
20250729,37.9555
20250729,36.9555
20250729,35.9555
20250729,34.9555
20250729,37.7364
20250729,36.7364
20250729,35.7364
20250729,39.8834
20250729,38.8834
20250729,41.2168
20250729,40.2168
20250729,39.2168
20250729,38.2168
20250729,37.2168
20250729,39.1347
20250729,38.1347
20250730,37.1347
20250730,38.5193
20250730,37.5193
20250730,36.5193
20250730,35.5193
20250730,37.1617
20250730,36.1617
20250731,35.1617
20250731,34.1617
20250731,33.1617
20250731,35.8817
20250731,34.8817
20250731,33.8817
20250731,35.0543
20250731,34.0543
20250731,33.0543
20250731,33.4702
20250731,34.3694
20250731,33.1929
20250801,32.1929
20250801,31.1929
20250801,38.7364
20250801,37.7364
20250801,36.7364
20250801,38.2702
20250801,37.2702
20250801,36.2702
20250801,35.2702
20250801,34.2702
20250801,36.7702
20250801,35.7702
20250801,36.1207
20250801,35.1207
20250801,34.1207
20250804,33.1207
20250804,32.1207
20250804,31.1207
20250804,30.1207
20250804,32.0731
20250804,31.0731
20250804,30.0731
20250804,29.0731
20250804,31.3596
20250804,30.3596
20250804,29.3596
20250804,28.3596
20250805,27.3596
20250805,29.9557
20250805,28.9557
20250805,27.9557
20250805,26.9557
20250805,25.9557
20250805,24.9557
20250805,28.2895
20250805,30.2474
20250805,29.2474
20250805,28.2474
20250805,27.2474
20250805,26.2474
20250805,29.0269
20250806,28.0269
20250806,27.0269
20250806,26.0269
20250806,25.0269
20250806,24.0269
20250806,26.3532
20250806,25.3532
20250806,24.3532
20250806,23.3532
20250806,22.3532
20250806,21.3532
20250806,20.3532
20250806,19.3532
20250806,22.1247
20250806,24.8939
20250807,23.8939
20250807,25.6033
20250807,24.6033
20250807,23.6033
20250807,22.6033
20250807,21.6033
20250807,20.6033
20250807,21.7021
20250807,26.0392
20250807,25.0392
20250807,24.0392
20250807,25.5083
20250807,24.5083
20250808,23.5083
20250808,22.5083
20250808,21.5083
20250808,20.5083
20250808,19.5083
20250808,18.5083
20250808,19.8512
20250808,18.8512
20250808,17.8512
20250811,16.8512
20250811,15.8512
20250811,14.8512
20250811,13.8512
20250811,12.8512
20250811,11.8512
20250811,10.8512
20250811,9.8512
20250811,8.8512
20250812,7.8512
20250812,10.2362
20250812,11.461
20250812,10.461
20250812,9.461
20250812,8.461
20250812,7.461
20250812,9.6973
20250812,11.8307
20250812,13.2926
20250812,12.2926
20250813,14.9342
20250813,13.9342
20250813,12.9342
20250813,15.3879
20250813,14.3879
20250813,16.9117
20250813,15.9117
20250813,14.9117
20250813,13.5073
20250813,12.5073
20250813,11.5073
20250813,10.5073
20250814,9.5073
20250814,9.146
20250814,8.146
20250814,9.2684
20250814,12.9607
20250814,11.9607
20250814,10.9607
20250814,9.9607
20250814,8.9607
20250815,11.3485
20250815,10.3485
20250815,9.3485
20250815,11.2285
20250815,10.2285
20250815,9.2285
20250815,10.9705
20250815,9.9705
20250815,10.2143
20250815,13.2788
20250815,12.2788
20250818,14.7636
20250818,13.7636
20250818,12.7636
20250818,11.7636
20250818,10.7636
20250818,9.7636
20250818,8.7636
20250818,7.7636
20250818,6.7636
20250818,5.744
20250818,5.8857
20250818,5.8022
20250818,4.8022
20250819,3.8022
20250819,2.8022
20250819,1.8022
20250819,0.8022
20250819,-0.1978
20250819,-1.1978
20250819,1.4787
20250819,3.8842
20250819,5.06
20250819,6.4499
20250819,7.5548
20250819,10.4826
20250820,9.4826
20250820,15.6199
20250820,18.1111
20250820,17.1111
20250820,18.2747
20250820,17.2747
20250820,16.2747
20250820,18.3122
20250821,21.0979
20250821,22.183
20250821,21.183
20250821,20.183
20250821,19.183
20250821,18.183
20250821,21.3544
20250821,20.3544
20250821,23.5851
20250821,25.3567
20250821,26.8282
20250821,25.8282
20250821,24.8282
20250821,26.2163
20250821,26.1532
20250821,25.1532
20250821,24.1532
20250821,23.1532
20250821,22.1532
20250822,21.1532
20250822,20.1532
20250822,19.1532
20250822,18.1532
20250822,17.1532
20250822,16.1532
20250822,15.1532
20250822,14.1532
20250822,13.1532
20250822,12.1532
20250822,11.1532
20250822,10.1532
20250822,12.5532
20250822,7.5015
20250822,6.5015
20250822,5.5015
20250825,5.9416
20250825,8.5744
20250825,7.5744
20250825,10.7567
20250825,11.9754
20250825,15.9754
20250825,14.9754
20250825,13.9754
20250825,14.3088
20250826,13.3088
20250826,12.3088
20250826,11.3088
20250826,10.3088
20250826,12.5461
20250826,13.8653
20250826,12.8653
20250826,11.8653
20250826,12.0528
20250826,11.0528
20250826,10.0528
20250826,12.0405
20250826,11.0405
20250826,10.0405
20250826,9.0405
20250826,8.0405
20250827,12.1262
20250827,11.1262
20250827,13.2929
20250827,12.2929
20250827,11.2929
20250827,10.2929
20250827,9.2929
20250827,8.2929
20250827,7.2929
20250827,6.2929
20250827,5.2929
20250827,4.2929
20250827,5.9924
20250827,7.5162
20250827,6.5162
20250827,5.5162
20250827,4.5162
20250827,4.4686
20250827,3.4686
20250827,2.4686
20250828,1.4686
20250828,0.4686
20250828,-0.5314
20250828,-1.5314
20250828,-2.5314
20250828,-3.5314
20250828,-2.3765
20250828,-3.6197
20250828,-4.6197
20250828,-5.6197
20250828,-5.3234
20250828,-6.3234
20250828,-7.3234
20250829,-5.6984
20250829,-3.6075
20250829,-4.6075
20250829,-5.6075
20250829,-6.6075
20250829,-7.6075
20250829,-8.6075
20250829,-9.6075
20250829,-10.6075
20250829,-9.5182
20250829,-10.5182
20250829,-9.1546
20250829,-10.1546
20250829,-11.3604
20250902,-12.3604
20250902,-7.8604
20250902,-4.815
20250902,-5.815
20250902,-0.2564
20250902,-1.2564
20250902,-2.2564
20250902,-3.2564
20250902,-4.2564
20250902,-5.2564
20250902,-5.5763
20250903,-6.5763
20250903,-4.3736
20250903,-3.0621
20250903,-4.0621
20250903,-5.0621
20250903,-6.0621
20250903,-7.0621
20250903,-8.0621
20250903,-7.3238
20250903,-8.3238
20250903,-5.1767
20250904,-6.1767
20250904,-7.1767
20250904,-8.1767
20250904,-6.2559
20250904,-7.2559
20250904,-8.2559
20250904,-9.2559
20250904,-10.2559
20250904,-11.2559
20250904,-12.2559
20250904,-9.0765
20250904,-7.0863
20250905,-3.2815
20250905,-4.2815
20250905,-5.2815
20250905,-6.2815
20250905,-7.2815
20250905,-8.2815
20250905,-9.2815
20250905,-10.2815
20250905,-11.2815
20250905,-9.2526
20250905,-10.2526
20250905,-11.2526
20250905,-12.2526
20250905,-10.6549
20250905,-12.1549
20250908,-9.5667
20250908,-10.5667
20250908,-11.5667
20250908,-12.5667
20250908,-13.5667
20250908,-14.5667
20250908,-13.0872
20250908,-14.0872
20250908,-15.0872
20250908,-11.828
20250908,-12.828
20250908,-13.828
20250908,-14.828
20250909,-13.128
20250909,-14.128
20250909,-15.128
20250909,-16.128
20250909,-17.128
20250909,-18.128
20250909,-19.128
20250909,-20.128
20250909,-21.128
20250909,-22.128
20250909,-23.128
20250909,-20.5565
20250909,-21.5565
20250909,-22.5565
20250910,-19.3258
20250910,-16.7829
20250910,-17.7829
20250910,-18.7829
20250910,-19.7829
20250910,-20.7829
20250910,-21.7829
20250910,-22.7829
20250910,-23.7829
20250910,-24.7829
20250910,-25.0417
20250910,-26.1194
20250910,-27.1194
20250910,-28.1194
20250911,-29.1194
20250911,-30.1194
20250911,-31.1194
20250911,-32.1194
20250911,-33.1194
20250911,-31.0733
20250911,-32.0733
20250911,-33.0733
20250911,-34.0733
20250912,-35.0733
20250912,-36.0733
20250912,-37.0733
20250912,-38.0733
20250912,-39.0733
20250912,-40.1693
20250912,-41.1693
20250912,-42.1693
20250912,-43.1693
20250912,-41.5252
20250915,-40.1386
20250915,-38.181
20250915,-39.181
20250915,-40.181
20250915,-36.6132
20250915,-35.4227
20250915,-35.8036
20250915,-36.8036
20250915,-32.7036
20250915,-33.7036
20250915,-34.3575
20250916,-35.3575
20250916,-36.3575
20250916,-37.3575
20250916,-38.3575
20250916,-39.3575
20250916,-40.3575
20250916,-41.3575
20250916,-42.3575
20250916,-43.3575
20250917,-44.3575
20250917,-45.3575
20250917,-46.3575
20250917,-47.3575
20250917,-48.3575
20250917,-49.3575
20250917,-50.3575
20250917,-51.3575
20250917,-52.3575
20250917,-45.4505
20250917,-46.4505
20250917,-47.4505
20250917,-48.4505
20250917,-49.4505
20250918,-50.4505
20250918,-48.3725
20250918,-46.3321
20250918,-47.3321
20250918,-48.3321
20250918,-49.3321
20250919,-50.3321
20250919,-51.3321
20250919,-49.0464
20250919,-50.0464
20250919,-49.0303
20250919,-50.0303
20250919,-51.0303
20250919,-52.0303
20250919,-53.0303
20250922,-54.0303
20250922,-55.053
20250922,-56.053
20250922,-57.053
20250922,-58.053
20250922,-59.053
20250922,-60.053
20250922,-61.053
20250922,-62.053
20250922,-62.0476
20250923,-63.0476
20250923,-64.0476
20250923,-65.0476
20250923,-66.0476
20250923,-67.0476
20250923,-68.0476
20250923,-69.0476
20250923,-66.7749
20250923,-65.1545
20250923,-64.0377
20250923,-61.7747
20250923,-57.0108
20250923,-51.2475
20250924,-48.0995
20250924,-49.0995
20250924,-50.0995
20250924,-51.0995
20250924,-52.0995
20250924,-53.0995
20250924,-54.0995
20250924,-50.936
20250924,-51.936
20250925,-49.7441
20250925,-46.5212
20250925,-45.2462
20250925,-46.2462
20250925,-47.2462
20250925,-48.2462
20250925,-49.2462
20250925,-50.2462
20250925,-51.2462
20250925,-52.2462
20250925,-53.2462
20250925,-54.2462
20250925,-39.0644
20250926,-40.0644
20250926,-41.0644
20250926,-36.6148
20250926,-33.6648
20250926,-34.0742
20250926,-33.3742
20250926,-34.3742
20250926,-33.0106
20250926,-34.0106
20250926,-35.0106
20250926,-33.4132
20250926,-34.4132
20250926,-35.4132
20250929,-36.4132
20250929,-37.4132
20250930,-38.4132
20250930,-39.4132
20250930,-36.3511
20250930,-34.1227
20250930,-35.1227
20250930,-36.1227
20250930,-37.1227
20250930,-35.8227
20251001,-36.8227
20251001,-37.8227
20251001,-38.8227
20251001,-39.8227
20251001,-36.662
20251001,-33.5874
20251001,-31.8713
20251001,-31.1065
20251001,-32.1065
20251001,-33.1065
20251001,-34.1065
20251001,-32.2878
20251001,-33.2878
20251001,-29.6378
20251002,-30.6378
20251002,-27.0883
20251002,-25.1744
20251002,-26.1744
20251002,-27.1744
20251002,-28.1744
20251003,-27.2369
20251003,-28.2369
20251003,-29.2369
20251003,-30.2369
20251003,-31.2369
20251003,-32.2369
20251003,-33.2369
20251003,-34.2369
20251003,-35.2369
20251003,-36.2369
20251003,-37.2369
20251003,-38.2369
20251003,-39.2369
20251003,-40.2369
20251003,-38.2111
20251006,-39.2111
20251006,-40.2111
20251006,-41.2111
20251006,-39.4334
20251006,-40.4334
20251007,-38.0488
20251007,-39.0488
20251007,-40.0488
20251007,-41.0488
20251007,-38.1522
20251007,-36.514
20251007,-37.514
20251007,-38.514
20251007,-39.514
20251007,-36.686
20251007,-37.686
20251007,-38.686
20251008,-39.686
20251008,-40.686
20251008,-41.0068
20251008,-42.0068
20251008,-43.0068
20251008,-44.0068
20251008,-45.0068
20251008,-46.0068
20251009,-47.0068
20251009,-48.0068
20251009,-46.1497
20251009,-43.8235
20251009,-39.1927
20251009,-40.1927
20251009,-41.1927
20251010,-42.1927
20251010,-38.7927
20251010,-31.5876
20251010,-32.6276
20251010,-29.0756
20251010,-23.5428
20251010,-22.4728
20251010,-20.7036
20251010,-21.7036
20251010,-22.7036
20251010,-23.7036
20251010,-24.7036
20251010,-25.7036
20251010,-26.7036
20251010,-27.7036
20251010,-28.7036
20251010,-23.9893
20251013,-24.9893
20251013,-25.9893
20251013,-23.6162
20251013,-24.6162
20251013,-22.4496
20251013,-23.4496
20251013,-23.9942
20251013,-24.9942
20251013,-25.9942
20251013,-26.9942
20251013,-27.9942
20251013,-27.4942
20251014,-25.1817
20251014,-22.3861
20251014,-19.9584
20251014,-17.9584
20251014,-15.0618
20251014,-16.0618
20251014,-13.664
20251014,-14.664
20251014,-15.664
20251014,-16.664
20251015,-17.664
20251015,-16.0008
20251015,-17.0008
20251015,-14.5425
20251015,-13.3616
20251015,-14.3616
20251015,-12.0147
20251015,-13.0147
20251015,-11.6274
20251015,-12.6274
20251015,-13.6274
20251015,-14.6274
20251016,-13.4032
20251016,-14.4032
20251016,-15.4032
20251016,-16.4032
20251016,-17.4032
20251016,-18.4032
20251016,-19.4032
20251016,-20.4032
20251016,-16.4467
20251016,-14.9775
20251016,-15.9775
20251016,-14.8919
20251016,-15.8919
20251016,-16.8919
20251017,-12.9115
20251017,-13.9115
20251017,-14.9115
20251017,-15.9115
20251017,-16.9115
20251017,-17.9115
20251017,-18.9115
20251017,-19.9115
20251017,-20.9115
20251020,-21.9115
20251020,-22.9115
20251020,-23.9115
20251020,-24.9115
20251020,-22.7148
20251020,-23.7148
20251020,-22.976
20251020,-23.976
20251020,-24.976
20251021,-25.976
20251021,-26.976
20251021,-27.976
20251021,-23.076
20251021,-21.8699
20251021,-22.8699
20251021,-23.8699
20251021,-18.8358
20251021,-19.8358
20251021,-20.8358
20251021,-21.107
20251021,-22.107
20251021,-23.107
20251021,-24.107
20251021,-25.107
20251022,-26.107
20251022,-23.511
20251022,-21.7846
20251022,-18.4036
20251022,-19.4036
20251022,-20.4036
20251022,-21.4036
20251022,-20.2904
20251022,-16.7332
20251022,-14.4207
20251022,-15.5617
20251022,-16.5617
20251022,-15.468
20251022,-11.8457
20251022,-12.8457
20251022,-13.8457
20251022,-14.8457
20251022,-15.8457
20251022,-16.8457
20251022,-14.6887
20251023,-15.6887
20251023,-16.6887
20251023,-17.6887
20251023,-18.6887
20251023,-19.6887
20251023,-20.6887
20251023,-21.6887
20251023,-20.5683
20251023,-19.9137
20251023,-15.2022
20251023,-16.2022
20251023,-17.2022
20251023,-13.2337
20251023,-10.8107
20251023,-7.4692
20251023,-8.4692
20251023,-8.2483
20251024,-9.2483
20251024,-10.2483
20251024,-11.2483
20251024,-6.2959
20251024,-5.7194
20251024,-6.7194
20251024,-7.7194
20251024,-8.7194
20251024,-9.7194
20251027,-10.7194
20251027,-8.6653
20251027,-4.2367
20251027,0.8278
20251027,-0.1722
20251027,2.2664
20251028,1.2664
20251028,0.2664
20251028,-0.7336
20251028,2.0164
20251028,4.2962
20251028,3.2962
20251028,2.2962
20251028,1.2962
20251028,0.2962
20251028,-0.7038
20251028,2.0105
20251028,3.3961
20251029,2.3961
20251029,1.3961
20251029,0.3961
20251029,-0.6039
20251029,-1.6039
20251029,-0.5917
20251029,0.6083
20251029,-0.3917
20251029,-1.3917
20251029,-2.3917
20251029,-3.3917
20251029,-4.3917
20251030,-1.9063
20251030,-2.9063
20251030,-0.8166
20251030,-1.8166
20251030,-2.8166
20251030,-3.8166
20251030,-2.2541
20251030,2.529
20251030,1.529
20251030,2.5513
20251030,5.7708
20251030,7.187
20251030,12.4683
20251031,11.4683
20251031,10.4683
20251031,9.4683
20251031,8.4683
20251031,7.4683
20251031,6.4683
20251031,5.4683
20251031,4.4683
20251031,3.4683
20251031,2.4683
20251031,1.9796
20251031,0.9796
20251031,-0.0204
20251031,-1.1545
20251031,-2.1565
20251031,-3.257
20251031,-4.257
20251103,-5.257
20251103,-3.2796
20251103,-4.2796
20251103,-0.7295
20251103,-1.7295
20251103,-2.7295
20251103,-3.7295
20251103,-4.7295
20251103,-5.7295
20251103,-3.59
20251103,-4.59
20251103,-5.59
20251103,-6.59
20251103,-7.59
20251103,-6.6558
20251104,-7.6558
20251104,-5.6137
20251104,-6.6137
20251104,-4.929
20251104,-3.423
20251105,3.9641
20251105,5.8947
20251105,4.8947
20251105,3.88
20251105,2.88
20251105,1.88
20251105,0.88
20251105,-0.12
20251105,-1.12
20251105,-2.12
20251105,-3.12
20251106,-4.12
20251106,-5.12
20251106,-6.12
20251106,-4.5463
20251106,-1.119
20251106,-2.119
20251106,-3.119
20251106,0.804
20251106,-0.196
20251106,-1.196
20251106,-2.196
20251107,-3.196
20251107,-4.196
20251107,-2.3311
20251107,-2.0105
20251107,-3.0105
20251107,-4.0105
20251107,-5.0105
20251107,-6.0105
20251110,-7.0105
20251110,-5.152
20251110,-6.152
20251110,-7.152
20251110,-8.152
20251110,-9.152
20251110,-10.152
20251110,-8.3236
20251110,-4.9188
20251110,-5.9188
20251110,1.2479
20251111,0.2479
20251111,-0.7521
20251111,0.5423
20251111,-0.4577
20251111,-1.4577
20251111,-2.4577
20251111,-3.4577
20251111,-1.1457
20251111,1.3928
20251112,0.3928
20251112,-0.6072
20251112,-1.6072
20251112,-2.6072
20251112,-3.6072
20251112,-4.6072
20251112,-5.6072
20251112,-6.6072
20251112,-7.6072
20251113,-8.6072
20251113,-9.6072
20251113,-10.6072
20251113,-8.979
20251113,-7.3504
20251113,-8.3504
20251113,-9.3504
20251113,-10.3504
20251113,-6.2254
20251113,-7.2254
20251113,-8.2254
20251114,-9.2254
20251114,-10.2254
20251114,-11.2254
20251114,-12.2254
20251114,-13.2254
20251114,-14.2254
20251117,-15.2254
20251117,-11.5418
20251117,-7.9055
20251117,-8.9055
20251117,-5.8835
20251117,-6.8835
20251117,-3.7542
20251117,-0.5881
20251117,1.1262
20251117,4.1775
20251118,3.1775
20251118,4.6369
20251118,3.6369
20251118,8.9599
20251118,7.9599
20251118,9.997
20251118,8.997
20251118,8.997
20251119,7.997
20251119,6.997
20251119,8.3559
20251119,9.534
20251119,12.5492
20251119,11.5492
20251119,12.2371
20251119,11.2371
20251119,10.2371
20251119,9.2371
20251120,8.2371
20251120,7.2371
20251120,10.6121
20251120,9.6121
20251120,13.9175
20251120,12.9175
20251120,11.9175
20251120,10.9175
20251121,9.9175
20251121,8.9175
20251121,9.9671
20251121,8.9671
20251121,10.2764
20251121,11.598
20251121,10.598
20251121,9.598
20251121,8.598
20251121,7.598
20251121,6.598
20251121,5.598
20251124,6.752
20251124,5.752
20251124,4.752
20251124,3.752
20251124,2.752
20251124,6.2938
20251124,11.3271
20251124,15.2806
20251124,16.6664
20251124,19.1479
20251124,20.6748
20251124,21.7618
20251124,20.7618
20251124,19.7618
20251124,18.7618
20251125,20.9256
20251125,19.9256
20251125,21.8899
20251125,22.9225
20251125,21.9225
20251125,23.1141
20251125,22.1141
20251125,23.3688
20251125,26.1894
20251125,25.1894
20251125,24.1894
20251125,23.1894
20251125,22.1894
20251126,21.1894
20251126,20.1894
20251126,22.4904
20251126,21.4904
20251126,22.5266
20251126,27.3185
20251126,26.3185
20251126,25.3185
20251126,24.3185
20251126,25.5014
20251126,24.5014
20251128,23.5014
20251128,22.5014
20251128,21.5014
20251128,20.5014
20251128,19.5014
20251128,18.8192
20251128,17.8192
20251201,16.8192
20251201,15.8192
20251201,14.8192
20251201,16.1158
20251201,19.9596
20251201,20.3383
20251201,19.3383
20251201,18.3383
20251201,17.3383
20251201,20.8289
20251201,22.9122
20251201,21.9122
20251202,26.8574
20251202,28.0995
20251202,27.0995
20251202,26.0995
20251202,29.8779
20251202,30.8651
20251202,29.8651
20251202,28.8651
20251202,27.8651
20251202,26.8651
20251202,25.8651
20251202,24.8651
20251202,23.8651
20251203,26.1937
20251203,28.8704
20251203,28.0825
20251203,27.0825
20251203,26.0825
20251203,25.0825
20251203,24.0825
20251203,23.0825
20251203,22.0825
20251204,24.5957
20251204,23.5957
20251204,22.5957
20251204,24.6655
20251204,23.6655
20251204,27.0773
20251204,28.9377
20251204,30.0652
20251204,32.6397
20251204,31.6397
20251204,30.6397
20251205,34.3958
20251205,33.3958
20251205,32.3958
20251205,34.9872
20251205,37.8458
20251205,43.0958
20251205,42.0958
20251205,41.0958
20251208,43.6941
20251208,45.8446
20251208,44.8446
20251208,43.8446
20251208,42.8446
20251208,41.8446
20251208,40.8446
20251208,39.8446
20251208,38.8446
20251209,37.8446
20251209,40.0946
20251209,42.8466
20251209,41.8466
20251209,40.8466
20251209,39.8466
20251209,38.8466
20251209,39.9563
20251209,38.9563
20251209,37.9563
20251210,36.9563
20251210,37.9571
20251210,37.318
20251210,36.318
20251210,35.318
20251210,36.457
20251210,40.257
20251210,39.257
20251210,38.257
20251211,37.257
20251211,36.257
20251211,35.257
20251211,37.8237
20251211,36.8237
20251211,35.8237
20251211,34.8237
20251211,33.8237
20251211,37.7737
20251211,40.6487
20251211,39.5855
20251211,38.5855
20251211,37.5855
20251211,40.1471
20251212,39.1471
20251212,38.1471
20251212,39.2252
20251212,38.2252
20251212,37.2252
20251212,39.9921
20251212,38.9921
20251212,37.9921
20251212,36.9921
20251212,35.9921
20251212,34.9921
20251215,33.9921
20251215,32.9921
20251215,31.9921
20251215,30.9921
20251215,31.8607
20251215,30.8607
20251215,29.8607
20251215,28.8607
20251216,30.8714
20251216,32.4105
20251216,31.4105
20251216,32.6972
20251216,33.9997
20251216,35.5988
20251216,36.8917
20251216,35.8917
20251216,34.8917
20251216,33.8917
20251216,35.6821
20251216,34.6821
20251216,33.6821
20251217,32.6821
20251217,31.6821
20251217,30.6821
20251217,29.6821
20251217,28.6821
20251217,27.6821
20251217,26.6821
20251217,25.6662
20251217,24.6662
20251217,23.4175
20251217,22.4175
20251218,21.4175
20251218,25.0222
20251218,24.0222
20251218,25.4815
20251218,27.5547
20251218,26.5547
20251218,29.6823
20251218,28.6823
20251219,27.6823
20251219,26.6823
20251219,28.738
20251219,32.4749
20251219,31.4749
20251219,30.4749
20251219,29.4749
20251219,28.4749
20251219,27.4749
20251219,30.0166
20251222,29.0166
20251222,28.0166
20251222,30.3916
20251222,29.3916
20251222,28.3916
20251222,27.3916
20251222,29.1444
20251222,30.1352
20251223,29.1352
20251223,28.1352
20251223,27.1352
20251223,26.1352
20251223,25.1352
20251223,24.1352
20251223,23.1352
20251223,25.1732
20251223,26.7218
20251223,27.445
20251224,26.445
20251224,25.445
20251224,24.445
20251224,23.445
20251224,22.445
20251224,21.445
20251224,20.445
20251224,21.345
20251224,22.7655
20251226,24.794
20251226,23.794
20251226,22.794
20251226,21.794
20251226,20.794
20251226,19.794
20251226,18.794
20251226,17.794
20251226,16.794
20251226,15.794
20251226,20.6559
20251226,23.2559
20251226,22.2559
20251226,23.0667
20251226,25.194
20251226,25.0115
20251229,24.0115
20251229,23.0115
20251229,25.5115
20251229,24.5115
20251229,25.1548
20251229,24.1548
20251229,23.1548
20251229,22.1548
20251229,21.1548
20251230,20.1548
20251230,19.1548
20251230,21.4881
20251230,20.4881
20251230,19.4881
20251230,18.4881
20251230,17.4881
20251230,19.4032
20251230,18.4032
20251230,17.4032
20251230,16.4032
20251230,15.4032
20251231,14.4032
20251231,13.4032
20251231,12.4032
20251231,11.4032
20251231,10.4032
20251231,9.4032
20251231,12.8895
20251231,11.8895
20251231,10.8895
20251231,9.8774
20251231,8.8774
20260102,11.2851
20260102,15.15
20260102,14.15
20260102,20.1375
20260102,22.1364
20260102,26.1564
20260102,27.987
20260102,26.987
20260102,31.475
20260102,33.2751
20260102,32.2751
20260102,31.2751
20260102,32.1144
20260102,31.1144
20260102,32.6423
20260102,31.6423
20260102,30.6423
20260105,29.6423
20260105,28.6423
20260105,27.6423
20260105,26.6423
20260105,25.6423
20260105,24.6423
20260105,23.6423
20260105,22.6423
20260105,21.6423
20260105,20.6423
20260106,19.6423
20260106,18.6423
20260106,20.2614
20260106,19.2614
20260106,18.2614
20260106,17.2614
20260106,18.873
20260106,20.1399
20260106,21.4103
20260106,20.4103
20260107,19.4103
20260107,21.4103
20260107,20.4103
20260107,19.853
20260107,26.092
20260107,25.092
20260108,24.092
20260108,23.092
20260108,22.092
20260108,21.092
20260108,20.092
20260108,24.5374
20260108,23.5374
20260108,22.5374
20260108,25.7226
20260109,24.7226
20260109,23.7226
20260109,22.7226
20260109,21.7226
20260109,20.7226
20260109,19.7226
20260109,18.7226
20260109,17.7226
20260109,18.1317
20260109,20.3875
20260109,21.6924
20260109,23.0485
20260109,25.2885
20260109,24.2885
20260109,23.2885
20260109,23.1188
20260112,25.7325
20260112,24.7325
20260112,26.3511
20260112,27.2825
20260112,26.2825
20260112,25.2825
20260112,24.2825
20260112,23.2825
20260113,22.2825
20260113,21.2825
20260113,25.7574
20260113,24.7574
20260113,23.7574
20260113,22.7574
20260113,21.7574
20260113,26.7272
20260113,25.7272
20260113,28.1772
20260113,27.1772
20260114,26.1772
20260114,25.1772
20260114,26.8711
20260114,25.8711
20260114,24.8711
20260114,23.8711
20260114,22.8711
20260114,21.8711
20260114,20.8711
20260114,19.8711
20260114,18.8711
20260114,17.8711
20260114,16.8711
20260114,15.8711
20260115,16.9684
20260115,15.9684
20260115,17.627
20260115,16.627
20260115,18.1825
20260115,19.4704
20260115,18.4704
20260115,17.4704
20260115,16.4704
20260115,15.4704
20260115,14.4704
20260115,13.4704
20260115,12.4704
20260115,11.4704
20260115,10.4704
20260115,9.4703
20260116,8.4703
20260116,7.4703
20260116,6.4703
20260116,5.4703
20260116,4.4247
20260116,3.4247
20260116,2.4247
20260116,1.4247
20260116,4.0826
20260116,3.0826
20260120,2.0826
20260120,1.0826
20260120,0.0826
20260120,-0.9174
20260120,3.179
20260120,2.179
20260120,1.179
20260121,0.179
20260121,-0.821
20260121,-1.821
20260122,0.9313
20260122,-0.0687
20260122,-1.0687
20260122,2.4932
20260122,4.1086
20260122,3.1086
20260122,2.1086
20260122,7.5086
20260122,6.5086
20260123,8.941
20260123,7.941
20260123,10.5086
20260123,9.3975
20260123,8.3975
20260123,11.3975
20260123,10.3975
20260123,9.3975
20260126,12.6226
20260126,11.6226
20260126,10.6226
20260126,9.6226
20260126,11.1172
20260126,10.1172
20260126,9.1172
20260126,8.1172
20260126,7.1172
20260126,6.1172
20260127,5.1172
20260127,7.7436
20260127,6.7436
20260127,5.7436
20260127,8.6025
20260127,7.6025
20260128,6.6025
20260128,5.6025
20260128,4.6025
20260128,3.6025
20260128,7.4441
20260128,10.905
20260128,9.905
20260128,11.4087
20260128,10.4087
20260128,11.5403
20260128,10.5403
20260128,9.5403
20260128,8.5403
20260128,7.5403
20260128,6.5403
20260129,5.5403
20260129,4.5403
20260129,3.5403
20260129,2.5403
20260129,1.5403
20260129,0.5403
20260130,2.2278
20260130,4.7116
20260130,6.845
20260130,5.845
20260130,4.845
20260130,7.5672
20260130,6.5672
20260130,10.8393
20260130,9.8393
20260130,8.8393
20260130,7.8393
20260202,6.8393
20260202,5.8393
20260202,4.8393
20260202,3.8393
20260202,2.8393
20260202,6.4893
20260202,5.4893
20260202,4.4893
20260202,7.9851
20260202,6.9851
20260202,5.9851
20260202,4.9851
20260203,3.9851
20260203,5.1501
20260203,4.1501
20260203,5.293
20260203,4.293
20260203,3.293
20260203,2.293
20260203,1.293
20260203,0.293
20260203,-0.707
20260204,1.6814
20260204,4.4183
20260204,3.4077
20260204,2.4077
20260204,3.5194
20260204,2.5194
20260204,1.5194
20260204,2.7025
20260205,4.5359
20260205,3.5359
20260205,4.6579
20260205,7.5084
20260205,11.6366
20260205,10.6366
20260205,9.6366
20260205,10.5605
20260205,9.5605
20260205,8.5605
20260205,7.5605
20260205,6.5605
20260206,5.5605
20260206,4.5605
20260206,3.5605
20260206,3.9027
20260209,6.7873
20260209,5.7873
20260209,4.7873
20260209,5.9763
20260209,4.9763
20260209,3.9763
20260209,2.9763
20260210,5.1804
20260210,5.3429
20260210,4.3429
20260210,3.3429
20260210,6.04
20260210,7.2718
20260210,8.4344
20260210,7.4344
20260210,8.3511
20260210,12.6011
20260210,11.6011
20260211,10.6011
20260211,9.6011
20260211,10.9657
20260211,9.9657
20260211,12.5053
20260211,14.2925
20260211,13.2925
20260211,12.2925
20260212,11.2925
20260212,10.2925
20260212,9.2925
20260212,8.2925
20260212,7.2925
20260212,6.2925
20260212,5.2925
20260212,6.5567
20260213,5.5567
20260213,4.5567
20260213,3.5567
20260213,2.5567
20260213,1.5567
20260213,0.5567
20260213,-0.4433
20260213,0.8454
20260213,0.9414
20260213,-0.0586
20260213,-1.0586
20260217,-2.0586
20260217,-3.0586
20260217,-1.9336
20260217,-2.9336
20260217,-3.9336
20260217,1.5935
20260217,0.5935
20260217,-0.4065
20260217,4.6664
20260217,5.9064
20260218,4.9064
20260218,3.9064
20260218,2.9064
20260218,3.7672
20260218,2.7672
20260218,4.9408
20260218,3.9408
20260218,2.9408
20260218,1.9408
20260218,0.9408
20260218,-0.0592
20260218,-1.0592
20260218,-2.0592
20260218,-3.0592
20260219,-0.0394
20260219,4.3669
20260219,6.6486
20260219,9.6773
20260219,13.0265
20260219,18.6515
20260219,17.6515
20260219,16.6515
20260219,15.6515
20260219,18.5195
20260219,17.5195
20260219,16.5195
20260219,15.5195
20260219,14.5195
20260219,13.5195
20260219,12.5195
20260219,11.5195
20260220,10.5195
20260220,9.5195
20260220,8.5195
20260220,7.5195
20260220,6.5195
20260220,5.5195
20260220,4.5195
20260220,6.1781
20260220,5.1781
20260220,4.7886
20260220,3.7886
20260220,2.7886
20260220,1.7886
20260220,0.7886
20260220,-0.2114
20260220,-1.2114
20260220,-0.0498
20260223,-1.0498
20260223,-2.0498
20260223,2.228
20260223,1.228
20260223,0.228
20260223,1.3619
20260223,0.3619
20260224,-0.6381
20260224,-1.3017
20260224,-2.3017
20260224,-3.3017
20260224,-4.3017
20260224,-5.3017
20260224,-6.3017
20260224,-4.8017
20260224,-3.2517
20260224,-2.4453
20260225,-3.4453
20260225,0.4987
20260225,3.6758
20260225,7.4389
20260225,6.4389
20260225,5.4389
20260225,4.4389
20260225,3.4389
20260225,2.4389
20260226,1.4389
20260226,3.4904
20260226,2.4904
20260226,1.4904
20260226,0.4904
20260226,4.9714
20260226,6.5114
20260226,5.5114
20260226,4.3832
20260226,4.37
20260227,3.37
20260227,2.37
20260227,6.2478
20260227,5.2478
20260227,4.2478
20260227,3.2478
20260227,2.2478
20260302,1.2478
20260302,0.2478
20260302,-0.7522
20260302,-0.0727
20260302,-1.0727
20260303,-2.0727
20260303,-0.862
20260303,-1.862
20260303,-2.862
20260303,-3.862
20260303,-4.862
20260303,-5.862
20260303,-6.862
20260303,-7.862
20260303,-8.0448
20260304,-5.3137
20260304,-2.8333
20260304,1.0898
20260304,4.9564
20260304,5.284
20260304,8.284
20260304,7.284
20260304,8.3076
20260304,7.3076
20260304,6.3076
20260305,5.3076
20260305,4.3076
20260305,3.3076
20260305,2.3076
20260305,1.3076
20260305,2.7056
20260305,1.7056
20260305,1.4913
20260305,0.4913
20260305,-0.5087
20260305,-1.5087
20260305,-2.5087
20260306,-3.5087
20260306,-2.5087
20260306,-3.5087
20260306,-4.5087
20260306,-5.5087
20260306,-6.5087
20260306,-7.5087
20260306,-8.5087
20260306,-9.5087
20260309,-6.8855
20260309,-7.8855
20260309,-8.8855
20260309,-9.8855
20260309,-8.2224
20260309,-9.2224
20260309,-7.3996
20260309,-8.3996
20260309,-9.3996
20260309,-10.3996
20260309,-11.3996
20260309,-12.3996
20260309,-13.3996
20260310,-12.0575
20260310,-13.0575
20260310,-14.0575
20260310,-15.0575
20260310,-16.0575
20260310,-15.0252
20260310,-16.0252
20260310,-17.0252
20260310,-11.8642
20260310,-12.8642
20260311,-9.7392
20260311,-10.7392
20260311,-11.7392
20260311,-8.9372
20260311,-5.3161
20260311,-6.3161
20260311,-7.3161
20260311,-8.3161
20260312,-9.3161
20260312,-10.3161
20260312,-11.3161
20260312,-10.2698
20260312,-11.2698
20260312,-12.2698
20260312,-13.2698
20260312,-14.2698
20260312,-11.3541
20260312,-12.3541
20260312,-10.0278
20260313,-6.6292
20260313,-4.0766
20260313,-0.5077
20260313,5.6113
20260313,4.6113
20260313,3.6113
20260313,5.0307
20260313,4.0307
20260313,6.1845
20260313,5.1845
20260313,4.1845
20260313,3.1845
20260316,2.1845
20260316,1.1845
20260316,0.1845
20260316,-0.8155
20260316,-1.8155
20260316,-2.8155
20260316,2.5321
20260316,1.5321
20260316,0.5321
20260316,1.0408
20260316,0.0408
20260316,3.0031
20260316,2.0031
20260316,3.3906
20260316,4.7065
20260317,7.9947
20260317,6.9947
20260317,5.9947
20260317,7.6485
20260317,6.6485
20260317,8.4119
20260317,7.4119
20260317,6.4119
20260317,5.4119
20260317,4.4119
20260317,3.4119
20260317,2.4119
20260318,3.5028
20260318,2.5028
20260318,1.5028
20260318,0.5028
20260318,1.9086
20260318,3.2234
20260318,2.2234
20260318,1.2234
20260318,7.8335
20260318,9.4755
20260318,8.4755
20260318,7.4755
20260319,6.4755
20260319,5.4755
20260319,4.4755
20260319,3.4755
20260319,6.3155
20260319,8.604
20260319,7.604
20260319,10.5556
20260319,9.5556
20260319,8.5556
20260319,7.5556
20260319,6.5556
20260319,5.5556
20260319,4.5556
20260319,3.5556
20260319,5.4445
20260320,7.4251
20260320,9.4681
20260320,8.4681
20260320,7.4681
20260320,10.9769
20260320,9.9769
20260320,8.9769
20260320,7.9769
20260320,6.9769
20260320,5.9769
20260320,4.9769
20260323,3.9769
20260323,5.6062
20260323,4.6062
20260323,3.6062
20260323,2.6062
20260323,1.6062
20260323,0.6062
20260323,-0.3938
20260324,-1.3938
20260324,-2.3938
20260324,-0.0072
20260324,-1.0072
20260324,-2.0072
20260324,-3.0072
20260324,-4.0072
20260324,-5.0072
20260325,-6.0072
20260325,-7.0072
20260325,-8.0072
20260325,-9.0072
20260326,-6.6597
20260326,-4.4729
20260326,-5.4729
20260326,-6.4729
20260326,-5.3901
20260326,-6.3901
20260326,-7.3901
20260326,-8.3901
20260326,-5.9074
20260326,-6.9074
20260326,-5.7963
20260326,-6.7963
20260326,-7.7963
20260327,-8.7963
20260327,-9.7963
20260327,-10.7963
20260327,-11.7963
20260327,-8.8106
20260327,-9.8106
20260327,-10.8106
20260327,-11.8106
20260327,-12.8106
20260327,-13.8106
20260327,-14.8106
20260327,-15.8106
20260327,-16.8106
20260327,-17.0539
20260327,-18.0539
20260330,-15.6253
20260330,-14.2371
20260330,-15.2371
20260330,-12.9871
20260330,-13.9871
20260330,-6.5244
20260330,-7.5244
20260331,-8.5244
20260331,-6.7426
20260331,-7.7426
20260331,-6.5871
20260331,-4.3974
20260331,-5.3974
20260331,-6.3974
20260331,-7.3974
20260331,-8.3974
20260331,-5.4744
20260331,-3.341
20260401,-4.341
20260401,-1.4308
20260401,0.9734
20260401,-0.0266
20260401,1.4581
20260401,1.545
20260401,0.545
20260401,4.225
20260401,4.5729
20260401,3.5729
20260401,4.4479
20260401,4.2652
20260401,3.2652
20260402,3.0331
20260402,4.6467
20260402,3.6467
20260402,5.9176
20260402,4.9176
20260402,4.1149
20260402,3.1149
20260402,2.5369
20260406,1.5369
20260406,0.5369
20260406,-0.4631
20260406,-1.4631
20260406,-2.0845
20260406,0.3901
20260406,-0.6099
20260406,-1.6099
20260406,2.4494
20260406,3.8947
20260407,2.8947
20260407,1.8947
20260407,0.8947
20260407,-0.1053
20260407,-1.1053
20260407,0.904
20260407,3.1048
20260407,2.1048
20260407,1.1048
20260407,0.1048
20260408,-0.8952
20260408,1.1228
20260408,0.1228
20260408,-0.8772
20260408,-1.8772
20260408,-2.8772
20260408,-2.8851
20260408,-3.8851
20260408,-4.8851
20260409,-5.8851
20260409,-6.8851
20260409,-6.7505
20260409,-7.7505
20260409,-8.7505
20260410,-9.7505
20260410,-10.7505
20260410,-11.7505
20260410,-12.7505
20260410,-13.7505
20260410,-14.7505
20260410,-13.534
20260410,-14.534
20260410,-15.534
20260410,-16.534
20260410,-17.534
20260410,-18.534
20260410,-19.534
20260410,-20.534
20260410,-21.534
20260413,-18.784
20260413,-19.784
20260413,-20.8492
20260413,-19.6387
20260413,-18.4339
20260413,-16.1005
20260413,-14.3414
20260413,-15.3414
20260413,-16.3414
20260413,-17.3414
20260413,-18.3414
20260413,-17.0354
20260413,-18.0354
20260413,-19.0354
20260413,-20.0354
20260414,-21.0354
20260414,-17.5511
20260414,-18.5511
20260414,-19.5511
20260414,-20.5511
20260414,-21.5511
20260414,-22.5511
20260414,-23.5511
20260414,-24.5511
20260414,-25.5511
20260414,-26.5511
20260414,-27.5511
20260415,-25.2286
20260415,-26.2286
20260415,-24.767
20260415,-25.767
20260415,-26.767
20260415,-27.767
20260415,-28.767
20260415,-29.767
20260416,-30.767
20260416,-31.767
20260416,-27.786
20260416,-28.786
20260416,-29.786
20260416,-30.786
20260416,-29.3542
20260416,-30.3542
20260416,-31.3542
20260416,-29.9792
20260417,-30.9792
20260417,-31.9792
20260417,-32.9792
20260417,-33.9792
20260417,-34.9792
20260417,-35.9792
20260417,-36.9792
20260417,-35.3549
20260417,-36.3549
20260417,-29.2325
20260417,-27.39
20260420,-28.39
20260420,-28.2964
20260420,-29.2964
20260420,-30.2964
20260420,-31.2964
20260420,-32.2964
20260421,-28.2591
20260421,-29.2591
20260421,-27.2218
20260421,-22.9114
20260421,-21.669
20260421,-20.1928
20260421,-21.1928
20260421,-20.0606
20260421,-17.2541
20260421,-18.2541
20260421,-16.8832
20260421,-17.8832
20260421,-15.1887
20260422,-12.459
20260422,-13.459
20260422,-14.459
20260422,-15.459
20260422,-16.459
20260422,-17.459
20260422,-18.459
20260422,-16.6882
20260422,-17.6882
20260422,-18.6882
20260422,-19.6882
20260422,-20.6882
20260422,-21.6882
20260422,-22.6882
20260423,-23.6882
20260423,-24.6882
20260423,-25.6882
20260423,-23.4149
20260423,-24.4149
20260423,-25.4149
20260423,-26.4149
20260423,-27.4149
20260423,-28.4149
20260423,-26.4827
20260423,-23.985
20260423,-22.641
20260423,-23.641
20260424,-24.641
20260424,-25.641
20260424,-24.141
20260424,-22.7431
20260424,-23.7431
20260424,-23.6781
20260424,-24.6781
20260424,-23.5035
20260424,-24.5035
20260424,-25.5035
20260427,-26.5035
20260427,-27.5035
20260427,-28.5035
20260427,-29.5035
20260427,-30.5035
20260427,-29.8635
20260427,-26.8453
20260427,-27.8453
20260427,-28.3332
20260427,-29.3337
20260427,-30.3337
20260428,-31.3337
20260428,-27.3165
20260428,-28.3165
20260428,-29.3165
20260428,-27.8669
20260428,-24.7069
20260428,-17.931
20260428,-18.931
20260428,-19.931
20260428,-19.397
20260429,-20.397
20260429,-21.397
20260429,-16.7
20260429,-17.7
20260429,-18.7
20260429,-19.7
20260429,-20.7
20260429,-21.7
20260429,-22.7
20260429,-23.7
20260429,-24.7
20260430,-22.2872
20260430,-23.2872
20260430,-24.2872
20260430,-25.2872
20260430,-26.2872
20260430,-27.2872
20260430,-28.2872
20260430,-29.2872
20260430,-30.2872
20260430,-29.7105
20260430,-30.7105
20260430,-23.0105
20260501,-24.0105
20260501,-21.6772
20260501,-20.5015
20260501,-21.5015
20260501,-22.5015
20260501,-19.4469
20260501,-20.4469
20260501,-21.4469
20260501,-22.4469
20260501,-23.4469
20260501,-24.4469
20260501,-23.8402
20260504,-21.6124
20260504,-19.6403
20260504,-15.1572
20260504,-16.1572
20260504,-17.1572
20260504,-18.1572
20260504,-19.1572
20260504,-17.7003
20260504,-18.7003
20260504,-19.7003
20260504,-17.8878
20260504,-16.6464
20260505,-17.6464
20260505,-18.6464
20260505,-19.6464
20260505,-17.7041
20260505,-16.3295
20260505,-17.3295
20260505,-18.3295
20260505,-19.3295
20260505,-18.7261
20260505,-19.7261
20260505,-20.7261
20260505,-21.7261
20260506,-22.7261
20260506,-23.7261
20260506,-24.7261
20260506,-25.7261
20260506,-26.7261
20260506,-24.5464
20260506,-20.0849
20260506,-21.0849
20260507,-19.3473
20260507,-20.3473
20260507,-21.3473
20260507,-19.2108
20260507,-18.1376
20260507,-19.1376
20260507,-16.1413
20260507,-17.1413
20260507,-13.0246
20260507,-10.5128
20260507,-8.925
20260508,-9.925
20260508,-10.925
20260508,-9.5132
20260508,-10.5132
20260508,-11.5132
20260508,-8.6344
20260508,-9.6344
20260508,-10.6344
20260511,-11.6344
20260511,-12.6344
20260511,-13.6344
20260511,-14.6344
20260512,-13.3652
20260512,-10.5056
20260512,-10.9455
20260512,-5.2845
20260512,-2.6633
20260512,-3.6633
20260512,-4.6633
20260512,-1.8855
20260512,-2.8855
20260513,-1.6537
20260513,-2.6537
20260513,-0.864
20260513,-1.864
20260513,-0.8496
20260513,-1.8496
20260513,-2.8496
20260513,-1.7421
20260513,-2.7421
20260513,-3.7421
20260514,-0.0546
20260514,1.7157
20260514,0.7157
20260514,4.6614
20260514,3.6614
20260514,6.7938
20260514,5.7938
20260514,4.7938
20260514,11.4694
20260514,18.654
20260514,17.654
20260514,16.654
20260515,15.654
20260515,18.2404
20260515,19.8619
20260515,18.8619
20260515,20.6373
20260515,19.6373
20260515,18.6373
20260515,17.6373
20260515,16.6373
20260515,15.6373
20260515,14.6373
20260515,13.6373
20260515,12.6373
20260518,14.1126
20260518,13.1126
20260518,12.1126
20260518,11.1126
20260518,10.1126
20260518,9.1126
20260518,10.2326
20260518,11.5324
20260518,10.5324
20260518,9.5324
20260518,8.5324
20260518,7.5324
20260519,8.5443
20260519,7.5443
20260519,6.5443
20260519,5.5443
20260519,4.5443
20260519,6.0889
20260519,5.0889
20260519,7.1814
20260520,6.1814
20260520,5.1814
20260520,6.4239
20260520,5.4239
20260520,4.4239
20260520,3.4239
20260520,2.4239
20260520,1.4239
20260521,8.9996
20260521,7.9996
20260521,6.9996
20260521,5.9996
20260521,4.9996
20260521,3.9996
20260521,2.9996
20260521,1.9996
20260522,6.3488
20260522,9.3743
20260522,13.8916
20260522,12.8916
20260522,11.8916
20260522,10.8916
20260522,14.336
20260522,19.8772
20260522,22.1689
20260522,21.1689
20260522,20.1689
20260526,19.1689
20260526,18.1689
20260526,17.1689
20260526,19.3943
20260526,18.9486
20260526,17.9486
20260526,16.9486
20260526,19.4651
20260526,22.306
20260526,24.8673
20260527,23.8673
20260527,22.8673
20260527,21.8673
20260527,20.8673
20260527,22.3141
20260527,21.3141
20260527,20.3141
20260527,26.0161
20260527,28.8396
20260528,27.8396
20260528,30.8712
20260528,31.9737
20260528,34.0177
20260528,36.9321
20260528,35.9321
20260528,36.5091
20260528,35.5091
20260528,34.5091
20260528,33.5091
20260528,32.5091
20260528,31.5091
20260529,30.5091
20260529,29.5091
20260529,28.5091
20260529,29.7431
20260529,28.7431
20260529,27.7431
20260601,26.7431
20260601,29.2125
20260601,31.4706
20260601,30.4706
20260601,32.9475
20260601,33.8904
20260601,34.8433
20260601,37.981
20260601,36.981
20260602,35.981
20260602,34.981
20260602,33.981
20260602,32.981
20260602,31.981
20260602,30.981
20260602,29.981
20260602,28.981
20260603,27.981
20260603,26.981
20260603,25.981
20260603,26.882
20260603,25.882
20260603,24.882
20260603,23.882
20260603,23.8904
20260603,22.8904
20260604,21.8904
20260604,27.9328
20260604,26.9328
20260604,25.9328
20260605,24.9328
20260605,23.9328
20260605,22.9328
20260605,21.9328
20260605,20.9328
20260605,19.9328
20260608,21.5926
20260608,23.9296
20260608,29.4796
20260608,28.4796
20260608,30.1144
20260608,29.1144
20260608,28.1144
20260608,27.1144
20260608,27.5959
20260609,29.6835
20260609,30.7403
20260609,33.2518
20260609,35.1803
20260609,34.1803
20260609,35.4346
20260609,34.4346
20260609,33.4346
20260609,32.4346
20260609,31.4346
20260610,35.814
20260610,34.814
20260610,38.1995
20260610,37.1995
20260610,39.9456
20260610,44.6275
20260610,48.1614
20260610,47.1614
20260610,46.1614
20260610,45.1614
20260610,44.1614
20260610,45.3977
20260610,44.3977
20260610,43.3977
20260610,42.3977
20260611,41.3977
20260611,40.3977
20260611,39.3977
20260611,43.0018
20260611,42.0018
20260611,41.0018
20260611,40.0018
20260611,41.1157
20260611,40.1157
20260611,46.9059
20260611,45.9059
20260611,44.9059
20260612,43.9059
20260612,46.2986
20260612,45.2986
20260612,44.2986
20260612,43.2986
20260612,42.2986
20260612,41.2986
20260612,41.9264
20260612,41.2566
20260615,40.2566
20260615,39.2566
20260615,38.2566
20260615,37.2566
20260615,41.4527
20260615,40.4527
20260615,39.4527
20260615,38.4527
20260615,37.4527
20260615,36.4527
20260615,39.6036
20260615,38.6036
20260616,41.7369
20260616,44.3022
20260616,43.3022
20260616,46.7728
20260616,45.7728
20260616,46.869
20260616,45.869
20260616,44.869
20260616,43.869
20260616,45.5789
20260616,44.5789
20260616,48.9473
20260616,49.0637
20260616,48.0637
20260617,52.0637
20260617,51.0637
20260617,50.0637
20260617,52.4864
20260617,51.4864
20260617,53.2975
20260617,57.1308
20260617,60.3477
20260617,62.4254
20260617,63.8015
20260617,62.8015
20260617,61.8015
20260617,63.4537
20260617,67.0302
20260617,66.0302
20260618,65.0302
20260618,64.0302
20260618,63.0302
20260618,66.6059
20260618,68.515
20260618,67.515
20260618,66.515
20260618,65.515
20260618,64.515
20260618,64.3253
20260622,66.8846
20260622,68.1564
20260622,69.5933
20260622,70.7338
20260622,69.7338
20260622,68.7338
20260622,67.7338
20260622,66.7338
20260622,65.7338
20260622,66.4283
20260623,65.4283
20260623,69.3033
20260623,68.3033
20260623,67.3033
20260623,66.3033
20260623,65.3033
20260623,64.3033
20260623,63.3033
20260623,63.8471
20260623,62.8471
20260623,63.944
20260624,64.7087
20260624,63.7087
20260624,62.7087
20260624,64.4411
20260624,65.7096
20260624,64.7096
20260624,67.9823
20260624,66.9823
20260624,65.9823
20260624,64.9823
20260624,63.9823
20260625,62.9823
20260625,61.9823
20260625,65.1038
20260625,66.2623
20260625,65.2623
20260625,65.8445
20260625,64.8445
20260625,63.8445
20260625,63.6255
20260626,62.6255
20260626,64.1139
20260626,63.1139
20260626,62.1139
20260626,61.1139
20260626,60.1139
20260626,59.1139
20260626,58.1139
20260626,57.1139
20260629,56.1139
20260629,55.1139
20260629,57.8796
20260629,56.8796
20260629,60.2833
20260629,61.5834
20260629,63.9093
20260629,62.9093
20260629,61.9093
20260629,60.9093
20260630,59.9093
20260630,58.9093
20260630,57.9093
20260630,56.9093
20260630,59.7469
20260630,58.7469
20260630,57.7469
20260701,59.3249
20260701,61.2359
20260701,60.2359
20260701,59.2359
20260701,58.2359
20260701,57.2359
20260701,56.2359
20260701,56.4359
20260701,55.4359
20260701,54.4359
20260702,53.4359
20260702,52.4359
20260702,54.5002
20260702,53.5002
20260702,55.1909
20260702,57.6024
20260702,56.6024
20260702,55.6024
20260702,54.6024
20260702,53.6024
20260706,52.6024
20260706,51.6024
20260706,50.6024
20260706,52.7655
20260706,51.7655
20260706,53.0514
20260707,52.0514
20260707,51.0514
20260707,50.0514
20260707,51.9893
20260707,50.9893
20260707,52.4704
20260707,53.9704
20260707,52.9626
20260707,51.9626
20260707,50.9626
20260707,49.8876
20260707,48.8876
20260707,52.3874
20260707,51.3874
20260707,50.3874
20260708,54.2404
20260708,57.2143
20260708,56.2143
20260708,55.2143
20260708,55.8258
20260708,54.8258
20260708,53.8258
20260708,52.8258
20260708,51.8258
20260708,52.8642
20260708,51.8642
20260708,54.7642
20260708,53.7642
20260708,52.7642
20260708,51.7642
20260709,50.7642
20260709,49.7642
20260709,48.7642
20260709,47.7642
20260709,46.7642
20260709,47.7886
20260709,50.3274
20260709,52.0443
20260709,51.0443
20260709,52.4197
20260709,51.4197
20260710,50.4197
20260710,50.3949
20260710,49.3949
20260710,48.3949
20260710,47.3949
20260710,46.3949
20260710,45.3949
20260710,46.881
20260710,47.1588
20260710,47.5687
20260713,46.5687
20260713,45.5687
20260713,44.5687
20260713,43.5687
20260713,42.5687
20260713,41.5687
20260713,44.0687
20260713,43.0687
20260713,42.0687
20260713,45.5376
20260713,51.4723
20260713,57.0841
20260713,56.0841
20260714,58.8143
20260714,60.7899
20260714,59.7899
20260714,58.7899
20260714,59.9084
20260714,59.5235
20260714,58.5235
20260715,57.5235
20260715,60.1281
20260715,64.8099
20260715,63.8099
20260715,65.9433
20260715,64.9433
20260715,63.9433
20260715,62.9433
20260715,61.9433
20260715,62.02
20260715,61.02
20260715,64.8883
20260715,63.8883
20260716,67.0122
20260716,66.0122
20260716,65.0122
20260716,66.2563
20260716,68.3036
20260716,72.3624
20260716,71.3624
20260716,70.3624
20260716,72.9406
20260716,75.4297
20260716,74.4297
20260717,76.0963
20260717,75.0963
20260717,74.0963
20260717,75.9738
20260717,74.9738
20260717,73.9738
20260717,72.9738
20260717,71.9738
20260720,74.4203
20260720,76.4668
20260720,75.4668
20260720,74.4668
20260720,73.4668
20260720,72.4668
20260720,71.4668
20260720,70.4668
20260720,69.4668
20260721,68.4668
20260721,69.5881
20260721,68.5881
20260721,67.5881
20260721,66.5881
20260721,65.5881
20260721,64.5881
20260721,63.5881
20260721,66.8773
20260721,65.8773
20260722,64.8773
20260722,63.8773
20260722,67.1605
20260722,66.1605
20260722,65.1605
20260722,64.1605
20260722,63.1605
20260723,65.2592
20260723,67.1047
20260723,68.9124
20260723,69.2381
20260723,68.2381
20260723,70.4303
20260723,69.4303
20260723,68.4303
20260724,67.4303
20260724,66.4303
20260724,65.4303
20260724,64.4303
20260724,65.6755
20260724,64.6755
20260724,64.6002
20260724,63.6002
20260724,62.5461
20260724,64.8599
20260727,63.8599
20260727,62.8599
20260727,61.8599
20260727,60.8599
20260727,59.8599
20260728,61.7369
20260728,60.7369
20260728,59.7369
20260728,58.7369
20260728,63.1628
20260728,62.1628
20260728,64.2831
20260728,63.2831
20260728,64.4874
20260728,63.4874
20260728,62.4874
20260728,61.4874
20260728,60.4874
20260728,59.4874
20260728,58.4874
20260728,57.4874
20260728,56.4874
20260728,55.4874
20260729,57.1177
20260729,56.1177
20260729,55.1177
20260729,54.1177
20260729,53.1177
20260729,52.1177
20260729,51.1177
20260729,52.4257
20260730,55.5871
20260730,58.4659
20260730,57.4659
20260730,56.4659
20260730,55.4659
20260730,54.4659
20260730,53.4659
20260731,52.4659
20260731,51.4659
20260731,50.4659
20260803,49.4659
20260803,48.4659
20260803,47.4659
20260803,50.1107
20260803,52.1691
20260803,51.1691
20260803,50.1691
20260803,51.1931
20260803,50.1931
20260803,52.8097
20260803,51.8097
20260804,50.8097
20260804,53.9134
20260804,56.608
20260804,55.608
20260804,54.608
20260804,53.608
20260804,52.608
20260805,51.608
20260805,53.5478
20260805,52.5478
20260805,51.5478
20260805,50.5478
20260805,49.5478
20260805,51.7497
20260805,53.2266
20260805,52.2266
20260805,59.2266
20260805,62.4755
20260805,61.4755
20260806,67.6877
20260806,66.6877
20260806,65.6877
20260806,64.6877
20260807,65.8218
20260807,66.8411
20260807,65.8411
20260807,64.8411
20260807,63.8411
20260810,62.8411
20260810,61.8411
20260810,64.4063
20260810,65.9708
20260810,64.9708
20260810,63.9708
20260810,62.9708
20260810,61.9708
20260810,60.9708
20260810,59.9708
20260810,61.9
20260810,60.9
20260810,60.1247
20260810,59.1247
20260810,58.1247
20260811,59.1367
20260811,58.1367
20260811,57.1367
20260811,58.243
20260811,57.243
20260811,56.243
20260811,57.6916
20260811,58.7388
20260811,57.7388
20260811,56.7388
20260811,55.4877
20260811,54.4877
20260812,53.4877
20260812,52.4877
20260812,51.4877
20260812,50.4877
20260812,49.4877
20260812,48.4877
20260812,47.4877
20260812,46.4877
20260812,48.1382
20260813,49.5871
20260813,54.8452
20260813,53.8452
20260813,52.8452
20260813,54.7971
20260813,56.7642
20260813,55.7642
20260813,54.7642
20260814,53.7642
20260814,52.7642
20260814,53.863
20260814,52.863
20260814,51.863
20260814,53.5773
20260814,55.2628
20260814,53.8766
20260814,52.8766
20260814,54.6151
20260814,53.6151
20260814,55.7818
20260814,54.7818
20260814,53.7818
20260817,55.6599
20260817,54.6599
20260817,53.6599
20260817,52.6599
20260817,54.9702
20260817,53.9702
20260817,53.6852
20260817,52.6852
20260817,51.6852
20260817,50.6852
20260818,49.6852
20260818,48.6852
20260818,52.2037
20260818,51.2037
20260818,50.2037
20260818,49.2037
20260818,48.2037
20260818,50.5166
20260818,49.5166
20260818,48.5166
20260819,47.5166
20260819,46.5166
20260819,49.7874
20260819,50.9714
20260819,49.9714
20260819,49.9229
20260819,48.9229
20260819,47.9229
20260819,46.9229
20260819,45.9229
20260819,47.7607
20260820,50.2244
20260820,53.1828
20260820,52.1828
20260820,53.4375
20260820,52.4375
20260820,51.4375
20260821,50.4375
20260821,49.4375
20260821,52.264
20260821,54.1662
20260821,56.1662
20260821,55.1662
20260821,54.1662
20260821,53.1662
20260821,52.1662
20260821,51.1662
20260821,50.1662
20260824,52.0753
20260824,51.0753
20260824,50.0753
20260824,49.0753
20260824,48.0753
20260824,47.0753
20260824,46.0597
20260824,45.0597
20260824,44.0597
20260824,43.0597
20260824,42.0597
20260824,41.0597
20260824,40.0597
20260824,39.0597
20260824,38.0597
20260824,37.0597
20260825,36.0597
20260825,37.4932
20260825,38.6829
20260825,37.6829
20260825,36.6829
20260825,35.6829
20260825,35.55
20260825,34.55
20260826,33.55
20260826,32.55
20260826,34.6908
20260826,33.6908
20260826,32.6908
20260826,33.5408
20260826,38.7408
20260826,37.7408
20260826,36.7408
20260826,35.7408
20260827,34.7408
20260827,36.9865
20260827,35.9865
20260827,34.9865
20260827,33.9865
20260827,37.3457
20260827,36.3457
20260827,37.1439
20260827,36.1439
20260828,38.6439
20260828,37.6439
20260828,36.6439
20260828,35.6439
20260828,34.6439
20260828,33.6439
20260828,32.6439
20260828,31.6439
20260828,30.6439
20260828,29.6439