day,cum_net_r
20230911,-1.0745
20230911,-0.8829
20230911,-1.9123
20230911,-1.5302
20230911,-2.7373
20230911,-1.581
20230911,-1.189
20230911,-2.3605
20230911,-3.399
20230911,-4.4163
20230911,-5.4427
20230911,-6.4567
20230911,-3.7996
20230911,-5.111
20230911,-2.4329
20230911,-2.0291
20230911,-3.1013
20230911,-4.3038
20230912,-3.8198
20230912,-4.8332
20230912,-5.8901
20230912,-5.4449
20230912,-6.5031
20230912,-7.6083
20230912,-7.2471
20230912,-7.0687
20230912,-7.0929
20230912,-8.2109
20230912,-9.2651
20230912,-9.1998
20230912,-8.7733
20230912,-9.9155
20230912,-11.0918
20230912,-11.0029
20230912,-9.6171
20230912,-8.9959
20230912,-10.3118
20230913,-9.5872
20230913,-10.6384
20230913,-10.2679
20230913,-10.0648
20230913,-9.3538
20230913,-9.0925
20230913,-10.1379
20230913,-11.2121
20230913,-12.2373
20230913,-13.6225
20230913,-13.2971
20230913,-14.4849
20230914,-14.181
20230914,-14.0113
20230914,-13.9932
20230914,-11.1881
20230914,-12.2608
20230914,-13.3443
20230914,-14.3933
20230914,-14.1385
20230914,-15.2049
20230914,-14.6063
20230914,-13.3819
20230914,-14.6021
20230914,-13.0063
20230914,-14.0948
20230914,-15.234
20230914,-16.3073
20230914,-15.6527
20230914,-16.7511
20230915,-17.8071
20230915,-18.8862
20230915,-19.9228
20230915,-18.4462
20230915,-16.8101
20230915,-17.9151
20230915,-19.3886
20230915,-20.4478
20230915,-15.8788
20230915,-15.9067
20230915,-18.4192
20230915,-18.4624
20230918,-19.5045
20230918,-20.5438
20230918,-20.4809
20230918,-19.3109
20230918,-20.3922
20230918,-22.137
20230918,-23.1677
20230918,-22.9724
20230919,-22.4002
20230919,-21.9325
20230919,-21.1305
20230919,-22.2114
20230919,-21.6562
20230919,-22.675
20230919,-23.7452
20230919,-24.7904
20230919,-25.8159
20230919,-25.7392
20230919,-26.4179
20230919,-26.1181
20230919,-27.1687
20230919,-28.2964
20230919,-27.9691
20230919,-29.0353
20230919,-30.0724
20230919,-31.1539
20230919,-32.2803
20230919,-33.3554
20230919,-30.7567
20230919,-31.9423
20230919,-32.9999
20230919,-34.6959
20230920,-34.3689
20230920,-34.417
20230920,-35.4774
20230920,-32.8438
20230920,-32.4731
20230920,-31.745
20230920,-31.479
20230920,-32.5239
20230920,-31.7927
20230920,-31.2866
20230920,-31.0889
20230920,-30.9242
20230920,-30.3216
20230920,-29.4197
20230920,-29.2571
20230921,-29.0944
20230921,-28.3913
20230921,-28.0271
20230921,-29.06
20230921,-29.0294
20230921,-30.055
20230921,-31.2106
20230921,-32.2582
20230921,-33.3511
20230921,-34.402
20230921,-35.6263
20230921,-36.7042
20230921,-37.8015
20230921,-35.8871
20230921,-36.9967
20230921,-36.3943
20230921,-35.6253
20230922,-36.6944
20230922,-37.7425
20230922,-38.8142
20230922,-39.8407
20230922,-40.8643
20230922,-41.945
20230922,-41.75
20230922,-41.3862
20230922,-41.1589
20230922,-42.2015
20230922,-41.3793
20230922,-42.4522
20230922,-43.7509
20230922,-40.6297
20230922,-41.7139
20230922,-41.2298
20230925,-41.0928
20230925,-42.1136
20230925,-43.1541
20230925,-43.0291
20230925,-43.042
20230925,-44.0749
20230925,-45.1637
20230925,-45.2328
20230925,-46.2746
20230925,-47.3134
20230925,-48.4667
20230925,-49.608
20230926,-49.4597
20230926,-48.2794
20230926,-49.3598
20230926,-48.3609
20230926,-49.4259
20230926,-49.3037
20230926,-49.115
20230926,-50.2461
20230926,-51.3775
20230926,-50.3777
20230926,-51.4854
20230926,-52.6678
20230926,-53.9894
20230926,-55.2845
20230926,-56.3499
20230926,-57.5292
20230926,-54.9286
20230926,-51.4005
20230927,-51.3907
20230927,-51.1783
20230927,-52.2263
20230927,-52.1823
20230927,-50.6985
20230927,-51.717
20230927,-51.3261
20230927,-52.4531
20230927,-53.648
20230927,-54.6813
20230927,-54.4096
20230927,-54.2901
20230927,-55.5004
20230927,-56.6966
20230927,-57.8502
20230927,-59.0538
20230927,-58.5336
20230927,-59.7082
20230927,-59.1816
20230928,-60.1923
20230928,-59.5154
20230928,-58.3754
20230928,-58.0528
20230928,-57.9207
20230928,-57.5352
20230928,-58.5808
20230928,-59.6468
20230928,-60.7572
20230928,-61.9906
20230928,-63.9905
20230928,-62.5265
20230928,-62.4097
20230928,-64.4096
20230928,-65.5173
20230928,-65.5907
20230929,-66.6335
20230929,-65.7353
20230929,-66.7643
20230929,-67.8131
20230929,-67.6251
20230929,-68.7032
20230929,-68.6242
20230929,-69.6492
20230929,-70.6764
20230929,-71.7306
20230929,-72.7604
20230929,-72.3341
20230929,-71.0776
20230929,-72.1515
20231002,-71.9389
20231002,-71.7314
20231002,-71.0893
20231002,-72.1164
20231002,-73.1499
20231002,-74.175
20231002,-73.2471
20231002,-73.2004
20231002,-73.0994
20231002,-71.9443
20231002,-73.0489
20231002,-72.5882
20231002,-71.1786
20231002,-72.2208
20231002,-71.7898
20231002,-72.8646
20231002,-72.2886
20231002,-73.8088
20231002,-75.2568
20231003,-75.1431
20231003,-74.9497
20231003,-75.9932
20231003,-77.0152
20231003,-76.9139
20231003,-76.8901
20231003,-77.9134
20231003,-77.7954
20231003,-77.7441
20231003,-77.1694
20231003,-75.2965
20231003,-75.2059
20231003,-76.3545
20231003,-77.4289
20231003,-77.1659
20231003,-75.086
20231003,-73.5919
20231003,-74.6744
20231003,-75.7688
20231004,-75.6884
20231004,-75.619
20231004,-75.5005
20231004,-75.4174
20231004,-76.4532
20231004,-76.0689
20231004,-77.0896
20231004,-78.1453
20231004,-77.5537
20231004,-76.7231
20231004,-75.0433
20231004,-76.1782
20231004,-78.0003
20231004,-79.131
20231004,-80.2107
20231004,-81.5953
20231004,-82.815
20231005,-82.7623
20231005,-80.7704
20231005,-81.8034
20231005,-82.9109
20231005,-82.1589
20231005,-82.0766
20231005,-83.1025
20231005,-84.1698
20231005,-85.3618
20231005,-86.7113
20231005,-86.4378
20231005,-87.9283
20231005,-89.0035
20231005,-89.0039
20231005,-88.538
20231006,-89.5653
20231006,-87.9921
20231006,-88.0001
20231006,-89.046
20231006,-88.5744
20231006,-87.7433
20231006,-88.7857
20231006,-87.3347
20231006,-87.2661
20231006,-82.564
20231006,-72.3366
20231006,-71.9985
20231006,-73.0688
20231006,-74.1076
20231006,-76.6399
20231006,-76.6968
20231009,-76.5962
20231009,-75.8271
20231009,-75.4997
20231009,-76.5256
20231009,-77.5494
20231009,-78.641
20231009,-79.6715
20231009,-80.8043
20231009,-81.9607
20231009,-81.5981
20231009,-82.6969
20231009,-81.5136
20231009,-81.3486
20231009,-81.1468
20231009,-80.6216
20231009,-79.6174
20231009,-77.2218
20231009,-76.9569
20231009,-76.6655
20231009,-77.7243
20231009,-76.9949
20231009,-78.1299
20231009,-79.36
20231009,-79.3918
20231010,-79.2391
20231010,-78.9156
20231010,-78.7788
20231010,-77.6741
20231010,-76.788
20231010,-76.7354
20231010,-77.0589
20231010,-76.2314
20231010,-76.1755
20231010,-74.8511
20231010,-73.4509
20231010,-72.2811
20231010,-73.3166
20231010,-73.3331
20231010,-72.9443
20231010,-74.0079
20231010,-73.4232
20231010,-72.5906
20231010,-72.487
20231010,-72.2156
20231010,-72.1326
20231010,-73.182
20231010,-74.3388
20231010,-75.5036
20231010,-124.0461
20231010,-125.1632
20231010,-125.1219
20231010,-126.1976
20231010,-124.9295
20231011,-125.9668
20231011,-126.997
20231011,-128.0479
20231011,-129.0952
20231011,-130.168
20231011,-133.7677
20231011,-134.8507
20231011,-134.8684
20231012,-134.6961
20231012,-135.742
20231012,-136.7793
20231012,-137.8344
20231012,-137.4253
20231012,-135.9832
20231012,-135.3284
20231012,-134.8782
20231012,-135.8969
20231012,-136.9146
20231012,-137.9913
20231012,-139.1202
20231012,-140.171
20231012,-141.249
20231012,-139.0109
20231012,-138.7244
20231012,-137.2019
20231012,-136.38
20231012,-134.2981
20231012,-134.2845
20231012,-135.3546
20231012,-135.3534
20231012,-135.4208
20231013,-135.0275
20231013,-134.6133
20231013,-134.5187
20231013,-135.5649
20231013,-136.6712
20231013,-137.7325
20231013,-139.0084
20231013,-137.3313
20231013,-136.8279
20231013,-135.9931
20231013,-135.5335
20231013,-136.7212
20231013,-135.7147
20231013,-132.8455
20231013,-134.1679
20231013,-134.3315
20231013,-134.1805
20231016,-134.0786
20231016,-134.0193
20231016,-135.0986
20231016,-136.2162
20231016,-137.288
20231016,-137.3438
20231016,-138.4472
20231016,-139.609
20231016,-141.3904
20231016,-142.6449
20231017,-142.1822
20231017,-143.2796
20231017,-143.1832
20231017,-141.0479
20231017,-141.0549
20231017,-140.7851
20231017,-140.541
20231017,-141.5954
20231017,-139.9837
20231017,-141.1439
20231017,-142.6353
20231017,-144.3794
20231017,-139.4686
20231018,-140.5045
20231018,-141.5348
20231018,-142.5686
20231018,-143.6546
20231018,-144.7027
20231018,-144.2989
20231018,-145.3613
20231018,-146.6413
20231018,-147.7138
20231018,-146.525
20231018,-147.1741
20231018,-145.0183
20231018,-142.9969
20231018,-142.6855
20231019,-143.7437
20231019,-142.4471
20231019,-143.5205
20231019,-144.6599
20231019,-144.3258
20231019,-144.1484
20231019,-145.1786
20231019,-146.2228
20231019,-147.2521
20231019,-148.2774
20231019,-148.0676
20231019,-147.0014
20231019,-146.9581
20231019,-146.732
20231019,-147.8305
20231019,-146.8891
20231019,-147.9488
20231019,-147.9104
20231019,-148.2214
20231019,-147.2765
20231020,-147.1274
20231020,-146.7781
20231020,-146.6115
20231020,-145.8084
20231020,-145.4586
20231020,-145.1243
20231020,-144.9086
20231020,-144.6287
20231020,-145.6756
20231020,-143.9303
20231020,-143.0535
20231020,-142.8862
20231020,-142.4284
20231020,-142.3445
20231020,-142.0754
20231020,-142.1167
20231020,-141.4671
20231020,-142.4915
20231020,-143.5814
20231020,-144.8878
20231020,-146.0809
20231020,-145.9245
20231020,-145.3156
20231020,-146.6059
20231020,-147.7011
20231020,-146.3426
20231020,-147.6235
20231020,-141.5258
20231020,-141.056
20231023,-140.9295
20231023,-140.3459
20231023,-140.327
20231023,-140.1687
20231023,-137.176
20231023,-136.9184
20231023,-136.9018
20231023,-138.1585
20231024,-139.1859
20231024,-140.2059
20231024,-139.915
20231024,-140.952
20231024,-140.6617
20231024,-141.7015
20231024,-142.7298
20231024,-143.7824
20231024,-144.8992
20231024,-142.899
20231024,-144.0579
20231024,-145.1645
20231024,-146.428
20231024,-145.2743
20231024,-144.2652
20231024,-144.143
20231024,-144.1303
20231024,-142.7964
20231024,-142.4688
20231025,-142.442
20231025,-143.527
20231025,-143.5483
20231025,-143.2649
20231025,-143.8652
20231025,-143.7489
20231025,-139.6588
20231025,-139.2354
20231025,-137.5859
20231025,-138.7279
20231025,-139.8345
20231025,-140.8609
20231025,-141.9102
20231025,-143.1123
20231026,-143.4379
20231026,-142.1387
20231026,-143.1476
20231026,-144.1592
20231026,-145.2221
20231026,-146.2606
20231026,-146.1359
20231026,-147.1852
20231026,-148.2802
20231026,-148.1947
20231026,-147.7727
20231026,-148.8787
20231026,-149.9395
20231026,-152.9311
20231026,-154.0064
20231026,-155.1611
20231026,-153.2628
20231026,-153.1655
20231026,-152.6837
20231026,-151.8876
20231027,-152.9517
20231027,-153.9893
20231027,-155.0212
20231027,-154.7129
20231027,-155.7516
20231027,-156.8003
20231027,-157.8889
20231027,-157.4485
20231027,-157.3319
20231027,-158.4421
20231027,-159.4865
20231027,-160.5135
20231027,-161.5484
20231027,-162.6056
20231027,-156.8211
20231027,-158.237
20231027,-159.7593
20231030,-159.5304
20231030,-158.3544
20231030,-157.0711
20231030,-156.3356
20231030,-157.3571
20231030,-158.3813
20231030,-157.3501
20231030,-158.5686
20231030,-159.6168
20231030,-160.7133
20231030,-160.1128
20231030,-159.8057
20231030,-159.5355
20231030,-160.014
20231030,-159.3126
20231030,-160.4205
20231030,-159.9954
20231031,-159.1524
20231031,-160.1944
20231031,-161.2704
20231031,-162.335
20231031,-163.4518
20231031,-164.4981
20231031,-165.5634
20231031,-166.6058
20231031,-166.058
20231031,-167.1298
20231031,-168.2832
20231031,-168.2145
20231031,-169.3261
20231031,-170.3644
20231031,-171.4331
20231031,-169.9276
20231031,-171.2734
20231101,-170.3378
20231101,-169.1215
20231101,-170.1589
20231101,-171.2707
20231101,-171.0627
20231101,-171.0435
20231101,-172.1066
20231101,-171.8104
20231101,-171.638
20231101,-172.716
20231101,-174.1632
20231101,-170.2079
20231101,-167.2118
20231101,-168.2868
20231101,-165.7777
20231101,-166.9029
20231101,-167.9551
20231101,-167.4078
20231101,-168.6824
20231101,-168.0261
20231102,-167.9827
20231102,-167.0396
20231102,-166.7082
20231102,-165.1097
20231102,-165.0099
20231102,-166.0913
20231102,-161.2192
20231102,-157.8754
20231102,-155.0994
20231102,-154.9448
20231102,-154.6488
20231102,-154.6095
20231102,-154.3309
20231102,-155.4239
20231102,-156.4979
20231102,-154.69
20231102,-155.7422
20231102,-155.9628
20231102,-157.1996
20231102,-157.0826
20231102,-156.6796
20231102,-157.82
20231102,-157.7922
20231103,-158.8393
20231103,-157.8356
20231103,-158.8631
20231103,-159.8726
20231103,-160.904
20231103,-160.4958
20231103,-160.7365
20231103,-161.7687
20231103,-160.7452
20231103,-161.7901
20231103,-162.7985
20231103,-162.0314
20231103,-163.1008
20231103,-164.1312
20231103,-163.2401
20231103,-162.1083
20231103,-161.1686
20231103,-159.0847
20231103,-153.112
20231103,-155.112
20231103,-156.2707
20231103,-157.3499
20231103,-158.5796
20231103,-157.3389
20231103,-158.5038
20231106,-156.0403
20231106,-157.0487
20231106,-158.0885
20231106,-159.1326
20231106,-159.1443
20231106,-156.9927
20231106,-155.8596
20231106,-155.8891
20231106,-156.9689
20231106,-156.5813
20231107,-157.5975
20231107,-156.0284
20231107,-155.272
20231107,-154.0727
20231107,-153.5895
20231107,-154.8293
20231107,-155.8646
20231107,-154.9581
20231107,-154.4508
20231107,-155.5168
20231107,-155.4308
20231107,-154.6061
20231107,-155.0778
20231107,-154.6758
20231107,-155.7587
20231107,-156.7837
20231107,-157.911
20231107,-159.013
20231107,-160.0464
20231107,-160.1099
20231107,-160.0212
20231107,-161.7777
20231107,-162.9894
20231107,-164.1779
20231107,-165.4168
20231108,-166.4965
20231108,-167.5293
20231108,-168.6532
20231108,-169.7085
20231108,-170.7523
20231108,-170.434
20231108,-169.4718
20231108,-169.2803
20231108,-167.4381
20231108,-168.5027
20231108,-167.6178
20231108,-168.8148
20231108,-170.8149
20231108,-170.7041
20231108,-170.9889
20231108,-172.0656
20231108,-173.1499
20231108,-172.9309
20231109,-174.0935
20231109,-173.5137
20231109,-172.5112
20231109,-172.3134
20231109,-172.2889
20231109,-173.2961
20231109,-174.3281
20231109,-173.0357
20231109,-174.1037
20231109,-173.4288
20231109,-170.5973
20231109,-171.6556
20231109,-172.8121
20231109,-174.2403
20231109,-175.545
20231109,-174.4451
20231109,-175.4774
20231109,-175.3697
20231110,-175.313
20231110,-174.5692
20231110,-175.6516
20231110,-175.3353
20231110,-176.4043
20231110,-176.0152
20231110,-175.6135
20231110,-176.784
20231110,-177.8704
20231110,-177.3536
20231110,-175.8093
20231110,-176.8918
20231110,-178.0264
20231110,-180.0263
20231110,-176.3113
20231110,-178.3113
20231110,-179.6965
20231110,-174.3027
20231110,-173.7445
20231110,-174.4341
20231113,-174.4361
20231113,-174.1931
20231113,-171.867
20231113,-173.0795
20231113,-173.0206
20231113,-174.1614
20231113,-175.4028
20231113,-176.577
20231113,-177.6937
20231113,-179.0095
20231113,-180.0764
20231113,-181.2729
20231113,-183.001
20231113,-184.1589
20231113,-185.1998
20231113,-185.3887
20231114,-183.6865
20231114,-182.7279
20231114,-182.2885
20231114,-179.4231
20231114,-179.4365
20231114,-179.1735
20231114,-175.722
20231114,-176.7567
20231114,-176.3188
20231114,-177.3511
20231114,-176.198
20231114,-176.0815
20231114,-177.0996
20231114,-176.5759
20231114,-175.6003
20231114,-176.6458
20231114,-177.6625
20231114,-178.8432
20231114,-179.9422
20231114,-181.1026
20231114,-180.6533
20231114,-181.7639
20231114,-183.6145
20231114,-185.1211
20231115,-183.9731
20231115,-182.1104
20231115,-183.1449
20231115,-184.223
20231115,-185.4351
20231115,-184.9858
20231115,-186.0427
20231115,-186.0501
20231115,-187.3072
20231115,-188.3532
20231115,-189.5006
20231115,-186.0273
20231115,-187.2469
20231115,-188.3082
20231115,-189.4025
20231116,-188.5767
20231116,-187.8278
20231116,-186.851
20231116,-186.4331
20231116,-185.9133
20231116,-186.9292
20231116,-186.5474
20231116,-187.6195
20231116,-188.6571
20231116,-189.7592
20231116,-191.1067
20231116,-192.33
20231116,-193.4196
20231116,-186.0416
20231116,-187.6202
20231116,-188.9282
20231117,-188.8631
20231117,-189.9036
20231117,-189.6932
20231117,-192.8058
20231117,-194.5354
20231117,-195.9878
20231117,-195.8942
20231117,-197.0404
20231117,-198.2703
20231117,-193.694
20231117,-194.8258
20231117,-194.3766
20231120,-193.1131
20231120,-190.2628
20231120,-191.2858
20231120,-192.3263
20231120,-193.3628
20231120,-194.4247
20231120,-193.8559
20231120,-192.1631
20231120,-193.1793
20231120,-193.1391
20231120,-193.2262
20231120,-194.2736
20231120,-193.8129
20231120,-192.4597
20231120,-191.6721
20231120,-192.9909
20231120,-194.1958
20231120,-195.2822
20231120,-196.3872
20231120,-197.6877
20231120,-198.3217
20231121,-199.3658
20231121,-200.3853
20231121,-200.2113
20231121,-200.2036
20231121,-201.3034
20231121,-201.1098
20231121,-202.3901
20231121,-203.4692
20231121,-204.5016
20231121,-204.295
20231121,-204.0053
20231121,-205.1187
20231121,-208.2603
20231121,-209.4253
20231121,-210.4682
20231121,-211.6751
20231122,-212.7432
20231122,-213.7994
20231122,-212.8474
20231122,-213.9177
20231122,-215.1365
20231122,-216.1763
20231122,-217.3511
20231122,-217.4461
20231122,-218.6482
20231122,-217.5102
20231122,-218.6101
20231122,-218.0955
20231122,-219.1391
20231122,-219.4931
20231124,-218.8713
20231124,-218.7484
20231124,-219.8336
20231124,-219.7966
20231124,-220.8935
20231124,-222.2447
20231124,-222.081
20231124,-223.156
20231124,-224.2663
20231127,-223.8065
20231127,-223.6982
20231127,-223.1654
20231127,-223.1507
20231127,-224.6202
20231127,-225.9761
20231127,-227.011
20231127,-228.3478
20231127,-227.9012
20231127,-229.2363
20231127,-230.9789
20231127,-230.2113
20231127,-231.6148
20231128,-230.9497
20231128,-232.0137
20231128,-233.0487
20231128,-234.0789
20231128,-235.122
20231128,-235.2257
20231128,-236.2892
20231128,-234.5826
20231128,-234.5314
20231128,-231.6378
20231128,-230.9386
20231128,-231.9727
20231128,-233.0122
20231128,-234.0881
20231128,-235.1417
20231128,-235.4789
20231128,-233.2254
20231129,-232.9701
20231129,-234.0637
20231129,-235.0953
20231129,-235.041
20231129,-234.9269
20231129,-234.7929
20231129,-234.477
20231129,-235.5983
20231129,-234.5183
20231129,-234.1455
20231129,-235.8161
20231129,-237.0493
20231129,-238.7256
20231129,-239.8593
20231129,-241.1525
20231129,-240.3663
20231129,-240.7458
20231130,-241.781
20231130,-241.0643
20231130,-240.5464
20231130,-238.4368
20231130,-238.0499
20231130,-232.1587
20231130,-233.1936
20231130,-232.6561
20231130,-233.7841
20231130,-233.7071
20231130,-234.9753
20231130,-236.0652
20231130,-233.1416
20231130,-234.476
20231130,-236.476
20231130,-237.5636
20231130,-238.8645
20231201,-238.8405
20231201,-239.8765
20231201,-240.8975
20231201,-240.4844
20231201,-241.5032
20231201,-241.6348
20231201,-239.9391
20231201,-238.9831
20231201,-240.0223
20231201,-240.0063
20231201,-239.8681
20231201,-239.6841
20231201,-238.5175
20231201,-239.9058
20231201,-241.5262
20231201,-242.8409
20231201,-243.9637
20231201,-245.2358
20231201,-246.3469
20231204,-247.4002
20231204,-248.52
20231204,-248.3139
20231204,-249.3423
20231204,-249.3543
20231204,-250.4058
20231204,-250.0106
20231204,-251.0403
20231204,-252.0728
20231204,-251.8269
20231204,-251.5465
20231204,-252.8457
20231204,-254.0533
20231204,-255.1137
20231204,-256.158
20231204,-253.7256
20231204,-254.9063
20231204,-253.5638
20231205,-251.2423
20231205,-247.965
20231205,-247.597
20231205,-248.6219
20231205,-248.5786
20231205,-249.7085
20231205,-250.9777
20231205,-252.3961
20231205,-253.6623
20231205,-255.0134
20231205,-253.9552
20231205,-255.4348
20231205,-256.5063
20231205,-257.6081
20231205,-258.9714
20231206,-258.8342
20231206,-258.0996
20231206,-259.1876
20231206,-260.2198
20231206,-260.067
20231206,-259.5913
20231206,-258.6902
20231206,-257.9505
20231206,-263.1774
20231206,-262.4707
20231206,-263.5285
20231206,-265.1496
20231207,-266.1711
20231207,-266.8332
20231207,-268.151
20231207,-268.0119
20231207,-267.271
20231207,-267.0991
20231207,-268.1719
20231207,-267.7374
20231207,-268.7727
20231207,-268.0636
20231207,-267.1348
20231207,-266.0854
20231207,-267.1921
20231207,-268.4263
20231208,-266.8935
20231208,-265.1294
20231208,-264.4224
20231208,-263.6431
20231208,-264.6705
20231208,-265.7051
20231208,-263.2457
20231208,-262.9721
20231208,-264.2451
20231208,-264.01
20231208,-261.8654
20231208,-263.1319
20231208,-264.3121
20231208,-263.8951
20231208,-259.4615
20231208,-251.739
20231208,-253.3268
20231208,-252.6921
20231208,-254.1979
20231208,-254.0656
20231208,-255.31
20231208,-256.5842
20231208,-256.2151
20231211,-254.9377
20231211,-253.4384
20231211,-249.581
20231211,-250.6819
20231211,-251.8349
20231211,-251.7176
20231211,-251.5626
20231211,-251.5037
20231211,-251.1136
20231211,-250.7165
20231211,-251.8602
20231211,-252.8744
20231211,-253.9103
20231211,-255.0481
20231211,-254.6406
20231211,-254.1691
20231211,-255.2813
20231211,-256.3453
20231211,-255.2728
20231211,-255.209
20231211,-257.2089
20231212,-256.1599
20231212,-254.5407
20231212,-255.5984
20231212,-256.6505
20231212,-256.6554
20231212,-256.2647
20231212,-254.561
20231212,-254.3002
20231212,-253.6148
20231212,-254.6612
20231212,-252.3079
20231212,-251.5155
20231212,-249.3382
20231212,-246.7716
20231212,-246.6441
20231212,-246.6155
20231212,-247.7883
20231212,-247.4165
20231212,-248.558
20231212,-249.6931
20231212,-247.7611
20231213,-248.8083
20231213,-248.3046
20231213,-247.6152
20231213,-247.1488
20231213,-248.7262
20231213,-249.8094
20231213,-250.8789
20231213,-251.9081
20231213,-249.5624
20231213,-250.7528
20231213,-251.8166
20231213,-241.2898
20231213,-242.3365
20231213,-240.6176
20231213,-241.8682
20231213,-243.0807
20231213,-244.1655
20231213,-241.261
20231213,-240.3471
20231213,-240.8407
20231213,-240.8035
20231214,-239.6454
20231214,-240.7079
20231214,-241.7362
20231214,-242.8626
20231214,-243.892
20231214,-243.6197
20231214,-244.6666
20231214,-245.7871
20231214,-247.014
20231214,-246.3941
20231214,-245.955
20231214,-247.0668
20231214,-248.3305
20231215,-248.0973
20231215,-249.1137
20231215,-250.1548
20231215,-247.4994
20231215,-248.5494
20231215,-249.5948
20231215,-249.1117
20231215,-248.9165
20231215,-249.9631
20231215,-251.0917
20231215,-252.1443
20231215,-253.1915
20231215,-254.546
20231215,-255.4072
20231218,-256.4805
20231218,-256.1414
20231218,-257.2054
20231218,-255.2051
20231218,-256.2307
20231218,-257.3491
20231218,-255.9441
20231218,-257.4294
20231218,-258.571
20231218,-260.1123
20231218,-261.2779
20231219,-261.436
20231219,-260.5733
20231219,-261.6807
20231219,-261.461
20231219,-262.5099
20231219,-260.8816
20231219,-262.0264
20231219,-263.0786
20231219,-262.9703
20231219,-262.6446
20231219,-261.4515
20231219,-262.8557
20231219,-260.964
20231219,-260.571
20231219,-257.9337
20231219,-259.3565
20231220,-260.4214
20231220,-261.4774
20231220,-259.9371
20231220,-261.0673
20231220,-260.3924
20231220,-261.4156
20231220,-260.5673
20231220,-260.4476
20231220,-261.4622
20231220,-262.5126
20231220,-263.6059
20231220,-262.8288
20231220,-262.6473
20231220,-265.2186
20231220,-260.952
20231220,-258.8441
20231220,-257.7585
20231220,-257.6908
20231220,-258.7238
20231221,-258.2921
20231221,-259.3254
20231221,-260.3655
20231221,-261.5708
20231221,-262.7096
20231221,-261.5905
20231221,-262.6308
20231221,-264.1264
20231222,-265.2226
20231222,-264.7489
20231222,-264.377
20231222,-262.4117
20231222,-259.9016
20231222,-269.3297
20231222,-270.8952
20231222,-268.8042
20231222,-268.1566
20231222,-267.9198
20231222,-267.0152
20231226,-266.8259
20231226,-266.7261
20231226,-267.8355
20231226,-268.8688
20231226,-268.476
20231226,-269.4922
20231226,-270.5319
20231226,-271.6217
20231226,-272.6915
20231226,-273.788
20231226,-274.9078
20231226,-274.4124
20231226,-276.1533
20231226,-276.8853
20231227,-277.9879
20231227,-279.051
20231227,-278.3523
20231227,-278.0261
20231227,-279.0953
20231227,-281.015
20231227,-282.1339
20231227,-283.3056
20231227,-284.3653
20231227,-284.2668
20231227,-285.3151
20231227,-284.9222
20231227,-280.4659
20231227,-282.514
20231227,-282.8982
20231227,-284.0178
20231227,-285.1068
20231228,-284.4272
20231228,-285.4726
20231228,-286.484
20231228,-286.6078
20231228,-287.6802
20231228,-288.8728
20231228,-290.452
20231228,-290.54
20231228,-291.6022
20231228,-292.6533
20231228,-293.89
20231228,-295.7257
20231229,-296.7787
20231229,-297.825
20231229,-296.8403
20231229,-295.8172
20231229,-296.9718
20231229,-295.5609
20231229,-294.0899
20231229,-293.9177
20231229,-294.9721
20231229,-294.4371
20231229,-293.4803
20231229,-292.687
20231229,-293.7767
20231229,-295.5684
20231229,-299.6715
20231229,-300.7739
20231229,-301.8532
20231229,-303.0486
20231229,-304.2031
20240102,-303.7906
20240102,-304.8229
20240102,-304.6422
20240102,-304.3617
20240102,-303.6818
20240102,-302.8256
20240102,-300.7213
20240102,-301.7581
20240102,-301.7943
20240102,-299.8314
20240102,-299.2218
20240102,-296.6938
20240102,-297.7595
20240102,-296.9039
20240102,-297.9322
20240102,-297.7411
20240102,-298.786
20240102,-298.662
20240102,-296.4693
20240102,-297.5867
20240102,-299.0045
20240102,-300.1698
20240102,-301.2512
20240102,-302.4416
20240102,-303.5271
20240102,-304.679
20240103,-305.7796
20240103,-305.3655
20240103,-305.1386
20240103,-303.9389
20240103,-304.9564
20240103,-306.0259
20240103,-307.0591
20240103,-308.1036
20240103,-309.136
20240103,-307.9857
20240103,-309.2714
20240103,-310.3771
20240103,-311.4529
20240104,-312.4936
20240104,-313.524
20240104,-314.5779
20240104,-315.6795
20240104,-318.3635
20240104,-316.8969
20240104,-317.9556
20240104,-317.9719
20240104,-320.0446
20240105,-319.9703
20240105,-317.3034
20240105,-318.353
20240105,-319.3653
20240105,-318.9863
20240105,-318.47
20240105,-318.0674
20240105,-319.1146
20240105,-317.9395
20240105,-318.9918
20240105,-320.0286
20240105,-321.4157
20240105,-322.587
20240105,-323.6557
20240105,-323.6323
20240105,-324.6994
20240105,-325.7433
20240105,-326.7825
20240105,-327.8165
20240105,-327.8137
20240105,-328.9142
20240105,-328.9026
20240108,-326.1213
20240108,-324.3927
20240108,-323.712
20240108,-324.8151
20240108,-322.9789
20240108,-324.1054
20240108,-325.2432
20240108,-324.5888
20240108,-323.7666
20240109,-323.2533
20240109,-322.6611
20240109,-321.2702
20240109,-320.9413
20240109,-320.9386
20240109,-319.8285
20240109,-320.8772
20240109,-321.9259
20240109,-322.9764
20240109,-316.9938
20240109,-318.5809
20240109,-320.407
20240109,-321.8587
20240109,-321.9162
20240109,-321.906
20240109,-316.1746
20240109,-312.6871
20240109,-310.7733
20240109,-312.1776
20240109,-313.5751
20240109,-314.695
20240109,-315.8093
20240109,-315.5742
20240109,-316.628
20240109,-317.9324
20240109,-320.3379
20240110,-321.5245
20240110,-320.5829
20240110,-320.3213
20240110,-321.4824
20240110,-322.5569
20240110,-321.1209
20240110,-319.5239
20240110,-319.0408
20240110,-320.0736
20240110,-322.0736
20240110,-321.1724
20240110,-322.4698
20240110,-320.4558
20240110,-321.7992
20240110,-322.8695
20240110,-322.301
20240110,-325.4421
20240110,-327.4081
20240111,-326.5978
20240111,-326.1723
20240111,-325.0836
20240111,-324.9028
20240111,-324.1414
20240111,-324.0315
20240111,-323.7681
20240111,-323.5129
20240111,-323.4906
20240111,-324.7063
20240111,-325.7668
20240111,-327.0479
20240111,-328.1157
20240111,-329.4179
20240111,-328.6597
20240111,-330.2803
20240111,-331.4001
20240111,-331.0558
20240112,-330.3448
20240112,-330.2005
20240112,-331.2512
20240112,-332.2768
20240112,-333.3063
20240112,-333.3036
20240112,-333.2962
20240112,-333.062
20240112,-334.1011
20240112,-333.4869
20240112,-334.5291
20240112,-333.6337
20240112,-333.6781
20240112,-333.9143
20240112,-335.0995
20240116,-335.1031
20240116,-334.6507
20240116,-334.3872
20240116,-332.6864
20240116,-333.7574
20240116,-334.8643
20240116,-335.9372
20240116,-337.0071
20240116,-338.1069
20240116,-339.2087
20240117,-340.2335
20240117,-340.0067
20240117,-341.1928
20240117,-340.6706
20240117,-340.3579
20240117,-341.4178
20240117,-339.8014
20240117,-339.7384
20240117,-340.8489
20240117,-341.9677
20240117,-343.006
20240118,-342.7968
20240118,-343.8335
20240118,-343.8809
20240118,-345.0447
20240118,-344.1301
20240118,-343.8499
20240118,-344.8895
20240118,-346.0477
20240118,-347.3324
20240118,-345.7098
20240118,-346.9175
20240118,-348.356
20240118,-348.0212
20240118,-345.2461
20240118,-345.2387
20240118,-346.3259
20240118,-347.4412
20240118,-348.7071
20240118,-348.7944
20240118,-349.1452
20240119,-350.2208
20240119,-344.8858
20240119,-345.9345
20240119,-342.1703
20240119,-341.4887
20240119,-342.545
20240119,-341.4833
20240119,-341.2908
20240119,-342.346
20240119,-341.3428
20240119,-339.5165
20240119,-340.5893
20240119,-341.6403
20240119,-340.523
20240119,-339.4533
20240119,-338.0947
20240119,-340.8231
20240119,-341.937
20240119,-341.8308
20240119,-340.8898
20240122,-341.9297
20240122,-342.9705
20240122,-344.0378
20240122,-345.2046
20240122,-346.2447
20240122,-345.9869
20240122,-347.0304
20240122,-348.1485
20240123,-347.6516
20240123,-347.3783
20240123,-348.4309
20240123,-349.4907
20240123,-350.5541
20240123,-352.1751
20240123,-353.5182
20240123,-349.7187
20240123,-350.7975
20240123,-352.1007
20240123,-353.1522
20240124,-352.1597
20240124,-350.9226
20240124,-350.7808
20240124,-350.3556
20240124,-350.301
20240124,-351.3411
20240124,-352.5579
20240124,-352.2148
20240124,-351.4464
20240124,-349.9743
20240124,-350.9932
20240124,-352.1128
20240124,-351.3431
20240124,-352.5151
20240124,-352.2603
20240124,-351.6624
20240124,-351.0598
20240124,-350.2541
20240124,-351.3948
20240125,-350.8736
20240125,-350.0114
20240125,-351.0795
20240125,-352.1452
20240125,-353.2637
20240125,-352.7319
20240125,-353.7747
20240125,-353.7281
20240125,-354.7649
20240125,-355.7943
20240125,-356.8468
20240125,-357.9209
20240125,-357.9508
20240125,-359.28
20240125,-360.345
20240125,-360.1264
20240125,-361.1582
20240125,-360.7698
20240125,-362.0025
20240125,-362.6577
20240126,-363.6992
20240126,-364.7725
20240126,-364.2079
20240126,-365.2957
20240126,-364.8306
20240126,-364.3826
20240126,-363.9689
20240126,-364.986
20240126,-364.7554
20240126,-364.5739
20240126,-365.6343
20240126,-366.7222
20240126,-366.6304
20240126,-367.8463
20240126,-366.0595
20240126,-367.1355
20240126,-369.1427
20240129,-370.1588
20240129,-371.198
20240129,-372.2376
20240129,-371.0383
20240129,-372.0846
20240129,-373.1832
20240129,-374.2708
20240129,-375.3286
20240129,-376.5434
20240129,-377.5936
20240129,-378.9268
20240129,-377.9365
20240129,-372.2152
20240129,-373.397
20240129,-371.294
20240129,-367.3874
20240129,-368.5478
20240129,-368.5915
20240129,-367.9205
20240130,-368.9429
20240130,-367.5197
20240130,-368.6993
20240130,-369.7218
20240130,-369.6195
20240130,-370.6723
20240130,-371.7293
20240130,-371.4593
20240130,-372.4882
20240130,-368.5234
20240130,-367.8272
20240130,-364.9557
20240130,-362.4581
20240130,-363.4931
20240130,-364.6302
20240130,-365.6999
20240131,-365.4551
20240131,-366.4946
20240131,-367.5121
20240131,-367.3956
20240131,-366.2981
20240131,-366.0965
20240131,-367.1428
20240131,-367.1772
20240131,-367.3409
20240201,-366.9698
20240201,-368.0409
20240201,-368.0288
20240201,-368.0045
20240201,-368.0015
20240201,-366.1856
20240201,-366.1092
20240201,-365.8221
20240201,-366.8522
20240201,-366.6875
20240201,-367.7682
20240201,-368.8103
20240201,-368.7965
20240201,-368.5397
20240201,-370.7041
20240201,-369.7293
20240202,-369.3513
20240202,-369.2219
20240202,-368.6433
20240202,-369.7161
20240202,-370.7306
20240202,-368.6762
20240202,-367.5004
20240202,-368.5615
20240202,-369.622
20240202,-370.7135
20240202,-371.785
20240202,-372.8548
20240202,-374.1814
20240202,-373.1605
20240205,-372.7144
20240205,-372.452
20240205,-373.4755
20240205,-374.4983
20240205,-375.5787
20240205,-376.6547
20240205,-376.4099
20240205,-377.4674
20240205,-377.2335
20240205,-377.092
20240205,-378.1531
20240205,-378.4587
20240205,-379.6334
20240205,-380.7289
20240206,-381.758
20240206,-381.4385
20240206,-381.3997
20240206,-382.6548
20240206,-380.7167
20240206,-381.7865
20240206,-383.0262
20240206,-384.1655
20240206,-385.2622
20240206,-386.2913
20240207,-385.81
20240207,-386.8541
20240207,-384.4924
20240207,-382.5802
20240207,-382.0144
20240207,-380.8043
20240207,-381.8194
20240207,-377.2312
20240207,-378.8853
20240207,-379.9914
20240207,-381.093
20240207,-382.1362
20240207,-383.7711
20240207,-384.8695
20240207,-380.1466
20240208,-381.1688
20240208,-382.2437
20240208,-383.2643
20240208,-383.0161
20240208,-384.1273
20240208,-383.4521
20240208,-384.4982
20240208,-383.2442
20240208,-384.29
20240208,-385.3229
20240208,-386.4426
20240208,-387.519
20240208,-389.1767
20240208,-390.7268
20240208,-391.8838
20240208,-393.8837
20240208,-393.5582
20240208,-393.1424
20240209,-392.0995
20240209,-388.7366
20240209,-388.6587
20240209,-386.7586
20240209,-384.1997
20240209,-381.2448
20240209,-382.3956
20240209,-377.3687
20240209,-378.4388
20240209,-379.4665
20240209,-377.1048
20240209,-376.7644
20240209,-377.9273
20240209,-379.0572
20240209,-377.0922
20240209,-379.0921
20240209,-380.1741
20240209,-381.4321
20240209,-378.6984
20240209,-379.9975
20240209,-381.1238
20240212,-380.8998
20240212,-380.2453
20240212,-379.0591
20240212,-380.0899
20240212,-381.135
20240212,-381.0667
20240212,-382.09
20240212,-381.603
20240212,-380.4175
20240212,-381.4534
20240212,-381.1315
20240212,-382.1665
20240212,-383.1921
20240212,-383.2919
20240212,-381.9163
20240212,-382.9817
20240212,-382.4824
20240212,-383.5251
20240212,-382.9886
20240212,-383.5377
20240213,-382.1076
20240213,-382.0125
20240213,-381.7259
20240213,-381.5897
20240213,-382.6063
20240213,-379.6823
20240213,-380.7522
20240213,-382.5
20240213,-378.3677
20240213,-379.4169
20240214,-378.1605
20240214,-377.3567
20240214,-378.3771
20240214,-378.3253
20240214,-379.6434
20240214,-380.8272
20240214,-380.5826
20240214,-379.9192
20240214,-380.9868
20240214,-379.8011
20240214,-377.9037
20240214,-378.9345
20240214,-380.1291
20240214,-369.694
20240214,-370.7404
20240214,-369.4258
20240214,-369.2784
20240214,-367.2112
20240214,-366.7798
20240214,-367.8732
20240215,-365.9293
20240215,-366.9655
20240215,-366.8576
20240215,-366.5473
20240215,-366.2892
20240215,-365.7438
20240215,-360.4678
20240215,-362.0865
20240215,-363.4875
20240215,-364.6526
20240215,-365.7085
20240215,-367.0187
20240215,-368.1889
20240216,-368.0994
20240216,-367.8196
20240216,-366.4511
20240216,-367.5854
20240216,-368.6524
20240216,-369.6782
20240216,-369.0704
20240216,-368.7444
20240216,-369.8815
20240216,-370.989
20240216,-372.078
20240216,-369.929
20240216,-371.0483
20240216,-367.9328
20240216,-369.0399
20240216,-370.1429
20240220,-370.0312
20240220,-369.6864
20240220,-369.2171
20240220,-369.2314
20240220,-368.9855
20240220,-370.0326
20240220,-371.0986
20240220,-372.1538
20240220,-373.2053
20240220,-374.3136
20240220,-375.8972
20240220,-376.9677
20240220,-375.4672
20240220,-376.0026
20240220,-376.3209
20240220,-377.3543
20240220,-376.8981
20240221,-377.9194
20240221,-377.6575
20240221,-378.7045
20240221,-376.1471
20240221,-377.1632
20240221,-378.2216
20240221,-378.4309
20240221,-379.4877
20240221,-380.5164
20240221,-380.3645
20240221,-381.3827
20240221,-382.5127
20240221,-382.2658
20240221,-380.5525
20240221,-381.6702
20240221,-382.7786
20240221,-381.798
20240222,-382.8125
20240222,-383.8405
20240222,-383.1799
20240222,-384.2249
20240222,-385.2918
20240222,-387.1431
20240222,-386.8409
20240222,-386.1208
20240222,-387.177
20240222,-387.5951
20240222,-385.7323
20240222,-386.7929
20240222,-387.8619
20240222,-388.0181
20240222,-389.1042
20240223,-390.1262
20240223,-389.6175
20240223,-390.7158
20240223,-390.6565
20240223,-390.5748
20240223,-390.3496
20240223,-390.3811
20240223,-391.4286
20240223,-390.5149
20240223,-391.6755
20240223,-391.6977
20240226,-391.5771
20240226,-392.6
20240226,-393.7417
20240226,-393.6454
20240226,-393.2431
20240226,-393.2025
20240226,-393.2338
20240226,-392.1498
20240226,-393.2671
20240226,-394.2997
20240226,-395.3797
20240226,-396.5332
20240226,-397.8386
20240226,-398.919
20240226,-399.9908
20240226,-401.0354
20240226,-402.2594
20240226,-399.961
20240227,-399.2275
20240227,-399.0495
20240227,-398.3437
20240227,-399.3854
20240227,-400.4597
20240227,-401.5625
20240227,-402.702
20240227,-402.5255
20240227,-402.0096
20240227,-403.104
20240227,-404.2077
20240227,-405.2541
20240227,-405.9813
20240227,-405.9741
20240228,-407.0114
20240228,-405.7246
20240228,-406.782
20240228,-407.8909
20240228,-407.8332
20240228,-407.5862
20240228,-408.5989
20240228,-404.7969
20240228,-405.8552
20240228,-406.9246
20240228,-408.1992
20240228,-409.4045
20240228,-410.4781
20240228,-402.1736
20240229,-401.0126
20240229,-400.232
20240229,-401.2692
20240229,-400.6818
20240229,-400.4773
20240229,-400.2435
20240229,-401.267
20240229,-402.2855
20240229,-403.5689
20240229,-403.405
20240229,-404.6135
20240229,-404.4796
20240229,-404.3557
20240229,-405.424
20240229,-405.0879
20240229,-406.2076
20240301,-407.2409
20240301,-407.2418
20240301,-404.1883
20240301,-401.7988
20240301,-400.8683
20240301,-401.9064
20240301,-402.937
20240301,-400.9209
20240301,-401.9693
20240301,-400.9066
20240301,-401.9607
20240301,-403.2469
20240301,-404.9148
20240301,-406.4038
20240304,-406.8911
20240304,-407.0529
20240304,-406.926
20240304,-407.9456
20240304,-406.028
20240304,-407.0787
20240304,-408.2211
20240304,-408.2183
20240304,-409.2485
20240304,-410.2763
20240304,-411.5691
20240304,-413.0315
20240304,-415.5845
20240304,-417.0666
20240304,-418.0987
20240304,-418.2557
20240304,-419.3044
20240304,-420.4172
20240305,-419.8795
20240305,-419.6746
20240305,-420.7627
20240305,-421.8189
20240305,-422.8527
20240305,-423.8787
20240305,-423.8494
20240305,-423.5327
20240305,-424.7918
20240305,-425.8708
20240305,-426.9526
20240305,-428.103
20240305,-429.1117
20240305,-430.2294
20240305,-427.4732
20240305,-429.0214
20240306,-430.0668
20240306,-429.9189
20240306,-429.8595
20240306,-429.806
20240306,-429.5535
20240306,-430.5713
20240306,-431.6206
20240306,-432.7037
20240306,-431.5259
20240306,-432.6014
20240306,-430.5139
20240306,-431.8238
20240306,-431.8026
20240306,-432.8887
20240306,-432.3492
20240306,-431.5134
20240306,-431.2265
20240306,-432.3484
20240307,-433.3871
20240307,-434.4281
20240307,-435.4623
20240307,-435.5008
20240307,-432.5482
20240307,-429.9746
20240307,-430.0167
20240307,-431.0289
20240307,-432.1921
20240307,-432.0708
20240307,-430.0024
20240307,-431.0486
20240307,-432.2323
20240307,-433.3632
20240307,-434.5164
20240308,-435.5653
20240308,-435.6045
20240308,-436.7396
20240308,-436.1873
20240308,-437.1951
20240308,-436.6913
20240308,-436.5719
20240308,-437.6032
20240308,-438.6283
20240308,-439.6922
20240308,-440.7211
20240308,-441.7863
20240308,-441.7002
20240308,-442.7321
20240308,-443.9075
20240308,-444.9376
20240308,-446.2826
20240308,-447.3688
20240311,-446.0896
20240311,-445.7177
20240311,-444.7582
20240311,-444.6975
20240311,-445.7885
20240311,-446.8664
20240311,-445.5612
20240311,-446.6034
20240311,-447.6664
20240311,-448.8188
20240311,-449.849
20240311,-451.5195
20240311,-450.8476
20240312,-451.9016
20240312,-452.9633
20240312,-454.0104
20240312,-451.3806
20240312,-452.4264
20240312,-453.6574
20240312,-454.9142
20240312,-456.0588
20240312,-457.2223
20240312,-456.3912
20240312,-457.4332
20240312,-458.8253
20240312,-458.1606
20240312,-459.4037
20240312,-460.7676
20240312,-462.3186
20240312,-463.9034
20240312,-465.147
20240313,-466.3856
20240313,-467.5045
20240313,-468.5493
20240313,-467.4211
20240313,-465.0549
20240313,-466.0853
20240313,-467.0906
20240313,-465.4566
20240313,-465.437
20240313,-466.4791
20240313,-464.4525
20240313,-465.5707
20240313,-467.3533
20240313,-468.405
20240313,-470.2
20240313,-471.2271
20240313,-470.5248
20240314,-470.3478
20240314,-470.0821
20240314,-470.4889
20240314,-470.2928
20240314,-469.3704
20240314,-470.3875
20240314,-469.941
20240314,-469.3077
20240314,-470.3356
20240314,-467.2064
20240314,-468.3489
20240314,-469.529
20240314,-470.8794
20240314,-470.536
20240314,-473.1479
20240314,-474.2629
20240314,-475.4234
20240314,-473.2243
20240314,-470.5376
20240314,-471.5529
20240315,-471.4275
20240315,-472.5088
20240315,-473.5467
20240315,-474.6102
20240315,-474.56
20240315,-475.5932
20240315,-476.7074
20240315,-473.5726
20240315,-473.0231
20240315,-474.1603
20240315,-473.8352
20240315,-474.9071
20240318,-475.9929
20240318,-476.6115
20240318,-476.4921
20240318,-477.5059
20240318,-476.9406
20240318,-476.8266
20240318,-477.9078
20240318,-476.6305
20240318,-475.3309
20240318,-474.7578
20240318,-475.8316
20240318,-476.9489
20240319,-476.2712
20240319,-477.3271
20240319,-478.3369
20240319,-479.4099
20240319,-480.9791
20240319,-482.08
20240319,-483.8182
20240319,-485.0886
20240319,-486.2728
20240319,-487.6947
20240319,-488.8348
20240319,-489.8714
20240319,-486.96
20240319,-488.2055
20240320,-489.2155
20240320,-482.6229
20240320,-483.7298
20240320,-482.7957
20240320,-481.8084
20240320,-481.6392
20240320,-482.7247
20240320,-482.7233
20240320,-482.7818
20240320,-483.9129
20240320,-485.0736
20240320,-484.6344
20240320,-484.6378
20240320,-484.2575
20240320,-483.9077
20240320,-483.4745
20240320,-483.3101
20240320,-482.9715
20240320,-482.8483
20240320,-482.6202
20240321,-481.9788
20240321,-481.7191
20240321,-481.3043
20240321,-482.4347
20240321,-479.2542
20240321,-477.8355
20240321,-476.8136
20240321,-476.1493
20240321,-474.3715
20240321,-475.4118
20240321,-478.292
20240321,-479.6419
20240321,-480.8775
20240321,-482.1544
20240321,-483.2294
20240321,-482.5049
20240321,-484.0083
20240322,-483.6921
20240322,-482.2367
20240322,-483.3038
20240322,-484.3336
20240322,-484.3684
20240322,-481.8147
20240322,-482.8496
20240322,-481.7831
20240322,-482.8078
20240322,-483.9771
20240322,-485.1317
20240322,-486.6856
20240325,-486.3279
20240325,-486.1739
20240325,-485.9553
20240325,-487.2405
20240325,-488.4033
20240325,-489.5306
20240325,-491.0493
20240326,-490.2313
20240326,-490.2125
20240326,-490.1959
20240326,-488.8469
20240326,-488.7969
20240326,-489.8761
20240326,-487.184
20240326,-488.3138
20240326,-489.5873
20240326,-490.7173
20240326,-490.7206
20240326,-491.8432
20240326,-491.8102
20240327,-491.5068
20240327,-491.2062
20240327,-490.2897
20240327,-490.0558
20240327,-489.2585
20240327,-488.9112
20240327,-487.6315
20240327,-487.5071
20240327,-488.7067
20240327,-489.7629
20240327,-491.1609
20240327,-492.241
20240327,-493.3843
20240327,-493.0123
20240327,-491.4997
20240327,-489.8166
20240327,-489.478
20240327,-488.9422
20240328,-490.0615
20240328,-490.4127
20240328,-490.2942
20240328,-491.3343
20240328,-492.7365
20240328,-493.7904
20240328,-494.2972
20240328,-494.4782
20240328,-495.5774
20240328,-495.1579
20240328,-493.9131
20240328,-495.0068
20240328,-496.0888
20240328,-497.2074
20240328,-497.6356
20240401,-497.8349
20240401,-498.8464
20240401,-498.5103
20240401,-499.5673
20240401,-500.5974
20240401,-500.3359
20240401,-501.5182
20240401,-501.1537
20240401,-502.4679
20240401,-501.3868
20240401,-502.7476
20240401,-502.0689
20240401,-503.408
20240402,-502.2293
20240402,-500.081
20240402,-501.1633
20240402,-502.1987
20240402,-503.3282
20240402,-502.8527
20240402,-502.1714
20240402,-503.297
20240402,-504.4739
20240402,-504.0413
20240402,-505.1077
20240402,-506.3278
20240402,-506.1082
20240403,-505.7722
20240403,-506.8153
20240403,-506.4116
20240403,-506.0469
20240403,-507.1092
20240403,-507.058
20240403,-508.1224
20240403,-509.2169
20240403,-510.2887
20240403,-511.5058
20240403,-512.566
20240403,-513.8962
20240403,-513.5771
20240403,-514.8439
20240403,-516.1659
20240404,-515.8818
20240404,-516.9001
20240404,-517.9409
20240404,-517.6122
20240404,-518.7352
20240404,-519.7817
20240404,-520.8626
20240404,-521.9148
20240404,-523.0414
20240404,-524.1654
20240404,-523.7691
20240404,-524.8395
20240404,-525.9313
20240404,-527.1055
20240404,-527.1749
20240404,-527.0453
20240404,-526.1621
20240404,-524.4764
20240404,-523.6624
20240405,-521.6093
20240405,-522.6273
20240405,-520.0584
20240405,-519.7789
20240405,-520.8818
20240405,-520.7955
20240405,-520.8135
20240408,-521.892
20240408,-521.4808
20240408,-522.5293
20240408,-521.9951
20240408,-522.0202
20240408,-520.4068
20240408,-519.3893
20240408,-518.9426
20240408,-518.2834
20240408,-519.3906
20240408,-520.482
20240409,-519.7734
20240409,-520.8008
20240409,-521.8363
20240409,-522.9739
20240409,-524.006
20240409,-523.9375
20240409,-524.9801
20240409,-525.9939
20240409,-527.133
20240409,-528.2312
20240409,-529.6577
20240409,-530.8629
20240409,-531.9243
20240409,-533.303
20240409,-534.4081
20240409,-536.0495
20240409,-535.3206
20240409,-532.6563
20240409,-534.1155
20240409,-536.4131
20240410,-536.1106
20240410,-535.3099
20240410,-536.3653
20240410,-535.4871
20240410,-536.5884
20240410,-536.121
20240410,-537.2461
20240410,-535.7796
20240410,-535.8031
20240410,-536.8293
20240410,-537.8591
20240410,-538.8833
20240410,-539.9184
20240410,-540.9584
20240410,-540.2841
20240410,-541.4268
20240411,-541.0429
20240411,-540.5514
20240411,-541.6573
20240411,-541.4252
20240411,-540.0998
20240411,-539.8523
20240411,-540.8883
20240411,-540.7419
20240411,-541.7838
20240411,-540.7821
20240411,-541.8115
20240411,-540.9178
20240411,-541.9789
20240411,-543.0623
20240411,-544.1668
20240411,-543.385
20240411,-543.2443
20240411,-544.2802
20240411,-543.648
20240411,-543.5309
20240412,-544.5977
20240412,-544.2678
20240412,-543.5672
20240412,-544.7568
20240412,-545.7913
20240412,-544.8349
20240412,-545.8744
20240412,-545.685
20240415,-544.0994
20240415,-545.1241
20240415,-543.4828
20240415,-541.3955
20240415,-541.3938
20240415,-539.8517
20240415,-536.0634
20240415,-533.1116
20240415,-531.4108
20240415,-530.688
20240415,-529.5232
20240415,-529.4538
20240415,-527.1763
20240415,-525.757
20240415,-525.7348
20240415,-524.962
20240415,-525.9894
20240415,-525.4741
20240416,-526.5511
20240416,-527.6001
20240416,-528.6789
20240416,-529.7668
20240416,-530.7966
20240416,-531.8228
20240416,-531.4508
20240416,-531.2076
20240416,-530.7413
20240416,-529.7646
20240416,-530.8178
20240416,-531.8719
20240417,-529.5961
20240417,-528.0335
20240417,-527.9752
20240417,-527.627
20240417,-526.8928
20240417,-525.3373
20240417,-525.307
20240417,-524.2623
20240417,-525.4484
20240417,-525.267
20240417,-526.3099
20240417,-527.3429
20240417,-528.7885
20240417,-529.924
20240417,-531.0972
20240418,-532.1518
20240418,-533.1806
20240418,-532.1982
20240418,-533.4083
20240418,-534.6195
20240418,-531.1408
20240418,-530.7287
20240418,-531.8203
20240418,-532.8591
20240418,-533.8976
20240418,-535.0027
20240419,-534.1465
20240419,-534.0507
20240419,-532.7637
20240419,-533.8017
20240419,-533.4136
20240419,-534.673
20240419,-534.6507
20240419,-527.9554
20240419,-526.3859
20240419,-526.3309
20240419,-524.7912
20240419,-524.244
20240419,-523.0168
20240419,-524.1781
20240419,-525.2081
20240419,-526.2443
20240419,-527.2966
20240419,-525.633
20240422,-525.6459
20240422,-526.7481
20240422,-526.7391
20240422,-527.774
20240422,-528.8185
20240422,-528.5155
20240422,-526.6177
20240422,-527.6436
20240422,-528.6862
20240422,-529.7099
20240422,-530.7381
20240422,-532.8769
20240422,-533.9258
20240422,-534.9992
20240422,-536.1119
20240422,-537.2576
20240422,-538.375
20240422,-537.5577
20240422,-535.9458
20240422,-537.0384
20240422,-538.07
20240422,-538.0156
20240422,-537.7934
20240422,-538.8464
20240423,-538.4705
20240423,-539.5065
20240423,-538.4574
20240423,-537.6644
20240423,-538.686
20240423,-539.7845
20240423,-539.8868
20240423,-541.0106
20240423,-540.8252
20240423,-541.9006
20240423,-542.9736
20240423,-544.3711
20240423,-547.7905
20240423,-546.1646
20240423,-545.7087
20240423,-546.821
20240423,-548.0438
20240423,-549.1446
20240424,-546.9718
20240424,-547.9891
20240424,-546.7703
20240424,-547.8887
20240424,-548.9406
20240424,-548.5708
20240424,-549.6532
20240424,-550.7214
20240424,-550.514
20240424,-551.9574
20240424,-553.2545
20240424,-553.0901
20240425,-552.4469
20240425,-550.0477
20240425,-549.5688
20240425,-550.6143
20240425,-551.6285
20240425,-551.7838
20240425,-552.9126
20240425,-553.9794
20240425,-553.2532
20240425,-554.5136
20240425,-555.6855
20240425,-556.8978
20240426,-556.6162
20240426,-557.6348
20240426,-558.6793
20240426,-559.6918
20240426,-556.5239
20240426,-553.6906
20240426,-554.8291
20240426,-560.6401
20240426,-561.7327
20240426,-562.9514
20240429,-563.9788
20240429,-563.6431
20240429,-562.9665
20240429,-562.1922
20240429,-563.271
20240429,-564.7296
20240429,-565.964
20240429,-567.0215
20240429,-568.0597
20240429,-569.1034
20240430,-570.1168
20240430,-569.2706
20240430,-568.3401
20240430,-565.0795
20240430,-564.9637
20240430,-566.066
20240430,-565.0758
20240430,-566.1341
20240501,-566.1326
20240501,-567.2662
20240501,-567.297
20240501,-566.7798
20240501,-567.8501
20240501,-568.9056
20240501,-569.993
20240501,-571.0398
20240501,-572.6143
20240501,-572.5462
20240501,-574.5462
20240501,-575.5993
20240501,-576.704
20240501,-577.8548
20240502,-577.2075
20240502,-575.5126
20240502,-575.3943
20240502,-574.6734
20240502,-574.4168
20240502,-575.4364
20240502,-575.2807
20240502,-575.3407
20240502,-575.5388
20240502,-575.0775
20240502,-576.094
20240502,-577.1594
20240502,-578.2225
20240502,-571.5942
20240502,-572.6455
20240502,-573.6967
20240502,-574.7139
20240502,-575.8034
20240502,-576.9799
20240502,-578.5594
20240502,-576.6487
20240502,-576.6415
20240502,-575.2474
20240503,-575.0131
20240503,-574.4462
20240503,-573.5767
20240503,-573.5061
20240503,-573.6362
20240503,-574.6866
20240503,-575.7073
20240503,-570.1322
20240503,-571.2057
20240503,-572.2705
20240503,-573.4694
20240506,-573.8519
20240506,-574.9518
20240506,-575.9862
20240506,-573.3626
20240506,-570.2502
20240506,-569.8179
20240506,-566.12
20240506,-567.2134
20240506,-564.5594
20240506,-565.6028
20240506,-566.7713
20240506,-567.8138
20240506,-568.2272
20240506,-569.5141
20240506,-570.6785
20240507,-570.3456
20240507,-568.6013
20240507,-569.7281
20240507,-569.7408
20240507,-569.4882
20240507,-570.5512
20240507,-571.5931
20240507,-573.1785
20240507,-574.2329
20240507,-575.271
20240507,-576.3591
20240507,-575.4575
20240507,-574.3321
20240507,-574.3691
20240507,-572.4232
20240507,-571.3889
20240508,-572.4471
20240508,-572.1953
20240508,-573.2165
20240508,-572.705
20240508,-572.3861
20240508,-573.415
20240508,-574.456
20240508,-575.511
20240508,-576.5677
20240508,-577.6206
20240508,-577.5361
20240508,-578.6159
20240508,-579.6545
20240508,-580.697
20240508,-580.3209
20240508,-581.7238
20240508,-582.9506
20240508,-584.121
20240509,-582.6366
20240509,-583.6559
20240509,-581.5636
20240509,-582.6017
20240509,-583.0273
20240509,-582.4296
20240509,-583.548
20240509,-580.7917
20240509,-578.1865
20240509,-577.9243
20240509,-577.6321
20240509,-576.9195
20240509,-577.9788
20240509,-579.0777
20240509,-580.1674
20240509,-581.2686
20240509,-583.2686
20240509,-576.8435
20240509,-576.351
20240509,-576.2195
20240509,-576.3825
20240510,-577.408
20240510,-578.4652
20240510,-578.4068
20240510,-580.4067
20240510,-580.5685
20240510,-581.6125
20240510,-580.8108
20240510,-580.515
20240510,-580.4817
20240510,-581.5391
20240513,-582.5752
20240513,-583.6769
20240513,-584.7258
20240513,-584.6542
20240513,-584.1813
20240513,-582.9576
20240513,-583.969
20240514,-583.4953
20240514,-584.6918
20240514,-584.6781
20240514,-585.7666
20240514,-586.9456
20240514,-586.8099
20240514,-583.7061
20240514,-584.7616
20240514,-584.5712
20240514,-585.7329
20240514,-586.8985
20240514,-586.5819
20240514,-586.1822
20240514,-587.8905
20240514,-588.9067
20240515,-589.9802
20240515,-589.5949
20240515,-589.6027
20240515,-588.5196
20240515,-584.1083
20240515,-583.7927
20240515,-581.9159
20240515,-581.1786
20240515,-582.2658
20240515,-574.4611
20240515,-570.3839
20240515,-570.3369
20240515,-571.4267
20240515,-572.4586
20240516,-573.568
20240516,-574.6064
20240516,-575.6454
20240516,-576.6857
20240516,-575.5535
20240516,-576.5774
20240516,-577.6048
20240516,-578.6891
20240516,-579.7385
20240516,-579.3083
20240516,-580.4011
20240516,-581.6476
20240516,-582.7811
20240516,-584.1852
20240516,-585.3348
20240516,-584.0816
20240517,-585.1437
20240517,-584.2866
20240517,-585.7734
20240517,-584.1116
20240517,-585.195
20240517,-586.3338
20240517,-587.4144
20240517,-588.6837
20240517,-589.7437
20240517,-589.4474
20240517,-585.9946
20240517,-587.0823
20240517,-588.332
20240517,-587.7556
20240520,-588.8809
20240520,-589.9416
20240520,-589.5605
20240520,-590.664
20240520,-591.8548
20240520,-592.8873
20240520,-593.9654
20240520,-595.0491
20240520,-596.3663
20240520,-598.016
20240520,-599.0736
20240520,-598.987
20240520,-600.7361
20240521,-601.1039
20240521,-599.2978
20240521,-600.329
20240521,-597.3291
20240521,-596.6952
20240521,-596.3694
20240521,-597.6131
20240521,-598.6784
20240521,-598.0754
20240521,-599.2852
20240521,-600.3665
20240521,-601.5547
20240521,-603.0224
20240521,-603.5391
20240522,-603.575
20240522,-604.6023
20240522,-603.5815
20240522,-604.6274
20240522,-605.6926
20240522,-605.6434
20240522,-606.7195
20240522,-607.7996
20240522,-607.2858
20240522,-608.3508
20240522,-609.4009
20240522,-610.9913
20240522,-612.1699
20240522,-611.5552
20240522,-612.6322
20240522,-613.6895
20240523,-613.0958
20240523,-612.73
20240523,-612.4508
20240523,-611.8063
20240523,-612.8303
20240523,-612.6447
20240523,-613.6789
20240523,-614.7224
20240523,-608.5065
20240523,-607.8385
20240523,-607.3914
20240523,-605.769
20240523,-604.5891
20240523,-606.0863
20240523,-608.0864
20240524,-607.8403
20240524,-608.8875
20240524,-609.9408
20240524,-608.9093
20240524,-609.9963
20240524,-608.8556
20240524,-607.1572
20240528,-606.9179
20240528,-606.8609
20240528,-607.5888
20240528,-608.615
20240528,-608.5404
20240528,-609.5897
20240528,-609.5846
20240528,-607.7779
20240528,-608.9244
20240528,-610.0144
20240528,-611.0453
20240528,-612.0939
20240528,-609.721
20240528,-610.8366
20240528,-611.996
20240528,-613.0799
20240528,-611.4507
20240528,-612.509
20240528,-612.1968
20240528,-613.2459
20240528,-614.5817
20240529,-614.7504
20240529,-615.6156
20240529,-616.6353
20240529,-616.2766
20240529,-617.3068
20240529,-618.334
20240529,-619.372
20240529,-620.5431
20240529,-621.5805
20240529,-622.6641
20240530,-622.3526
20240530,-623.488
20240530,-624.5387
20240530,-625.5689
20240530,-626.6193
20240530,-627.6933
20240530,-629.0713
20240530,-628.6735
20240530,-629.7071
20240530,-628.7361
20240530,-629.9588
20240530,-631.0413
20240530,-630.4948
20240530,-629.8524
20240530,-628.4993
20240530,-628.2965
20240531,-627.9459
20240531,-627.5967
20240531,-627.3142
20240531,-627.2644
20240531,-626.6365
20240531,-626.4257
20240531,-625.6902
20240531,-626.7022
20240531,-627.7584
20240531,-627.7008
20240531,-627.3476
20240531,-624.1206
20240531,-625.4393
20240531,-626.5699
20240531,-626.4312
20240531,-627.451
20240531,-625.4187
20240603,-626.4422
20240603,-626.1758
20240603,-624.9895
20240603,-624.9279
20240603,-624.618
20240603,-622.2185
20240603,-622.2058
20240603,-621.7094
20240603,-622.991
20240603,-624.0382
20240603,-624.0264
20240603,-625.3178
20240603,-626.7648
20240604,-626.7634
20240604,-626.6187
20240604,-627.6533
20240604,-628.7072
20240604,-628.265
20240604,-629.2849
20240604,-630.3422
20240604,-629.8429
20240604,-630.8606
20240604,-632.0671
20240604,-633.1734
20240604,-634.4432
20240604,-635.5356
20240604,-634.6664
20240604,-635.8738
20240604,-634.8666
20240604,-635.9103
20240604,-636.6397
20240605,-637.7106
20240605,-634.4222
20240605,-635.4553
20240605,-635.0051
20240605,-634.6845
20240605,-634.1469
20240605,-633.9581
20240605,-635.0127
20240605,-636.1192
20240605,-633.7599
20240605,-634.8687
20240605,-633.7743
20240605,-635.0235
20240605,-634.233
20240605,-635.3963
20240606,-635.3443
20240606,-635.0792
20240606,-634.5949
20240606,-634.273
20240606,-633.8049
20240606,-633.3411
20240606,-634.36
20240606,-633.6349
20240606,-633.3908
20240606,-634.4045
20240606,-634.0298
20240606,-633.5549
20240606,-634.6338
20240606,-633.9046
20240606,-635.0374
20240606,-637.3434
20240607,-636.0655
20240607,-637.0887
20240607,-636.6219
20240607,-636.0919
20240607,-637.1153
20240607,-636.997
20240607,-636.491
20240607,-636.4262
20240607,-636.2673
20240607,-637.3298
20240607,-638.3522
20240607,-638.0229
20240607,-639.1969
20240607,-640.4325
20240607,-641.4927
20240610,-641.3296
20240610,-642.3456
20240610,-642.3669
20240610,-643.4214
20240610,-643.3575
20240610,-644.3896
20240610,-644.1419
20240610,-643.7111
20240610,-642.6213
20240610,-642.3682
20240610,-642.2228
20240610,-643.4308
20240610,-641.8992
20240610,-641.3756
20240610,-639.4789
20240610,-637.3984
20240611,-638.4324
20240611,-639.1412
20240611,-640.1643
20240611,-641.2131
20240611,-642.2314
20240611,-641.8956
20240611,-641.9095
20240611,-642.3729
20240611,-643.4316
20240611,-644.4482
20240611,-643.9807
20240611,-643.2061
20240611,-641.9963
20240611,-641.9529
20240611,-641.829
20240611,-640.6342
20240611,-639.7627
20240611,-640.8244
20240611,-639.9116
20240612,-640.9551
20240612,-640.6715
20240612,-640.388
20240612,-640.1216
20240612,-639.9171
20240612,-638.6289
20240612,-637.6291
20240612,-638.8904
20240612,-638.6971
20240612,-639.7593
20240612,-639.6236
20240613,-640.6441
20240613,-640.5115
20240613,-639.9798
20240613,-640.9889
20240613,-642.2084
20240613,-641.9058
20240613,-642.0373
20240613,-643.2355
20240613,-639.8556
20240613,-640.9067
20240614,-641.9639
20240614,-642.9974
20240614,-642.6234
20240614,-642.094
20240614,-641.3758
20240614,-642.4192
20240614,-643.443
20240614,-644.4982
20240614,-645.676
20240614,-644.4634
20240614,-644.4098
20240614,-645.5375
20240614,-646.5734
20240614,-647.721
20240614,-648.7294
20240614,-649.8013
20240614,-651.1588
20240614,-652.482
20240614,-653.602
20240614,-654.7779
20240614,-656.0151
20240614,-657.3094
20240617,-657.1263
20240617,-656.1768
20240617,-657.2409
20240617,-658.3883
20240617,-659.4425
20240617,-658.9888
20240617,-660.0273
20240617,-656.1546
20240617,-657.268
20240617,-654.4342
20240617,-655.5071
20240617,-655.4192
20240618,-654.669
20240618,-655.6931
20240618,-655.4445
20240618,-654.7382
20240618,-655.7504
20240618,-656.8526
20240618,-657.9183
20240618,-659.4649
20240618,-660.5497
20240618,-661.5688
20240618,-661.6406
20240618,-662.7605
20240618,-661.723
20240620,-662.7972
20240620,-662.7539
20240620,-662.7814
20240620,-663.8899
20240620,-664.9126
20240620,-664.5906
20240620,-664.4031
20240620,-665.4403
20240620,-665.4082
20240620,-661.7734
20240620,-662.7901
20240620,-663.9569
20240620,-663.8984
20240620,-665.0516
20240620,-666.6593
20240621,-667.6709
20240621,-668.6899
20240621,-668.1298
20240621,-669.1386
20240621,-668.5132
20240621,-669.6171
20240621,-669.5684
20240621,-669.558
20240621,-670.5872
20240621,-670.2865
20240621,-671.3475
20240621,-670.4911
20240621,-671.3008
20240621,-672.3575
20240621,-673.6585
20240621,-673.3531
20240621,-672.7898
20240624,-671.6434
20240624,-670.7835
20240624,-670.6757
20240624,-671.6947
20240624,-670.6576
20240624,-669.9119
20240624,-670.9373
20240624,-671.9511
20240624,-670.38
20240624,-671.6553
20240624,-674.2003
20240624,-675.4375
20240624,-676.4824
20240624,-677.5377
20240624,-676.2846
20240624,-675.5553
20240624,-676.9144
20240624,-676.8116
20240625,-676.418
20240625,-675.7535
20240625,-676.79
20240625,-677.0861
20240625,-676.9203
20240625,-677.9542
20240625,-679.0425
20240625,-678.358
20240625,-679.62
20240625,-679.47
20240625,-680.6094
20240625,-679.1443
20240625,-678.4601
20240626,-679.5001
20240626,-679.5451
20240626,-678.3863
20240626,-676.228
20240626,-677.3952
20240626,-676.9915
20240626,-678.0771
20240626,-679.2101
20240626,-681.4178
20240626,-682.6156
20240626,-683.7036
20240627,-684.7662
20240627,-685.858
20240627,-686.9135
20240627,-687.9471
20240627,-685.999
20240627,-687.2859
20240627,-686.3731
20240627,-686.2184
20240627,-687.4727
20240627,-688.5844
20240627,-689.6716
20240627,-689.6143
20240627,-690.9182
20240627,-692.0449
20240627,-693.147
20240627,-694.3008
20240627,-695.3483
20240627,-695.3078
20240628,-694.2547
20240628,-695.2742
20240628,-695.0873
20240628,-696.1163
20240628,-697.1665
20240628,-698.199
20240628,-699.2734
20240628,-698.8392
20240628,-699.8715
20240628,-699.4289
20240628,-700.4585
20240628,-699.6796
20240628,-701.0033
20240701,-702.0802
20240701,-703.1005
20240701,-702.8636
20240701,-703.9042
20240701,-704.9116
20240701,-701.8888
20240701,-703.3449
20240701,-704.3764
20240701,-706.0411
20240701,-705.5749
20240701,-706.8394
20240701,-709.6142
20240701,-707.603
20240701,-708.8075
20240701,-710.0266
20240701,-710.8339
20240702,-710.6544
20240702,-711.7485
20240702,-711.7507
20240702,-712.7924
20240702,-708.3875
20240702,-709.5048
20240702,-710.6667
20240702,-707.0026
20240702,-708.1033
20240702,-707.7381
20240702,-706.9589
20240702,-708.1309
20240702,-706.8505
20240702,-706.5953
20240702,-705.8334
20240703,-706.86
20240703,-707.9112
20240703,-709.0662
20240703,-710.0924
20240703,-708.2514
20240703,-708.2457
20240703,-709.3129
20240703,-709.0731
20240703,-710.1518
20240703,-710.5509
20240703,-710.6624
20240703,-710.789
20240705,-710.7382
20240705,-708.8432
20240705,-709.8696
20240705,-709.3657
20240705,-707.2195
20240705,-705.2813
20240705,-696.2641
20240705,-695.3183
20240705,-694.868
20240705,-693.2349
20240705,-694.3498
20240705,-695.4998
20240708,-696.5268
20240708,-696.2111
20240708,-696.04
20240708,-695.6815
20240708,-696.7136
20240708,-697.7579
20240708,-698.8178
20240708,-698.4463
20240708,-696.5823
20240708,-697.6534
20240708,-698.8477
20240708,-699.9223
20240708,-699.9199
20240708,-700.9734
20240708,-702.0734
20240709,-701.854
20240709,-701.8802
20240709,-700.8227
20240709,-701.8593
20240709,-701.9145
20240709,-701.3704
20240709,-701.1974
20240709,-701.167
20240709,-701.2318
20240709,-702.3712
20240709,-701.8941
20240709,-702.9078
20240709,-704.586
20240709,-705.6776
20240709,-706.7147
20240710,-707.7723
20240710,-708.8001
20240710,-708.3476
20240710,-709.4339
20240710,-710.4529
20240710,-709.9983
20240710,-711.0361
20240710,-710.0905
20240710,-709.3667
20240710,-709.274
20240710,-710.4644
20240710,-708.0091
20240710,-695.5677
20240710,-696.7585
20240710,-695.3536
20240710,-694.6173
20240710,-693.9918
20240710,-693.6402
20240710,-694.6623
20240710,-695.7553
20240710,-697.077
20240710,-692.5918
20240711,-691.0538
20240711,-692.0609
20240711,-692.1015
20240711,-691.8356
20240711,-690.1483
20240711,-689.8522
20240711,-690.926
20240711,-690.8777
20240711,-690.2895
20240711,-684.4927
20240711,-686.6435
20240711,-687.7665
20240711,-687.2913
20240712,-682.2212
20240712,-682.1934
20240712,-683.2215
20240712,-684.2425
20240712,-683.612
20240712,-684.7142
20240712,-681.6731
20240712,-681.6673
20240712,-682.7807
20240715,-682.2072
20240715,-681.8237
20240715,-682.8506
20240715,-682.4029
20240715,-681.0257
20240715,-680.0303
20240715,-678.9138
20240715,-680.028
20240715,-692.5458
20240715,-692.4549
20240715,-693.5569
20240715,-694.5914
20240715,-694.3854
20240715,-695.4439
20240715,-696.5518
20240715,-698.544
20240715,-699.5828
20240716,-693.8759
20240716,-689.8789
20240716,-688.2963
20240716,-687.9718
20240716,-685.7438
20240716,-685.7208
20240716,-684.9188
20240716,-684.4368
20240716,-685.5444
20240716,-684.2685
20240716,-685.3599
20240716,-686.4529
20240716,-687.5098
20240716,-688.6096
20240716,-689.8228
20240716,-690.9447
20240716,-692.0479
20240717,-691.8121
20240717,-691.1038
20240717,-690.4369
20240717,-690.1284
20240717,-685.7637
20240717,-686.8501
20240717,-687.8918
20240717,-687.448
20240717,-686.2804
20240717,-686.1587
20240717,-687.1742
20240717,-688.2131
20240717,-684.3364
20240717,-671.1826
20240717,-672.459
20240717,-673.4888
20240717,-672.2617
20240718,-671.9981
20240718,-671.5249
20240718,-670.713
20240718,-671.7243
20240718,-672.7816
20240718,-673.9131
20240718,-672.6726
20240718,-672.5977
20240718,-673.6242
20240718,-674.6651
20240718,-675.7476
20240718,-675.4362
20240718,-676.5096
20240718,-677.5358
20240718,-677.4976
20240718,-676.4591
20240718,-676.3771
20240718,-676.1672
20240718,-674.6951
20240718,-674.8018
20240718,-675.9213
20240718,-677.5701
20240718,-678.62
20240718,-680.3056
20240718,-681.6079
20240718,-680.9992
20240718,-682.0577
20240718,-679.9764
20240718,-681.0118
20240719,-679.99
20240719,-679.5678
20240719,-679.1812
20240719,-680.1943
20240719,-680.0688
20240719,-679.9552
20240719,-679.5893
20240719,-678.9953
20240719,-680.0366
20240719,-679.5539
20240719,-680.7354
20240719,-681.7633
20240719,-679.2794
20240719,-680.4105
20240719,-681.453
20240719,-682.5704
20240722,-682.2751
20240722,-683.2889
20240722,-684.3004
20240722,-685.3918
20240722,-684.4591
20240722,-685.4886
20240722,-685.4161
20240722,-686.4479
20240722,-687.4696
20240722,-686.8926
20240722,-686.0442
20240722,-687.0632
20240722,-688.2849
20240722,-688.6729
20240722,-688.0665
20240722,-689.1006
20240722,-688.4084
20240722,-688.0379
20240722,-689.1537
20240722,-687.2255
20240723,-688.3111
20240723,-688.97
20240723,-687.9806
20240723,-688.9904
20240723,-688.9514
20240723,-689.9843
20240723,-691.0097
20240723,-692.0626
20240723,-693.1826
20240723,-694.5998
20240723,-697.2279
20240723,-698.3595
20240723,-699.4089
20240723,-699.2627
20240723,-700.4053
20240724,-701.4202
20240724,-701.2347
20240724,-702.3026
20240724,-698.8117
20240724,-699.8427
20240724,-700.8629
20240724,-700.8356
20240724,-699.2725
20240725,-699.2069
20240725,-700.2517
20240725,-701.3163
20240725,-700.9958
20240725,-700.9573
20240725,-700.3302
20240725,-701.3464
20240725,-702.4827
20240725,-700.0173
20240725,-691.4067
20240726,-692.4361
20240726,-692.4376
20240726,-691.9858
20240726,-692.996
20240726,-692.5698
20240726,-693.5824
20240726,-694.6112
20240726,-695.6232
20240726,-696.6443
20240726,-697.6616
20240726,-698.6731
20240726,-699.6948
20240726,-700.7866
20240726,-701.8249
20240726,-703.4537
20240726,-701.5926
20240726,-702.8836
20240726,-689.5063
20240726,-690.603
20240726,-691.9653
20240726,-693.1392
20240726,-693.112
20240726,-693.7391
20240729,-694.7972
20240729,-695.8292
20240729,-696.8533
20240729,-696.4228
20240729,-695.9573
20240729,-697.3562
20240729,-698.4691
20240729,-699.7144
20240730,-700.784
20240730,-700.7673
20240730,-701.8327
20240730,-702.8936
20240730,-703.9301
20240730,-704.9938
20240730,-704.7893
20240730,-705.9837
20240730,-705.9853
20240730,-707.0839
20240730,-708.2018
20240730,-707.0711
20240730,-708.1013
20240730,-709.3205
20240730,-710.4115
20240731,-711.4302
20240731,-712.4405
20240731,-712.4203
20240731,-713.4373
20240731,-714.5168
20240731,-715.5373
20240731,-716.8881
20240731,-717.9244
20240731,-718.944
20240731,-716.4208
20240731,-717.4399
20240801,-718.465
20240801,-719.4841
20240801,-720.4963
20240801,-721.5107
20240801,-722.5192
20240801,-723.5434
20240801,-724.5545
20240801,-723.6127
20240801,-717.1153
20240801,-716.4387
20240801,-717.4928
20240801,-718.7099
20240802,-718.4579
20240802,-717.9496
20240802,-718.9691
20240802,-720.0352
20240802,-721.3451
20240802,-722.4302
20240802,-723.4755
20240802,-723.3016
20240802,-723.8307
20240802,-724.8444
20240802,-725.9052
20240802,-726.9799
20240802,-728.0637
20240802,-729.4261
20240802,-730.4601
20240802,-728.7524
20240802,-729.7947
20240802,-730.8723
20240802,-730.879
20240805,-730.3221
20240805,-731.3314
20240805,-729.9803
20240805,-729.8877
20240805,-729.8274
20240805,-730.8901
20240806,-731.924
20240806,-731.5855
20240806,-731.1694
20240806,-732.2356
20240806,-733.0059
20240806,-734.0446
20240806,-733.2615
20240806,-734.4764
20240806,-735.5453
20240806,-736.7481
20240807,-736.7806
20240807,-736.6572
20240807,-736.5828
20240807,-737.6987
20240807,-738.7571
20240807,-739.7798
20240807,-739.893
20240807,-739.4994
20240807,-740.6219
20240808,-740.2381
20240808,-739.6731
20240808,-739.3782
20240808,-739.3163
20240808,-738.7118
20240808,-737.6669
20240808,-736.4439
20240808,-737.4715
20240808,-736.6658
20240808,-735.9979
20240808,-737.0713
20240808,-738.2294
20240808,-739.4428
20240808,-741.0517
20240808,-742.2493
20240808,-743.2869
20240808,-742.8212
20240808,-743.2914
20240808,-743.409
20240809,-744.4379
20240809,-744.3197
20240809,-743.3618
20240809,-743.2327
20240809,-742.8871
20240809,-742.8299
20240809,-742.6305
20240809,-741.9848
20240809,-741.4582
20240809,-741.3319
20240809,-740.159
20240809,-740.0514
20240809,-739.8137
20240809,-740.8872
20240809,-741.9225
20240809,-741.9316
20240809,-742.9643
20240809,-739.2693
20240809,-739.2713
20240809,-740.3458
20240812,-741.3831
20240812,-740.7739
20240812,-740.7433
20240812,-740.1721
20240812,-741.2182
20240812,-742.311
20240812,-740.9083
20240812,-740.6278
20240812,-741.6716
20240812,-742.717
20240812,-743.7858
20240812,-743.8247
20240812,-744.8761
20240812,-743.8602
20240812,-744.5709
20240813,-745.6276
20240813,-745.51
20240813,-743.8342
20240813,-742.5116
20240813,-742.2521
20240813,-742.8003
20240813,-743.8189
20240813,-743.6075
20240813,-744.2116
20240813,-745.2405
20240813,-746.2828
20240813,-744.7523
20240813,-745.8577
20240813,-745.3939
20240813,-746.4472
20240813,-746.295
20240813,-745.8095
20240813,-745.6693
20240814,-745.5617
20240814,-746.6046
20240814,-747.6507
20240814,-748.8219
20240814,-748.1916
20240814,-749.2183
20240814,-749.074
20240814,-748.0202
20240814,-749.0693
20240814,-750.1042
20240814,-749.5262
20240814,-747.4263
20240815,-744.9079
20240815,-744.3912
20240815,-741.5476
20240815,-741.0233
20240815,-739.0508
20240815,-736.679
20240815,-737.7107
20240815,-737.1549
20240815,-737.0602
20240815,-736.2034
20240815,-735.5229
20240815,-736.5514
20240815,-736.4891
20240815,-736.2687
20240815,-737.3109
20240815,-735.5938
20240815,-734.7439
20240815,-735.3333
20240815,-734.6591
20240815,-733.0074
20240815,-734.1248
20240816,-733.0051
20240816,-732.6548
20240816,-732.2357
20240816,-731.1754
20240816,-730.7056
20240816,-730.0893
20240816,-728.8383
20240816,-729.8816
20240816,-728.8758
20240816,-728.5346
20240816,-729.5471
20240816,-728.9066
20240816,-728.6705
20240816,-727.5166
20240816,-727.0537
20240816,-725.9713
20240816,-727.0584
20240816,-726.1439
20240816,-726.2754
20240816,-727.3195
20240816,-727.152
20240816,-725.4641
20240816,-725.3263
20240819,-725.3811
20240819,-726.3998
20240819,-724.9792
20240819,-724.6426
20240819,-725.7206
20240819,-726.7615
20240819,-726.4339
20240819,-727.5136
20240819,-717.9755
20240819,-717.743
20240819,-718.7894
20240819,-717.1752
20240819,-716.8238
20240819,-717.9718
20240819,-719.1337
20240819,-720.2332
20240819,-723.0713
20240819,-724.7794
20240819,-724.6787
20240819,-725.7864
20240820,-725.1763
20240820,-724.1723
20240820,-723.7554
20240820,-723.3958
20240820,-724.4342
20240820,-725.4678
20240820,-726.5945
20240820,-726.5083
20240820,-727.5718
20240820,-726.38
20240820,-727.438
20240821,-727.0746
20240821,-726.884
20240821,-727.9095
20240821,-728.9418
20240821,-730.0213
20240821,-729.5676
20240821,-730.6055
20240821,-731.6389
20240821,-732.6903
20240821,-732.6516
20240821,-734.043
20240821,-731.7255
20240821,-732.9646
20240821,-729.6187
20240821,-729.1832
20240821,-730.232
20240821,-731.2989
20240821,-731.5952
20240822,-729.8019
20240822,-730.8252
20240822,-731.8673
20240822,-733.0384
20240822,-734.1083
20240822,-733.4239
20240822,-734.4533
20240822,-736.4533
20240822,-736.8675
20240822,-738.0621
20240823,-737.9629
20240823,-739.0505
20240823,-740.0996
20240823,-741.1461
20240823,-740.9307
20240823,-740.2811
20240823,-740.0439
20240823,-741.4381
20240823,-741.3535
20240823,-742.5353
20240823,-741.8113
20240823,-742.8499
20240823,-743.8891
20240823,-744.9705
20240823,-746.3157
20240823,-747.558
20240823,-747.3163
20240823,-748.6339
20240823,-750.5942
20240823,-751.7524
20240823,-751.8496
20240823,-752.9766
20240826,-754.0311
20240826,-755.0999
20240826,-754.9731
20240826,-754.7584
20240826,-754.3862
20240826,-754.2239
20240826,-752.8462
20240826,-752.3764
20240826,-753.4308
20240826,-754.674
20240826,-754.2488
20240826,-755.3677
20240826,-753.3229
20240826,-755.323
20240826,-756.8729
20240826,-756.5101
20240826,-757.6235
20240826,-757.8835
20240826,-758.9289
20240826,-757.9855
20240827,-759.0411
20240827,-760.0647
20240827,-760.0766
20240827,-761.1088
20240827,-760.1518
20240827,-761.1802
20240827,-760.6017
20240827,-760.0613
20240827,-761.1043
20240827,-762.2352
20240827,-763.3316
20240827,-764.4635
20240827,-765.5636
20240827,-767.3262
20240827,-768.4084
20240827,-769.6938
20240828,-769.1186
20240828,-770.2094
20240828,-769.5301
20240828,-767.7263
20240828,-767.7299
20240828,-768.7689
20240828,-768.4196
20240828,-767.9686
20240828,-767.8937
20240828,-765.7877
20240828,-765.3672
20240828,-766.4761
20240828,-765.1694
20240828,-766.2779
20240828,-764.9987
20240828,-767.6216
20240828,-768.8689
20240828,-770.1246
20240828,-769.2892
20240828,-770.5819
20240828,-769.3459
20240828,-770.7653
20240829,-771.82
20240829,-772.8705
20240829,-773.8968
20240829,-773.8818
20240829,-774.9135
20240829,-774.8067
20240829,-774.3896
20240829,-775.4393
20240829,-774.3097
20240829,-774.1298
20240829,-772.8125
20240829,-771.9402
20240829,-773.0048
20240829,-774.0461
20240830,-775.0643
20240830,-776.0824
20240830,-777.1522
20240830,-776.5916
20240830,-777.7513
20240830,-777.0868
20240830,-778.1588
20240830,-779.1852
20240830,-778.1837
20240830,-777.3821
20240830,-776.8673
20240830,-776.3957
20240830,-777.442
20240830,-778.5955
20240830,-779.8287
20240830,-777.4027
20240830,-778.4852
20240830,-776.5424
20240830,-776.4754
20240903,-775.9876
20240903,-776.9992
20240903,-778.0504
20240903,-779.186
20240903,-774.2701
20240903,-773.6417
20240903,-772.7191
20240903,-773.8731
20240904,-773.2881
20240904,-774.4171
20240904,-774.2549
20240904,-773.8412
20240904,-772.7733
20240904,-768.8344
20240904,-767.3003
20240904,-768.5542
20240904,-769.6244
20240904,-770.7245
20240904,-771.7758
20240904,-770.8391
20240904,-770.6128
20240904,-771.651
20240905,-772.6645
20240905,-772.5606
20240905,-773.6196
20240905,-772.9541
20240905,-771.5616
20240905,-772.5866
20240905,-772.5994
20240905,-773.6439
20240905,-772.9941
20240905,-774.0251
20240905,-775.3435
20240905,-776.3992
20240905,-776.309
20240905,-769.9048
20240905,-771.9049
20240905,-773.1664
20240905,-774.4331
20240905,-775.4813
20240905,-774.9612
20240906,-773.1046
20240906,-773.227
20240906,-772.6977
20240906,-771.9675
20240906,-771.7878
20240906,-771.7643
20240906,-771.0328
20240906,-769.3077
20240906,-769.0915
20240906,-768.0183
20240906,-765.2493
20240906,-765.1243
20240906,-764.9521
20240906,-764.3857
20240906,-761.3179
20240906,-760.2945
20240906,-759.9537
20240906,-758.1605
20240906,-757.7942
20240906,-756.6554
20240906,-757.7817
20240906,-758.9764
20240906,-760.0123
20240906,-757.9833
20240906,-757.9117
20240909,-758.9312
20240909,-759.9489
20240909,-760.9722
20240909,-760.7707
20240909,-759.5833
20240909,-758.8398
20240909,-759.913
20240909,-760.9954
20240909,-762.2311
20240909,-762.0217
20240909,-755.2684
20240909,-756.3045
20240909,-757.379
20240909,-758.4117
20240909,-759.4594
20240910,-758.5508
20240910,-757.8193
20240910,-756.1167
20240910,-755.6007
20240910,-755.1863
20240910,-755.0494
20240910,-754.5977
20240910,-751.5156
20240910,-751.3912
20240910,-750.9668
20240910,-750.4697
20240910,-751.5002
20240910,-751.1186
20240910,-752.1303
20240910,-752.0152
20240910,-753.0676
20240910,-752.8182
20240910,-754.0473
20240910,-755.5372
20240910,-755.4439
20240910,-753.0818
20240910,-754.1821
20240910,-755.2592
20240910,-755.3859
20240911,-756.446
20240911,-757.4894
20240911,-756.4781
20240911,-755.8621
20240911,-756.8927
20240911,-757.917
20240911,-762.5396
20240911,-762.196
20240911,-765.5011
20240911,-766.5212
20240911,-766.1896
20240911,-755.3454
20240911,-753.949
20240911,-753.678
20240911,-754.6969
20240911,-754.315
20240911,-753.3218
20240911,-750.2839
20240911,-751.3212
20240911,-750.012
20240911,-749.424
20240912,-750.4869
20240912,-750.3991
20240912,-751.4395
20240912,-752.4524
20240912,-752.1893
20240912,-751.9318
20240912,-751.7497
20240912,-751.7968
20240912,-752.8425
20240912,-751.581
20240912,-752.6073
20240912,-752.5242
20240912,-752.9058
20240912,-752.5367
20240912,-753.5759
20240912,-753.1117
20240913,-753.8528
20240913,-754.8868
20240913,-753.7573
20240913,-753.8102
20240913,-754.8297
20240913,-755.8564
20240913,-754.5165
20240913,-753.5676
20240913,-753.2785
20240913,-754.359
20240913,-755.547
20240913,-755.2077
20240916,-756.2372
20240916,-757.2686
20240916,-758.3065
20240916,-759.3285
20240916,-759.083
20240916,-757.3943
20240916,-756.3972
20240916,-757.4189
20240916,-758.4322
20240916,-759.448
20240916,-759.3175
20240916,-760.3345
20240916,-761.3758
20240916,-762.4836
20240916,-763.9767
20240916,-763.4855
20240916,-764.9906
20240916,-761.7211
20240916,-762.7575
20240916,-762.8408
20240917,-763.9069
20240917,-764.925
20240917,-765.9572
20240917,-766.9962
20240917,-768.0118
20240917,-769.0844
20240917,-768.633
20240917,-767.2627
20240917,-768.3456
20240917,-769.383
20240917,-770.4366
20240917,-771.4877
20240917,-771.0557
20240917,-772.1253
20240917,-771.1967
20240918,-772.2407
20240918,-773.3232
20240918,-772.6513
20240918,-773.7066
20240918,-774.7752
20240918,-775.8174
20240918,-775.7429
20240918,-776.7776
20240918,-778.1088
20240918,-779.2328
20240918,-780.3466
20240918,-781.3606
20240918,-780.6839
20240918,-781.7083
20240918,-781.817
20240919,-781.5343
20240919,-782.5594
20240919,-782.4573
20240919,-782.4914
20240919,-783.5586
20240919,-783.2204
20240919,-784.3511
20240919,-785.419
20240919,-785.292
20240919,-786.3981
20240919,-787.7663
20240919,-788.8849
20240919,-790.885
20240920,-791.9101
20240920,-792.9707
20240920,-793.9847
20240920,-793.9662
20240920,-795.027
20240920,-796.2115
20240920,-797.293
20240920,-798.3837
20240920,-799.7516
20240920,-800.8044
20240920,-799.8734
20240923,-799.8172
20240923,-800.8372
20240923,-800.0557
20240923,-801.0729
20240923,-802.1654
20240923,-803.1953
20240923,-804.2409
20240923,-803.7567
20240923,-803.4564
20240923,-803.0069
20240923,-808.9607
20240923,-811.7187
20240923,-813.1097
20240923,-808.9365
20240923,-806.6809
20240923,-807.7772
20240924,-808.8212
20240924,-808.5625
20240924,-809.5978
20240924,-810.7334
20240924,-811.751
20240924,-812.9032
20240924,-812.2479
20240924,-810.7756
20240924,-812.4138
20240924,-813.4578
20240924,-814.6042
20240924,-816.0152
20240924,-815.5984
20240924,-817.1327
20240925,-818.1803
20240925,-818.0352
20240925,-818.0742
20240925,-816.9968
20240925,-816.8362
20240925,-816.8654
20240925,-817.9222
20240925,-818.9755
20240925,-818.6767
20240925,-819.702
20240925,-820.8455
20240925,-820.1594
20240925,-821.1819
20240925,-819.0393
20240925,-820.367
20240925,-819.6399
20240925,-820.8023
20240925,-822.2643
20240925,-823.373
20240926,-822.7933
20240926,-822.6232
20240926,-822.4493
20240926,-821.3605
20240926,-822.4003
20240926,-821.9249
20240927,-821.6305
20240927,-821.6444
20240927,-822.6734
20240927,-822.31
20240927,-822.1601
20240927,-821.6728
20240927,-821.5687
20240927,-822.5861
20240927,-821.823
20240927,-822.9597
20240927,-822.6116
20240927,-823.6401
20240927,-824.8567
20240927,-825.9126
20240927,-830.125
20240927,-831.2374
20240927,-832.354
20240927,-833.4648
20240927,-836.7147
20240927,-836.5224
20240927,-835.6566
20240930,-836.696
20240930,-835.9041
20240930,-836.9395
20240930,-835.4627
20240930,-835.1924
20240930,-836.2666
20240930,-836.1363
20240930,-835.8496
20240930,-834.4038
20240930,-835.5534
20240930,-835.2737
20240930,-835.0199
20240930,-836.1181
20240930,-837.422
20240930,-838.6369
20240930,-837.2859
20240930,-838.3858
20240930,-839.4122
20240930,-839.2584
20240930,-838.3294
20241001,-839.36
20241001,-839.0686
20241001,-838.8167
20241001,-838.7415
20241001,-838.0076
20241001,-836.9403
20241001,-836.7602
20241001,-837.7997
20241001,-836.5123
20241001,-837.5387
20241001,-838.6691
20241001,-839.7321
20241001,-839.3275
20241001,-839.5326
20241001,-839.5115
20241002,-839.9667
20241002,-840.9943
20241002,-842.0029
20241002,-841.7183
20241002,-841.4883
20241002,-842.6744
20241002,-843.8228
20241002,-843.0022
20241002,-844.1147
20241002,-845.1405
20241003,-843.2348
20241003,-841.1931
20241003,-842.2345
20241003,-842.0279
20241003,-841.9782
20241003,-841.8856
20241003,-842.9246
20241003,-842.7225
20241003,-842.5542
20241003,-841.1997
20241003,-842.3463
20241003,-842.0744
20241003,-843.1547
20241003,-844.2806
20241003,-844.4682
20241003,-845.1394
20241003,-846.176
20241003,-846.5841
20241003,-847.9097
20241003,-847.4292
20241003,-848.6851
20241003,-849.8902
20241003,-849.6456
20241003,-850.7799
20241004,-850.502
20241004,-849.4831
20241004,-850.0819
20241004,-850.0161
20241004,-849.9443
20241004,-850.973
20241004,-852.0251
20241004,-851.5769
20241004,-852.593
20241004,-853.662
20241004,-854.7151
20241004,-854.4704
20241004,-855.6174
20241004,-855.6315
20241004,-854.6288
20241004,-854.6083
20241004,-855.1431
20241007,-856.185
20241007,-856.8051
20241007,-856.4962
20241007,-857.5522
20241007,-857.4554
20241007,-857.0727
20241007,-856.7889
20241007,-857.8146
20241007,-857.7353
20241007,-858.7771
20241007,-858.6317
20241007,-855.1697
20241007,-856.2549
20241007,-857.4803
20241008,-856.7865
20241008,-856.2348
20241008,-855.7332
20241008,-855.2877
20241008,-853.6273
20241008,-852.3631
20241008,-853.5134
20241008,-854.651
20241008,-851.2538
20241008,-852.8222
20241008,-852.4868
20241008,-854.7771
20241009,-854.7622
20241009,-852.7926
20241009,-852.098
20241009,-851.5644
20241009,-851.4277
20241009,-852.9015
20241009,-852.1194
20241009,-852.3197
20241009,-853.517
20241009,-855.5169
20241009,-856.8016
20241009,-856.0319
20241009,-857.5245
20241009,-857.0254
20241010,-856.9276
20241010,-856.533
20241010,-857.6058
20241010,-856.1171
20241010,-855.3554
20241010,-854.6729
20241010,-855.7165
20241010,-855.1709
20241010,-854.5385
20241010,-852.5272
20241010,-852.3715
20241010,-853.5234
20241010,-852.546
20241010,-853.6302
20241010,-854.7262
20241010,-856.3202
20241010,-857.3426
20241011,-858.43
20241011,-858.4286
20241011,-857.8283
20241011,-858.8562
20241011,-860.1934
20241011,-861.2986
20241011,-861.3052
20241011,-862.4467
20241011,-863.7718
20241011,-863.2499
20241011,-864.3571
20241011,-865.6062
20241011,-865.5828
20241011,-868.1259
20241011,-869.5445
20241014,-868.4296
20241014,-868.2817
20241014,-869.3006
20241014,-868.6084
20241014,-868.6242
20241014,-868.5278
20241014,-867.4796
20241014,-868.4995
20241014,-867.2184
20241014,-868.2423
20241014,-867.647
20241014,-861.7582
20241014,-863.0534
20241014,-864.1616
20241014,-865.3484
20241014,-862.9164
20241014,-859.7853
20241014,-858.9113
20241014,-859.9978
20241014,-859.3995
20241015,-859.4032
20241015,-860.4222
20241015,-860.3921
20241015,-861.6583
20241015,-862.6845
20241015,-861.6706
20241015,-862.6983
20241015,-863.8829
20241015,-863.5099
20241015,-864.6446
20241015,-865.7246
20241015,-866.7847
20241015,-867.892
20241015,-869.0376
20241015,-870.1708
20241015,-869.9434
20241015,-868.93
20241015,-869.9808
20241015,-871.5382
20241015,-872.6184
20241015,-872.7372
20241016,-872.0765
20241016,-873.093
20241016,-873.1511
20241016,-874.168
20241016,-875.1972
20241016,-875.2421
20241016,-876.2718
20241016,-877.304
20241016,-878.3692
20241016,-879.4511
20241016,-879.1178
20241016,-879.0798
20241016,-878.5216
20241016,-878.2378
20241016,-879.2516
20241016,-880.2973
20241016,-880.0952
20241016,-881.2967
20241016,-881.3092
20241016,-882.3979
20241017,-883.4142
20241017,-883.0732
20241017,-882.6575
20241017,-882.1663
20241017,-883.238
20241017,-883.0169
20241017,-884.0462
20241017,-885.0892
20241017,-885.3186
20241017,-885.3415
20241017,-886.3762
20241017,-887.4299
20241017,-888.4752
20241017,-888.3278
20241018,-888.1189
20241018,-886.1391
20241018,-887.2883
20241018,-882.7922
20241018,-884.6542
20241018,-883.75
20241018,-880.5519
20241018,-881.8043
20241018,-881.5751
20241018,-883.0712
20241021,-883.0649
20241021,-881.3466
20241021,-881.2941
20241021,-881.1831
20241021,-880.55
20241021,-881.584
20241021,-880.0462
20241021,-881.2546
20241021,-881.0187
20241021,-880.281
20241021,-879.8641
20241021,-881.0133
20241021,-882.1957
20241021,-883.3374
20241021,-883.1417
20241021,-885.6559
20241021,-886.7752
20241021,-887.9929
20241021,-886.8776
20241022,-887.9965
20241022,-887.5692
20241022,-888.6474
20241022,-888.401
20241022,-887.9753
20241022,-889.006
20241022,-890.0499
20241022,-891.0734
20241022,-892.1456
20241022,-893.2655
20241022,-894.352
20241023,-893.87
20241023,-894.8932
20241023,-896.0467
20241023,-895.869
20241023,-893.6106
20241023,-893.6946
20241023,-894.8439
20241023,-895.9261
20241023,-897.3751
20241023,-898.5178
20241023,-899.6481
20241023,-893.6615
20241023,-894.6899
20241023,-895.7831
20241023,-896.9188
20241023,-898.2405
20241024,-898.1197
20241024,-897.6038
20241024,-898.6386
20241024,-899.7384
20241024,-899.3633
20241024,-900.3914
20241024,-898.8537
20241024,-897.7376
20241024,-896.0328
20241024,-897.1591
20241024,-898.2022
20241024,-899.438
20241024,-901.6469
20241024,-903.6469
20241024,-901.3527
20241024,-902.593
20241025,-902.5506
20241025,-902.0876
20241025,-901.8217
20241025,-902.9253
20241025,-902.3461
20241025,-903.4521
20241025,-904.519
20241025,-906.0185
20241025,-909.4487
20241025,-910.5768
20241025,-912.3226
20241025,-913.4323
20241025,-912.2989
20241025,-913.5783
20241025,-914.6388
20241028,-915.6764
20241028,-916.7686
20241028,-916.282
20241028,-915.9764
20241028,-917.0189
20241028,-918.0669
20241028,-919.1137
20241028,-920.3285
20241028,-919.9391
20241028,-919.7559
20241029,-918.9036
20241029,-917.8347
20241029,-918.8446
20241029,-919.8806
20241029,-915.4949
20241029,-916.5588
20241029,-917.6778
20241029,-914.3293
20241029,-914.1332
20241029,-913.9864
20241029,-915.2162
20241030,-916.333
20241030,-916.2576
20241030,-915.0988
20241030,-914.4001
20241030,-915.4219
20241030,-916.7208
20241030,-917.9197
20241030,-916.9715
20241030,-918.0063
20241031,-918.0399
20241031,-917.9927
20241031,-917.0748
20241031,-917.0106
20241031,-917.2368
20241031,-918.3419
20241031,-917.8339
20241031,-916.6634
20241031,-914.9824
20241031,-913.5611
20241031,-914.6667
20241031,-915.8073
20241031,-917.3452
20241031,-918.3967
20241031,-918.6464
20241101,-919.6588
20241101,-919.605
20241101,-918.9703
20241101,-919.1181
20241101,-920.2214
20241101,-921.3935
20241101,-921.0616
20241101,-922.185
20241101,-928.4898
20241104,-928.1419
20241104,-928.0544
20241104,-929.1113
20241104,-931.1113
20241104,-930.9252
20241104,-932.0151
20241104,-933.3764
20241105,-932.8542
20241105,-931.4493
20241105,-930.7721
20241105,-930.0135
20241105,-931.1798
20241105,-932.3644
20241105,-933.5761
20241105,-934.8217
20241105,-936.0538
20241105,-937.557
20241105,-938.7925
20241105,-938.7857
20241105,-938.7794
20241105,-935.8081
20241106,-936.8243
20241106,-936.1275
20241106,-936.3504
20241106,-935.7458
20241106,-935.0677
20241106,-933.6976
20241106,-934.7428
20241106,-933.9388
20241106,-935.0848
20241106,-932.5045
20241106,-933.5859
20241106,-931.587
20241106,-931.3339
20241106,-932.4194
20241106,-933.4795
20241106,-935.0832
20241106,-936.1533
20241107,-936.4933
20241107,-937.5252
20241107,-935.9516
20241107,-935.7994
20241107,-934.2046
20241107,-933.8986
20241107,-933.3515
20241107,-931.79
20241107,-932.2439
20241107,-931.7195
20241107,-929.6591
20241107,-930.7241
20241107,-929.1472
20241107,-930.2592
20241107,-929.803
20241107,-927.8476
20241107,-925.8536
20241107,-926.9559
20241107,-928.047
20241107,-929.2345
20241108,-928.1629
20241108,-927.7065
20241108,-922.9835
20241108,-922.9686
20241108,-921.2431
20241108,-922.2493
20241108,-921.6672
20241108,-916.937
20241108,-914.6964
20241108,-913.2844
20241108,-914.3447
20241108,-909.3291
20241108,-910.4146
20241108,-911.5569
20241108,-912.9386
20241108,-912.3301
20241111,-912.3863
20241111,-911.9087
20241111,-912.9562
20241111,-914.0055
20241111,-913.406
20241111,-914.4227
20241111,-910.7591
20241111,-911.8952
20241111,-912.9837
20241111,-913.9933
20241111,-915.0887
20241111,-916.3153
20241111,-917.3647
20241111,-918.7065
20241111,-919.8825
20241111,-921.3966
20241111,-922.5663
20241111,-924.2077
20241112,-925.2503
20241112,-923.3212
20241112,-924.3277
20241112,-925.3841
20241112,-926.5014
20241112,-927.5493
20241112,-928.5694
20241112,-928.4955
20241112,-928.1349
20241112,-927.3509
20241112,-928.5895
20241112,-929.629
20241112,-931.0419
20241112,-932.3327
20241112,-934.0866
20241112,-935.1341
20241112,-936.6608
20241112,-937.7154
20241112,-938.8662
20241112,-937.8616
20241112,-938.8769
20241112,-939.9808
20241112,-938.2229
20241113,-939.292
20241113,-938.8821
20241113,-938.3384
20241113,-937.9545
20241113,-938.989
20241113,-938.0792
20241113,-936.4171
20241113,-933.0382
20241113,-932.6852
20241113,-932.6585
20241113,-930.8746
20241113,-930.6094
20241113,-928.6953
20241113,-927.1347
20241113,-927.1522
20241113,-928.185
20241113,-930.1849
20241113,-931.3084
20241113,-932.4305
20241113,-930.5968
20241113,-930.1125
20241114,-931.1484
20241114,-932.1719
20241114,-933.1896
20241114,-932.7
20241114,-931.733
20241114,-932.7746
20241114,-930.5033
20241114,-931.5884
20241114,-931.3904
20241114,-930.994
20241114,-930.9084
20241114,-930.3294
20241114,-929.444
20241114,-930.6537
20241114,-931.7394
20241114,-931.6181
20241114,-932.9476
20241114,-933.9782
20241115,-933.8591
20241115,-933.863
20241115,-934.8853
20241115,-933.6985
20241115,-934.7368
20241115,-932.4749
20241115,-932.0833
20241115,-933.1821
20241115,-930.2109
20241115,-931.2781
20241115,-928.6202
20241115,-929.9665
20241115,-931.1181
20241118,-932.2291
20241118,-929.9896
20241118,-931.0215
20241118,-929.876
20241118,-930.9692
20241118,-932.0194
20241118,-933.0951
20241118,-934.2803
20241118,-933.4494
20241118,-934.5123
20241118,-935.6404
20241118,-936.7361
20241119,-937.7694
20241119,-938.9387
20241119,-938.8831
20241119,-938.6096
20241119,-930.8454
20241119,-931.9078
20241119,-933.0917
20241119,-933.0053
20241119,-932.9124
20241120,-933.9291
20241120,-934.0054
20241120,-933.3047
20241120,-934.3472
20241120,-935.376
20241120,-935.4147
20241120,-933.5948
20241120,-932.7975
20241120,-933.9133
20241120,-936.4337
20241120,-936.856
20241120,-938.2527
20241121,-937.959
20241121,-937.6811
20241121,-936.9416
20241121,-936.8774
20241121,-936.1749
20241121,-937.181
20241121,-936.5139
20241121,-934.9575
20241121,-935.9858
20241121,-934.5866
20241121,-934.5505
20241121,-933.4893
20241121,-934.541
20241121,-936.0392
20241122,-935.013
20241122,-936.0467
20241122,-935.6596
20241122,-936.6984
20241122,-936.6413
20241122,-936.1379
20241122,-937.17
20241122,-938.2231
20241122,-938.8308
20241122,-939.8392
20241122,-939.7662
20241122,-940.8109
20241122,-941.8374
20241122,-941.2301
20241122,-941.2137
20241122,-940.1786
20241122,-941.41
20241122,-943.1561
20241122,-943.1307
20241122,-939.306
20241122,-940.3799
20241122,-941.5937
20241125,-941.9152
20241125,-941.7012
20241125,-941.1531
20241125,-942.2217
20241125,-941.5806
20241125,-941.1683
20241125,-941.1986
20241125,-942.2213
20241125,-942.0866
20241126,-943.1304
20241126,-944.1632
20241126,-944.1728
20241126,-945.1889
20241126,-944.8654
20241126,-944.587
20241126,-943.7935
20241126,-943.0459
20241126,-944.1817
20241126,-945.2446
20241126,-946.4253
20241126,-947.5475
20241126,-948.6437
20241127,-949.6734
20241127,-950.6974
20241127,-948.3209
20241127,-948.0775
20241127,-947.0756
20241127,-946.4722
20241127,-947.5403
20241127,-946.7839
20241127,-947.9658
20241127,-949.0097
20241127,-953.4516
20241127,-954.664
20241127,-954.5422
20241127,-955.6552
20241127,-956.752
20241127,-957.8239
20241127,-958.1541
20241127,-953.7041
20241127,-956.3841
20241129,-955.9842
20241129,-956.9935
20241129,-958.0658
20241129,-956.8982
20241129,-956.9924
20241129,-956.3682
20241202,-956.1285
20241202,-955.5644
20241202,-956.5872
20241202,-957.6531
20241202,-957.3634
20241202,-956.927
20241202,-954.8844
20241202,-951.0749
20241202,-952.2669
20241202,-954.6765
20241202,-956.1077
20241202,-956.0499
20241202,-954.9061
20241203,-954.6205
20241203,-954.5319
20241203,-954.0931
20241203,-955.1132
20241203,-953.7474
20241203,-953.1011
20241203,-954.1315
20241203,-955.2812
20241203,-955.1121
20241203,-954.1338
20241203,-953.2214
20241203,-954.2607
20241203,-949.3834
20241203,-947.6711
20241203,-949.2722
20241203,-950.4038
20241203,-950.3769
20241203,-950.1697
20241204,-950.1903
20241204,-951.3006
20241204,-951.3174
20241204,-950.5843
20241204,-949.929
20241204,-948.4803
20241204,-949.5087
20241204,-949.2564
20241204,-948.7278
20241204,-947.0158
20241204,-948.0323
20241204,-947.2802
20241204,-948.3901
20241204,-947.7419
20241204,-949.3643
20241204,-946.9357
20241205,-947.9779
20241205,-947.4122
20241205,-948.5209
20241205,-948.3872
20241205,-949.4665
20241205,-950.5056
20241205,-952.094
20241205,-952.0667
20241205,-953.1256
20241205,-954.1736
20241205,-953.106
20241205,-954.1827
20241205,-955.9894
20241205,-957.0715
20241205,-958.1157
20241205,-959.1411
20241206,-958.3034
20241206,-959.3462
20241206,-960.37
20241206,-958.18
20241206,-957.4216
20241206,-957.7985
20241206,-957.7657
20241206,-957.7096
20241206,-957.787
20241206,-958.8892
20241206,-959.9771
20241206,-959.1257
20241206,-957.1719
20241206,-958.5058
20241206,-959.7212
20241206,-958.743
20241206,-960.4504
20241206,-955.1241
20241206,-953.975
20241209,-955.0439
20241209,-956.084
20241209,-954.6844
20241209,-954.2312
20241209,-955.7083
20241209,-956.7355
20241209,-955.7019
20241209,-956.8569
20241209,-958.1371
20241209,-959.5214
20241209,-960.6653
20241209,-961.2591
20241209,-962.5037
20241209,-963.6625
20241209,-962.5783
20241209,-963.2984
20241209,-964.491
20241210,-965.5052
20241210,-965.0882
20241210,-962.9892
20241210,-964.0398
20241210,-963.8213
20241210,-964.954
20241210,-965.9685
20241210,-967.0028
20241210,-968.0642
20241210,-969.1877
20241210,-970.2639
20241210,-971.4885
20241210,-970.7986
20241210,-971.9398
20241210,-971.9292
20241211,-970.9582
20241211,-970.7322
20241211,-971.8021
20241211,-969.9388
20241211,-969.7819
20241211,-968.0559
20241211,-969.1128
20241211,-970.1526
20241211,-971.1773
20241211,-972.2308
20241211,-973.3005
20241211,-974.3803
20241211,-975.4592
20241211,-976.5897
20241211,-977.6474
20241212,-978.7102
20241212,-978.5672
20241212,-979.6109
20241212,-980.6619
20241212,-981.6801
20241212,-981.3388
20241212,-976.6448
20241212,-977.9825
20241212,-977.7804
20241212,-978.9948
20241212,-980.0901
20241212,-981.17
20241212,-983.1699
20241212,-984.2074
20241213,-985.2509
20241213,-985.338
20241213,-986.3508
20241213,-986.0554
20241213,-987.2009
20241213,-988.2697
20241213,-989.2891
20241213,-989.0543
20241213,-990.1253
20241213,-991.3575
20241213,-992.5331
20241213,-993.6742
20241213,-987.667
20241213,-989.9725
20241213,-990.3876
20241213,-991.5553
20241216,-991.5217
20241216,-991.2283
20241216,-992.2334
20241216,-992.1703
20241216,-989.8756
20241216,-989.4432
20241216,-988.9746
20241216,-990.007
20241216,-991.1848
20241216,-992.2142
20241216,-988.8572
20241216,-989.9555
20241216,-989.9194
20241216,-991.2182
20241216,-992.6192
20241216,-1002.9047
20241216,-1002.4987
20241216,-1003.5579
20241216,-1004.6692
20241216,-1005.9893
20241217,-1007.0206
20241217,-1008.0404
20241217,-1009.0812
20241217,-1010.1781
20241217,-1009.7432
20241217,-1010.7998
20241217,-1011.9464
20241217,-1013.0485
20241217,-1012.723
20241217,-1013.8763
20241217,-1015.0396
20241217,-1014.8354
20241217,-1014.2643
20241217,-1015.7627
20241218,-1015.4563
20241218,-1015.2678
20241218,-1016.3278
20241218,-1017.3758
20241218,-1018.4404
20241218,-1015.8945
20241218,-1015.923
20241218,-1017.0629
20241218,-1016.686
20241218,-1016.277
20241218,-1016.0218
20241218,-1015.9346
20241218,-1012.9091
20241218,-1012.6236
20241218,-1012.2093
20241218,-1010.6083
20241218,-1011.6834
20241218,-1010.6817
20241218,-1010.2764
20241218,-1009.7733
20241219,-1008.052
20241219,-1007.97
20241219,-1007.0642
20241219,-1008.0861
20241219,-1009.1045
20241219,-1008.1357
20241219,-1008.0519
20241219,-1007.6763
20241219,-1008.6875
20241219,-1009.8112
20241219,-1010.8426
20241219,-1008.721
20241219,-1008.4059
20241219,-1008.1473
20241219,-1007.8071
20241219,-1008.9756
20241219,-1009.1975
20241220,-1010.2179
20241220,-1009.5242
20241220,-1008.9701
20241220,-1005.4961
20241220,-1006.5356
20241220,-1007.7217
20241223,-1007.6768
20241223,-1007.266
20241223,-1008.0812
20241223,-1009.0998
20241223,-1006.2065
20241223,-1007.2304
20241223,-1007.2967
20241223,-1007.1931
20241223,-1007.0631
20241223,-1008.0782
20241223,-1008.0702
20241223,-1009.3876
20241223,-1002.128
20241223,-1002.1036
20241223,-1001.8754
20241223,-1002.9829
20241223,-1004.0417
20241223,-1005.1174
20241223,-1005.0506
20241223,-1006.1553
20241223,-1007.2321
20241224,-1006.6923
20241224,-1007.7234
20241224,-1004.7852
20241224,-1005.8097
20241224,-1003.7392
20241224,-1001.1786
20241224,-999.9671
20241224,-1001.0977
20241224,-1001.1333
20241226,-1002.2277
20241226,-1003.4264
20241226,-1002.5664
20241226,-1003.6071
20241226,-1001.9865
20241226,-1001.3362
20241226,-1002.4353
20241226,-1002.6977
20241226,-1002.4858
20241226,-1002.011
20241226,-1001.9828
20241226,-1003.1859
20241226,-1002.9821
20241226,-1002.3339
20241226,-991.052
20241226,-989.5281
20241227,-990.5589
20241227,-991.6084
20241227,-992.696
20241227,-992.6612
20241227,-993.7491
20241227,-993.2525
20241227,-992.9821
20241227,-994.1976
20241227,-995.5127
20241227,-996.7234
20241227,-999.996
20241227,-1001.0534
20241227,-1002.1021
20241227,-1003.4634
20241227,-1004.7417
20241227,-1005.9947
20241227,-1005.5511
20241227,-1006.6097
20241227,-1007.7545
20241227,-1008.8344
20241230,-1009.8752
20241230,-1011.0039
20241230,-1012.051
20241230,-1013.083
20241230,-1014.108
20241230,-1015.1383
20241230,-1016.1616
20241230,-1017.1869
20241230,-1018.2118
20241230,-1019.2256
20241230,-1020.3102
20241230,-1021.507
20241230,-1022.705
20241230,-1023.8983
20241231,-1024.9654
20241231,-1024.1284
20241231,-1023.8827
20241231,-1023.527
20241231,-1023.4418
20241231,-1024.4648
20241231,-1024.3782
20241231,-1023.9629
20241231,-1023.3378
20241231,-1022.6404
20241231,-1021.8234
20241231,-1020.6914
20241231,-1021.7274
20241231,-1022.7787
20241231,-1022.5912
20241231,-1023.6518
20241231,-1023.9365
20241231,-1024.9726
20241231,-1024.9324
20241231,-1024.6602
20241231,-1026.4007
20241231,-1027.4395
20241231,-1027.42
20250102,-1027.1531
20250102,-1027.1385
20250102,-1028.2184
20250102,-1029.2459
20250102,-1028.9792
20250102,-1030.0301
20250102,-1031.0929
20250102,-1030.4769
20250102,-1030.0631
20250102,-1029.7618
20250102,-1029.9339
20250102,-1030.4302
20250102,-1030.3094
20250102,-1029.9572
20250102,-1031.0075
20250102,-1032.3828
20250102,-1033.4517
20250102,-1034.724
20250103,-1034.3253
20250103,-1034.2892
20250103,-1033.6159
20250103,-1033.4632
20250103,-1034.5742
20250103,-1035.6078
20250103,-1031.1581
20250103,-1032.2534
20250103,-1033.538
20250103,-1034.9105
20250103,-1035.9681
20250103,-1034.826
20250106,-1035.8531
20250106,-1036.8688
20250106,-1036.6664
20250106,-1036.2871
20250106,-1037.4103
20250106,-1038.4509
20250106,-1037.3477
20250106,-1037.18
20250106,-1036.7475
20250106,-1036.0058
20250106,-1037.4405
20250106,-1038.4914
20250106,-1039.5211
20250106,-1049.7605
20250106,-1050.8727
20250107,-1051.8865
20250107,-1052.8934
20250107,-1053.9268
20250107,-1054.6727
20250107,-1054.172
20250107,-1055.2405
20250107,-1056.298
20250107,-1056.0814
20250107,-1055.0432
20250107,-1056.2268
20250107,-1054.2806
20250107,-1049.3905
20250107,-1050.4602
20250107,-1051.7018
20250107,-1051.2641
20250107,-1052.4459
20250108,-1052.1344
20250108,-1053.2047
20250108,-1054.2238
20250108,-1055.3079
20250108,-1056.3573
20250108,-1055.5384
20250108,-1056.5702
20250108,-1056.576
20250108,-1057.6744
20250108,-1057.2373
20250108,-1057.0449
20250108,-1056.9323
20250108,-1056.1568
20250108,-1057.2025
20250108,-1058.2973
20250108,-1059.4109
20250108,-1060.7311
20250108,-1061.8351
20250110,-1062.8635
20250110,-1061.2754
20250110,-1062.2985
20250110,-1062.1613
20250110,-1063.179
20250110,-1062.3451
20250110,-1061.6922
20250110,-1061.2564
20250110,-1061.0948
20250110,-1060.9325
20250110,-1060.2335
20250110,-1060.4822
20250110,-1061.5112
20250110,-1061.0502
20250110,-1062.0561
20250110,-1063.0809
20250110,-1064.1081
20250110,-1065.1277
20250110,-1066.2101
20250110,-1067.3476
20250110,-1068.3898
20250110,-1067.6705
20250110,-1066.949
20250110,-1068.0217
20250110,-1069.1934
20250110,-1070.2463
20250113,-1069.9273
20250113,-1071.122
20250113,-1072.1434
20250113,-1072.2027
20250113,-1073.3118
20250113,-1073.3139
20250113,-1074.5227
20250113,-1074.3671
20250114,-1074.2901
20250114,-1073.9819
20250114,-1073.987
20250114,-1073.5787
20250114,-1073.1325
20250114,-1072.8357
20250114,-1072.533
20250114,-1073.5419
20250114,-1074.579
20250114,-1075.5894
20250114,-1076.7285
20250114,-1076.2965
20250114,-1077.3164
20250114,-1078.3343
20250114,-1079.3766
20250114,-1077.6381
20250114,-1077.212
20250114,-1076.9399
20250114,-1076.328
20250114,-1077.3938
20250114,-1078.5073
20250114,-1077.9358
20250114,-1076.7916
20250114,-1077.8728
20250114,-1073.3014
20250115,-1074.3571
20250115,-1073.6372
20250115,-1072.4937
20250115,-1072.3246
20250115,-1070.4995
20250115,-1071.5117
20250115,-1072.5534
20250115,-1073.6243
20250115,-1071.3599
20250115,-1070.8691
20250115,-1071.8994
20250115,-1071.4936
20250115,-1071.1996
20250115,-1069.5164
20250115,-1069.475
20250115,-1069.1515
20250115,-1066.2376
20250115,-1066.1532
20250115,-1066.1333
20250116,-1067.1569
20250116,-1068.1958
20250116,-1067.2222
20250116,-1066.9707
20250116,-1066.7671
20250116,-1067.8065
20250116,-1064.423
20250116,-1065.4743
20250116,-1066.5194
20250116,-1070.5291
20250117,-1070.3912
20250117,-1071.4455
20250117,-1072.4931
20250117,-1073.5093
20250117,-1071.7595
20250117,-1071.6862
20250117,-1072.7196
20250117,-1072.6267
20250117,-1072.6934
20250117,-1073.8152
20250117,-1074.8483
20250117,-1076.1384
20250117,-1077.2829
20250117,-1078.3434
20250117,-1078.2767
20250117,-1079.3254
20250117,-1078.9737
20250117,-1080.328
20250117,-1081.4131
20250117,-1078.6316
20250117,-1080.4701
20250121,-1081.5815
20250121,-1080.7325
20250121,-1081.7659
20250121,-1081.0298
20250121,-1080.0677
20250121,-1081.098
20250121,-1078.3199
20250121,-1076.3219
20250121,-1073.7421
20250121,-1073.2909
20250121,-1074.5316
20250121,-1075.6909
20250121,-1074.4656
20250121,-1073.7429
20250121,-1073.326
20250121,-1072.8212
20250121,-1072.736
20250121,-1073.7719
20250121,-1074.7925
20250121,-1075.8285
20250121,-1077.0716
20250122,-1076.7317
20250122,-1077.7651
20250122,-1078.2265
20250122,-1079.2413
20250122,-1080.256
20250122,-1080.0222
20250122,-1078.4525
20250122,-1078.4428
20250122,-1079.498
20250122,-1079.5438
20250122,-1080.6111
20250122,-1081.7521
20250122,-1082.808
20250122,-1082.0891
20250122,-1081.7209
20250122,-1083.0084
20250122,-1084.0652
20250122,-1085.0886
20250122,-1086.3222
20250122,-1087.4089
20250123,-1087.2656
20250123,-1085.6341
20250123,-1086.6526
20250123,-1084.5427
20250123,-1083.5238
20250123,-1083.4373
20250123,-1083.3274
20250123,-1084.4976
20250123,-1083.8225
20250123,-1081.6241
20250123,-1082.6777
20250123,-1082.6514
20250123,-1083.6716
20250123,-1081.4046
20250123,-1081.3793
20250123,-1081.1272
20250123,-1082.145
20250123,-1083.199
20250123,-1084.2605
20250123,-1084.0287
20250123,-1079.5589
20250124,-1080.7217
20250124,-1081.777
20250124,-1082.7853
20250124,-1082.7517
20250124,-1083.7746
20250124,-1081.7352
20250124,-1082.7842
20250124,-1083.8129
20250124,-1084.8472
20250124,-1084.9006
20250124,-1085.9102
20250124,-1087.0216
20250124,-1085.505
20250124,-1085.4399
20250124,-1084.8071
20250124,-1076.5749
20250124,-1073.4789
20250124,-1071.3983
20250127,-1071.2813
20250127,-1071.1241
20250127,-1070.9645
20250127,-1072.0291
20250127,-1069.8126
20250127,-1069.4711
20250127,-1068.3761
20250127,-1069.3938
20250127,-1068.6786
20250127,-1069.7027
20250127,-1070.7309
20250127,-1071.2063
20250127,-1072.2645
20250127,-1071.6102
20250127,-1072.6864
20250127,-1069.7209
20250127,-1069.0383
20250127,-1070.083
20250127,-1071.1179
20250128,-1070.4941
20250128,-1071.6848
20250128,-1070.4987
20250128,-1068.5169
20250128,-1067.2512
20250128,-1068.2732
20250128,-1069.3992
20250128,-1070.4799
20250128,-1070.4644
20250128,-1069.8031
20250128,-1070.8468
20250128,-1071.8657
20250128,-1072.9132
20250129,-1072.6643
20250129,-1072.4526
20250129,-1073.4603
20250129,-1073.3527
20250129,-1074.4354
20250129,-1073.1807
20250129,-1072.5487
20250129,-1072.3636
20250129,-1071.9738
20250129,-1073.0238
20250129,-1074.0418
20250129,-1075.0823
20250129,-1076.1347
20250129,-1077.5412
20250129,-1078.7254
20250129,-1077.8091
20250129,-1077.6476
20250129,-1080.4961
20250129,-1081.5905
20250130,-1082.6024
20250130,-1083.6213
20250130,-1082.3653
20250130,-1083.3784
20250130,-1083.0121
20250130,-1084.0455
20250130,-1085.178
20250130,-1085.1799
20250130,-1086.3393
20250130,-1085.4327
20250130,-1086.7008
20250130,-1085.7116
20250130,-1086.7646
20250130,-1086.4328
20250130,-1087.506
20250131,-1088.5159
20250131,-1089.5642
20250131,-1090.5816
20250131,-1091.8137
20250131,-1092.8592
20250131,-1092.5184
20250131,-1093.5488
20250131,-1094.5702
20250131,-1095.5865
20250131,-1095.6362
20250131,-1095.6352
20250131,-1096.6869
20250131,-1097.7193
20250131,-1098.8522
20250131,-1099.9591
20250131,-1100.0949
20250131,-1101.3114
20250131,-1102.3609
20250131,-1101.9185
20250203,-1100.9146
20250203,-1101.9463
20250203,-1100.7752
20250203,-1099.3913
20250203,-1099.269
20250203,-1099.259
20250203,-1098.7735
20250203,-1099.8021
20250203,-1098.2848
20250203,-1099.4727
20250204,-1100.632
20250204,-1100.5357
20250204,-1099.6408
20250204,-1099.3165
20250204,-1097.6567
20250204,-1098.7295
20250204,-1096.3402
20250204,-1095.9394
20250204,-1096.1206
20250204,-1095.2091
20250204,-1095.3964
20250204,-1096.4324
20250204,-1097.4715
20250204,-1098.5184
20250204,-1100.0554
20250204,-1101.2045
20250204,-1102.3374
20250204,-1101.706
20250205,-1102.7223
20250205,-1102.6265
20250205,-1101.3271
20250205,-1101.2765
20250205,-1098.8481
20250205,-1099.9564
20250205,-1096.8831
20250205,-1095.8203
20250205,-1095.7931
20250205,-1097.0018
20250205,-1096.8694
20250205,-1097.9535
20250205,-1098.9677
20250205,-1097.8187
20250205,-1097.5927
20250205,-1098.6868
20250206,-1099.7104
20250206,-1098.6252
20250206,-1099.6729
20250206,-1100.6832
20250206,-1100.6329
20250206,-1092.9433
20250206,-1093.9683
20250206,-1094.9944
20250206,-1094.7671
20250206,-1095.788
20250206,-1096.8687
20250206,-1099.5905
20250206,-1100.6473
20250206,-1098.0463
20250206,-1099.7845
20250206,-1101.1199
20250207,-1102.1656
20250207,-1101.7226
20250207,-1101.5386
20250207,-1101.553
20250207,-1102.5949
20250207,-1102.2782
20250207,-1103.3867
20250207,-1104.4777
20250207,-1104.4512
20250207,-1105.5151
20250207,-1104.537
20250207,-1097.6889
20250207,-1097.0585
20250207,-1097.0186
20250210,-1096.9992
20250210,-1098.111
20250210,-1099.1633
20250210,-1100.2428
20250210,-1099.7603
20250210,-1098.3188
20250210,-1099.4299
20250210,-1098.4631
20250210,-1099.642
20250210,-1100.6785
20250210,-1101.8649
20250210,-1101.3478
20250210,-1098.2642
20250210,-1096.689
20250210,-1097.7819
20250210,-1095.1825
20250210,-1095.0288
20250211,-1094.8275
20250211,-1093.9667
20250211,-1093.8689
20250211,-1093.7262
20250211,-1093.5886
20250211,-1092.9012
20250211,-1092.4756
20250211,-1088.4751
20250211,-1087.2404
20250211,-1086.6637
20250211,-1087.7899
20250211,-1089.7236
20250211,-1092.8093
20250211,-1093.9154
20250211,-1093.6535
20250211,-1094.8306
20250211,-1094.3086
20250212,-1094.2598
20250212,-1095.3454
20250212,-1095.2
20250212,-1096.2641
20250212,-1097.3432
20250212,-1098.3681
20250212,-1098.1651
20250212,-1099.1827
20250212,-1098.8271
20250212,-1099.8684
20250212,-1101.2371
20250212,-1100.5985
20250212,-1101.8723
20250212,-1103.1344
20250212,-1099.0758
20250212,-1102.0428
20250212,-1102.2728
20250213,-1103.3108
20250213,-1103.033
20250213,-1104.0498
20250213,-1102.9409
20250213,-1103.9661
20250213,-1103.8681
20250213,-1104.8993
20250213,-1105.9351
20250213,-1105.3201
20250213,-1104.3044
20250213,-1105.5156
20250213,-1106.7751
20250213,-1107.9506
20250213,-1109.0574
20250213,-1108.0937
20250213,-1109.1815
20250213,-1110.3506
20250213,-1110.0071
20250213,-1109.53
20250213,-1110.9449
20250213,-1108.7123
20250214,-1107.7606
20250214,-1108.796
20250214,-1106.795
20250214,-1104.7214
20250214,-1105.7727
20250214,-1106.8324
20250214,-1108.0292
20250214,-1109.0829
20250214,-1110.1816
20250214,-1111.2076
20250214,-1112.2616
20250214,-1113.3585
20250214,-1114.4157
20250214,-1114.6001
20250218,-1113.8837
20250218,-1113.7119
20250218,-1112.9988
20250218,-1114.0876
20250218,-1115.1851
20250218,-1116.4306
20250218,-1116.0038
20250218,-1117.1323
20250218,-1118.2067
20250219,-1119.2201
20250219,-1119.0445
20250219,-1118.8407
20250219,-1119.8731
20250219,-1120.9984
20250219,-1122.1181
20250219,-1123.1496
20250219,-1122.7612
20250219,-1124.1071
20250219,-1125.1679
20250219,-1126.3301
20250219,-1125.9448
20250219,-1125.9501
20250219,-1125.2202
20250219,-1124.6322
20250219,-1123.5868
20250219,-1124.6213
20250219,-1123.7144
20250220,-1123.2272
20250220,-1123.276
20250220,-1121.0247
20250220,-1120.9508
20250220,-1121.0323
20250220,-1120.8271
20250220,-1120.7642
20250220,-1121.966
20250220,-1124.634
20250220,-1125.7101
20250220,-1126.7876
20250220,-1127.8207
20250220,-1128.9238
20250220,-1132.0617
20250220,-1130.5601
20250220,-1130.2349
20250220,-1131.3391
20250221,-1131.0757
20250221,-1131.0493
20250221,-1130.8581
20250221,-1131.9059
20250221,-1128.7829
20250221,-1127.7684
20250221,-1127.6937
20250221,-1128.7577
20250221,-1125.9573
20250221,-1122.9389
20250221,-1122.7662
20250221,-1121.3391
20250221,-1120.9142
20250221,-1121.9542
20250221,-1121.4591
20250221,-1122.8334
20250221,-1124.0
20250221,-1122.4565
20250221,-1119.0633
20250221,-1118.4234
20250221,-1117.9456
20250221,-1117.939
20250221,-1119.0224
20250224,-1118.0595
20250224,-1119.0982
20250224,-1117.8109
20250224,-1117.6759
20250224,-1116.3041
20250224,-1116.2415
20250224,-1117.2666
20250224,-1116.9238
20250224,-1116.1606
20250224,-1115.1276
20250224,-1114.1599
20250224,-1113.0733
20250224,-1112.8064
20250224,-1112.803
20250224,-1112.0545
20250224,-1111.7227
20250224,-1112.7982
20250224,-1113.8162
20250224,-1114.8483
20250224,-1115.8893
20250224,-1117.0206
20250224,-1118.2201
20250224,-1117.7744
20250224,-1118.8057
20250225,-1118.2743
20250225,-1116.5564
20250225,-1116.0534
20250225,-1115.8648
20250225,-1113.191
20250225,-1112.3812
20250225,-1112.0231
20250225,-1111.3502
20250225,-1110.947
20250225,-1110.6491
20250225,-1108.8856
20250225,-1108.3236
20250225,-1107.1815
20250225,-1106.8207
20250225,-1106.0742
20250225,-1107.0935
20250225,-1106.9956
20250225,-1106.809
20250225,-1106.4777
20250225,-1105.8633
20250225,-1106.1745
20250225,-1105.654
20250225,-1105.1415
20250225,-1104.7677
20250225,-1104.4802
20250225,-1104.0132
20250225,-1093.3359
20250225,-1094.777
20250226,-1093.6157
20250226,-1093.3182
20250226,-1094.3366
20250226,-1095.3451
20250226,-1096.4453
20250226,-1096.0296
20250226,-1096.5305
20250226,-1096.3386
20250226,-1096.5963
20250226,-1096.4883
20250226,-1096.492
20250226,-1096.3592
20250226,-1096.3515
20250227,-1095.1231
20250227,-1094.9526
20250227,-1095.9771
20250227,-1095.7416
20250227,-1096.7469
20250227,-1096.3443
20250227,-1096.1915
20250227,-1097.2438
20250227,-1098.3283
20250227,-1099.4493
20250227,-1100.7588
20250227,-1096.398
20250227,-1097.5093
20250227,-1098.6164
20250227,-1098.4164
20250227,-1097.4177
20250227,-1096.2674
20250228,-1095.8211
20250228,-1095.4947
20250228,-1093.255
20250228,-1092.6117
20250228,-1093.6393
20250228,-1094.6847
20250228,-1095.7142
20250228,-1095.7637
20250228,-1094.1984
20250228,-1095.2386
20250228,-1094.5513
20250228,-1093.0688
20250228,-1095.7477
20250228,-1094.6286
20250303,-1094.3763
20250303,-1095.4316
20250303,-1096.4903
20250303,-1097.5309
20250303,-1094.6911
20250303,-1090.9367
20250303,-1091.9702
20250304,-1091.87
20250304,-1091.5842
20250304,-1092.6128
20250305,-1093.7495
20250305,-1094.8021
20250305,-1096.3491
20250305,-1095.5983
20250305,-1095.6316
20250305,-1095.594
20250305,-1094.404
20250305,-1094.2349
20250305,-1095.2721
20250305,-1096.3206
20250305,-1097.3606
20250305,-1098.3987
20250305,-1098.2577
20250305,-1099.3097
20250305,-1100.3615
20250305,-1101.3826
20250305,-1102.4226
20250305,-1103.5672
20250305,-1103.1027
20250306,-1104.1124
20250306,-1105.1446
20250306,-1104.0333
20250306,-1105.0762
20250306,-1106.2492
20250306,-1107.2817
20250306,-1108.3043
20250306,-1105.9514
20250306,-1107.0105
20250306,-1108.0407
20250306,-1109.0844
20250306,-1110.1162
20250306,-1111.2745
20250306,-1112.3151
20250306,-1113.3553
20250307,-1113.2009
20250307,-1114.2304
20250307,-1114.1325
20250307,-1115.1942
20250307,-1114.8035
20250307,-1115.8541
20250307,-1116.8687
20250307,-1117.9001
20250307,-1117.6938
20250307,-1118.7049
20250307,-1118.627
20250307,-1118.7222
20250307,-1119.7457
20250307,-1120.7993
20250307,-1121.8537
20250307,-1121.5859
20250307,-1121.2763
20250310,-1117.2047
20250310,-1116.4005
20250310,-1113.6511
20250310,-1113.6093
20250310,-1114.6355
20250310,-1113.9696
20250310,-1113.9026
20250310,-1113.7314
20250310,-1113.5047
20250310,-1113.3086
20250310,-1112.7643
20250310,-1113.7781
20250310,-1113.0936
20250310,-1111.8618
20250310,-1112.8852
20250310,-1112.441
20250310,-1112.279
20250310,-1111.7353
20250310,-1111.0565
20250310,-1112.1629
20250310,-1113.22
20250311,-1112.9829
20250311,-1112.1902
20250311,-1110.9209
20250311,-1109.7392
20250311,-1109.7113
20250311,-1108.5655
20250311,-1108.4241
20250311,-1108.0531
20250311,-1107.5341
20250311,-1108.5556
20250311,-1108.4274
20250311,-1109.446
20250311,-1110.455
20250311,-1111.6134
20250311,-1112.6445
20250311,-1113.8189
20250311,-1111.7793
20250311,-1112.8517
20250311,-1112.3005
20250311,-1112.1447
20250311,-1113.1631
20250311,-1114.2546
20250312,-1113.9729
20250312,-1113.4313
20250312,-1113.3364
20250312,-1112.4363
20250312,-1110.4352
20250312,-1109.6566
20250312,-1109.1792
20250312,-1108.9545
20250312,-1107.4302
20250312,-1106.1213
20250312,-1105.8844
20250312,-1107.0818
20250312,-1106.1522
20250312,-1105.8419
20250312,-1106.9415
20250312,-1106.5809
20250312,-1106.1223
20250312,-1107.1863
20250312,-1108.2405
20250313,-1107.6831
20250313,-1107.572
20250313,-1108.6266
20250313,-1108.3914
20250313,-1108.388
20250313,-1105.3649
20250313,-1106.4382
20250313,-1107.6429
20250313,-1106.5322
20250313,-1103.9087
20250313,-1102.1894
20250313,-1103.23
20250314,-1102.1
20250314,-1101.6009
20250314,-1102.6218
20250314,-1102.5694
20250314,-1101.9491
20250314,-1102.9876
20250314,-1102.8342
20250314,-1102.8217
20250317,-1102.7591
20250317,-1103.0222
20250317,-1104.0565
20250317,-1105.0689
20250317,-1103.3192
20250317,-1097.4411
20250317,-1097.862
20250317,-1096.6558
20250317,-1093.9314
20250317,-1095.0082
20250317,-1094.5553
20250317,-1095.6098
20250317,-1096.6801
20250317,-1097.7537
20250317,-1098.9444
20250318,-1099.9756
20250318,-1100.9928
20250318,-1102.0674
20250318,-1103.1179
20250318,-1104.1488
20250318,-1105.2428
20250318,-1106.3462
20250318,-1107.6816
20250318,-1108.7232
20250319,-1107.7189
20250319,-1107.544
20250319,-1108.567
20250319,-1108.0107
20250319,-1107.0964
20250319,-1106.3248
20250319,-1104.992
20250319,-1104.4617
20250319,-1104.168
20250319,-1103.8463
20250319,-1104.859
20250319,-1104.9667
20250319,-1106.5206
20250319,-1107.7207
20250320,-1108.7484
20250320,-1107.4592
20250320,-1107.3371
20250320,-1105.5027
20250320,-1104.4985
20250320,-1103.1724
20250320,-1104.2971
20250320,-1105.425
20250320,-1102.1479
20250320,-1103.2749
20250320,-1102.4114
20250320,-1100.4329
20250320,-1100.2951
20250320,-1100.0406
20250320,-1101.1342
20250320,-1102.162
20250320,-1103.341
20250320,-1104.4195
20250320,-1105.6598
20250320,-1105.3898
20250320,-1106.43
20250320,-1104.7466
20250320,-1104.6292
20250320,-1104.6841
20250321,-1104.6288
20250321,-1105.6453
20250321,-1105.3288
20250321,-1105.2639
20250321,-1104.4667
20250321,-1103.564
20250321,-1102.5491
20250321,-1103.6112
20250321,-1104.6375
20250321,-1104.6811
20250321,-1106.2744
20250324,-1105.6398
20250324,-1106.6586
20250324,-1106.3833
20250324,-1107.4057
20250324,-1106.9096
20250324,-1108.0723
20250324,-1106.7477
20250324,-1107.8373
20250324,-1108.9454
20250324,-1108.7345
20250324,-1108.62
20250324,-1107.6201
20250324,-1107.6379
20250325,-1107.3721
20250325,-1106.4432
20250325,-1107.4742
20250325,-1108.5094
20250325,-1109.5463
20250325,-1110.7377
20250325,-1111.8349
20250325,-1111.6539
20250325,-1112.6807
20250325,-1113.7246
20250325,-1114.8359
20250325,-1114.4951
20250325,-1115.5665
20250325,-1116.598
20250325,-1117.7253
20250325,-1118.8269
20250325,-1117.6717
20250325,-1118.731
20250326,-1119.784
20250326,-1119.6717
20250326,-1120.8231
20250326,-1121.8737
20250326,-1120.8615
20250326,-1124.7035
20250326,-1122.3025
20250326,-1123.5115
20250326,-1121.2648
20250327,-1120.3658
20250327,-1121.4693
20250327,-1122.4867
20250327,-1123.5372
20250327,-1123.2065
20250327,-1124.3291
20250327,-1125.4798
20250327,-1126.9808
20250327,-1128.1252
20250328,-1127.6967
20250328,-1127.1178
20250328,-1128.1707
20250328,-1127.9405
20250328,-1126.902
20250328,-1126.6638
20250328,-1126.2961
20250328,-1125.7342
20250328,-1126.7765
20250328,-1127.8243
20250328,-1127.6609
20250328,-1124.1078
20250328,-1125.1536
20250328,-1124.9934
20250328,-1126.0336
20250328,-1127.1165
20250328,-1128.2193
20250328,-1129.3112
20250328,-1130.3732
20250328,-1131.4167
20250331,-1132.4751
20250331,-1133.5022
20250331,-1134.5187
20250331,-1135.5597
20250331,-1135.4663
20250331,-1136.6211
20250401,-1137.6804
20250401,-1137.535
20250401,-1137.3819
20250401,-1136.9303
20250401,-1136.829
20250401,-1136.739
20250401,-1137.758
20250401,-1137.4629
20250401,-1138.4777
20250401,-1138.1952
20250401,-1137.2929
20250401,-1137.3004
20250401,-1138.3271
20250401,-1139.3502
20250401,-1140.3725
20250401,-1141.406
20250401,-1142.4295
20250401,-1142.2643
20250401,-1143.3057
20250401,-1144.5695
20250401,-1145.87
20250401,-1146.9333
20250401,-1146.8716
20250401,-1147.9679
20250401,-1147.9105
20250401,-1146.91
20250401,-1146.6401
20250402,-1146.3766
20250402,-1146.3528
20250402,-1145.2848
20250402,-1146.3211
20250402,-1146.321
20250402,-1146.157
20250402,-1147.2039
20250402,-1145.4203
20250402,-1145.4238
20250402,-1146.9185
20250402,-1148.0813
20250402,-1146.3268
20250402,-1145.6997
20250402,-1144.7501
20250402,-1143.0838
20250402,-1142.5634
20250402,-1142.3458
20250402,-1141.1423
20250402,-1141.1308
20250402,-1140.7412
20250402,-1140.3877
20250403,-1141.4061
20250403,-1139.0967
20250403,-1135.0455
20250403,-1134.7686
20250403,-1134.6648
20250403,-1135.6773
20250403,-1137.0385
20250403,-1138.1394
20250403,-1139.199
20250403,-1141.0348
20250403,-1138.6813
20250403,-1132.7253
20250403,-1133.7562
20250403,-1134.8912
20250403,-1135.9311
20250403,-1135.7036
20250403,-1135.7833
20250403,-1136.0446
20250404,-1137.0671
20250404,-1136.3452
20250404,-1135.1635
20250404,-1135.1081
20250404,-1134.1526
20250404,-1133.5725
20250404,-1132.6205
20250404,-1132.2964
20250404,-1133.3071
20250404,-1125.141
20250404,-1126.1684
20250404,-1127.185
20250404,-1128.2046
20250404,-1129.2166
20250404,-1130.2227
20250404,-1129.7382
20250404,-1130.7732
20250404,-1131.8247
20250408,-1131.5916
20250408,-1132.601
20250408,-1133.6193
20250409,-1134.627
20250409,-1135.6494
20250409,-1136.6783
20250409,-1137.7211
20250409,-1138.7375
20250409,-1139.7757
20250409,-1139.681
20250409,-1139.6088
20250409,-1140.6217
20250409,-1141.6342
20250409,-1142.6454
20250409,-1143.6573
20250409,-1143.5313
20250409,-1143.2258
20250409,-1143.1209
20250409,-1141.9776
20250410,-1142.991
20250410,-1141.6678
20250411,-1142.68
20250411,-1143.6934
20250411,-1144.7095
20250411,-1145.7216
20250411,-1145.6047
20250411,-1146.6155
20250411,-1144.9528
20250411,-1145.0112
20250411,-1146.0209
20250411,-1147.0295
20250411,-1148.0393
20250411,-1149.0692
20250411,-1149.0566
20250411,-1150.0695
20250411,-1149.4553
20250411,-1150.4821
20250411,-1151.5124
20250411,-1151.169
20250411,-1150.8323
20250411,-1151.8547
20250411,-1151.7732
20250411,-1151.3911
20250414,-1152.473
20250414,-1153.4932
20250414,-1154.5255
20250414,-1154.3777
20250414,-1155.3933
20250414,-1156.4297
20250414,-1155.5245
20250414,-1159.8742
20250414,-1161.0284
20250414,-1162.1262
20250414,-1163.2828
20250415,-1164.3158
20250415,-1165.3957
20250415,-1164.2165
20250415,-1162.6774
20250415,-1163.7026
20250415,-1164.7293
20250415,-1164.6322
20250415,-1163.8734
20250415,-1164.8833
20250415,-1165.9136
20250415,-1166.956
20250415,-1167.9774
20250415,-1169.014
20250415,-1170.0424
20250415,-1171.0665
20250415,-1172.0948
20250415,-1171.9748
20250415,-1173.0116
20250415,-1174.0937
20250415,-1173.9014
20250415,-1174.9673
20250416,-1174.2441
20250416,-1175.2716
20250416,-1175.0844
20250416,-1176.116
20250416,-1175.7517
20250416,-1176.7687
20250416,-1177.8484
20250416,-1176.8001
20250416,-1177.8604
20250416,-1178.9479
20250416,-1178.117
20250416,-1178.201
20250416,-1178.01
20250416,-1179.0494
20250416,-1180.0755
20250416,-1180.0021
20250416,-1181.0133
20250416,-1182.0381
20250416,-1181.2833
20250416,-1181.183
20250416,-1180.9001
20250417,-1179.8393
20250417,-1179.2597
20250417,-1179.1926
20250417,-1179.0215
20250417,-1180.0448
20250417,-1179.4076
20250417,-1179.143
20250417,-1178.164
20250417,-1177.8323
20250417,-1178.8588
20250417,-1179.8887
20250417,-1180.9174
20250417,-1181.9471
20250417,-1183.0408
20250417,-1184.0699
20250417,-1185.0866
20250417,-1186.3205
20250417,-1187.83
20250417,-1188.8853
20250421,-1185.7012
20250421,-1185.0664
20250421,-1181.4434
20250421,-1180.945
20250421,-1180.3965
20250421,-1179.643
20250421,-1179.6106
20250421,-1179.5501
20250421,-1179.338
20250421,-1179.3279
20250421,-1178.991
20250421,-1178.7776
20250421,-1177.8525
20250421,-1178.8743
20250421,-1178.8439
20250421,-1179.8792
20250421,-1179.7816
20250421,-1180.9135
20250421,-1182.1424
20250421,-1183.9118
20250421,-1184.9558
20250421,-1186.2542
20250422,-1186.6044
20250422,-1186.0148
20250422,-1185.0603
20250422,-1182.2474
20250422,-1183.2729
20250422,-1184.5094
20250422,-1184.1849
20250422,-1185.219
20250423,-1184.4056
20250423,-1184.358
20250423,-1185.3791
20250423,-1186.387
20250423,-1186.419
20250423,-1186.2564
20250423,-1187.2728
20250423,-1188.2885
20250423,-1188.0421
20250423,-1189.0761
20250424,-1188.7815
20250424,-1188.4208
20250424,-1185.5598
20250424,-1186.6348
20250424,-1186.1851
20250424,-1185.4869
20250424,-1185.1878
20250424,-1185.243
20250424,-1186.3889
20250424,-1187.4339
20250424,-1182.4085
20250424,-1180.733
20250425,-1180.3681
20250425,-1181.3873
20250425,-1181.2027
20250425,-1182.2455
20250425,-1183.2693
20250425,-1182.3508
20250425,-1182.0713
20250425,-1183.1274
20250425,-1184.2754
20250425,-1182.2741
20250425,-1178.5744
20250425,-1180.5744
20250425,-1171.337
20250425,-1170.8818
20250425,-1171.9102
20250425,-1173.0206
20250425,-1174.0877
20250425,-1174.1577
20250425,-1175.5162
20250425,-1172.8861
20250425,-1174.0488
20250425,-1175.2755
20250428,-1176.2852
20250428,-1174.1458
20250428,-1179.5429
20250428,-1180.6851
20250428,-1180.3174
20250429,-1180.3091
20250429,-1179.9974
20250429,-1179.6158
20250429,-1179.0559
20250429,-1179.0635
20250429,-1178.7802
20250429,-1178.62
20250429,-1177.8218
20250429,-1177.6267
20250429,-1177.2902
20250429,-1177.192
20250429,-1176.4991
20250429,-1176.4981
20250429,-1177.5286
20250429,-1178.6658
20250429,-1178.5171
20250429,-1179.5594
20250429,-1179.4865
20250429,-1180.5611
20250430,-1180.5524
20250430,-1181.5837
20250430,-1181.4298
20250430,-1181.2393
20250430,-1180.8374
20250430,-1180.0437
20250430,-1181.2168
20250430,-1182.2621
20250430,-1183.508
20250430,-1184.6271
20250430,-1185.7527
20250501,-1186.7655
20250501,-1187.7767
20250501,-1187.6102
20250501,-1188.6337
20250501,-1188.033
20250501,-1189.0482
20250501,-1190.2231
20250501,-1189.6279
20250501,-1190.7643
20250501,-1191.8615
20250501,-1191.9809
20250501,-1193.15
20250501,-1194.2315
20250501,-1195.273
20250502,-1194.755
20250502,-1195.7955
20250502,-1196.8248
20250502,-1196.449
20250502,-1197.4773
20250502,-1196.9888
20250502,-1198.0803
20250502,-1197.3519
20250502,-1198.368
20250502,-1197.7151
20250502,-1197.6412
20250502,-1195.013
20250502,-1194.9896
20250502,-1196.0989
20250502,-1196.2797
20250502,-1197.3202
20250502,-1197.394
20250502,-1198.4197
20250502,-1199.4395
20250502,-1200.4559
20250502,-1201.5365
20250502,-1203.1317
20250502,-1204.4923
20250502,-1206.1992
20250505,-1206.8939
20250505,-1207.9139
20250505,-1207.9365
20250505,-1207.8711
20250505,-1208.8958
20250505,-1208.1073
20250505,-1207.8129
20250505,-1207.5823
20250505,-1206.8508
20250505,-1207.9031
20250505,-1208.9243
20250505,-1210.0665
20250505,-1211.1329
20250505,-1212.2023
20250505,-1213.2395
20250505,-1214.7225
20250505,-1211.3111
20250505,-1212.4914
20250505,-1213.54
20250505,-1210.4983
20250505,-1211.544
20250505,-1210.941
20250506,-1211.9904
20250506,-1210.22
20250506,-1209.8131
20250506,-1209.7784
20250506,-1208.9976
20250506,-1207.8933
20250506,-1205.8671
20250506,-1205.7001
20250506,-1203.8026
20250506,-1204.8252
20250506,-1205.8893
20250506,-1205.226
20250506,-1204.9782
20250506,-1206.0942
20250506,-1207.2223
20250506,-1208.3677
20250506,-1209.4968
20250506,-1210.7274
20250507,-1211.7394
20250507,-1212.7548
20250507,-1214.003
20250507,-1213.839
20250507,-1214.8863
20250507,-1215.9121
20250507,-1214.1774
20250507,-1215.1979
20250507,-1214.9035
20250507,-1216.1101
20250507,-1217.2066
20250507,-1217.235
20250507,-1216.5812
20250507,-1216.5174
20250507,-1213.9278
20250507,-1212.9689
20250507,-1212.5644
20250507,-1212.5292
20250507,-1212.6976
20250507,-1212.8389
20250508,-1212.8525
20250508,-1212.4506
20250508,-1213.6162
20250508,-1213.066
20250508,-1212.9384
20250508,-1212.5541
20250508,-1212.3107
20250508,-1213.3539
20250508,-1211.795
20250508,-1212.8137
20250508,-1210.9643
20250508,-1212.0225
20250508,-1213.0672
20250508,-1216.931
20250508,-1218.1023
20250509,-1219.1066
20250509,-1218.2517
20250509,-1217.8879
20250509,-1217.4177
20250509,-1219.0184
20250509,-1220.0408
20250509,-1221.0912
20250509,-1220.8516
20250512,-1221.992
20250512,-1221.2903
20250512,-1219.3031
20250512,-1217.8297
20250512,-1218.881
20250512,-1219.9244
20250512,-1219.9504
20250512,-1220.9882
20250512,-1222.0299
20250512,-1223.09
20250512,-1224.2232
20250513,-1225.2502
20250513,-1221.8909
20250513,-1219.4089
20250513,-1215.6278
20250513,-1216.6663
20250513,-1213.6509
20250513,-1210.0531
20250513,-1211.0868
20250513,-1211.0493
20250513,-1211.0049
20250513,-1212.0159
20250513,-1213.0814
20250513,-1212.7274
20250513,-1213.7716
20250513,-1212.0703
20250513,-1211.9674
20250513,-1212.9928
20250513,-1214.0294
20250513,-1209.899
20250513,-1207.5078
20250513,-1207.4586
20250513,-1205.6107
20250513,-1206.7117
20250513,-1208.0324
20250513,-1209.2563
20250513,-1210.6645
20250514,-1211.8013
20250514,-1212.8317
20250514,-1213.8556
20250514,-1214.8687
20250514,-1214.7938
20250514,-1215.8223
20250514,-1215.0327
20250514,-1214.8763
20250514,-1214.0269
20250514,-1214.1561
20250514,-1215.1734
20250514,-1216.2357
20250514,-1217.3006
20250514,-1213.9817
20250514,-1213.428
20250514,-1214.8433
20250515,-1215.8651
20250515,-1215.3742
20250515,-1216.397
20250515,-1215.8602
20250515,-1215.8549
20250515,-1216.867
20250515,-1216.3693
20250515,-1216.209
20250515,-1217.3063
20250515,-1217.044
20250515,-1211.343
20250515,-1211.885
20250516,-1211.4864
20250516,-1212.5178
20250516,-1211.8182
20250516,-1212.861
20250516,-1212.6991
20250516,-1213.7161
20250516,-1212.8887
20250516,-1214.036
20250516,-1215.1085
20250516,-1216.3664
20250516,-1217.6905
20250516,-1218.7167
20250516,-1220.4686
20250519,-1222.5472
20250519,-1222.5587
20250519,-1221.732
20250519,-1221.2931
20250519,-1220.2604
20250519,-1219.8909
20250519,-1219.0587
20250519,-1218.5811
20250519,-1218.6043
20250519,-1219.6423
20250519,-1220.0984
20250519,-1221.2048
20250519,-1222.4403
20250519,-1223.661
20250519,-1225.2525
20250519,-1226.3209
20250519,-1227.4701
20250519,-1225.8181
20250520,-1226.8614
20250520,-1227.8841
20250520,-1227.54
20250520,-1228.5773
20250520,-1229.598
20250520,-1230.7964
20250520,-1230.5004
20250520,-1230.1263
20250520,-1231.155
20250520,-1232.221
20250520,-1233.5878
20250520,-1234.629
20250520,-1235.7083
20250520,-1236.8067
20250520,-1237.8507
20250520,-1239.0293
20250520,-1240.2236
20250520,-1241.3774
20250520,-1241.3148
20250521,-1242.3896
20250521,-1241.7476
20250521,-1242.8055
20250521,-1243.8645
20250521,-1244.9297
20250521,-1245.9424
20250521,-1245.7516
20250521,-1246.7994
20250521,-1246.939
20250521,-1246.5611
20250521,-1246.0525
20250521,-1244.8438
20250521,-1244.3544
20250521,-1244.2946
20250521,-1245.3184
20250521,-1246.4204
20250521,-1247.7041
20250522,-1248.7814
20250522,-1248.493
20250522,-1249.5335
20250522,-1250.5924
20250522,-1251.6524
20250522,-1250.2501
20250523,-1250.023
20250523,-1249.766
20250523,-1250.8312
20250523,-1251.8965
20250523,-1251.8269
20250527,-1251.8368
20250527,-1252.8714
20250527,-1252.485
20250527,-1250.8294
20250527,-1247.9932
20250527,-1245.6155
20250527,-1244.1194
20250527,-1245.5052
20250527,-1245.6659
20250527,-1246.8613
20250527,-1248.0709
20250527,-1245.9994
20250527,-1247.085
20250528,-1248.1371
20250528,-1247.9049
20250528,-1246.7584
20250528,-1247.8168
20250528,-1247.2103
20250528,-1248.2519
20250528,-1249.4519
20250528,-1250.5279
20250528,-1249.7688
20250529,-1250.817
20250529,-1248.9777
20250529,-1248.3665
20250529,-1249.4738
20250529,-1250.7506
20250530,-1250.4465
20250530,-1251.4812
20250530,-1251.082
20250530,-1250.731
20250530,-1250.6656
20250530,-1249.1846
20250530,-1247.3912
20250530,-1248.4872
20250530,-1248.2825
20250530,-1247.4396
20250530,-1248.4786
20250530,-1247.7921
20250530,-1248.8165
20250530,-1249.8404
20250530,-1250.8697
20250530,-1251.9102
20250530,-1252.9692
20250530,-1254.6489
20250530,-1255.6631
20250530,-1258.1581
20250530,-1259.218
20250530,-1260.2536
20250530,-1261.5084
20250530,-1262.7073
20250602,-1262.4459
20250602,-1262.4292
20250602,-1262.2917
20250602,-1262.2197
20250602,-1262.0616
20250602,-1263.1268
20250602,-1262.8762
20250602,-1263.9154
20250602,-1264.9511
20250602,-1265.9994
20250602,-1267.272
20250602,-1266.7932
20250602,-1267.8977
20250602,-1267.078
20250602,-1268.2184
20250602,-1267.3319
20250603,-1267.3069
20250603,-1267.073
20250603,-1266.8161
20250603,-1267.8844
20250603,-1266.9213
20250603,-1266.2258
20250603,-1267.3227
20250603,-1268.3521
20250603,-1268.3146
20250603,-1269.3569
20250603,-1270.5816
20250603,-1271.8819
20250603,-1273.0829
20250603,-1273.4405
20250603,-1274.4533
20250603,-1273.8964
20250603,-1272.8504
20250603,-1274.3529
20250603,-1276.3528
20250603,-1277.5899
20250604,-1277.2766
20250604,-1278.3189
20250604,-1279.3566
20250604,-1278.9332
20250604,-1277.7562
20250604,-1279.1947
20250604,-1280.4436
20250605,-1281.4549
20250605,-1282.477
20250605,-1281.8848
20250605,-1281.2254
20250605,-1281.2242
20250605,-1280.634
20250605,-1281.6808
20250605,-1282.7401
20250605,-1282.7288
20250605,-1283.7579
20250605,-1284.812
20250605,-1285.8386
20250605,-1287.0759
20250605,-1281.6143
20250605,-1284.9255
20250605,-1286.0065
20250606,-1287.03
20250606,-1286.8854
20250606,-1284.66
20250606,-1283.6194
20250606,-1284.6514
20250606,-1283.4736
20250606,-1284.5386
20250606,-1282.279
20250606,-1283.4806
20250606,-1285.0022
20250606,-1286.0652
20250606,-1287.1563
20250606,-1286.6608
20250606,-1285.321
20250606,-1290.3445
20250609,-1291.4064
20250609,-1292.431
20250609,-1291.6119
20250609,-1291.1818
20250609,-1292.2206
20250609,-1293.2355
20250609,-1294.2613
20250609,-1295.292
20250609,-1295.2855
20250609,-1296.3613
20250609,-1297.4181
20250609,-1298.5228
20250609,-1296.6241
20250609,-1297.7638
20250609,-1298.8645
20250609,-1299.9312
20250609,-1299.7438
20250610,-1300.754
20250610,-1300.201
20250610,-1299.1343
20250610,-1300.1929
20250610,-1300.1014
20250610,-1299.6388
20250610,-1300.6641
20250610,-1300.452
20250610,-1301.6033
20250610,-1302.6813
20250610,-1303.7585
20250610,-1304.8234
20250610,-1302.5059
20250610,-1303.5595
20250610,-1304.8218
20250610,-1303.4814
20250611,-1302.7459
20250611,-1302.675
20250611,-1302.6567
20250611,-1302.4064
20250611,-1303.4449
20250611,-1304.5048
20250611,-1304.6486
20250611,-1304.5993
20250611,-1305.7078
20250611,-1304.053
20250611,-1304.0332
20250611,-1303.7634
20250611,-1303.6297
20250612,-1304.7209
20250612,-1304.3497
20250612,-1303.4194
20250612,-1302.9875
20250612,-1304.0331
20250612,-1302.0212
20250612,-1300.7206
20250612,-1299.175
20250612,-1298.9578
20250612,-1298.1462
20250612,-1298.1244
20250612,-1297.7124
20250612,-1298.8065
20250612,-1299.9569
20250612,-1299.9818
20250612,-1302.2787
20250613,-1303.2968
20250613,-1303.1693
20250613,-1303.2047
20250613,-1304.2485
20250613,-1305.2725
20250613,-1306.38
20250613,-1305.6699
20250613,-1305.3764
20250613,-1306.4184
20250613,-1307.5051
20250613,-1306.6124
20250613,-1306.443
20250613,-1305.7613
20250613,-1305.4825
20250613,-1305.0979
20250616,-1304.2835
20250616,-1304.2689
20250616,-1305.4937
20250616,-1306.6804
20250616,-1307.7583
20250616,-1309.1612
20250616,-1310.2253
20250616,-1311.542
20250617,-1312.5787
20250617,-1311.9287
20250617,-1312.9742
20250617,-1314.0778
20250617,-1314.0558
20250617,-1313.897
20250617,-1314.9503
20250617,-1315.9684
20250617,-1315.3055
20250617,-1316.3461
20250617,-1317.5091
20250617,-1318.663
20250617,-1319.7206
20250617,-1320.8159
20250617,-1320.5691
20250617,-1321.7303
20250618,-1320.639
20250618,-1319.884
20250618,-1319.2823
20250618,-1317.2423
20250618,-1318.2605
20250618,-1317.0195
20250618,-1317.5528
20250618,-1318.599
20250618,-1318.41
20250618,-1318.3064
20250618,-1318.2408
20250618,-1319.3223
20250618,-1319.3902
20250620,-1319.0319
20250620,-1318.7
20250620,-1317.5742
20250620,-1317.3998
20250620,-1316.1811
20250620,-1317.3045
20250620,-1316.1019
20250620,-1315.8363
20250620,-1315.5773
20250620,-1314.7337
20250620,-1315.7725
20250620,-1316.9039
20250620,-1317.9543
20250620,-1318.9911
20250620,-1320.0336
20250623,-1319.8251
20250623,-1320.8734
20250623,-1320.8425
20250623,-1321.8549
20250623,-1321.5157
20250623,-1322.6093
20250623,-1322.1638
20250623,-1323.1997
20250623,-1323.1143
20250623,-1324.1459
20250623,-1325.1832
20250623,-1324.6379
20250623,-1325.6532
20250623,-1326.6962
20250623,-1325.8613
20250623,-1325.6672
20250623,-1326.7662
20250623,-1325.587
20250624,-1323.8936
20250624,-1323.6568
20250624,-1324.8683
20250624,-1325.9211
20250624,-1326.9946
20250624,-1328.0344
20250624,-1328.0235
20250624,-1329.0893
20250624,-1329.3364
20250625,-1330.3635
20250625,-1330.3476
20250625,-1331.423
20250625,-1332.4661
20250625,-1333.5289
20250625,-1333.0457
20250625,-1334.9895
20250625,-1336.2171
20250625,-1336.3933
20250625,-1335.0388
20250626,-1333.6328
20250626,-1334.6412
20250626,-1334.5636
20250626,-1331.726
20250626,-1332.5617
20250626,-1332.2243
20250626,-1328.791
20250626,-1324.4352
20250626,-1323.1907
20250626,-1324.2654
20250626,-1324.0386
20250626,-1325.2713
20250626,-1324.9953
20250626,-1326.1034
20250626,-1327.365
20250626,-1320.8483
20250626,-1321.5133
20250626,-1322.6628
20250626,-1325.77
20250626,-1321.8966
20250627,-1320.68
20250627,-1321.7179
20250627,-1318.2888
20250627,-1319.3952
20250627,-1318.0315
20250627,-1319.0615
20250627,-1319.0987
20250627,-1320.1788
20250627,-1320.2199
20250627,-1321.3755
20250627,-1320.8903
20250627,-1321.968
20250627,-1323.0924
20250627,-1323.1817
20250627,-1322.6758
20250627,-1323.6928
20250627,-1323.3766
20250630,-1324.4687
20250630,-1325.4904
20250630,-1326.5483
20250630,-1327.6167
20250630,-1328.6447
20250630,-1328.183
20250630,-1329.3024
20250630,-1325.6711
20250630,-1323.8666
20250630,-1324.9238
20250630,-1324.8164
20250630,-1323.9318
20250630,-1322.8063
20250701,-1323.8804
20250701,-1320.6854
20250701,-1321.7033
20250701,-1322.7172
20250701,-1323.7874
20250701,-1324.9321
20250701,-1326.0117
20250701,-1327.0364
20250701,-1327.0296
20250701,-1325.3698
20250701,-1326.3939
20250701,-1325.7503
20250701,-1324.8064
20250701,-1325.8893
20250701,-1324.9436
20250701,-1323.6231
20250701,-1324.8296
20250701,-1324.1675
20250701,-1325.2049
20250701,-1326.2241
20250701,-1327.3419
20250701,-1330.0273
20250702,-1331.0478
20250702,-1330.634
20250702,-1331.6719
20250702,-1330.9764
20250702,-1332.0471
20250702,-1333.189
20250702,-1334.7514
20250702,-1331.5678
20250702,-1326.9144
20250702,-1328.0891
20250702,-1329.191
20250702,-1327.7476
20250702,-1327.8882
20250702,-1327.0896
20250702,-1329.3087
20250702,-1330.4433
20250703,-1330.0417
20250703,-1329.9671
20250703,-1328.8351
20250703,-1329.9055
20250703,-1329.3521
20250703,-1327.8806
20250703,-1325.8714
20250703,-1326.9003
20250703,-1326.8267
20250703,-1327.8679
20250703,-1328.313
20250703,-1329.3436
20250703,-1330.3884
20250703,-1331.0153
20250703,-1330.4054
20250703,-1331.8595
20250707,-1332.8743
20250707,-1333.9936
20250707,-1334.4627
20250707,-1334.2826
20250707,-1335.3179
20250707,-1334.1438
20250707,-1332.5957
20250707,-1333.8862
20250707,-1333.7951
20250707,-1334.8305
20250707,-1333.5437
20250707,-1330.7968
20250707,-1330.72
20250707,-1331.8289
20250708,-1331.8656
20250708,-1333.007
20250708,-1332.937
20250708,-1332.5351
20250708,-1332.5239
20250708,-1333.7304
20250708,-1334.814
20250708,-1335.8837
20250708,-1333.3346
20250708,-1333.4154
20250708,-1334.482
20250708,-1331.1514
20250708,-1332.437
20250708,-1331.9525
20250708,-1327.3658
20250708,-1326.2912
20250708,-1327.3088
20250709,-1328.3896
20250709,-1328.3671
20250709,-1327.3775
20250709,-1326.9712
20250709,-1326.6795
20250709,-1326.1125
20250709,-1325.5035
20250709,-1326.554
20250709,-1326.8922
20250709,-1326.7181
20250709,-1326.152
20250709,-1327.2657
20250709,-1318.4912
20250709,-1317.3243
20250709,-1318.4014
20250709,-1323.4461
20250709,-1322.0123
20250709,-1323.2143
20250710,-1322.1308
20250710,-1321.6958
20250710,-1321.5299
20250710,-1321.4706
20250710,-1321.199
20250710,-1321.1021
20250710,-1320.324
20250710,-1319.7665
20250710,-1318.1638
20250710,-1319.9141
20250710,-1320.9627
20250710,-1322.1338
20250710,-1320.9136
20250711,-1320.4832
20250711,-1320.0745
20250711,-1321.0811
20250711,-1322.2053
20250711,-1321.0557
20250711,-1322.1604
20250711,-1322.0828
20250711,-1322.377
20250711,-1323.4827
20250711,-1324.5597
20250711,-1324.8309
20250711,-1326.118
20250711,-1327.3335
20250711,-1328.4959
20250714,-1328.2627
20250714,-1329.3735
20250714,-1328.6784
20250714,-1329.7934
20250714,-1329.7463
20250714,-1330.8002
20250714,-1332.1701
20250714,-1333.2947
20250714,-1334.6562
20250714,-1334.3083
20250715,-1333.5645
20250715,-1333.157
20250715,-1333.0798
20250715,-1334.1055
20250715,-1335.1174
20250715,-1336.1645
20250715,-1335.9056
20250715,-1336.9569
20250715,-1336.8282
20250715,-1337.8906
20250715,-1338.9692
20250715,-1340.0947
20250715,-1341.2495
20250715,-1342.8467
20250715,-1342.766
20250715,-1343.8516
20250715,-1344.8837
20250715,-1346.7749
20250716,-1346.1216
20250716,-1345.3094
20250716,-1346.3279
20250716,-1345.1635
20250716,-1344.9446
20250716,-1344.4408
20250716,-1343.08
20250716,-1344.155
20250716,-1345.9035
20250716,-1347.0384
20250716,-1345.1887
20250716,-1346.3398
20250716,-1347.4481
20250716,-1346.9706
20250716,-1348.2866
20250716,-1349.4054
20250716,-1349.5437
20250717,-1348.5319
20250717,-1349.5865
20250717,-1350.6041
20250717,-1350.0782
20250717,-1351.1673
20250717,-1352.2088
20250717,-1353.2531
20250717,-1353.1353
20250717,-1354.3314
20250717,-1354.1171
20250718,-1355.1234
20250718,-1355.1377
20250718,-1354.9142
20250718,-1355.9591
20250718,-1354.6446
20250718,-1355.7315
20250718,-1356.8724
20250718,-1348.3877
20250718,-1348.226
20250718,-1349.5843
20250721,-1350.666
20250721,-1351.4824
20250721,-1351.9705
20250721,-1352.9784
20250721,-1352.669
20250721,-1352.3672
20250721,-1351.5035
20250721,-1351.0085
20250721,-1350.3585
20250721,-1351.4468
20250721,-1352.4777
20250721,-1352.037
20250721,-1348.8179
20250721,-1349.8604
20250721,-1350.9077
20250721,-1351.9486
20250721,-1350.256
20250721,-1350.0219
20250721,-1351.15
20250721,-1352.2403
20250721,-1353.5218
20250721,-1355.2688
20250722,-1354.9759
20250722,-1354.6964
20250722,-1354.0693
20250722,-1353.8251
20250722,-1353.8921
20250722,-1352.8781
20250722,-1350.3459
20250722,-1349.8294
20250722,-1349.6979
20250722,-1350.7492
20250722,-1349.9396
20250722,-1351.0454
20250722,-1350.9949
20250722,-1351.3651
20250722,-1352.5382
20250723,-1353.5845
20250723,-1353.222
20250723,-1353.127
20250723,-1352.8192
20250723,-1353.8631
20250723,-1354.8898
20250723,-1353.8209
20250723,-1352.0414
20250723,-1351.934
20250723,-1353.1279
20250723,-1345.0472
20250723,-1342.8567
20250723,-1343.867
20250723,-1344.9472
20250723,-1346.1758
20250723,-1347.2627
20250723,-1349.0793
20250724,-1348.8643
20250724,-1349.898
20250724,-1349.6637
20250724,-1350.7077
20250724,-1351.759
20250724,-1352.7683
20250724,-1352.4559
20250724,-1352.7999
20250724,-1353.8502
20250724,-1355.1881
20250724,-1354.5819
20250724,-1355.7646
20250724,-1356.8439
20250724,-1356.5437
20250724,-1357.9638
20250724,-1359.0391
20250724,-1360.3161
20250724,-1361.4464
20250724,-1361.5516
20250725,-1361.2422
20250725,-1361.652
20250725,-1362.0358
20250725,-1361.9942
20250725,-1361.9222
20250725,-1362.9638
20250725,-1364.0079
20250725,-1365.076
20250725,-1364.2436
20250725,-1364.2278
20250725,-1364.0214
20250725,-1365.0704
20250725,-1366.1299
20250725,-1363.8515
20250725,-1365.8515
20250725,-1366.9939
20250725,-1368.1976
20250725,-1369.4648
20250725,-1369.5296
20250725,-1371.036
20250725,-1372.5305
20250728,-1372.3723
20250728,-1372.2913
20250728,-1373.4344
20250728,-1373.1839
20250728,-1374.2328
20250728,-1375.3002
20250728,-1376.3616
20250728,-1377.559
20250728,-1378.6118
20250728,-1379.6606
20250728,-1380.7738
20250728,-1382.0859
20250728,-1380.7113
20250728,-1382.1498
20250728,-1383.31
20250728,-1383.3456
20250728,-1384.3925
20250728,-1383.8156
20250728,-1383.7967
20250728,-1384.9354
20250728,-1386.044
20250728,-1387.0785
20250728,-1388.1671
20250729,-1387.6174
20250729,-1386.8024
20250729,-1386.6125
20250729,-1387.659
20250729,-1387.4699
20250729,-1388.4992
20250729,-1389.5295
20250729,-1389.3755
20250729,-1390.5467
20250729,-1389.5379
20250729,-1389.2884
20250729,-1390.495
20250729,-1392.69
20250729,-1393.9666
20250729,-1395.0283
20250729,-1397.5078
20250729,-1397.3752
20250729,-1397.3042
20250729,-1398.3718
20250730,-1398.0324
20250730,-1397.3223
20250730,-1395.4209
20250730,-1396.4827
20250730,-1396.2165
20250730,-1397.2569
20250730,-1398.303
20250730,-1396.6033
20250730,-1397.6476
20250730,-1396.0867
20250730,-1395.3759
20250730,-1396.4802
20250730,-1397.5922
20250730,-1397.4327
20250730,-1399.016
20250730,-1398.5529
20250730,-1398.4484
20250730,-1398.3607
20250730,-1398.7502
20250730,-1398.6518
20250731,-1399.0783
20250731,-1399.0546
20250731,-1398.532
20250731,-1398.4685
20250731,-1395.5332
20250731,-1395.3094
20250731,-1395.2212
20250731,-1390.6655
20250731,-1390.3736
20250731,-1389.9381
20250731,-1390.9813
20250731,-1392.2085
20250731,-1391.7241
20250801,-1392.7484
20250801,-1391.3773
20250801,-1389.953
20250801,-1387.3192
20250801,-1388.3803
20250801,-1389.4176
20250801,-1390.4303
20250801,-1391.538
20250801,-1391.508
20250801,-1390.6365
20250801,-1390.073
20250801,-1389.3258
20250801,-1390.3966
20250801,-1391.5246
20250804,-1388.9025
20250804,-1388.5489
20250804,-1388.1293
20250804,-1387.9551
20250804,-1389.0595
20250804,-1387.5663
20250804,-1386.576
20250804,-1387.5885
20250804,-1388.7077
20250804,-1389.7804
20250804,-1390.9861
20250804,-1389.7241
20250805,-1390.7473
20250805,-1391.7603
20250805,-1392.7722
20250805,-1393.8847
20250805,-1395.431
20250805,-1394.2694
20250805,-1393.3559
20250805,-1394.4273
20250805,-1385.211
20250805,-1386.3033
20250805,-1387.3587
20250805,-1388.4237
20250805,-1389.7165
20250806,-1389.587
20250806,-1388.9095
20250806,-1389.9306
20250806,-1389.744
20250806,-1390.7814
20250806,-1390.6373
20250806,-1387.9597
20250806,-1388.9993
20250806,-1390.045
20250806,-1391.1769
20250806,-1392.7573
20250806,-1394.1889
20250807,-1393.8101
20250807,-1393.7246
20250807,-1393.5791
20250807,-1394.6721
20250807,-1394.2512
20250807,-1394.0645
20250807,-1393.2871
20250807,-1394.7399
20250807,-1395.8935
20250807,-1394.1394
20250808,-1392.8651
20250808,-1392.3262
20250808,-1392.1765
20250808,-1393.2107
20250808,-1392.5987
20250808,-1393.6107
20250808,-1394.6355
20250808,-1394.6425
20250808,-1393.4843
20250808,-1389.5848
20250808,-1390.6475
20250808,-1391.6596
20250808,-1392.0683
20250808,-1390.7118
20250808,-1391.7406
20250808,-1392.7823
20250808,-1393.9841
20250808,-1395.1396
20250808,-1396.1731
20250808,-1397.8378
20250808,-1398.9434
20250811,-1398.8366
20250811,-1398.444
20250811,-1398.0911
20250811,-1397.5035
20250811,-1397.1329
20250811,-1398.2571
20250811,-1397.9212
20250811,-1398.9539
20250811,-1397.4856
20250811,-1398.5774
20250811,-1399.872
20250811,-1401.008
20250811,-1400.8215
20250811,-1401.849
20250811,-1400.5786
20250812,-1401.1255
20250812,-1402.1543
20250812,-1403.1745
20250812,-1404.1975
20250812,-1403.4742
20250812,-1404.4923
20250812,-1405.5063
20250812,-1405.1105
20250812,-1404.6259
20250812,-1403.913
20250812,-1400.6451
20250812,-1401.5187
20250812,-1399.4229
20250812,-1396.1482
20250812,-1397.4236
20250812,-1395.493
20250812,-1396.5432
20250812,-1397.7771
20250813,-1394.7651
20250813,-1392.6804
20250813,-1393.7053
20250813,-1393.3758
20250813,-1394.4091
20250813,-1393.6006
20250813,-1395.3933
20250814,-1396.4803
20250814,-1395.6829
20250814,-1396.7012
20250814,-1397.7273
20250814,-1398.7366
20250814,-1399.7656
20250814,-1400.7932
20250814,-1401.8622
20250814,-1402.948
20250814,-1404.0531
20250814,-1404.0192
20250814,-1402.8473
20250814,-1402.3782
20250814,-1401.1
20250814,-1401.0303
20250814,-1400.0397
20250814,-1399.9122
20250814,-1399.9668
20250814,-1401.3261
20250814,-1402.3992
20250814,-1402.0965
20250815,-1401.7927
20250815,-1402.8263
20250815,-1403.838
20250815,-1404.8544
20250815,-1404.6141
20250815,-1403.757
20250815,-1403.089
20250815,-1402.5265
20250815,-1402.4614
20250815,-1404.1977
20250815,-1405.2625
20250815,-1407.2625
20250815,-1408.7806
20250815,-1408.5358
20250815,-1409.6116
20250818,-1409.3381
20250818,-1408.5809
20250818,-1408.196
20250818,-1409.254
20250818,-1410.2682
20250818,-1411.3208
20250818,-1411.126
20250818,-1410.8013
20250818,-1410.4709
20250818,-1410.2336
20250818,-1409.8787
20250818,-1411.0268
20250818,-1410.9105
20250818,-1412.8255
20250818,-1412.6132
20250819,-1411.8444
20250819,-1412.8574
20250819,-1413.8756
20250819,-1414.8885
20250819,-1414.3468
20250819,-1414.2633
20250819,-1415.2939
20250819,-1416.3236
20250819,-1416.2642
20250819,-1417.2848
20250819,-1416.938
20250819,-1414.9893
20250819,-1416.2768
20250819,-1417.4194
20250819,-1418.7569
20250819,-1419.952
20250819,-1421.2541
20250819,-1422.4396
20250819,-1424.0406
20250819,-1422.641
20250819,-1422.2905
20250820,-1422.2281
20250820,-1422.0661
20250820,-1423.0807
20250820,-1424.0923
20250820,-1425.1055
20250820,-1426.1134
20250820,-1426.6064
20250820,-1426.0821
20250820,-1427.0871
20250820,-1426.9557
20250820,-1427.9653
20250820,-1427.8118
20250820,-1427.2212
20250820,-1428.2359
20250820,-1428.1492
20250820,-1429.2397
20250820,-1430.4931
20250820,-1430.2836
20250820,-1431.3596
20250820,-1432.4995
20250820,-1434.1607
20250820,-1435.6092
20250820,-1430.8936
20250820,-1430.7632
20250821,-1429.8998
20250821,-1429.6775
20250821,-1430.7433
20250821,-1431.7763
20250821,-1432.7913
20250821,-1432.7783
20250821,-1433.7979
20250821,-1434.8153
20250821,-1434.749
20250821,-1433.2812
20250821,-1434.4503
20250821,-1434.4232
20250821,-1433.4091
20250821,-1432.7029
20250821,-1433.8525
20250821,-1434.9667
20250821,-1435.9874
20250821,-1436.2336
20250821,-1437.56
20250822,-1431.6275
20250822,-1432.6524
20250822,-1433.7849
20250822,-1432.4334
20250822,-1432.2856
20250822,-1431.8033
20250822,-1431.138
20250822,-1432.2142
20250822,-1433.8401
20250822,-1435.0122
20250822,-1433.6155
20250822,-1434.7885
20250822,-1435.9608
20250822,-1437.1457
20250822,-1438.3723
20250822,-1439.4633
20250822,-1440.9258
20250822,-1440.7721
20250825,-1440.8426
20250825,-1440.4563
20250825,-1441.5004
20250825,-1440.1043
20250825,-1439.078
20250825,-1440.1811
20250825,-1441.2079
20250825,-1440.4574
20250825,-1438.9877
20250825,-1437.7507
20250825,-1439.3045
20250825,-1438.9067
20250825,-1440.3583
20250825,-1441.6958
20250825,-1442.934
20250825,-1444.0914
20250826,-1444.1061
20250826,-1443.8542
20250826,-1444.8217
20250826,-1445.8489
20250826,-1445.7476
20250826,-1446.936
20250826,-1448.0296
20250826,-1447.2952
20250826,-1448.3313
20250826,-1447.5838
20250826,-1448.6611
20250826,-1449.7962
20250826,-1452.5637
20250826,-1453.6143
20250826,-1454.7217
20250826,-1454.6923
20250826,-1453.1782
20250826,-1451.7192
20250826,-1452.8969
20250827,-1452.7978
20250827,-1453.8396
20250827,-1454.9123
20250827,-1454.9393
20250827,-1453.9607
20250827,-1453.9112
20250827,-1455.0233
20250827,-1456.0756
20250827,-1457.2094
20250827,-1458.2978
20250827,-1459.0129
20250827,-1460.2585
20250827,-1460.1297
20250827,-1461.2105
20250827,-1462.3823
20250828,-1463.4077
20250828,-1464.4369
20250828,-1464.38
20250828,-1463.483
20250828,-1463.3817
20250828,-1463.2643
20250828,-1462.6978
20250828,-1461.2032
20250828,-1462.5246
20250828,-1463.9084
20250828,-1463.3169
20250828,-1464.5033
20250828,-1463.5772
20250829,-1464.704
20250829,-1463.7282
20250829,-1464.7741
20250829,-1464.497
20250829,-1464.3321
20250829,-1463.8531
20250829,-1463.6432
20250829,-1463.0688
20250829,-1462.8534
20250829,-1463.9868
20250829,-1465.1374
20250829,-1466.2066
20250829,-1465.7846
20250829,-1465.8268
20250829,-1463.9481
20250829,-1465.2863
20250829,-1466.841
20250829,-1468.2358
20250902,-1467.7193
20250902,-1467.7349
20250902,-1467.3486
20250902,-1467.3632
20250902,-1468.44
20250902,-1469.5063
20250902,-1470.5331
20250902,-1471.6748
20250902,-1472.7797
20250902,-1473.8404
20250902,-1474.6449
20250903,-1474.3607
20250903,-1474.2504
20250903,-1475.3458
20250903,-1476.3563
20250903,-1477.4576
20250903,-1478.4897
20250903,-1476.272
20250903,-1477.313
20250903,-1478.3562
20250903,-1479.4315
20250903,-1480.4825
20250903,-1481.5979
20250903,-1480.4986
20250903,-1481.6584
20250903,-1475.5723
20250903,-1475.0694
20250903,-1476.102
20250903,-1474.2072
20250904,-1475.2497
20250904,-1476.3154
20250904,-1477.3521
20250904,-1478.3798
20250904,-1477.5849
20250904,-1478.6155
20250904,-1478.1831
20250904,-1479.2781
20250904,-1478.599
20250904,-1477.8415
20250904,-1475.3841
20250904,-1476.5068
20250904,-1474.4267
20250905,-1473.3117
20250905,-1474.3359
20250905,-1475.3657
20250905,-1476.3805
20250905,-1477.4134
20250905,-1476.7437
20250905,-1476.5002
20250905,-1476.5149
20250905,-1477.8418
20250905,-1478.8704
20250905,-1479.9774
20250905,-1479.3748
20250908,-1480.434
20250908,-1479.8977
20250908,-1480.9218
20250908,-1480.0953
20250908,-1480.1063
20250908,-1479.8473
20250908,-1479.6592
20250908,-1480.7001
20250908,-1481.0656
20250908,-1480.4614
20250908,-1480.0921
20250908,-1481.1739
20250908,-1482.3291
20250908,-1483.9309
20250908,-1483.9571
20250908,-1485.079
20250908,-1486.3057
20250909,-1487.348
20250909,-1488.3663
20250909,-1489.3819
20250909,-1489.3643
20250909,-1489.2026
20250909,-1485.2298
20250909,-1486.2649
20250909,-1487.2794
20250909,-1488.3497
20250909,-1487.0159
20250909,-1488.1306
20250909,-1487.849
20250909,-1488.9492
20250909,-1490.3288
20250909,-1491.4125
20250909,-1495.2834
20250909,-1491.7892
20250909,-1492.9541
20250909,-1494.5544
20250909,-1495.6867
20250910,-1496.8322
20250910,-1497.8811
20250910,-1498.9016
20250910,-1498.4588
20250910,-1499.4879
20250910,-1500.5357
20250910,-1501.6271
20250910,-1503.3119
20250910,-1502.0075
20250910,-1503.3729
20250910,-1504.3882
20250910,-1505.4922
20250910,-1506.5877
20250910,-1507.7331
20250911,-1507.8342
20250911,-1507.5758
20250911,-1507.3143
20250911,-1507.1679
20250911,-1507.048
20250911,-1506.3667
20250911,-1505.0036
20250911,-1505.0277
20250911,-1506.1003
20250911,-1505.6152
20250911,-1505.1606
20250911,-1506.4615
20250911,-1507.5075
20250912,-1507.1288
20250912,-1508.1676
20250912,-1509.2765
20250912,-1510.3752
20250912,-1510.0597
20250912,-1508.8261
20250912,-1507.7914
20250912,-1507.212
20250912,-1507.1781
20250912,-1506.8745
20250912,-1508.0414
20250912,-1509.1681
20250912,-1507.4073
20250912,-1506.3384
20250912,-1506.1439
20250912,-1507.2633
20250915,-1505.5056
20250915,-1506.5754
20250915,-1505.9805
20250915,-1507.004
20250915,-1508.0209
20250915,-1509.0353
20250915,-1510.1187
20250915,-1511.1347
20250915,-1512.1652
20250915,-1511.8924
20250915,-1512.9841
20250915,-1514.0812
20250915,-1515.1246
20250915,-1516.6216
20250915,-1516.3014
20250915,-1515.8362
20250915,-1516.8968
20250915,-1516.1643
20250915,-1517.4973
20250916,-1517.1539
20250916,-1517.158
20250916,-1518.1751
20250916,-1519.2451
20250916,-1520.2574
20250916,-1521.3095
20250916,-1522.3726
20250916,-1523.513
20250916,-1523.643
20250916,-1524.689
20250916,-1522.9175
20250916,-1524.0506
20250916,-1525.2786
20250916,-1523.7355
20250917,-1524.746
20250917,-1525.7576
20250917,-1526.8899
20250917,-1526.6548
20250917,-1527.6749
20250917,-1526.3748
20250917,-1526.6282
20250917,-1527.6712
20250917,-1528.7349
20250917,-1530.0369
20250917,-1531.0746
20250917,-1532.1741
20250917,-1533.2111
20250917,-1534.2267
20250917,-1534.9141
20250918,-1535.9296
20250918,-1535.3772
20250918,-1536.3963
20250918,-1537.4366
20250918,-1538.5194
20250918,-1539.9374
20250918,-1541.0004
20250918,-1542.0227
20250918,-1543.0541
20250918,-1544.1475
20250918,-1545.2258
20250919,-1545.2415
20250919,-1546.2679
20250919,-1547.3719
20250919,-1547.0123
20250919,-1548.1437
20250919,-1547.9606
20250919,-1547.7567
20250919,-1547.0384
20250919,-1544.869
20250919,-1544.1575
20250922,-1541.9549
20250922,-1541.6131
20250922,-1541.0037
20250922,-1540.0303
20250922,-1540.0338
20250922,-1539.8249
20250922,-1540.8362
20250922,-1536.4818
20250922,-1537.5511
20250922,-1538.8902
20250922,-1546.4084
20250922,-1547.5393
20250922,-1547.4153
20250922,-1548.6257
20250922,-1547.953
20250922,-1549.3683
20250922,-1550.474
20250923,-1551.5027
20250923,-1552.5906
20250923,-1553.6528
20250923,-1554.7387
20250923,-1555.7625
20250923,-1555.3948
20250923,-1556.4571
20250923,-1555.5851
20250923,-1557.0657
20250924,-1558.0855
20250924,-1558.0221
20250924,-1558.0966
20250924,-1559.1222
20250924,-1558.3998
20250924,-1559.4562
20250924,-1559.167
20250924,-1560.2886
20250924,-1561.3759
20250924,-1562.5294
20250924,-1563.6632
20250924,-1565.0978
20250924,-1566.1392
20250924,-1567.5555
20250924,-1566.2435
20250924,-1567.3812
20250924,-1568.4256
20250924,-1563.4888
20250924,-1565.2626
20250924,-1566.9265
20250925,-1567.9525
20250925,-1567.8557
20250925,-1568.9098
20250925,-1568.0847
20250925,-1567.7297
20250925,-1568.7813
20250925,-1569.7256
20250925,-1569.5285
20250925,-1570.6089
20250925,-1570.8731
20250925,-1570.5034
20250925,-1571.5409
20250925,-1570.7514
20250926,-1571.3392
20250926,-1572.3867
20250926,-1572.6489
20250926,-1572.5981
20250926,-1572.3822
20250926,-1571.9646
20250926,-1573.0425
20250926,-1574.158
20250926,-1575.175
20250926,-1576.2678
20250926,-1576.804
20250926,-1571.151
20250926,-1570.9938
20250926,-1570.6292
20250926,-1569.3456
20250926,-1570.4179
20250926,-1572.8865
20250926,-1573.9615
20250926,-1574.0796
20250926,-1575.1886
20250926,-1575.1919
20250929,-1576.228
20250929,-1577.3111
20250929,-1578.3445
20250929,-1578.7225
20250929,-1579.7366
20250929,-1580.9552
20250929,-1582.0565
20250929,-1581.6101
20250929,-1582.6346
20250929,-1582.3223
20250929,-1583.3787
20250929,-1584.4557
20250929,-1584.3731
20250929,-1585.4457
20250929,-1586.5299
20250929,-1583.1434
20250929,-1581.5774
20250929,-1581.6982
20250930,-1582.7132
20250930,-1583.7265
20250930,-1584.7886
20250930,-1584.456
20250930,-1584.0013
20250930,-1583.7625
20250930,-1584.9021
20250930,-1584.6458
20250930,-1583.7026
20250930,-1584.7561
20250930,-1583.7671
20250930,-1584.8201
20250930,-1586.586
20250930,-1588.0694
20250930,-1589.2549
20250930,-1590.3373
20250930,-1592.0009
20250930,-1590.2354
20250930,-1591.321
20251001,-1591.0454
20251001,-1590.6982
20251001,-1589.7347
20251001,-1589.7123
20251001,-1583.2892
20251001,-1583.208
20251001,-1582.9015
20251001,-1582.9653
20251001,-1584.1561
20251001,-1585.259
20251001,-1586.2843
20251001,-1585.3732
20251001,-1586.5231
20251002,-1584.9702
20251002,-1585.9764
20251002,-1587.0482
20251002,-1588.0721
20251002,-1588.4236
20251002,-1588.0601
20251002,-1589.1735
20251002,-1589.8076
20251002,-1590.3633
20251002,-1589.1797
20251002,-1590.2229
20251002,-1589.6201
20251002,-1589.1387
20251002,-1590.4364
20251002,-1591.6881
20251003,-1592.7468
20251003,-1593.7687
20251003,-1594.7896
20251003,-1595.8194
20251003,-1596.8476
20251003,-1597.8836
20251003,-1598.9913
20251003,-1600.0906
20251003,-1598.9709
20251003,-1600.1835
20251003,-1601.8645
20251003,-1602.8919
20251003,-1603.9755
20251003,-1605.9482
20251006,-1604.4868
20251006,-1605.494
20251006,-1604.8037
20251006,-1604.3684
20251006,-1605.4665
20251006,-1607.9936
20251006,-1607.9676
20251006,-1610.8398
20251006,-1610.2293
20251006,-1611.3027
20251006,-1611.6611
20251007,-1611.4938
20251007,-1610.5418
20251007,-1609.9397
20251007,-1611.6209
20251007,-1611.4687
20251007,-1612.5685
20251007,-1715.1432
20251007,-1712.4536
20251007,-1713.4945
20251007,-1714.7252
20251007,-1716.2593
20251007,-1717.3699
20251007,-1721.2307
20251007,-1725.2188
20251008,-1723.2292
20251008,-1722.4853
20251008,-1722.4808
20251008,-1723.5613
20251008,-1724.5897
20251008,-1725.6517
20251008,-1724.9716
20251008,-1724.7615
20251008,-1725.8804
20251008,-1725.7326
20251008,-1727.4144
20251008,-1727.6713
20251008,-1727.421
20251009,-1727.4806
20251009,-1727.1091
20251009,-1726.1284
20251009,-1726.0449
20251009,-1725.8506
20251009,-1725.8372
20251009,-1726.8697
20251009,-1727.8835
20251009,-1725.4318
20251009,-1724.0513
20251009,-1723.5209
20251009,-1721.9575
20251009,-1720.7608
20251009,-1720.1105
20251010,-1719.9748
20251010,-1721.0097
20251010,-1722.0196
20251010,-1723.1596
20251010,-1722.6914
20251010,-1722.7207
20251010,-1722.7698
20251010,-1722.8832
20251010,-1720.1634
20251010,-1720.0778
20251010,-1721.1231
20251010,-1718.6742
20251010,-1714.0092
20251010,-1715.1995
20251010,-1712.2205
20251013,-1713.2443
20251013,-1714.2666
20251013,-1715.3109
20251013,-1715.2803
20251013,-1716.3095
20251013,-1717.3507
20251013,-1719.3506
20251013,-1720.5508
20251013,-1721.6929
20251013,-1722.7316
20251014,-1723.7509
20251014,-1724.7715
20251014,-1725.7986
20251014,-1726.9053
20251014,-1735.1049
20251015,-1736.1312
20251015,-1737.1663
20251015,-1735.8134
20251015,-1736.8475
20251015,-1736.5175
20251015,-1737.6786
20251015,-1738.6924
20251015,-1738.706
20251015,-1738.3779
20251015,-1739.5376
20251016,-1740.5542
20251016,-1740.3456
20251016,-1741.3575
20251016,-1742.3951
20251016,-1742.2025
20251016,-1743.2322
20251016,-1742.9786
20251016,-1744.0052
20251016,-1743.6067
20251016,-1744.6337
20251016,-1745.7908
20251016,-1746.9531
20251016,-1748.0815
20251016,-1749.3718
20251016,-1750.53
20251016,-1751.5733
20251016,-1751.2929
20251016,-1749.9826
20251017,-1749.7723
20251017,-1749.5669
20251017,-1749.2
20251017,-1748.7152
20251017,-1749.7703
20251017,-1750.8026
20251017,-1750.7207
20251017,-1751.7339
20251017,-1752.8693
20251020,-1753.9043
20251020,-1755.0548
20251020,-1756.1032
20251020,-1757.2112
20251020,-1758.3931
20251020,-1759.5691
20251020,-1759.3199
20251021,-1759.3089
20251021,-1760.3306
20251021,-1759.6784
20251021,-1759.5396
20251021,-1759.1917
20251021,-1758.351
20251021,-1758.305
20251021,-1759.5228
20251021,-1760.8604
20251021,-1761.902
20251021,-1761.4845
20251021,-1762.6324
20251022,-1762.521
20251022,-1761.8262
20251022,-1762.8694
20251022,-1761.3995
20251022,-1761.1954
20251022,-1760.8609
20251022,-1760.3878
20251022,-1761.4247
20251022,-1762.5537
20251022,-1763.6543
20251022,-1762.28
20251022,-1764.7683
20251022,-1765.9144
20251022,-1767.7822
20251022,-1768.8783
20251022,-1768.8792
20251023,-1769.941
20251023,-1769.8377
20251023,-1769.6539
20251023,-1769.4944
20251023,-1770.5484
20251023,-1771.7374
20251023,-1772.8244
20251023,-1774.8244
20251023,-1775.865
20251024,-1776.8985
20251024,-1777.926
20251024,-1777.7036
20251024,-1774.305
20251024,-1775.3366
20251024,-1776.5996
20251024,-1777.2868
20251024,-1778.5973
20251024,-1779.6608
20251024,-1780.9167
20251024,-1782.4277
20251024,-1783.5346
20251024,-1784.9672
20251024,-1786.065
20251024,-1786.2715
20251027,-1787.2963
20251027,-1788.4939
20251027,-1789.5518
20251027,-1790.6073
20251027,-1785.9759
20251027,-1787.2159
20251027,-1788.297
20251027,-1789.3507
20251027,-1790.4018
20251027,-1791.5382
20251027,-1792.7723
20251027,-1793.9093
20251027,-1794.9543
20251027,-1796.0063
20251027,-1795.5408
20251027,-1795.3379
20251028,-1795.1435
20251028,-1796.1509
20251028,-1796.6472
20251028,-1795.3921
20251028,-1794.9882
20251028,-1796.1579
20251028,-1797.2144
20251028,-1797.0903
20251028,-1791.9684
20251028,-1791.6393
20251028,-1789.8592
20251028,-1790.909
20251028,-1791.9707
20251028,-1792.3938
20251028,-1790.5371
20251028,-1791.631
20251028,-1792.8103
20251028,-1793.8316
20251028,-1793.0311
20251028,-1789.4359
20251028,-1789.7473
20251029,-1790.8708
20251029,-1791.9294
20251029,-1791.3911
20251029,-1792.4475
20251029,-1793.4618
20251029,-1793.3481
20251029,-1794.3804
20251029,-1795.4252
20251029,-1796.4547
20251029,-1797.5021
20251029,-1798.5418
20251029,-1799.563
20251029,-1800.6224
20251029,-1801.7521
20251029,-1802.1207
20251029,-1803.1474
20251029,-1804.1551
20251029,-1804.543
20251030,-1804.4758
20251030,-1805.4939
20251030,-1806.5041
20251030,-1807.5364
20251030,-1808.5553
20251030,-1809.5721
20251030,-1809.3717
20251030,-1808.9763
20251030,-1810.2836
20251030,-1811.3696
20251030,-1812.4276
20251030,-1811.8499
20251030,-1810.5681
20251030,-1811.6586
20251030,-1811.8959
20251030,-1811.1387
20251031,-1810.9213
20251031,-1811.9397
20251031,-1812.9805
20251031,-1812.7855
20251031,-1811.9957
20251031,-1813.1045
20251031,-1814.1733
20251031,-1815.1919
20251031,-1815.6776
20251031,-1813.9155
20251031,-1813.8662
20251031,-1814.9579
20251031,-1816.1328
20251031,-1817.1936
20251031,-1818.3495
20251031,-1816.2705
20251031,-1815.5704
20251031,-1813.9975
20251031,-1815.24
20251103,-1815.1608
20251103,-1814.3139
20251103,-1815.358
20251103,-1816.3739
20251103,-1816.3692
20251103,-1816.0982
20251103,-1816.024
20251103,-1817.0571
20251103,-1816.66
20251103,-1816.6238
20251103,-1817.6734
20251103,-1818.7627
20251103,-1819.8128
20251103,-1820.8929
20251103,-1822.1163
20251103,-1822.0066
20251103,-1822.1089
20251103,-1822.0633
20251104,-1823.0818
20251104,-1822.9244
20251104,-1823.9479
20251104,-1823.9604
20251104,-1822.9343
20251104,-1824.0072
20251104,-1825.2636
20251104,-1821.4394
20251104,-1823.1936
20251104,-1823.2978
20251104,-1822.801
20251104,-1823.8481
20251104,-1823.2684
20251105,-1822.8116
20251105,-1824.0039
20251105,-1823.6812
20251105,-1822.7658
20251105,-1823.9283
20251105,-1825.0613
20251105,-1826.1821
20251106,-1823.9438
20251106,-1823.7729
20251106,-1823.4673
20251106,-1823.3168
20251106,-1822.8821
20251106,-1822.7484
20251106,-1821.5786
20251106,-1821.5792
20251106,-1821.3035
20251106,-1820.7766
20251106,-1821.8731
20251106,-1821.5824
20251106,-1821.4366
20251106,-1820.6954
20251106,-1821.7363
20251106,-1823.1564
20251106,-1824.2608
20251106,-1825.3666
20251106,-1824.8779
20251106,-1825.971
20251107,-1825.8841
20251107,-1825.8152
20251107,-1825.637
20251107,-1826.6691
20251107,-1826.6285
20251107,-1826.2135
20251107,-1825.9612
20251107,-1826.9728
20251107,-1828.0198
20251107,-1827.2647
20251107,-1826.8354
20251107,-1825.3738
20251107,-1826.3932
20251107,-1826.1541
20251107,-1827.1683
20251107,-1828.1865
20251107,-1829.2385
20251107,-1827.7261
20251107,-1828.7945
20251107,-1829.8068
20251107,-1830.8395
20251107,-1831.9994
20251107,-1827.1659
20251107,-1828.2785
20251107,-1828.3345
20251110,-1827.3833
20251110,-1827.381
20251110,-1828.411
20251110,-1827.6932
20251110,-1826.8628
20251110,-1827.6647
20251110,-1827.3024
20251110,-1825.3249
20251110,-1826.3801
20251110,-1827.4009
20251110,-1828.4744
20251110,-1829.5471
20251110,-1824.9378
20251110,-1822.0785
20251110,-1817.1462
20251110,-1814.6747
20251110,-1810.0873
20251110,-1805.3956
20251110,-1805.2579
20251110,-1806.5354
20251110,-1807.6526
20251111,-1807.8588
20251111,-1808.8833
20251111,-1808.4103
20251111,-1808.4082
20251111,-1809.4669
20251111,-1809.3369
20251111,-1810.3641
20251111,-1810.3731
20251111,-1809.9354
20251111,-1811.0116
20251111,-1812.3915
20251111,-1813.6088
20251111,-1814.743
20251111,-1812.8523
20251111,-1811.4351
20251111,-1810.7568
20251111,-1810.5727
20251111,-1809.9113
20251111,-1810.9783
20251112,-1810.9181
20251112,-1810.8638
20251112,-1810.741
20251112,-1811.8316
20251112,-1812.8595
20251112,-1813.9774
20251112,-1813.5373
20251112,-1814.5684
20251112,-1814.5995
20251112,-1814.522
20251112,-1815.5641
20251112,-1816.6541
20251112,-1816.6263
20251112,-1817.656
20251112,-1818.7289
20251112,-1819.7804
20251112,-1820.8334
20251113,-1816.684
20251113,-1817.7104
20251113,-1817.1196
20251113,-1817.0043
20251113,-1816.4016
20251113,-1817.5343
20251113,-1817.3372
20251113,-1812.6403
20251113,-1811.3519
20251113,-1810.4192
20251113,-1808.2423
20251113,-1809.2735
20251113,-1810.3603
20251114,-1811.444
20251114,-1812.552
20251114,-1813.6351
20251117,-1813.6026
20251117,-1814.6182
20251117,-1814.5579
20251117,-1813.9343
20251117,-1812.7375
20251117,-1812.3465
20251117,-1813.3906
20251117,-1813.1416
20251117,-1814.1789
20251117,-1815.2288
20251117,-1816.2586
20251117,-1817.285
20251117,-1818.8518
20251117,-1819.9897
20251117,-1819.2731
20251117,-1820.5844
20251117,-1820.2427
20251117,-1821.61
20251118,-1821.0721
20251118,-1820.4279
20251118,-1819.8256
20251118,-1820.8383
20251118,-1821.8655
20251118,-1822.8988
20251118,-1823.9162
20251118,-1820.9766
20251118,-1822.0462
20251118,-1823.0833
20251118,-1824.3597
20251118,-1824.0119
20251118,-1824.35
20251119,-1825.3595
20251119,-1824.3165
20251119,-1825.329
20251119,-1826.3452
20251119,-1823.7606
20251119,-1823.0848
20251119,-1824.2097
20251119,-1823.4958
20251119,-1824.6332
20251119,-1824.1221
20251119,-1825.1719
20251119,-1825.2233
20251119,-1825.0159
20251119,-1824.9225
20251119,-1824.7759
20251119,-1825.9131
20251119,-1827.0496
20251119,-1826.7953
20251119,-1825.8044
20251119,-1825.1799
20251119,-1824.8916
20251120,-1825.9149
20251120,-1824.8677
20251120,-1825.8744
20251120,-1825.6794
20251120,-1823.8729
20251120,-1824.9088
20251120,-1825.9372
20251120,-1826.9534
20251120,-1826.4555
20251120,-1827.4911
20251120,-1826.0679
20251120,-1824.3
20251120,-1825.3274
20251120,-1821.8243
20251120,-1822.9665
20251120,-1824.053
20251120,-1825.1193
20251120,-1826.159
20251120,-1827.2157
20251121,-1826.3819
20251121,-1826.1133
20251121,-1827.1327
20251121,-1828.1407
20251121,-1829.2107
20251121,-1829.0435
20251121,-1828.5042
20251121,-1826.2461
20251121,-1825.8942
20251121,-1826.9168
20251124,-1827.9525
20251124,-1828.9822
20251124,-1830.0527
20251124,-1831.1123
20251124,-1830.9903
20251124,-1832.0006
20251124,-1833.0175
20251124,-1834.0233
20251124,-1833.4565
20251124,-1834.4801
20251124,-1833.0792
20251124,-1834.1234
20251124,-1835.3404
20251124,-1834.4604
20251124,-1833.4303
20251125,-1833.2615
20251125,-1834.2819
20251125,-1834.0881
20251125,-1835.1017
20251125,-1836.1245
20251125,-1837.1426
20251125,-1836.4849
20251125,-1836.0073
20251125,-1835.2223
20251125,-1834.2551
20251125,-1833.4215
20251125,-1832.1839
20251125,-1833.2339
20251125,-1832.9097
20251125,-1832.5567
20251125,-1833.6993
20251125,-1834.7188
20251125,-1833.6476
20251125,-1829.9558
20251126,-1831.0181
20251126,-1830.6869
20251126,-1831.7741
20251126,-1832.7884
20251126,-1833.8249
20251126,-1834.8356
20251126,-1831.8201
20251126,-1830.5705
20251126,-1830.6126
20251126,-1830.4517
20251126,-1831.5039
20251126,-1828.9866
20251126,-1830.4129
20251126,-1831.4433
20251126,-1831.0658
20251126,-1832.1866
20251126,-1833.2296
20251126,-1834.81
20251126,-1835.8893
20251126,-1836.9191
20251126,-1838.859
20251128,-1838.7613
20251128,-1838.0676
20251128,-1837.6235
20251128,-1837.5455
20251128,-1835.9493
20251128,-1835.9125
20251128,-1835.4868
20251128,-1834.8528
20251128,-1833.7661
20251128,-1831.8217
20251128,-1829.288
20251128,-1830.3243
20251128,-1829.5104
20251128,-1830.5262
20251128,-1828.813
20251128,-1829.9552
20251128,-1830.9978
20251128,-1832.0744
20251128,-1830.0663
20251128,-1831.3785
20251128,-1832.4806
20251128,-1832.541
20251128,-1832.5659
20251128,-1832.5974
20251201,-1832.2921
20251201,-1831.6314
20251201,-1831.6558
20251201,-1832.7344
20251201,-1832.1478
20251201,-1832.0681
20251201,-1831.879
20251201,-1831.3929
20251201,-1832.4371
20251201,-1833.4606
20251201,-1834.5159
20251201,-1835.5324
20251201,-1836.5456
20251201,-1837.5969
20251201,-1838.6906
20251201,-1839.9445
20251201,-1841.021
20251201,-1840.9281
20251201,-1840.6985
20251201,-1836.6435
20251201,-1837.75
20251202,-1838.8226
20251202,-1839.8633
20251202,-1839.6949
20251202,-1840.7325
20251202,-1840.361
20251202,-1840.0612
20251202,-1841.0895
20251202,-1842.1668
20251202,-1843.2981
20251202,-1843.0635
20251202,-1844.1731
20251202,-1845.3909
20251202,-1843.0172
20251202,-1845.0171
20251202,-1844.6032
20251202,-1845.6761
20251202,-1846.5699
20251203,-1846.2635
20251203,-1845.2258
20251203,-1845.0177
20251203,-1845.0154
20251203,-1841.5237
20251203,-1842.5326
20251203,-1839.087
20251203,-1838.9623
20251203,-1839.9865
20251203,-1839.9149
20251203,-1839.4666
20251203,-1841.0328
20251204,-1841.0645
20251204,-1841.0878
20251204,-1840.8791
20251204,-1841.8891
20251204,-1842.9032
20251204,-1841.7266
20251204,-1842.7663
20251204,-1841.0336
20251204,-1839.776
20251204,-1840.9937
20251204,-1839.322
20251204,-1840.3998
20251205,-1841.4888
20251205,-1840.63
20251205,-1839.969
20251205,-1841.0312
20251205,-1841.096
20251205,-1842.1171
20251205,-1841.5709
20251205,-1842.9935
20251205,-1844.0359
20251205,-1845.0708
20251205,-1843.3561
20251205,-1844.4305
20251205,-1843.8929
20251205,-1840.8068
20251208,-1840.4504
20251208,-1840.0847
20251208,-1837.75
20251208,-1838.814
20251208,-1839.8709
20251208,-1840.9003
20251208,-1840.9277
20251208,-1841.992
20251208,-1841.282
20251208,-1842.413
20251208,-1843.4854
20251208,-1844.6272
20251209,-1845.6448
20251209,-1846.6841
20251209,-1846.6842
20251209,-1846.3062
20251209,-1846.219
20251209,-1846.0384
20251209,-1845.8859
20251209,-1845.2568
20251209,-1846.2691
20251209,-1845.0135
20251209,-1844.6219
20251209,-1844.2479
20251209,-1845.3447
20251210,-1844.4401
20251210,-1843.9225
20251210,-1844.9547
20251210,-1844.9288
20251210,-1844.3636
20251210,-1842.0295
20251210,-1838.0573
20251210,-1839.4472
20251210,-1840.6648
20251210,-1841.762
20251210,-1834.5514
20251210,-1832.9966
20251210,-1834.65
20251210,-1835.7867
20251210,-1835.6341
20251211,-1836.6571
20251211,-1836.5733
20251211,-1835.9332
20251211,-1833.5562
20251211,-1833.7029
20251211,-1834.776
20251211,-1834.8188
20251211,-1835.8754
20251211,-1837.382
20251211,-1837.3194
20251212,-1838.3777
20251212,-1838.3275
20251212,-1839.3426
20251212,-1840.4671
20251212,-1840.4929
20251212,-1840.2731
20251212,-1840.1311
20251212,-1841.2098
20251212,-1842.2535
20251212,-1840.8566
20251212,-1840.5188
20251212,-1841.5511
20251212,-1842.5886
20251212,-1843.6374
20251212,-1844.6824
20251212,-1845.8405
20251212,-1846.9391
20251212,-1848.5383
20251212,-1849.6996
20251212,-1850.8597
20251215,-1850.2982
20251215,-1849.8524
20251215,-1849.5936
20251215,-1848.2948
20251215,-1846.9133
20251215,-1844.6731
20251215,-1844.6127
20251215,-1844.1277
20251215,-1845.1638
20251215,-1844.738
20251215,-1845.7526
20251215,-1845.6205
20251215,-1846.6411
20251215,-1847.6578
20251215,-1848.8417
20251215,-1849.8637
20251215,-1850.9902
20251215,-1852.3476
20251215,-1850.1109
20251215,-1849.5603
20251215,-1850.6853
20251216,-1847.6984
20251216,-1847.0621
20251216,-1846.7744
20251216,-1846.9789
20251216,-1848.0065
20251216,-1849.0409
20251216,-1848.5903
20251216,-1848.3826
20251216,-1848.0871
20251216,-1849.1151
20251216,-1848.5277
20251216,-1849.5776
20251216,-1848.826
20251216,-1850.0023
20251216,-1851.027
20251216,-1852.0892
20251216,-1850.2669
20251216,-1850.0149
20251216,-1849.4206
20251216,-1848.0793
20251216,-1847.0101
20251216,-1847.0199
20251217,-1848.072
20251217,-1849.1019
20251217,-1850.1171
20251217,-1851.1768
20251217,-1852.2025
20251217,-1851.9446
20251217,-1851.677
20251217,-1851.0191
20251217,-1848.2393
20251217,-1847.9556
20251217,-1847.4441
20251217,-1847.2109
20251217,-1848.2412
20251217,-1849.2648
20251217,-1850.3002
20251217,-1851.6826
20251217,-1845.9857
20251217,-1846.0043
20251218,-1847.0306
20251218,-1848.074
20251218,-1849.0996
20251218,-1848.9333
20251218,-1849.9607
20251218,-1849.8825
20251218,-1850.9269
20251218,-1850.638
20251218,-1850.6215
20251218,-1851.6613
20251218,-1851.2941
20251218,-1850.6629
20251218,-1851.7269
20251218,-1850.7861
20251218,-1850.4237
20251218,-1851.487
20251218,-1852.7224
20251218,-1848.9949
20251218,-1850.2753
20251218,-1850.2811
20251218,-1848.7764
20251218,-1850.0552
20251218,-1849.0816
20251219,-1850.174
20251219,-1851.2207
20251219,-1852.2639
20251219,-1853.3165
20251219,-1854.3347
20251219,-1855.4389
20251219,-1856.5846
20251219,-1857.7462
20251219,-1858.8584
20251219,-1859.9496
20251219,-1860.9838
20251219,-1862.0375
20251219,-1863.7746
20251219,-1865.0494
20251219,-1866.2055
20251222,-1865.6539
20251222,-1865.1293
20251222,-1866.4233
20251222,-1867.5398
20251222,-1867.4811
20251222,-1866.4317
20251222,-1867.719
20251222,-1868.7886
20251222,-1869.8768
20251222,-1871.0428
20251222,-1872.5515
20251222,-1873.2486
20251222,-1874.6327
20251223,-1875.7362
20251223,-1876.7628
20251223,-1876.671
20251223,-1876.5669
20251223,-1877.7444
20251223,-1878.7885
20251223,-1879.832
20251223,-1881.0229
20251223,-1880.8388
20251223,-1880.0979
20251223,-1876.764
20251223,-1876.1231
20251223,-1877.4029
20251223,-1878.566
20251223,-1879.942
20251224,-1879.1388
20251224,-1878.7367
20251224,-1879.7832
20251224,-1879.5907
20251224,-1880.7396
20251224,-1880.5801
20251224,-1880.1033
20251224,-1881.1198
20251224,-1882.1949
20251224,-1879.2057
20251224,-1879.098
20251224,-1879.7557
20251224,-1880.3112
20251224,-1880.0396
20251224,-1879.7208
20251224,-1880.8339
20251224,-1881.8927
20251226,-1881.3113
20251226,-1879.6641
20251226,-1880.6768
20251226,-1881.753
20251226,-1881.4361
20251226,-1882.4991
20251226,-1883.5652
20251226,-1885.9604
20251226,-1887.0061
20251229,-1886.9005
20251229,-1887.919
20251229,-1888.9352
20251229,-1890.0709
20251229,-1888.1264
20251229,-1889.3275
20251229,-1890.3898
20251229,-1891.4606
20251229,-1891.3388
20251229,-1893.073
20251229,-1893.5675
20251229,-1891.3663
20251229,-1889.8421
20251229,-1888.1331
20251229,-1887.5306
20251230,-1886.9923
20251230,-1886.7019
20251230,-1886.6633
20251230,-1887.7423
20251230,-1888.8095
20251230,-1888.8797
20251230,-1890.0323
20251230,-1891.1281
20251230,-1892.1757
20251230,-1892.004
20251230,-1893.441
20251230,-1894.5937
20251230,-1895.6887
20251230,-1894.8435
20251230,-1892.878
20251231,-1893.9463
20251231,-1895.0038
20251231,-1894.8336
20251231,-1895.8868
20251231,-1895.6712
20251231,-1896.689
20251231,-1897.7354
20251231,-1898.8936
20251231,-1900.1304
20251231,-1901.2697
20251231,-1902.8777
20251231,-1903.963
20251231,-1905.778
20251231,-1907.124
20251231,-1908.6833
20251231,-1910.3838
20251231,-1909.5829
20251231,-1908.2312
20260102,-1909.3275
20260102,-1909.2081
20260102,-1910.2998
20260102,-1910.1484
20260102,-1903.53
20260102,-1903.5485
20260102,-1903.0786
20260102,-1902.1717
20260102,-1903.1943
20260102,-1902.2412
20260102,-1902.159
20260102,-1902.1423
20260102,-1901.9787
20260102,-1903.0323
20260102,-1904.1015
20260102,-1902.4306
20260105,-1902.4149
20260105,-1903.4708
20260105,-1905.4707
20260105,-1906.7279
20260105,-1907.771
20260106,-1908.7893
20260106,-1907.3331
20260106,-1906.7524
20260106,-1905.3545
20260106,-1905.0169
20260106,-1906.0462
20260106,-1907.091
20260106,-1907.0342
20260106,-1908.1426
20260106,-1907.8843
20260106,-1909.0424
20260106,-1908.5811
20260106,-1905.3658
20260106,-1905.0128
20260106,-1906.2761
20260106,-1907.5786
20260106,-1904.9503
20260106,-1903.5008
20260106,-1902.735
20260106,-1903.8092
20260106,-1904.9734
20260106,-1906.1077
20260107,-1905.8849
20260107,-1905.6704
20260107,-1906.7003
20260107,-1907.7279
20260107,-1908.8024
20260107,-1909.8735
20260107,-1910.952
20260107,-1908.6981
20260107,-1908.0437
20260107,-1909.1841
20260107,-1909.0818
20260108,-1908.0619
20260108,-1907.113
20260108,-1906.9119
20260108,-1906.7925
20260108,-1906.1224
20260108,-1902.2271
20260108,-1903.7119
20260108,-1905.1257
20260108,-1906.5598
20260108,-1907.6961
20260108,-1908.7427
20260108,-1908.8419
20260109,-1908.8265
20260109,-1908.686
20260109,-1909.7294
20260109,-1909.7544
20260109,-1909.3263
20260109,-1909.0674
20260109,-1910.1017
20260109,-1911.1567
20260109,-1912.319
20260109,-1909.6413
20260109,-1910.788
20260109,-1911.8427
20260109,-1909.9649
20260109,-1911.0367
20260109,-1911.003
20260112,-1912.0205
20260112,-1912.0787
20260112,-1912.3033
20260112,-1913.3509
20260112,-1909.6303
20260112,-1908.8402
20260112,-1908.8513
20260112,-1909.9454
20260112,-1909.7705
20260112,-1910.8276
20260112,-1911.881
20260112,-1912.9697
20260112,-1914.2975
20260112,-1913.9349
20260113,-1913.304
20260113,-1914.3384
20260113,-1913.9804
20260113,-1915.0097
20260113,-1914.776
20260113,-1915.8028
20260113,-1916.8246
20260113,-1916.4315
20260113,-1912.2189
20260113,-1913.4384
20260113,-1914.6709
20260113,-1915.8373
20260113,-1916.9753
20260113,-1918.0214
20260113,-1919.1454
20260113,-1918.5457
20260114,-1919.552
20260114,-1920.6374
20260114,-1918.9949
20260114,-1920.0189
20260114,-1919.8499
20260114,-1920.4112
20260114,-1920.154
20260114,-1919.6504
20260114,-1918.7063
20260114,-1916.1479
20260114,-1917.2144
20260114,-1918.2608
20260114,-1919.2959
20260114,-1920.5786
20260114,-1921.6256
20260114,-1922.8132
20260115,-1922.7092
20260115,-1923.7157
20260115,-1922.6447
20260115,-1921.5009
20260115,-1921.5275
20260115,-1922.5766
20260115,-1923.6076
20260115,-1924.6347
20260115,-1925.6568
20260115,-1926.6791
20260115,-1927.7687
20260115,-1928.8004
20260115,-1929.8499
20260115,-1930.8835
20260115,-1931.9171
20260115,-1931.4883
20260115,-1932.5627
20260115,-1932.0896
20260115,-1933.1348
20260115,-1931.6926
20260116,-1931.4449
20260116,-1932.5047
20260116,-1931.9201
20260116,-1932.9677
20260116,-1932.8765
20260116,-1933.9363
20260116,-1935.0004
20260116,-1934.5973
20260116,-1936.0522
20260116,-1937.3191
20260116,-1938.5693
20260116,-1939.6576
20260116,-1939.5694
20260120,-1938.4392
20260120,-1937.5372
20260120,-1938.5517
20260120,-1938.0551
20260120,-1939.065
20260120,-1940.084
20260120,-1939.7746
20260120,-1939.6444
20260120,-1938.7376
20260120,-1937.9358
20260120,-1938.9937
20260120,-1940.0276
20260120,-1939.5509
20260120,-1937.9575
20260120,-1934.5736
20260120,-1934.0851
20260120,-1932.6344
20260120,-1928.2335
20260120,-1927.6167
20260121,-1925.6964
20260121,-1925.1427
20260121,-1922.5998
20260121,-1923.6118
20260121,-1924.6257
20260121,-1925.6387
20260121,-1926.6767
20260121,-1927.7191
20260121,-1927.3397
20260121,-1928.4453
20260121,-1929.5994
20260121,-1930.6592
20260121,-1930.5496
20260121,-1930.4153
20260121,-1930.5795
20260121,-1931.6684
20260121,-1932.7572
20260122,-1932.4125
20260122,-1931.5533
20260122,-1932.5628
20260122,-1933.5775
20260122,-1934.6551
20260122,-1933.7729
20260122,-1934.8007
20260122,-1935.839
20260122,-1935.7943
20260122,-1934.5518
20260122,-1935.6309
20260122,-1936.7099
20260122,-1937.8562
20260122,-1937.2642
20260122,-1938.3327
20260123,-1938.1902
20260123,-1936.9183
20260123,-1936.4839
20260123,-1937.549
20260123,-1936.9129
20260123,-1938.0763
20260123,-1939.1653
20260123,-1940.1883
20260123,-1941.5385
20260123,-1940.5289
20260123,-1935.7679
20260123,-1936.8224
20260126,-1937.8485
20260126,-1937.569
20260126,-1937.5114
20260126,-1938.5887
20260126,-1939.6209
20260126,-1940.6383
20260126,-1941.6782
20260126,-1942.749
20260126,-1943.829
20260126,-1944.9036
20260126,-1946.2014
20260126,-1947.2758
20260126,-1946.8672
20260126,-1947.9262
20260127,-1947.017
20260127,-1946.6043
20260127,-1947.6613
20260127,-1947.627
20260127,-1947.3466
20260127,-1948.3614
20260127,-1949.3777
20260127,-1950.4276
20260127,-1950.1006
20260127,-1951.1289
20260127,-1952.1368
20260127,-1953.2669
20260127,-1954.5291
20260127,-1955.614
20260127,-1956.7459
20260127,-1957.7782
20260127,-1958.8083
20260127,-1958.3832
20260128,-1958.2623
20260128,-1959.2928
20260128,-1959.2119
20260128,-1960.2423
20260128,-1961.298
20260128,-1959.8034
20260128,-1958.7042
20260128,-1954.6495
20260128,-1955.8189
20260128,-1955.5198
20260128,-1956.5372
20260129,-1956.2218
20260129,-1957.2277
20260129,-1958.2453
20260129,-1957.9902
20260129,-1958.6013
20260129,-1957.3603
20260129,-1958.3784
20260129,-1959.3936
20260129,-1957.5369
20260129,-1958.5814
20260129,-1958.5316
20260129,-1959.3883
20260129,-1960.5916
20260129,-1961.8485
20260129,-1962.9341
20260129,-1964.0291
20260129,-1965.0719
20260129,-1966.6985
20260129,-1967.7199
20260129,-1969.2193
20260130,-1969.6236
20260130,-1970.647
20260130,-1970.1957
20260130,-1970.1452
20260130,-1971.1705
20260130,-1972.1924
20260130,-1970.9994
20260130,-1970.8902
20260130,-1971.9132
20260130,-1973.1402
20260130,-1974.3358
20260130,-1975.3796
20260130,-1976.4027
20260130,-1977.6168
20260130,-1978.7741
20260130,-1979.8289
20260202,-1979.8302
20260202,-1979.7758
20260202,-1978.7362
20260202,-1979.7482
20260202,-1980.7572
20260202,-1974.5357
20260202,-1975.8694
20260202,-1975.4706
20260202,-1976.6069
20260202,-1976.6674
20260203,-1977.6932
20260203,-1977.3714
20260203,-1977.1144
20260203,-1977.0522
20260203,-1978.0614
20260203,-1975.5296
20260203,-1975.4433
20260203,-1976.4557
20260203,-1974.3579
20260203,-1975.3787
20260203,-1976.4153
20260203,-1977.4889
20260203,-1978.5288
20260204,-1979.5432
20260204,-1980.5543
20260204,-1981.5644
20260204,-1980.3946
20260204,-1980.3969
20260204,-1981.4331
20260204,-1981.4317
20260204,-1982.4645
20260204,-1980.4694
20260204,-1980.3769
20260204,-1981.4034
20260204,-1980.1625
20260204,-1981.1774
20260204,-1982.2089
20260204,-1983.326
20260204,-1984.3632
20260204,-1985.4027
20260204,-1985.0678
20260204,-1984.5276
20260204,-1984.0434
20260204,-1985.0619
20260204,-1984.2029
20260204,-1984.0806
20260204,-1985.2849
20260204,-1984.9832
20260204,-1986.0889
20260205,-1983.6032
20260205,-1983.2377
20260205,-1982.9013
20260205,-1982.136
20260205,-1981.2188
20260205,-1980.8863
20260205,-1980.956
20260205,-1981.9656
20260205,-1982.9938
20260205,-1984.0125
20260205,-1983.3676
20260205,-1983.2976
20260205,-1984.3143
20260205,-1985.3192
20260205,-1986.338
20260205,-1987.5523
20260205,-1988.8821
20260205,-1989.9089
20260205,-1990.9961
20260205,-1992.3345
20260205,-1993.6262
20260205,-1994.6443
20260206,-1995.6801
20260206,-1995.3306
20260206,-1995.0511
20260206,-1994.9965
20260206,-1996.0149
20260206,-1995.5639
20260206,-1995.506
20260206,-1991.4256
20260206,-1992.5058
20260206,-1993.6356
20260206,-1990.2149
20260209,-1991.2222
20260209,-1990.5689
20260209,-1991.599
20260209,-1989.9426
20260209,-1989.1286
20260209,-1987.4915
20260209,-1988.5684
20260209,-1989.8245
20260209,-1997.1837
20260209,-1997.2652
20260209,-1996.263
20260209,-1995.4314
20260209,-1996.5442
20260209,-1996.2334
20260209,-1997.3101
20260209,-1998.36
20260210,-1999.4129
20260210,-2000.4244
20260210,-2001.4367
20260210,-2001.41
20260210,-2001.1363
20260210,-2002.1904
20260210,-2003.316
20260210,-2003.2494
20260210,-2004.3297
20260210,-2005.4521
20260210,-2005.3083
20260210,-2006.3798
20260210,-2006.1217
20260211,-2004.8113
20260211,-2004.5127
20260211,-2004.0929
20260211,-2004.1427
20260211,-2003.8729
20260211,-2004.9468
20260211,-2003.637
20260211,-2004.7452
20260211,-2005.8404
20260211,-2006.9088
20260211,-2007.9438
20260211,-2007.1654
20260211,-2006.7029
20260211,-2007.7886
20260211,-2010.1422
20260211,-2010.6908
20260211,-2011.0089
20260211,-2009.7085
20260211,-2010.8035
20260212,-2009.8981
20260212,-2009.5772
20260212,-2010.6247
20260212,-2010.4479
20260212,-2010.3748
20260212,-2011.3916
20260212,-2010.4446
20260212,-2010.0853
20260212,-2006.3046
20260212,-2005.9394
20260212,-2005.5334
20260212,-2005.2021
20260212,-2005.1687
20260212,-2003.9066
20260212,-2002.0602
20260212,-2001.0636
20260212,-2000.9971
20260212,-2002.0335
20260212,-2001.6093
20260212,-2002.6497
20260212,-2003.7082
20260212,-2004.7435
20260213,-2002.4039
20260213,-2001.9251
20260213,-2002.9652
20260213,-2003.9791
20260213,-2005.1254
20260213,-2006.1861
20260213,-2007.9652
20260213,-2009.1267
20260213,-2010.245
20260217,-2010.779
20260217,-2010.6073
20260217,-2010.0284
20260217,-2011.0868
20260217,-2012.1011
20260217,-2013.109
20260217,-2014.124
20260217,-2015.1353
20260217,-2016.1844
20260217,-2017.225
20260217,-2017.2458
20260217,-2018.3055
20260217,-2019.3619
20260218,-2017.8927
20260218,-2018.9017
20260218,-2018.2981
20260218,-2018.2021
20260218,-2018.1588
20260218,-2019.3046
20260218,-2020.4118
20260218,-2020.0318
20260218,-2021.7751
20260218,-2023.1745
20260218,-2022.7769
20260218,-2020.4103
20260218,-2019.022
20260218,-2018.1477
20260219,-2017.2584
20260219,-2016.7699
20260219,-2016.1583
20260219,-2015.6617
20260219,-2016.6907
20260219,-2016.3099
20260219,-2017.3525
20260219,-2018.3955
20260219,-2018.3686
20260219,-2018.0859
20260219,-2019.1189
20260219,-2017.8172
20260219,-2018.8425
20260219,-2018.1054
20260219,-2017.9367
20260220,-2017.3433
20260220,-2017.3574
20260220,-2018.3887
20260220,-2016.4639
20260220,-2017.4875
20260220,-2018.5002
20260220,-2019.5172
20260220,-2019.052
20260220,-2018.8626
20260220,-2019.9156
20260220,-2019.7272
20260220,-2019.298
20260220,-2019.1185
20260220,-2020.2778
20260223,-2020.1741
20260223,-2018.9069
20260223,-2018.8086
20260223,-2018.6584
20260223,-2019.6835
20260223,-2020.7537
20260223,-2018.747
20260223,-2016.6096
20260223,-2015.6296
20260223,-2016.6946
20260223,-2010.5279
20260223,-2008.886
20260223,-2010.0653
20260224,-2009.6461
20260224,-2010.6625
20260224,-2009.4025
20260224,-2009.1783
20260224,-2010.3184
20260224,-2011.773
20260224,-2010.8722
20260224,-2011.975
20260225,-2011.9358
20260225,-2011.3532
20260225,-2012.3979
20260225,-2012.0518
20260225,-2013.0816
20260225,-2012.0818
20260225,-2008.0119
20260225,-2007.4947
20260225,-2007.3441
20260225,-2006.566
20260225,-2006.6038
20260225,-2007.6866
20260225,-2007.5534
20260226,-2008.626
20260226,-2009.6348
20260226,-2010.6474
20260226,-2009.6662
20260226,-2010.8457
20260226,-2010.2927
20260226,-2010.1072
20260226,-2009.2692
20260226,-2010.3559
20260226,-2010.1932
20260226,-2011.2286
20260226,-2012.448
20260226,-2017.9688
20260226,-2019.3805
20260226,-2020.6438
20260227,-2020.0932
20260227,-2019.7519
20260227,-2019.704
20260227,-2020.741
20260227,-2020.6995
20260227,-2021.7395
20260227,-2022.7629
20260227,-2023.8493
20260227,-2023.2823
20260227,-2024.3553
20260227,-2025.5503
20260227,-2024.6323
20260227,-2025.7123
20260227,-2025.6833
20260227,-2024.6144
20260227,-2025.7173
20260227,-2025.6346
20260227,-2026.6966
20260227,-2028.0299
20260302,-2027.8738
20260302,-2028.89
20260303,-2028.5971
20260303,-2027.6915
20260303,-2028.6981
20260303,-2029.7244
20260303,-2030.751
20260303,-2031.8092
20260303,-2032.8456
20260303,-2032.2973
20260303,-2031.7177
20260303,-2031.1381
20260303,-2032.1888
20260303,-2032.1624
20260304,-2033.2211
20260304,-2034.2411
20260304,-2033.9413
20260304,-2034.99
20260304,-2034.2517
20260304,-2033.7265
20260304,-2034.0728
20260304,-2035.1597
20260304,-2036.542
20260304,-2039.0348
20260304,-2037.8482
20260304,-2038.8884
20260304,-2038.7363
20260304,-2039.9955
20260304,-2041.0614
20260304,-2042.3289
20260304,-2043.704
20260304,-2043.5989
20260304,-2044.7382
20260305,-2044.5696
20260305,-2044.4849
20260305,-2045.4956
20260305,-2045.7136
20260305,-2046.7244
20260305,-2047.7413
20260305,-2048.7753
20260305,-2048.4321
20260305,-2049.4397
20260305,-2049.3527
20260305,-2050.3755
20260305,-2049.8923
20260305,-2050.9897
20260305,-2052.0285
20260305,-2051.6872
20260305,-2052.7382
20260305,-2051.8627
20260305,-2053.0958
20260305,-2054.485
20260305,-2055.6863
20260305,-2056.8803
20260306,-2057.9485
20260306,-2058.9642
20260306,-2058.5486
20260306,-2059.5753
20260306,-2059.1572
20260306,-2060.1997
20260306,-2060.235
20260306,-2059.2867
20260306,-2058.8151
20260306,-2058.3566
20260306,-2059.6696
20260309,-2059.1373
20260309,-2060.1539
20260309,-2060.0351
20260309,-2059.8841
20260309,-2060.9228
20260309,-2060.7825
20260309,-2060.4723
20260309,-2061.5141
20260309,-2062.5496
20260309,-2063.5681
20260309,-2064.5872
20260309,-2065.6047
20260309,-2065.5327
20260309,-2063.1158
20260309,-2062.9901
20260309,-2062.0021
20260309,-2061.8887
20260309,-2063.0759
20260309,-2063.5378
20260310,-2064.5815
20260310,-2064.2712
20260310,-2065.3594
20260310,-2066.3879
20260310,-2066.0837
20260310,-2067.1445
20260310,-2066.9202
20260310,-2067.9483
20260310,-2068.9822
20260310,-2070.0061
20260310,-2069.3254
20260311,-2069.1284
20260311,-2070.1598
20260311,-2068.3045
20260311,-2067.5302
20260311,-2068.5702
20260311,-2067.8465
20260311,-2069.0049
20260311,-2071.0049
20260311,-2070.077
20260311,-2071.2839
20260311,-2068.2788
20260311,-2066.7594
20260311,-2068.0632
20260312,-2065.7679
20260312,-2066.8155
20260312,-2067.8664
20260312,-2068.9084
20260312,-2068.7983
20260312,-2069.8408
20260312,-2070.8759
20260312,-2071.9967
20260312,-2070.4862
20260312,-2071.5171
20260312,-2072.6088
20260312,-2072.627
20260312,-2073.7799
20260312,-2074.9055
20260312,-2075.9759
20260312,-2077.0146
20260312,-2078.0415
20260312,-2079.495
20260312,-2078.5706
20260312,-2078.1951
20260313,-2077.8275
20260313,-2075.9523
20260313,-2075.581
20260313,-2076.594
20260313,-2074.8954
20260313,-2074.6064
20260313,-2073.9935
20260313,-2073.8818
20260313,-2073.7332
20260313,-2073.3441
20260313,-2073.3329
20260313,-2074.3869
20260313,-2074.1969
20260313,-2075.3574
20260313,-2076.5064
20260313,-2077.6539
20260313,-2077.1013
20260313,-2076.6715
20260313,-2079.3158
20260313,-2080.4328
20260313,-2079.3493
20260313,-2080.3615
20260313,-2079.8493
20260313,-2078.1671
20260316,-2079.2054
20260316,-2079.2156
20260316,-2079.077
20260316,-2080.132
20260316,-2081.1696
20260316,-2082.2158
20260316,-2083.259
20260316,-2084.3252
20260316,-2085.5837
20260316,-2085.2885
20260316,-2086.5979
20260317,-2086.4757
20260317,-2086.3878
20260317,-2087.4142
20260317,-2086.5315
20260317,-2086.5035
20260317,-2085.7109
20260317,-2085.723
20260317,-2084.523
20260317,-2085.5736
20260317,-2086.6711
20260317,-2088.0283
20260317,-2089.2245
20260318,-2088.1567
20260318,-2089.1756
20260318,-2090.223
20260318,-2091.2461
20260318,-2090.9389
20260318,-2091.9561
20260318,-2090.2782
20260318,-2089.5604
20260318,-2088.8324
20260318,-2088.1852
20260318,-2089.2329
20260318,-2088.7635
20260318,-2088.3718
20260318,-2088.5354
20260318,-2089.2359
20260319,-2088.7857
20260319,-2088.633
20260319,-2088.5837
20260319,-2086.7664
20260319,-2086.4981
20260319,-2086.0637
20260319,-2087.0926
20260319,-2086.6894
20260319,-2087.7748
20260319,-2086.7406
20260319,-2087.8114
20260319,-2086.976
20260320,-2085.3055
20260320,-2083.6791
20260320,-2083.491
20260320,-2083.4687
20260320,-2083.2083
20260320,-2082.6846
20260320,-2082.4243
20260320,-2082.3674
20260320,-2083.4926
20260320,-2081.1249
20260320,-2082.2067
20260320,-2080.2671
20260320,-2081.3697
20260320,-2082.4278
20260320,-2079.4845
20260320,-2079.2556
20260320,-2079.9418
20260323,-2079.7183
20260323,-2079.7319
20260323,-2079.4451
20260323,-2080.4739
20260323,-2080.4628
20260323,-2081.4875
20260323,-2082.5088
20260323,-2083.5188
20260323,-2083.1491
20260323,-2084.2604
20260323,-2085.2804
20260323,-2086.3503
20260323,-2087.4347
20260324,-2087.27
20260324,-2087.2198
20260324,-2086.9209
20260324,-2085.9423
20260324,-2085.8131
20260324,-2085.4768
20260324,-2084.7918
20260324,-2085.8122
20260324,-2086.9208
20260324,-2086.3529
20260324,-2085.2013
20260324,-2084.3617
20260324,-2084.1738
20260324,-2085.2056
20260324,-2086.2342
20260324,-2087.3935
20260324,-2086.2546
20260324,-2084.9034
20260325,-2084.7979
20260325,-2084.7533
20260325,-2084.0069
20260325,-2083.0094
20260325,-2084.0635
20260325,-2085.0783
20260325,-2084.662
20260325,-2083.8841
20260325,-2085.0447
20260325,-2085.0022
20260325,-2086.6641
20260325,-2087.7063
20260325,-2088.8553
20260326,-2089.8962
20260326,-2087.4207
20260326,-2081.4675
20260326,-2081.4031
20260326,-2082.5499
20260326,-2082.164
20260326,-2082.2438
20260326,-2083.3057
20260326,-2081.478
20260326,-2082.6934
20260326,-2078.1277
20260326,-2079.1565
20260326,-2080.3095
20260326,-2076.657
20260326,-2075.9877
20260326,-2077.1845
20260326,-2079.1845
20260326,-2080.3281
20260327,-2079.5765
20260327,-2079.5018
20260327,-2078.3381
20260327,-2077.8137
20260327,-2077.6326
20260327,-2078.6603
20260327,-2078.1926
20260327,-2079.2019
20260327,-2077.8296
20260327,-2078.8657
20260327,-2079.9079
20260327,-2080.9497
20260327,-2080.4308
20260327,-2081.475
20260327,-2082.6372
20260327,-2083.7454
20260327,-2085.3202
20260327,-2086.3773
20260327,-2085.874
20260327,-2080.5298
20260327,-2080.3595
20260330,-2080.3989
20260330,-2081.4679
20260330,-2078.3338
20260330,-2078.2461
20260330,-2075.9276
20260330,-2075.8037
20260330,-2076.8231
20260330,-2076.7158
20260330,-2076.0786
20260330,-2075.9436
20260330,-2075.6116
20260330,-2076.6443
20260330,-2075.1596
20260330,-2076.1914
20260330,-2072.8528
20260330,-2073.0657
20260330,-2072.851
20260330,-2071.6218
20260330,-2071.4357
20260330,-2072.5001
20260330,-2073.9851
20260330,-2073.4516
20260330,-2074.543
20260330,-2075.5798
20260330,-2074.8355
20260331,-2075.8578
20260331,-2074.1136
20260331,-2073.2688
20260331,-2072.9981
20260331,-2072.8846
20260331,-2073.918
20260331,-2073.7498
20260331,-2073.2494
20260331,-2077.3377
20260331,-2076.9369
20260331,-2077.9627
20260331,-2076.5841
20260331,-2076.4339
20260331,-2075.1112
20260331,-2076.1605
20260331,-2076.2139
20260331,-2077.3017
20260401,-2076.7112
20260401,-2076.468
20260401,-2075.4605
20260401,-2076.4743
20260401,-2075.8728
20260401,-2076.9501
20260401,-2078.4203
20260402,-2077.8144
20260402,-2077.0262
20260402,-2076.6566
20260402,-2076.5947
20260402,-2076.4743
20260402,-2076.1842
20260402,-2075.639
20260402,-2075.3892
20260402,-2075.0026
20260402,-2074.4191
20260402,-2073.5599
20260402,-2073.1344
20260402,-2072.9393
20260402,-2071.33
20260402,-2072.379
20260402,-2071.5656
20260402,-2072.5997
20260402,-2073.6474
20260402,-2074.7112
20260402,-2074.398
20260402,-2068.9898
20260406,-2068.9469
20260406,-2068.6619
20260406,-2069.7963
20260406,-2070.9046
20260406,-2072.1854
20260406,-2073.2955
20260406,-2072.8414
20260406,-2073.9589
20260406,-2075.2645
20260406,-2076.3616
20260407,-2076.8735
20260407,-2076.4734
20260407,-2077.4979
20260407,-2077.0636
20260407,-2076.431
20260407,-2077.4579
20260407,-2078.4765
20260407,-2076.8757
20260407,-2077.9071
20260407,-2077.4519
20260407,-2078.4978
20260407,-2078.2009
20260407,-2075.255
20260407,-2075.2638
20260407,-2075.2116
20260407,-2075.0471
20260407,-2076.1044
20260407,-2077.1774
20260408,-2077.1435
20260408,-2076.0128
20260408,-2075.6025
20260408,-2075.6274
20260408,-2074.2005
20260408,-2073.4944
20260408,-2074.5135
20260408,-2072.0186
20260409,-2073.0273
20260409,-2074.1016
20260409,-2073.9748
20260409,-2073.2894
20260409,-2074.3097
20260409,-2073.1756
20260409,-2067.7844
20260409,-2067.5601
20260409,-2068.576
20260409,-2069.9747
20260409,-2071.0035
20260409,-2064.313
20260409,-2065.4794
20260409,-2066.6168
20260409,-2064.9317
20260409,-2063.6431
20260410,-2064.1671
20260410,-2064.4518
20260410,-2064.9547
20260410,-2065.9635
20260410,-2066.9916
20260410,-2068.0134
20260410,-2069.1245
20260410,-2070.2753
20260410,-2071.8861
20260410,-2073.0387
20260410,-2074.2579
20260410,-2075.3168
20260410,-2076.4546
20260413,-2074.8697
20260413,-2073.5971
20260413,-2072.6383
20260413,-2071.958
20260413,-2071.8769
20260413,-2071.1011
20260413,-2071.0297
20260413,-2070.8551
20260413,-2071.8971
20260413,-2070.8047
20260413,-2070.1914
20260413,-2071.2665
20260413,-2072.9969
20260413,-2074.092
20260413,-2075.1363
20260414,-2076.1564
20260414,-2077.1798
20260414,-2076.8263
20260414,-2072.9509
20260414,-2073.9697
20260414,-2071.2815
20260414,-2066.9521
20260414,-2068.0352
20260414,-2067.8043
20260414,-2069.0407
20260415,-2066.5194
20260415,-2066.4403
20260415,-2067.4608
20260415,-2067.4633
20260415,-2063.5172
20260415,-2064.6032
20260415,-2057.9351
20260415,-2058.99
20260415,-2060.293
20260415,-2061.3558
20260415,-2062.5399
20260415,-2063.7296
20260415,-2061.7928
20260415,-2060.1223
20260415,-2059.7692
20260415,-2060.9492
20260415,-2063.5865
20260416,-2062.9191
20260416,-2062.8175
20260416,-2062.5332
20260416,-2062.4929
20260416,-2063.5495
20260416,-2061.9589
20260416,-2061.6658
20260416,-2061.2507
20260416,-2062.3015
20260416,-2063.3561
20260416,-2064.3859
20260416,-2064.2954
20260416,-2065.3475
20260416,-2066.3757
20260416,-2067.5826
20260416,-2068.7896
20260417,-2068.311
20260417,-2066.4475
20260417,-2066.2363
20260417,-2066.003
20260417,-2067.0351
20260417,-2066.8743
20260417,-2066.4255
20260417,-2067.4546
20260417,-2066.7184
20260417,-2067.8234
20260417,-2067.3473
20260417,-2067.2983
20260417,-2067.6232
20260417,-2066.3636
20260417,-2065.9134
20260417,-2066.9717
20260417,-2068.1024
20260417,-2067.8954
20260417,-2067.5674
20260420,-2067.5219
20260420,-2067.4634
20260420,-2066.8069
20260420,-2067.8312
20260420,-2067.5976
20260420,-2068.6644
20260420,-2069.7379
20260420,-2070.7524
20260420,-2071.8137
20260420,-2072.8636
20260420,-2073.9108
20260420,-2075.0453
20260420,-2076.1787
20260420,-2073.0491
20260420,-2074.0769
20260420,-2075.2577
20260420,-2075.7691
20260421,-2076.8102
20260421,-2077.8362
20260421,-2078.8702
20260421,-2079.8846
20260421,-2080.9459
20260421,-2080.7551
20260421,-2081.777
20260421,-2081.4542
20260421,-2081.13
20260421,-2082.2244
20260421,-2080.6521
20260421,-2080.5732
20260421,-2077.1602
20260421,-2078.2034
20260421,-2082.2426
20260421,-2081.4526
20260421,-2082.5071
20260421,-2082.4531
20260421,-2080.4387
20260421,-2079.7368
20260421,-2078.3198
20260421,-2076.9574
20260422,-2077.9921
20260422,-2079.0843
20260422,-2078.9518
20260422,-2077.3297
20260422,-2075.2265
20260422,-2073.3571
20260422,-2070.7335
20260422,-2071.7872
20260422,-2071.6329
20260422,-2070.9573
20260422,-2072.1077
20260422,-2073.2456
20260422,-2074.4747
20260422,-2075.9799
20260422,-2077.285
20260423,-2078.3423
20260423,-2076.2301
20260423,-2077.3349
20260423,-2078.3835
20260423,-2077.5616
20260423,-2077.1321
20260423,-2078.141
20260423,-2079.1763
20260423,-2076.9886
20260423,-2078.103
20260423,-2077.2841
20260423,-2078.4814
20260423,-2078.4202
20260423,-2077.931
20260423,-2076.832
20260423,-2077.8444
20260423,-2078.9832
20260424,-2078.0035
20260424,-2077.344
20260424,-2076.9697
20260424,-2078.0571
20260424,-2079.1199
20260424,-2080.1412
20260424,-2079.8516
20260424,-2080.8948
20260424,-2081.9959
20260424,-2083.01
20260424,-2084.1943
20260424,-2085.2427
20260424,-2085.2573
20260424,-2085.2686
20260424,-2086.3901
20260424,-2087.9448
20260427,-2087.9165
20260427,-2087.777
20260427,-2088.7829
20260427,-2088.8764
20260427,-2088.6774
20260427,-2088.6365
20260427,-2089.6518
20260427,-2090.7107
20260427,-2091.7839
20260427,-2090.4081
20260427,-2090.048
20260427,-2090.1662
20260427,-2091.2432
20260427,-2088.2038
20260427,-2089.2578
20260427,-2090.3137
20260428,-2090.0308
20260428,-2089.5453
20260428,-2090.5658
20260428,-2091.5867
20260428,-2092.6132
20260428,-2093.6312
20260428,-2093.5298
20260428,-2094.6028
20260428,-2092.8121
20260428,-2090.1703
20260428,-2092.5359
20260428,-2093.15
20260429,-2092.7779
20260429,-2092.005
20260429,-2091.0825
20260429,-2090.8684
20260429,-2090.8589
20260429,-2091.876
20260429,-2092.889
20260429,-2093.9033
20260429,-2093.4876
20260429,-2094.7738
20260429,-2091.7113
20260429,-2091.5634
20260429,-2089.2155
20260429,-2088.3303
20260429,-2089.3926
20260429,-2089.2599
20260429,-2090.3416
20260429,-2091.412
20260429,-2093.0039
20260430,-2091.6106
20260430,-2092.6376
20260430,-2093.7339
20260430,-2094.7414
20260430,-2095.7533
20260430,-2095.4737
20260430,-2095.3264
20260430,-2095.1173
20260430,-2096.1425
20260430,-2095.9558
20260430,-2096.1521
20260430,-2094.8778
20260430,-2095.9202
20260501,-2096.9397
20260501,-2096.7824
20260501,-2097.8097
20260501,-2098.8231
20260501,-2097.6497
20260501,-2097.3825
20260501,-2097.3985
20260501,-2097.0515
20260501,-2098.0674
20260501,-2096.7518
20260501,-2095.5408
20260501,-2094.0802
20260501,-2095.1374
20260501,-2094.2856
20260501,-2095.3581
20260504,-2095.3435
20260504,-2096.3521
20260504,-2096.2796
20260504,-2097.349
20260504,-2098.3807
20260504,-2098.1284
20260504,-2099.1512
20260504,-2100.1771
20260504,-2100.8174
20260504,-2100.3687
20260504,-2099.726
20260505,-2099.3922
20260505,-2099.2556
20260505,-2099.0683
20260505,-2098.825
20260505,-2098.4358
20260505,-2097.2425
20260505,-2098.2737
20260505,-2098.5217
20260505,-2100.3578
20260505,-2101.4667
20260505,-2102.6363
20260505,-2103.7472
20260505,-2104.8213
20260506,-2105.8537
20260506,-2104.8915
20260506,-2104.4165
20260506,-2105.4501
20260506,-2106.4782
20260506,-2107.5069
20260506,-2108.5304
20260506,-2109.5421
20260506,-2110.6437
20260506,-2111.7847
20260506,-2103.3122
20260506,-2103.0423
20260506,-2104.4583
20260506,-2105.5217
20260506,-2106.6261
20260507,-2106.0505
20260507,-2107.0682
20260507,-2106.6713
20260507,-2107.6999
20260507,-2107.4275
20260507,-2108.5301
20260507,-2109.5556
20260507,-2110.5997
20260507,-2111.6262
20260507,-2111.2537
20260507,-2112.279
20260507,-2110.1607
20260507,-2108.061
20260507,-2107.8949
20260507,-2108.9302
20260508,-2108.9326
20260508,-2106.9614
20260508,-2108.0531
20260508,-2109.0729
20260508,-2110.0859
20260508,-2109.545
20260508,-2108.6715
20260508,-2109.7247
20260508,-2109.5167
20260508,-2109.3019
20260508,-2110.3157
20260508,-2110.3026
20260508,-2111.5249
20260508,-2110.8355
20260508,-2110.5378
20260508,-2110.2355
20260508,-2110.2596
20260511,-2110.1176
20260511,-2109.9968
20260511,-2111.0107
20260511,-2112.0556
20260511,-2113.1457
20260511,-2114.1679
20260511,-2113.6379
20260511,-2114.746
20260511,-2115.7711
20260511,-2116.8751
20260511,-2117.9908
20260511,-2117.8559
20260511,-2118.8775
20260511,-2118.8706
20260512,-2119.9082
20260512,-2120.9516
20260512,-2118.5489
20260512,-2119.6742
20260512,-2119.7661
20260512,-2120.8541
20260512,-2121.947
20260513,-2122.9571
20260513,-2122.6046
20260513,-2122.392
20260513,-2123.4431
20260513,-2123.3763
20260513,-2124.4013
20260513,-2125.569
20260513,-2125.494
20260513,-2124.4035
20260513,-2123.3001
20260513,-2124.4315
20260513,-2124.3338
20260513,-2123.844
20260513,-2123.5833
20260513,-2124.7058
20260514,-2124.4568
20260514,-2125.4653
20260514,-2124.431
20260514,-2125.4787
20260514,-2126.5455
20260514,-2127.5897
20260514,-2126.8475
20260514,-2128.0877
20260514,-2129.104
20260514,-2130.1393
20260514,-2131.1617
20260514,-2132.2559
20260514,-2128.0829
20260514,-2129.2727
20260514,-2128.7989
20260515,-2128.6328
20260515,-2128.5708
20260515,-2129.5813
20260515,-2128.6713
20260515,-2129.6812
20260515,-2129.7251
20260515,-2130.7855
20260515,-2130.4592
20260515,-2129.5212
20260515,-2130.6319
20260515,-2131.6826
20260515,-2132.8205
20260515,-2132.9252
20260518,-2133.9573
20260518,-2133.0655
20260518,-2134.0798
20260518,-2133.7842
20260518,-2132.0321
20260518,-2133.0426
20260518,-2132.7155
20260518,-2132.3968
20260518,-2131.9491
20260518,-2131.8654
20260518,-2130.7765
20260518,-2131.515
20260518,-2131.4945
20260518,-2132.5132
20260518,-2133.2396
20260518,-2132.7131
20260518,-2132.3892
20260518,-2131.6831
20260518,-2132.4114
20260518,-2132.1369
20260519,-2130.5439
20260519,-2131.5493
20260519,-2132.5708
20260519,-2132.2441
20260519,-2132.1955
20260519,-2133.2308
20260519,-2134.2892
20260519,-2135.4031
20260519,-2136.4422
20260519,-2137.6008
20260519,-2138.7596
20260519,-2140.024
20260519,-2141.1775
20260519,-2138.7161
20260519,-2139.2886
20260520,-2139.0888
20260520,-2138.5346
20260520,-2139.5666
20260520,-2140.6423
20260520,-2141.6945
20260520,-2142.8551
20260520,-2144.036
20260520,-2142.9509
20260520,-2144.0236
20260520,-2142.4362
20260520,-2143.6841
20260520,-2142.4367
20260521,-2142.3387
20260521,-2143.3554
20260521,-2142.5364
20260521,-2143.5733
20260521,-2144.6059
20260521,-2144.4144
20260521,-2144.3151
20260521,-2145.3228
20260521,-2145.0896
20260521,-2146.1902
20260521,-2145.9682
20260521,-2146.9807
20260521,-2129.6341
20260521,-2133.3086
20260521,-2134.4484
20260521,-2132.8973
20260521,-2132.4488
20260521,-2131.7957
20260521,-2132.839
20260521,-2131.2822
20260521,-2132.4045
20260522,-2132.3174
20260522,-2133.3662
20260522,-2134.4213
20260522,-2134.1073
20260522,-2133.6761
20260522,-2133.5109
20260522,-2133.3809
20260522,-2134.4609
20260522,-2134.0142
20260522,-2133.2499
20260522,-2134.3083
20260522,-2133.2961
20260522,-2134.2467
20260522,-2135.2919
20260522,-2136.3299
20260522,-2137.3668
20260522,-2138.468
20260522,-2139.4974
20260522,-2140.5288
20260522,-2141.6876
20260526,-2142.7497
20260526,-2141.8486
20260526,-2142.8979
20260526,-2143.9164
20260526,-2144.1717
20260526,-2145.1849
20260526,-2144.9591
20260526,-2146.0214
20260526,-2147.0506
20260526,-2148.0573
20260526,-2147.6249
20260526,-2147.919
20260526,-2148.9362
20260526,-2150.0668
20260526,-2149.6219
20260526,-2149.1192
20260527,-2150.146
20260527,-2151.1799
20260527,-2152.19
20260527,-2153.2288
20260527,-2154.2678
20260527,-2154.1051
20260527,-2155.2324
20260527,-2156.3369
20260527,-2154.2354
20260527,-2153.2407
20260527,-2154.3168
20260527,-2153.7072
20260528,-2154.7677
20260528,-2154.5167
20260528,-2155.5566
20260528,-2155.3276
20260528,-2155.0407
20260528,-2155.3411
20260528,-2155.1705
20260528,-2154.8348
20260528,-2153.6442
20260528,-2153.1141
20260528,-2152.1304
20260528,-2153.1389
20260528,-2154.6923
20260528,-2149.7642
20260528,-2150.9311
20260528,-2150.9661
20260528,-2152.0205
20260528,-2150.4757
20260528,-2151.6337
20260528,-2152.8209
20260528,-2150.9187
20260529,-2151.9703
20260529,-2152.982
20260529,-2152.8726
20260529,-2152.2219
20260529,-2153.2517
20260529,-2152.1069
20260529,-2151.9501
20260529,-2151.0219
20260529,-2152.1311
20260529,-2153.1993
20260529,-2154.5625
20260529,-2155.7803
20260529,-2156.946
20260529,-2156.9173
20260529,-2158.1983
20260601,-2158.135
20260601,-2159.1502
20260601,-2158.113
20260601,-2159.1953
20260601,-2158.8352
20260601,-2158.5597
20260601,-2159.5811
20260601,-2160.6055
20260601,-2158.6912
20260601,-2159.2647
20260601,-2159.4863
20260601,-2160.5076
20260601,-2161.5207
20260601,-2162.6931
20260601,-2163.8332
20260601,-2164.9463
20260601,-2165.9635
20260601,-2166.3786
20260601,-2167.7562
20260602,-2167.6966
20260602,-2168.7105
20260602,-2168.1821
20260602,-2167.8993
20260602,-2168.9542
20260602,-2169.9646
20260602,-2169.6548
20260602,-2170.7928
20260602,-2171.8516
20260602,-2168.5966
20260602,-2170.6096
20260602,-2171.6401
20260602,-2170.0441
20260602,-2171.1957
20260602,-2170.8379
20260602,-2172.0503
20260602,-2173.2404
20260603,-2173.1236
20260603,-2172.3841
20260603,-2170.4823
20260603,-2171.522
20260603,-2169.582
20260603,-2167.5826
20260603,-2168.6076
20260603,-2157.1183
20260603,-2155.8304
20260603,-2157.5884
20260603,-2158.6459
20260603,-2159.7358
20260603,-2163.3324
20260603,-2162.1414
20260603,-2163.1534
20260603,-2164.223
20260603,-2165.8315
20260604,-2164.404
20260604,-2161.1529
20260604,-2159.7597
20260604,-2159.1073
20260604,-2160.1666
20260604,-2161.3562
20260604,-2160.5805
20260604,-2161.5932
20260604,-2160.414
20260604,-2159.5794
20260604,-2160.6598
20260605,-2160.61
20260605,-2160.3668
20260605,-2157.6767
20260605,-2157.3445
20260605,-2157.3036
20260605,-2156.9075
20260605,-2157.9222
20260605,-2156.9031
20260605,-2157.9255
20260605,-2155.1713
20260605,-2156.3381
20260605,-2157.4465
20260605,-2158.553
20260605,-2158.7518
20260605,-2160.0119
20260605,-2161.0667
20260608,-2160.9953
20260608,-2162.003
20260608,-2163.009
20260608,-2164.0192
20260608,-2163.8758
20260608,-2164.8829
20260608,-2164.5595
20260608,-2165.6046
20260608,-2165.3592
20260608,-2163.8592
20260608,-2164.9014
20260608,-2165.9681
20260608,-2160.1217
20260608,-2159.1934
20260608,-2160.2724
20260609,-2158.7807
20260609,-2157.7872
20260609,-2157.7582
20260609,-2157.7583
20260609,-2157.3147
20260609,-2157.0786
20260609,-2156.7997
20260609,-2156.7417
20260609,-2156.2697
20260609,-2156.2029
20260609,-2153.8787
20260609,-2153.526
20260609,-2152.835
20260609,-2152.4231
20260609,-2153.4494
20260609,-2154.5065
20260609,-2155.7888
20260609,-2155.5231
20260609,-2156.6109
20260609,-2155.8171
20260609,-2157.1345
20260609,-2157.5531
20260610,-2157.0289
20260610,-2156.9177
20260610,-2157.9235
20260610,-2158.9297
20260610,-2158.0626
20260610,-2157.2462
20260610,-2157.0943
20260610,-2154.9888
20260610,-2154.2417
20260610,-2153.9141
20260610,-2154.9494
20260610,-2154.7554
20260610,-2155.849
20260610,-2154.2698
20260610,-2153.116
20260610,-2152.4796
20260610,-2153.5618
20260610,-2154.6094
20260610,-2155.7112
20260610,-2156.7435
20260610,-2157.807
20260610,-2159.4203
20260611,-2160.4357
20260611,-2160.9935
20260611,-2162.0075
20260611,-2163.0252
20260611,-2162.9678
20260611,-2162.7634
20260611,-2163.8153
20260611,-2165.0217
20260611,-2164.3689
20260611,-2164.9113
20260611,-2165.9253
20260611,-2165.8856
20260612,-2165.84
20260612,-2166.8473
20260612,-2167.8644
20260612,-2168.6537
20260612,-2168.4434
20260612,-2167.3501
20260612,-2166.6671
20260612,-2167.406
20260612,-2171.2858
20260612,-2172.4796
20260612,-2173.6139
20260612,-2174.7234
20260612,-2175.7583
20260615,-2176.8236
20260615,-2176.2325
20260615,-2177.239
20260615,-2176.9296
20260615,-2175.6808
20260615,-2176.8277
20260615,-2177.875
20260615,-2178.9363
20260615,-2179.9522
20260615,-2181.3528
20260615,-2181.0884
20260615,-2182.5531
20260615,-2181.8672
20260616,-2182.9079
20260616,-2182.6989
20260616,-2182.5812
20260616,-2183.5928
20260616,-2184.6214
20260616,-2184.18
20260616,-2185.226
20260616,-2186.5043
20260616,-2187.6149
20260616,-2188.6775
20260616,-2189.7188
20260616,-2190.7942
20260616,-2191.8755
20260616,-2192.9259
20260616,-2193.9693
20260616,-2195.0303
20260616,-2193.6606
20260616,-2193.4105
20260616,-2190.3461
20260617,-2190.2544
20260617,-2191.3278
20260617,-2191.9209
20260617,-2192.959
20260617,-2193.9876
20260617,-2193.9332
20260617,-2195.003
20260617,-2196.0808
20260617,-2197.1134
20260617,-2195.6608
20260617,-2196.7312
20260617,-2194.3764
20260617,-2195.4909
20260617,-2196.7424
20260617,-2196.7458
20260617,-2196.374
20260617,-2194.9284
20260617,-2194.7622
20260617,-2195.8504
20260617,-2196.9104
20260617,-2196.4696
20260618,-2197.4765
20260618,-2197.1739
20260618,-2196.8233
20260618,-2197.8698
20260618,-2198.8789
20260618,-2198.5339
20260618,-2198.1265
20260618,-2199.1672
20260622,-2200.1941
20260622,-2201.199
20260622,-2201.0003
20260622,-2199.5679
20260622,-2200.5863
20260622,-2197.565
20260622,-2197.3039
20260622,-2197.1991
20260622,-2194.4521
20260622,-2195.4899
20260622,-2196.5049
20260622,-2196.1565
20260622,-2195.0029
20260622,-2196.0803
20260623,-2197.0959
20260623,-2196.9017
20260623,-2197.1868
20260623,-2196.5616
20260623,-2197.5658
20260623,-2196.5884
20260623,-2196.0481
20260623,-2197.1263
20260623,-2198.357
20260623,-2199.3797
20260623,-2200.4237
20260623,-2198.0968
20260623,-2195.6537
20260624,-2196.6656
20260624,-2197.7368
20260624,-2196.5937
20260624,-2196.5969
20260624,-2195.2831
20260624,-2196.3854
20260624,-2195.7649
20260624,-2194.7809
20260624,-2195.8097
20260624,-2195.0877
20260624,-2196.1098
20260624,-2197.1289
20260624,-2198.1885
20260624,-2199.2266
20260624,-2200.31
20260624,-2199.1851
20260625,-2199.1765
20260625,-2199.0224
20260625,-2200.0331
20260625,-2200.2382
20260625,-2199.8568
20260625,-2199.7044
20260625,-2200.8034
20260625,-2201.8152
20260625,-2202.8747
20260625,-2203.8956
20260625,-2204.9186
20260625,-2204.6287
20260625,-2205.655
20260625,-2206.7042
20260625,-2207.7273
20260625,-2208.7471
20260625,-2208.1421
20260625,-2208.0227
20260625,-2209.2208
20260625,-2208.2377
20260625,-2205.6538
20260626,-2204.9443
20260626,-2205.0323
20260626,-2204.9442
20260626,-2204.5982
20260626,-2204.546
20260626,-2205.5697
20260626,-2206.6232
20260629,-2206.3362
20260629,-2206.3232
20260629,-2206.1363
20260629,-2205.6154
20260629,-2205.5651
20260629,-2205.3342
20260629,-2205.231
20260629,-2206.2583
20260629,-2207.2716
20260629,-2206.9294
20260629,-2207.9473
20260629,-2207.679
20260629,-2208.7128
20260629,-2208.3918
20260629,-2209.8043
20260629,-2210.8626
20260629,-2212.0017
20260629,-2213.1006
20260629,-2211.7627
20260630,-2211.3992
20260630,-2210.8577
20260630,-2211.8647
20260630,-2210.39
20260630,-2211.4354
20260630,-2211.3312
20260630,-2211.0984
20260630,-2212.1315
20260630,-2211.4348
20260630,-2211.1328
20260630,-2211.0391
20260630,-2210.8912
20260701,-2210.8779
20260701,-2211.6247
20260701,-2211.3812
20260701,-2211.6481
20260701,-2210.7148
20260701,-2210.6633
20260701,-2212.343
20260701,-2213.4245
20260701,-2212.62
20260701,-2213.6546
20260701,-2214.678
20260701,-2215.9339
20260701,-2217.1874
20260702,-2218.2329
20260702,-2217.8174
20260702,-2217.831
20260702,-2214.9562
20260702,-2214.9715
20260702,-2215.989
20260702,-2215.3293
20260702,-2216.377
20260702,-2217.3965
20260702,-2217.2674
20260702,-2218.4276
20260702,-2219.4562
20260702,-2220.4812
20260702,-2221.6868
20260702,-2222.8125
20260702,-2223.8472
20260702,-2221.2993
20260706,-2221.246
20260706,-2220.9703
20260706,-2222.0355
20260706,-2221.3834
20260706,-2222.3947
20260706,-2221.6535
20260706,-2220.8564
20260706,-2221.9034
20260706,-2219.0158
20260706,-2220.0257
20260706,-2219.9311
20260706,-2221.6303
20260707,-2221.5981
20260707,-2222.6065
20260707,-2222.5714
20260707,-2222.4091
20260707,-2223.4176
20260707,-2224.4326
20260707,-2225.4586
20260707,-2225.0438
20260707,-2226.3844
20260707,-2227.4261
20260707,-2227.3216
20260707,-2225.2599
20260707,-2224.2592
20260707,-2223.9977
20260707,-2223.7594
20260707,-2223.3747
20260707,-2224.5196
20260708,-2225.5849
20260708,-2225.3176
20260708,-2226.329
20260708,-2226.1384
20260708,-2227.2016
20260708,-2228.2581
20260708,-2229.2896
20260708,-2230.3194
20260708,-2231.3288
20260708,-2232.4396
20260708,-2231.329
20260708,-2231.3722
20260708,-2225.5708
20260708,-2226.6508
20260708,-2227.7118
20260709,-2228.7422
20260709,-2228.2658
20260709,-2227.6908
20260709,-2227.607
20260709,-2225.7134
20260709,-2226.734
20260709,-2227.7819
20260709,-2229.681
20260710,-2229.4355
20260710,-2229.201
20260710,-2228.762
20260710,-2228.5625
20260710,-2228.8589
20260710,-2228.6691
20260710,-2228.0303
20260710,-2227.8917
20260710,-2226.6173
20260710,-2227.6644
20260710,-2226.9793
20260710,-2228.0164
20260710,-2229.0699
20260710,-2230.6128
20260710,-2230.2467
20260710,-2225.3753
20260710,-2226.6094
20260710,-2227.9389
20260710,-2229.6201
20260710,-2232.0968
20260710,-2233.1782
20260713,-2234.2
20260713,-2235.2649
20260713,-2233.8384
20260713,-2233.1346
20260713,-2232.1039
20260713,-2233.1335
20260713,-2233.3946
20260713,-2234.4649
20260713,-2234.1798
20260713,-2233.3959
20260713,-2233.252
20260713,-2234.2779
20260713,-2233.5838
20260713,-2232.2983
20260714,-2232.1667
20260714,-2231.9146
20260714,-2231.6607
20260714,-2232.6967
20260714,-2233.771
20260714,-2234.7865
20260714,-2235.7987
20260714,-2236.8102
20260714,-2237.8955
20260714,-2238.952
20260714,-2238.9986
20260714,-2239.3979
20260714,-2237.4535
20260714,-2238.5383
20260714,-2238.319
20260715,-2238.2049
20260715,-2239.2387
20260715,-2238.9647
20260715,-2239.9977
20260715,-2241.0117
20260715,-2240.989
20260715,-2242.0145
20260715,-2241.8973
20260715,-2240.8397
20260715,-2240.0504
20260715,-2241.1343
20260715,-2242.2992
20260715,-2243.6264
20260715,-2244.6955
20260715,-2245.7998
20260715,-2245.691
20260715,-2246.7751
20260715,-2248.0273
20260715,-2249.2486
20260715,-2250.562
20260715,-2250.5701
20260715,-2249.3988
20260715,-2249.3934
20260715,-2250.4764
20260716,-2251.4852
20260716,-2252.5022
20260716,-2253.5064
20260716,-2254.5188
20260716,-2255.6333
20260716,-2256.9148
20260716,-2256.213
20260716,-2256.3015
20260716,-2257.407
20260716,-2255.136
20260716,-2254.4257
20260716,-2254.269
20260716,-2253.9968
20260716,-2251.7108
20260716,-2250.4279
20260717,-2250.0941
20260717,-2249.7913
20260717,-2250.8379
20260717,-2250.7999
20260717,-2251.8142
20260717,-2251.6747
20260720,-2249.8099
20260720,-2248.6585
20260720,-2248.1043
20260720,-2247.7333
20260720,-2247.1221
20260720,-2246.7687
20260720,-2246.278
20260720,-2247.3114
20260720,-2246.4774
20260720,-2245.8885
20260720,-2244.2647
20260720,-2244.2642
20260720,-2242.5278
20260720,-2243.5408
20260720,-2243.2422
20260720,-2244.2517
20260720,-2245.4832
20260720,-2246.5376
20260720,-2244.9944
20260720,-2246.5118
20260720,-2245.827
20260720,-2246.8904
20260720,-2247.9388
20260720,-2245.8467
20260721,-2245.9144
20260721,-2246.9307
20260721,-2246.1788
20260721,-2245.4808
20260721,-2245.4582
20260721,-2244.1219
20260721,-2243.2378
20260721,-2243.126
20260721,-2241.9734
20260721,-2240.6775
20260721,-2241.9723
20260721,-2241.1673
20260722,-2240.5408
20260722,-2239.9886
20260722,-2241.0135
20260722,-2240.8644
20260722,-2241.894
20260722,-2241.8592
20260722,-2241.4232
20260722,-2242.5004
20260722,-2240.908
20260722,-2241.9986
20260722,-2240.5068
20260722,-2241.5395
20260722,-2240.9711
20260722,-2242.0134
20260722,-2243.0651
20260722,-2244.2923
20260722,-2245.562
20260722,-2246.7584
20260722,-2247.8002
20260722,-2248.4106
20260722,-2244.0878
20260723,-2243.9936
20260723,-2243.1288
20260723,-2243.0835
20260723,-2242.7429
20260723,-2243.7861
20260723,-2244.8271
20260723,-2245.8855
20260723,-2242.9326
20260723,-2244.0707
20260723,-2245.0779
20260723,-2246.1109
20260723,-2247.1757
20260723,-2248.4728
20260724,-2249.4981
20260724,-2248.7098
20260724,-2248.7357
20260724,-2248.6672
20260724,-2246.9968
20260724,-2246.9387
20260724,-2247.9686
20260724,-2247.8141
20260724,-2244.7933
20260724,-2245.8568
20260724,-2245.6328
20260724,-2246.6802
20260724,-2247.7103
20260724,-2248.788
20260724,-2250.5392
20260724,-2251.7361
20260724,-2250.7231
20260724,-2250.2053
20260724,-2249.8155
20260724,-2251.2342
20260724,-2252.9915
20260724,-2254.1876
20260727,-2253.9339
20260727,-2253.4321
20260727,-2252.5607
20260727,-2251.9005
20260727,-2251.7026
20260727,-2251.4935
20260727,-2250.2729
20260727,-2249.414
20260727,-2250.4387
20260727,-2249.6644
20260727,-2249.3532
20260727,-2249.1858
20260727,-2250.2205
20260727,-2251.2428
20260727,-2251.0899
20260727,-2252.1029
20260727,-2251.3852
20260727,-2252.7617
20260727,-2252.5155
20260728,-2252.1322
20260728,-2251.6422
20260728,-2252.6674
20260728,-2252.2073
20260728,-2253.2545
20260728,-2254.2815
20260728,-2255.3143
20260728,-2256.3349
20260728,-2257.3598
20260728,-2258.3723
20260728,-2259.3786
20260728,-2260.4069
20260728,-2261.4208
20260728,-2262.4847
20260728,-2262.413
20260728,-2261.9622
20260728,-2261.7215
20260728,-2261.6948
20260728,-2261.1199
20260728,-2262.2539
20260728,-2261.9693
20260728,-2262.9996
20260728,-2258.2597
20260728,-2257.86
20260729,-2257.4725
20260729,-2255.6019
20260729,-2254.8414
20260729,-2254.8412
20260729,-2254.8148
20260729,-2255.8361
20260729,-2255.5629
20260729,-2255.5279
20260729,-2256.6076
20260729,-2257.6457
20260729,-2258.6667
20260729,-2259.6931
20260729,-2259.3983
20260729,-2260.4473
20260729,-2259.9972
20260729,-2261.0959
20260729,-2262.3724
20260729,-2260.2324
20260729,-2259.5704
20260729,-2260.6052
20260729,-2261.7714
20260729,-2262.8413
20260729,-2263.9292
20260729,-2264.9902
20260730,-2265.0553
20260730,-2264.924
20260730,-2265.9566
20260730,-2267.0098
20260730,-2268.0872
20260730,-2268.2924
20260730,-2269.3957
20260730,-2268.8958
20260730,-2270.0089
20260731,-2271.0508
20260731,-2270.8384
20260731,-2270.7537
20260731,-2271.0987
20260731,-2270.9038
20260731,-2271.9138
20260731,-2271.7519
20260731,-2272.0816
20260731,-2272.043
20260731,-2273.1349
20260731,-2274.1517
20260731,-2275.1631
20260731,-2274.41
20260731,-2271.4311
20260731,-2272.4915
20260731,-2273.6133
20260731,-2274.7777
20260731,-2274.1688
20260803,-2273.8357
20260803,-2274.8596
20260803,-2273.7448
20260803,-2274.7756
20260803,-2274.1871
20260803,-2273.4285
20260803,-2273.1274
20260803,-2274.1957
20260803,-2273.7942
20260803,-2272.2071
20260803,-2272.1091
20260803,-2273.3505
20260803,-2271.1563
20260803,-2272.1929
20260804,-2263.3833
20260804,-2260.787
20260804,-2260.6019
20260804,-2258.2744
20260804,-2255.2562
20260804,-2255.2516
20260804,-2255.0857
20260804,-2255.2371
20260804,-2256.2474
20260804,-2255.6181
20260804,-2254.5023
20260804,-2254.2064
20260804,-2255.3319
20260804,-2256.359
20260804,-2256.4121
20260804,-2257.441
20260804,-2259.1516
20260804,-2259.8483
20260805,-2260.9046
20260805,-2261.9317
20260805,-2262.9748
20260805,-2264.0792
20260805,-2265.1215
20260805,-2266.1456
20260805,-2267.1716
20260805,-2267.1101
20260805,-2268.1381
20260805,-2269.1883
20260805,-2268.8456
20260806,-2268.8426
20260806,-2268.783
20260806,-2268.2174
20260806,-2268.2127
20260806,-2267.3805
20260806,-2266.6904
20260806,-2266.3365
20260806,-2267.482
20260806,-2268.6809
20260806,-2267.9268
20260806,-2268.997
20260806,-2270.0593
20260806,-2270.1226
20260807,-2267.5402
20260807,-2266.8384
20260807,-2266.6544
20260807,-2267.6721
20260807,-2267.5891
20260807,-2268.7079
20260807,-2269.7617
20260807,-2270.8811
20260807,-2269.583
20260807,-2270.6892
20260810,-2270.6628
20260810,-2271.6759
20260810,-2272.7013
20260810,-2272.017
20260810,-2273.0448
20260810,-2274.0641
20260810,-2272.3782
20260810,-2266.4468
20260810,-2267.5001
20260810,-2267.6175
20260810,-2268.8318
20260810,-2270.0003
20260810,-2271.1919
20260810,-2272.6043
20260810,-2267.3108
20260811,-2267.1266
20260811,-2268.2002
20260811,-2268.0459
20260811,-2268.0769
20260811,-2269.2786
20260811,-2268.9724
20260811,-2268.3054
20260811,-2268.202
20260811,-2265.9164
20260811,-2266.9586
20260811,-2267.9771
20260811,-2267.4022
20260811,-2268.5403
20260811,-2268.3331
20260811,-2268.1475
20260811,-2266.7054
20260811,-2266.6693
20260811,-2267.7139
20260811,-2268.7606
20260811,-2270.152
20260811,-2268.1039
20260812,-2267.5098
20260812,-2266.9739
20260812,-2266.5332
20260812,-2267.6284
20260812,-2268.6475
20260812,-2268.5938
20260812,-2267.8528
20260812,-2267.3651
20260812,-2267.1383
20260812,-2268.1868
20260812,-2269.2552
20260812,-2270.3171
20260812,-2266.8908
20260812,-2267.921
20260812,-2268.9717
20260812,-2267.0115
20260812,-2268.0654
20260812,-2268.5894
20260812,-2270.4965
20260813,-2270.2164
20260813,-2270.0759
20260813,-2270.2163
20260813,-2269.5041
20260813,-2269.4009
20260813,-2269.1552
20260813,-2270.2415
20260813,-2271.2815
20260813,-2270.2732
20260813,-2267.5558
20260813,-2267.0404
20260813,-2268.271
20260813,-2269.3411
20260814,-2267.9732
20260814,-2267.3072
20260814,-2268.4281
20260814,-2265.2434
20260814,-2266.3229
20260814,-2267.3619
20260814,-2268.3816
20260814,-2267.1112
20260814,-2268.2702
20260814,-2269.4406
20260817,-2268.931
20260817,-2269.9604
20260817,-2270.9702
20260817,-2270.5055
20260817,-2270.2998
20260817,-2270.2203
20260817,-2271.5301
20260817,-2272.5956
20260817,-2273.7157
20260817,-2273.7238
20260817,-2273.4641
20260818,-2273.1916
20260818,-2272.7571
20260818,-2272.2539
20260818,-2273.2697
20260818,-2272.7357
20260818,-2272.697
20260818,-2273.7315
20260818,-2275.0853
20260818,-2274.7783
20260818,-2276.2734
20260818,-2277.4097
20260818,-2278.4642
20260818,-2279.6523
20260818,-2279.6308
20260819,-2280.6787
20260819,-2279.971
20260819,-2279.9308
20260819,-2280.9501
20260819,-2280.4006
20260819,-2281.4358
20260819,-2281.3731
20260819,-2281.3155
20260819,-2282.3718
20260819,-2283.3977
20260819,-2283.348
20260819,-2284.3906
20260819,-2285.4032
20260819,-2281.9538
20260819,-2280.2336
20260819,-2280.1622
20260819,-2281.3089
20260819,-2282.4647
20260819,-2283.6416
20260819,-2282.339
20260819,-2282.3495
20260819,-2283.4061
20260819,-2280.2674
20260819,-2281.5161
20260819,-2282.5779
20260819,-2283.6816
20260820,-2283.8139
20260820,-2282.5985
20260820,-2283.6315
20260820,-2284.6728
20260820,-2285.7349
20260820,-2286.7521
20260820,-2287.7849
20260820,-2288.8117
20260820,-2289.8354
20260820,-2289.7096
20260820,-2290.7846
20260820,-2291.8264
20260820,-2290.2965
20260820,-2291.3516
20260820,-2292.41
20260820,-2297.9814
20260820,-2299.033
20260820,-2300.1127
20260820,-2297.7757
20260821,-2298.5687
20260821,-2299.5831
20260821,-2300.6635
20260821,-2300.3656
20260821,-2299.9843
20260821,-2299.6611
20260821,-2298.1859
20260821,-2299.2004
20260821,-2299.1217
20260821,-2298.5908
20260821,-2298.5748
20260821,-2298.1265
20260821,-2297.3492
20260821,-2298.3754
20260821,-2299.4211
20260821,-2300.5418
20260821,-2301.8817
20260821,-2303.083
20260821,-2304.1785
20260821,-2298.9821
20260824,-2298.9855
20260824,-2298.783
20260824,-2299.8025
20260824,-2299.0852
20260824,-2300.1079
20260824,-2301.1595
20260824,-2302.1883
20260824,-2302.4351
20260824,-2303.479
20260824,-2304.55
20260824,-2305.6701
20260824,-2306.7345
20260824,-2308.7346
20260824,-2309.8841
20260825,-2309.6129
20260825,-2310.6291
20260825,-2310.467
20260825,-2310.42
20260825,-2309.9583
20260825,-2309.3825
20260825,-2309.1169
20260825,-2308.9765
20260825,-2310.0994
20260825,-2311.2546
20260825,-2312.4965
20260825,-2312.2212
20260825,-2310.5712
20260825,-2310.6175
20260825,-2311.6413
20260826,-2311.5867
20260826,-2312.6002
20260826,-2312.5338
20260826,-2311.0168
20260826,-2310.6787
20260826,-2311.715
20260826,-2311.4052
20260826,-2312.4211
20260826,-2313.6771
20260826,-2314.7299
20260826,-2314.7145
20260826,-2315.7818
20260826,-2316.8679
20260826,-2317.9852
20260826,-2319.2688
20260827,-2318.8493
20260827,-2318.4176
20260827,-2318.09
20260827,-2316.882
20260827,-2317.9091
20260827,-2318.975
20260827,-2318.3157
20260827,-2318.0169
20260827,-2319.1299
20260827,-2318.7457
20260827,-2319.8198
20260827,-2318.8263
20260827,-2319.9502
20260827,-2319.4487
20260827,-2318.1256
20260828,-2317.9239
20260828,-2317.8788
20260828,-2317.4411
20260828,-2318.4675
20260828,-2318.0149
20260828,-2317.7511
20260828,-2317.0703
20260828,-2318.1196
20260828,-2319.4038
20260828,-2320.7491
20260828,-2319.9718
20260828,-2321.0604
20260828,-2322.1941
20260828,-2323.3358
20260828,-2324.5664
20260828,-2323.4337
20260828,-2324.4877