day,cum_net_r
20230911,-1.1496
20230911,-0.6755
20230911,-1.7229
20230911,-1.0881
20230911,-0.6505
20230911,0.4493
20230911,0.8564
20230911,-0.4934
20230911,-1.5339
20230911,-2.5592
20230911,-2.1124
20230911,-3.126
20230911,-4.4414
20230911,-4.2295
20230911,-1.7858
20230911,-1.3915
20230911,-2.4929
20230911,-3.7139
20230912,-3.1084
20230912,-2.6183
20230912,-3.773
20230912,-3.3091
20230912,-4.4829
20230912,-4.0627
20230912,-3.5662
20230912,-3.2962
20230912,-3.348
20230912,-4.4619
20230912,-4.0651
20230912,-3.9713
20230912,-3.3475
20230912,-4.5524
20230912,-5.9095
20230912,-5.8247
20230912,-4.3264
20230912,-3.627
20230912,-7.1128
20230913,-6.2109
20230913,-5.7682
20230913,-5.3743
20230913,-4.7364
20230913,-3.6159
20230913,-3.3278
20230913,-4.3815
20230913,-3.9157
20230913,-4.948
20230913,-4.6172
20230913,-4.1609
20230913,-5.439
20230914,-4.9151
20230914,-4.6752
20230914,-4.6393
20230914,-5.6721
20230914,-6.7309
20230914,-7.7979
20230914,-8.8604
20230914,-8.5496
20230914,-9.616
20230914,-8.5752
20230914,-7.5301
20230914,-7.1905
20230914,-5.2146
20230914,-4.7927
20230914,-5.9583
20230914,-5.5061
20230914,-5.0387
20230914,-6.1588
20230915,-5.7484
20230915,-6.8512
20230915,-7.9171
20230915,-9.9172
20230915,-9.5434
20230915,-9.1457
20230915,-10.72
20230915,-11.8686
20230915,-12.2942
20230915,-12.3348
20230915,-12.1114
20230915,-12.1725
20230918,-13.2454
20230918,-14.3182
20230918,-14.2434
20230918,-13.2067
20230918,-14.3215
20230918,-16.3216
20230918,-17.3618
20230918,-16.7275
20230919,-16.0678
20230919,-15.3923
20230919,-14.3857
20230919,-13.9794
20230919,-15.1977
20230919,-14.737
20230919,-14.2934
20230919,-13.8406
20230919,-14.8774
20230919,-14.7346
20230919,-14.2712
20230919,-13.8533
20230919,-14.9731
20230919,-16.0447
20230919,-15.412
20230919,-14.9681
20230919,-16.0202
20230919,-17.1007
20230919,-16.7233
20230919,-17.8566
20230919,-15.0919
20230919,-15.0919
20230919,-16.2094
20230919,-17.9054
20230920,-17.5335
20230920,-17.6013
20230920,-18.6932
20230920,-18.2302
20230920,-17.6544
20230920,-16.9422
20230920,-17.9957
20230920,-19.0436
20230920,-18.6164
20230920,-19.7392
20230920,-18.9607
20230920,-18.6115
20230920,-17.9029
20230920,-17.0749
20230920,-16.714
20230921,-16.4245
20230921,-17.4483
20230921,-18.6245
20230921,-19.6733
20230921,-19.6344
20230921,-20.6633
20230921,-21.8091
20230921,-22.9365
20230921,-24.0364
20230921,-25.1124
20230921,-26.3368
20230921,-27.455
20230921,-27.076
20230921,-28.9095
20230921,-30.1918
20230921,-29.3063
20230921,-28.3563
20230922,-29.4316
20230922,-30.4863
20230922,-31.5688
20230922,-32.6163
20230922,-33.6517
20230922,-34.7884
20230922,-35.861
20230922,-36.9037
20230922,-36.6275
20230922,-37.7772
20230922,-36.1637
20230922,-37.2944
20230922,-39.0132
20230922,-36.5712
20230922,-36.1319
20230922,-35.6775
20230925,-35.3976
20230925,-36.4878
20230925,-37.5829
20230925,-37.3173
20230925,-37.3537
20230925,-38.4066
20230925,-39.5727
20230925,-39.6509
20230925,-40.7094
20230925,-41.7679
20230925,-43.1419
20230925,-44.4533
20230926,-43.8737
20230926,-42.5507
20230926,-43.6906
20230926,-42.5979
20230926,-43.6678
20230926,-43.5131
20230926,-44.6662
20230926,-45.7973
20230926,-46.9384
20230926,-47.7437
20230926,-48.8679
20230926,-50.0635
20230926,-49.7751
20230926,-50.86
20230926,-52.0286
20230926,-53.2226
20230926,-52.8584
20230926,-52.4589
20230927,-52.4297
20230927,-51.5624
20230927,-52.6254
20230927,-52.5654
20230927,-52.1181
20230927,-53.145
20230927,-52.1546
20230927,-53.3645
20230927,-54.4724
20230927,-55.5098
20230927,-55.1563
20230927,-56.3134
20230927,-56.0005
20230927,-57.6367
20230927,-59.0675
20230927,-60.5883
20230927,-59.596
20230927,-59.2882
20230927,-60.5098
20230927,-59.7342
20230928,-60.748
20230928,-59.8119
20230928,-58.6552
20230928,-58.2144
20230928,-58.1188
20230928,-57.3069
20230928,-58.3918
20230928,-59.4902
20230928,-59.133
20230928,-62.0909
20230928,-68.9641
20230928,-67.4255
20230928,-67.0241
20230928,-68.4596
20230928,-70.0407
20230928,-69.7186
20230929,-69.2595
20230929,-68.1446
20230929,-69.1859
20230929,-70.3249
20230929,-70.0783
20230929,-71.1978
20230929,-71.1052
20230929,-72.1547
20230929,-71.6821
20230929,-72.7629
20230929,-73.8126
20230929,-73.1811
20230929,-74.719
20230929,-74.3649
20231002,-75.4358
20231002,-74.9813
20231002,-74.5258
20231002,-74.2665
20231002,-75.2972
20231002,-75.1894
20231002,-74.2008
20231002,-74.15
20231002,-74.0422
20231002,-75.0699
20231002,-76.1745
20231002,-75.5807
20231002,-72.3219
20231002,-71.8539
20231002,-71.3718
20231002,-72.6024
20231002,-72.3882
20231002,-71.6194
20231002,-71.4354
20231003,-71.3236
20231003,-71.0449
20231003,-72.131
20231003,-73.169
20231003,-73.0606
20231003,-73.0335
20231003,-72.5487
20231003,-72.4226
20231003,-72.3556
20231003,-71.1328
20231003,-69.2515
20231003,-69.1498
20231003,-70.2815
20231003,-71.3662
20231003,-70.9641
20231003,-68.8659
20231003,-67.0274
20231003,-68.1847
20231003,-69.3162
20231004,-69.0786
20231004,-68.9476
20231004,-68.6428
20231004,-68.4309
20231004,-69.4679
20231004,-69.0563
20231004,-70.0869
20231004,-71.257
20231004,-70.8288
20231004,-70.2341
20231004,-68.58
20231004,-69.7149
20231004,-69.309
20231004,-70.6446
20231004,-71.8302
20231004,-73.1067
20231004,-74.6913
20231005,-74.6105
20231005,-75.8333
20231005,-76.8554
20231005,-78.083
20231005,-77.1201
20231005,-76.9808
20231005,-78.0131
20231005,-79.0711
20231005,-80.3748
20231005,-81.5389
20231005,-82.8323
20231005,-84.4229
20231005,-84.0056
20231005,-85.1351
20231005,-85.1357
20231005,-84.8351
20231006,-85.8792
20231006,-84.3163
20231006,-84.3245
20231006,-85.4083
20231006,-85.0343
20231006,-86.1012
20231006,-87.1385
20231006,-86.2025
20231006,-86.0502
20231006,-87.6361
20231006,-89.3096
20231006,-91.1401
20231006,-92.2841
20231006,-93.3369
20231006,-93.0675
20231006,-93.1966
20231009,-92.9585
20231009,-93.9891
20231009,-93.5205
20231009,-94.5546
20231009,-94.0932
20231009,-95.2395
20231009,-96.2673
20231009,-95.9073
20231009,-97.0611
20231009,-96.7064
20231009,-97.7989
20231009,-99.0731
20231009,-98.8789
20231009,-98.6252
20231009,-97.6759
20231009,-96.3299
20231009,-93.8657
20231009,-93.2136
20231009,-92.7064
20231009,-92.2617
20231009,-91.2781
20231009,-92.3914
20231009,-93.4776
20231009,-93.5318
20231010,-93.2328
20231010,-92.616
20231010,-92.4051
20231010,-93.4685
20231010,-92.2693
20231010,-92.1652
20231010,-91.7153
20231010,-90.6661
20231010,-90.5661
20231010,-89.0996
20231010,-87.6646
20231010,-86.5253
20231010,-87.5762
20231010,-87.6058
20231010,-87.2688
20231010,-86.8482
20231010,-86.3858
20231010,-85.9265
20231010,-85.7646
20231010,-85.512
20231010,-85.3796
20231010,-86.4913
20231010,-87.7004
20231010,-87.3605
20231010,-87.0024
20231010,-88.2032
20231010,-88.1615
20231010,-89.3136
20231010,-89.2337
20231011,-90.2953
20231011,-91.3402
20231011,-92.3692
20231011,-93.4275
20231011,-94.5424
20231011,-95.8875
20231011,-97.0136
20231011,-98.0776
20231012,-99.1356
20231012,-100.1846
20231012,-99.7357
20231012,-99.3112
20231012,-98.8385
20231012,-97.6881
20231012,-96.7292
20231012,-95.9074
20231012,-96.9382
20231012,-96.4645
20231012,-97.5489
20231012,-98.6896
20231012,-99.7793
20231012,-100.9539
20231012,-99.103
20231012,-98.1275
20231012,-99.9794
20231012,-99.1386
20231012,-97.2079
20231012,-97.1924
20231012,-98.3212
20231012,-98.3191
20231012,-97.9804
20231013,-99.1533
20231013,-98.662
20231013,-98.5618
20231013,-99.6093
20231013,-99.1995
20231013,-98.7498
20231013,-98.519
20231013,-98.2124
20231013,-99.493
20231013,-100.8809
20231013,-99.8429
20231013,-99.679
20231013,-99.3232
20231013,-100.6961
20231013,-102.1338
20231013,-102.3769
20231013,-101.4012
20231016,-101.2415
20231016,-101.1128
20231016,-102.2035
20231016,-103.3854
20231016,-104.5801
20231016,-104.6501
20231016,-104.2385
20231016,-103.8945
20231016,-105.4673
20231016,-105.4673
20231016,-106.9873
20231017,-106.1248
20231017,-107.2296
20231017,-107.087
20231017,-105.4413
20231017,-105.4487
20231017,-106.5191
20231017,-105.9466
20231017,-107.0214
20231017,-106.5537
20231017,-107.7645
20231017,-109.508
20231017,-108.633
20231017,-108.2846
20231018,-109.3484
20231018,-110.4004
20231018,-111.697
20231018,-113.3577
20231018,-112.953
20231018,-112.3942
20231018,-113.4831
20231018,-114.652
20231018,-115.7625
20231018,-114.4841
20231018,-115.5938
20231018,-117.135
20231018,-116.894
20231018,-116.2775
20231019,-117.3536
20231019,-116.2734
20231019,-117.3712
20231019,-118.5603
20231019,-117.6273
20231019,-117.2773
20231019,-118.3228
20231019,-119.3534
20231019,-120.4328
20231019,-121.5288
20231019,-121.2631
20231019,-120.0935
20231019,-120.0342
20231019,-119.7613
20231019,-120.8645
20231019,-119.9252
20231019,-121.0638
20231019,-121.0063
20231019,-122.0489
20231019,-118.3259
20231020,-118.1445
20231020,-117.6061
20231020,-117.3466
20231020,-116.9354
20231020,-115.8806
20231020,-115.3185
20231020,-115.0854
20231020,-114.6721
20231020,-115.7308
20231020,-114.0221
20231020,-112.8888
20231020,-112.6678
20231020,-111.8008
20231020,-111.6176
20231020,-111.2532
20231020,-111.3491
20231020,-110.6844
20231020,-111.7248
20231020,-112.8274
20231020,-114.8274
20231020,-114.3392
20231020,-115.4496
20231020,-114.7153
20231020,-116.0383
20231020,-117.1489
20231020,-116.3091
20231020,-115.4023
20231020,-116.6132
20231020,-116.2526
20231023,-115.8986
20231023,-115.2064
20231023,-115.1704
20231023,-114.8623
20231023,-114.5996
20231023,-113.9747
20231023,-113.9463
20231023,-115.1181
20231024,-116.1474
20231024,-117.1727
20231024,-116.8057
20231024,-117.8415
20231024,-117.4369
20231024,-118.4839
20231024,-119.5111
20231024,-119.0729
20231024,-118.7183
20231024,-117.2832
20231024,-118.4522
20231024,-119.8579
20231024,-120.952
20231024,-122.152
20231024,-120.8495
20231024,-120.5064
20231024,-121.7367
20231024,-121.3821
20231024,-120.7829
20231025,-120.7267
20231025,-121.8786
20231025,-123.027
20231025,-122.7758
20231025,-123.8279
20231025,-123.7354
20231025,-123.3795
20231025,-122.9455
20231025,-124.1349
20231025,-123.7211
20231025,-124.9561
20231025,-125.9911
20231025,-127.0787
20231025,-126.7161
20231026,-127.7277
20231026,-125.6878
20231026,-126.7034
20231026,-127.7212
20231026,-127.2591
20231026,-128.3583
20231026,-127.9397
20231026,-129.0028
20231026,-130.1165
20231026,-130.0073
20231026,-131.0453
20231026,-130.6207
20231026,-130.1796
20231026,-131.4565
20231026,-131.0525
20231026,-130.646
20231026,-129.778
20231026,-128.6122
20231026,-127.7918
20231026,-126.5338
20231027,-127.5862
20231027,-128.6166
20231027,-128.1573
20231027,-127.9343
20231027,-128.999
20231027,-130.0423
20231027,-131.2432
20231027,-130.3364
20231027,-130.1563
20231027,-131.2491
20231027,-132.3055
20231027,-133.3592
20231027,-134.4228
20231027,-135.5039
20231027,-135.3141
20231027,-135.3141
20231027,-136.6747
20231030,-136.4299
20231030,-134.9727
20231030,-133.4612
20231030,-132.1826
20231030,-133.2104
20231030,-132.7642
20231030,-131.8937
20231030,-131.4513
20231030,-132.5149
20231030,-133.6115
20231030,-134.7691
20231030,-134.4631
20231030,-134.1461
20231030,-135.2727
20231030,-134.3182
20231030,-135.4879
20231030,-134.317
20231031,-133.1524
20231031,-134.2081
20231031,-135.3001
20231031,-136.3926
20231031,-137.5615
20231031,-138.6191
20231031,-139.7773
20231031,-140.8414
20231031,-140.1103
20231031,-141.2048
20231031,-142.5814
20231031,-142.3768
20231031,-143.5864
20231031,-144.6385
20231031,-145.7153
20231031,-144.3743
20231031,-141.7301
20231101,-140.7376
20231101,-141.7691
20231101,-142.8348
20231101,-144.104
20231101,-143.84
20231101,-143.7887
20231101,-144.869
20231101,-144.4027
20231101,-144.0781
20231101,-145.1892
20231101,-146.6626
20231101,-146.5299
20231101,-146.1184
20231101,-145.8623
20231101,-145.4397
20231101,-144.9996
20231101,-146.0887
20231101,-144.427
20231101,-145.997
20231101,-145.1022
20231102,-145.0202
20231102,-146.0363
20231102,-145.6045
20231102,-144.0783
20231102,-143.83
20231102,-144.9445
20231102,-142.6683
20231102,-140.0134
20231102,-139.5523
20231102,-139.3926
20231102,-139.0499
20231102,-138.9904
20231102,-140.0669
20231102,-141.1881
20231102,-142.2674
20231102,-143.368
20231102,-144.4431
20231102,-144.0169
20231102,-145.2714
20231102,-145.0581
20231102,-146.2131
20231102,-145.812
20231102,-145.7775
20231103,-145.3581
20231103,-144.9064
20231103,-144.4469
20231103,-143.9599
20231103,-144.9914
20231103,-144.5643
20231103,-145.6042
20231103,-146.6497
20231103,-146.213
20231103,-145.7522
20231103,-146.7647
20231103,-146.3432
20231103,-147.4095
20231103,-146.9404
20231103,-145.9809
20231103,-144.2017
20231103,-145.3513
20231103,-143.701
20231103,-139.5855
20231103,-141.1655
20231103,-141.1053
20231103,-142.2088
20231103,-143.5594
20231103,-144.6598
20231103,-145.8948
20231106,-145.4352
20231106,-146.448
20231106,-147.5316
20231106,-148.5802
20231106,-148.6105
20231106,-147.1554
20231106,-146.6992
20231106,-146.8162
20231106,-147.9053
20231106,-147.6497
20231107,-148.6825
20231107,-147.0531
20231107,-146.0629
20231107,-145.6282
20231107,-145.1834
20231107,-144.8581
20231107,-145.9043
20231107,-144.8407
20231107,-144.1437
20231107,-145.2393
20231107,-145.1498
20231107,-144.3679
20231107,-143.8924
20231107,-143.3883
20231107,-143.0612
20231107,-142.6389
20231107,-142.2258
20231107,-143.2928
20231107,-144.3631
20231107,-144.4517
20231107,-144.2056
20231107,-146.944
20231107,-146.6275
20231107,-146.3153
20231107,-147.701
20231108,-148.7808
20231108,-149.8487
20231108,-151.1126
20231108,-152.1678
20231108,-153.2223
20231108,-154.2754
20231108,-152.7289
20231108,-153.8976
20231108,-152.3291
20231108,-153.426
20231108,-152.4458
20231108,-152.213
20231108,-152.056
20231108,-151.8338
20231108,-151.3969
20231108,-152.5305
20231108,-154.1507
20231108,-153.8786
20231109,-153.5523
20231109,-154.6663
20231109,-153.7352
20231109,-153.2626
20231109,-153.1805
20231109,-152.6906
20231109,-153.7797
20231109,-151.9418
20231109,-151.5123
20231109,-152.6941
20231109,-152.2547
20231109,-153.3313
20231109,-154.6712
20231109,-156.1957
20231109,-156.0393
20231109,-157.2209
20231109,-158.4053
20231109,-159.4598
20231109,-159.2181
20231110,-158.7593
20231110,-158.0891
20231110,-159.1929
20231110,-160.255
20231110,-161.3679
20231110,-160.7509
20231110,-160.0897
20231110,-161.438
20231110,-162.5563
20231110,-161.7621
20231110,-159.9305
20231110,-161.0388
20231110,-160.7641
20231110,-162.1535
20231110,-162.6367
20231110,-164.0371
20231110,-165.1641
20231110,-165.2557
20231110,-164.986
20231110,-166.1513
20231113,-166.1544
20231113,-165.7531
20231113,-164.2356
20231113,-163.8967
20231113,-163.8479
20231113,-165.0377
20231113,-166.1674
20231113,-166.1062
20231113,-166.4862
20231113,-167.5855
20231113,-168.6619
20231113,-169.7818
20231113,-170.8364
20231113,-170.3778
20231113,-171.4532
20231113,-171.2379
20231114,-170.9785
20231114,-169.6306
20231114,-168.8744
20231114,-164.9816
20231114,-164.9966
20231114,-164.6456
20231114,-162.6923
20231114,-162.2284
20231114,-163.3997
20231114,-164.4389
20231114,-165.7531
20231114,-165.6031
20231114,-166.6233
20231114,-166.1677
20231114,-164.8096
20231114,-164.4387
20231114,-165.4587
20231114,-167.0068
20231114,-168.2818
20231114,-169.4191
20231114,-168.7579
20231114,-169.9444
20231114,-171.5318
20231114,-174.0123
20231115,-172.7623
20231115,-170.5962
20231115,-170.1488
20231115,-171.2784
20231115,-171.0834
20231115,-170.3378
20231115,-171.4061
20231115,-171.4179
20231115,-172.8092
20231115,-173.8577
20231115,-175.1008
20231115,-174.7326
20231115,-175.9447
20231115,-177.0293
20231115,-178.2961
20231116,-177.1398
20231116,-176.0068
20231116,-174.2495
20231116,-175.2922
20231116,-174.3782
20231116,-175.4055
20231116,-174.7265
20231116,-175.7873
20231116,-176.8412
20231116,-176.5511
20231116,-178.1266
20231116,-180.1267
20231116,-179.7554
20231116,-179.6408
20231116,-180.9739
20231116,-182.126
20231117,-182.0299
20231117,-183.1033
20231117,-182.8801
20231117,-184.4544
20231117,-185.5355
20231117,-187.1954
20231117,-187.0145
20231117,-188.4205
20231117,-190.3961
20231117,-190.1199
20231117,-191.2725
20231117,-192.6339
20231120,-192.2098
20231120,-191.7608
20231120,-191.2891
20231120,-192.332
20231120,-193.3752
20231120,-194.4793
20231120,-193.4575
20231120,-191.7963
20231120,-192.8184
20231120,-193.9432
20231120,-194.0661
20231120,-195.1193
20231120,-194.2478
20231120,-195.2812
20231120,-194.3042
20231120,-195.4868
20231120,-197.0921
20231120,-198.208
20231120,-199.6094
20231120,-201.0915
20231120,-202.0304
20231121,-203.1042
20231121,-204.1249
20231121,-203.6353
20231121,-203.6158
20231121,-204.7838
20231121,-204.5056
20231121,-205.9682
20231121,-207.0637
20231121,-206.59
20231121,-206.3194
20231121,-205.9702
20231121,-205.7347
20231121,-207.7341
20231121,-208.9508
20231121,-209.9992
20231121,-209.8797
20231122,-210.9638
20231122,-212.0343
20231122,-211.4389
20231122,-212.5033
20231122,-213.9067
20231122,-214.961
20231122,-212.7859
20231122,-212.8452
20231122,-212.7126
20231122,-212.3133
20231122,-213.5701
20231122,-212.8575
20231122,-213.9217
20231122,-214.5115
20231124,-213.9152
20231124,-213.6862
20231124,-213.2756
20231124,-213.1967
20231124,-214.2829
20231124,-214.2829
20231124,-213.7635
20231124,-214.9107
20231124,-214.4989
20231127,-214.0249
20231127,-215.0857
20231127,-214.0104
20231127,-215.4257
20231127,-215.3938
20231127,-217.0177
20231127,-218.0671
20231127,-219.8199
20231127,-219.1674
20231127,-218.8398
20231127,-220.2057
20231127,-221.4187
20231127,-226.2516
20231128,-227.2862
20231128,-228.3621
20231128,-229.4074
20231128,-230.4482
20231128,-231.5007
20231128,-231.6409
20231128,-232.7903
20231128,-231.4591
20231128,-231.4011
20231128,-225.2215
20231128,-223.9222
20231128,-224.9698
20231128,-226.1758
20231128,-225.7372
20231128,-226.8027
20231128,-226.6934
20231128,-228.3825
20231129,-227.8838
20231129,-228.9898
20231129,-230.054
20231129,-230.0017
20231129,-229.8719
20231129,-229.6596
20231129,-229.0646
20231129,-228.6734
20231129,-227.6826
20231129,-228.8147
20231129,-228.4753
20231129,-230.051
20231129,-231.3645
20231129,-231.0851
20231129,-230.7758
20231129,-230.501
20231129,-230.2032
20231130,-231.2442
20231130,-230.3194
20231130,-229.4356
20231130,-227.6138
20231130,-227.0734
20231130,-226.6168
20231130,-227.7106
20231130,-227.0729
20231130,-228.3118
20231130,-228.2348
20231130,-229.3547
20231130,-230.4925
20231130,-230.6312
20231130,-230.4558
20231130,-231.6155
20231130,-232.7067
20231130,-234.0794
20231201,-234.0531
20231201,-235.1031
20231201,-234.6241
20231201,-235.7622
20231201,-236.782
20231201,-236.954
20231201,-237.999
20231201,-236.9882
20231201,-238.0303
20231201,-238.0108
20231201,-237.8699
20231201,-237.4853
20231201,-236.288
20231201,-236.2026
20231201,-236.0757
20231201,-237.5093
20231201,-238.733
20231201,-240.1285
20231201,-241.3218
20231204,-242.5357
20231204,-242.5357
20231204,-242.1996
20231204,-243.2802
20231204,-243.3043
20231204,-244.8529
20231204,-244.3971
20231204,-243.9305
20231204,-243.4639
20231204,-243.031
20231204,-242.7002
20231204,-243.9093
20231204,-245.1029
20231204,-246.2494
20231204,-247.4473
20231204,-247.2626
20231204,-248.4953
20231204,-246.7311
20231205,-246.273
20231205,-243.843
20231205,-243.2636
20231205,-244.3003
20231205,-244.2339
20231205,-245.3769
20231205,-246.6774
20231205,-247.8264
20231205,-247.6453
20231205,-247.3358
20231205,-246.4623
20231205,-247.6354
20231205,-248.7041
20231205,-248.4394
20231205,-249.9171
20231206,-249.7026
20231206,-248.5787
20231206,-249.716
20231206,-250.7632
20231206,-250.5943
20231206,-250.0636
20231206,-249.6518
20231206,-250.7438
20231206,-252.7438
20231206,-251.9967
20231206,-253.1477
20231206,-252.9196
20231207,-253.967
20231207,-253.6058
20231207,-254.8674
20231207,-254.4512
20231207,-255.5526
20231207,-255.2844
20231207,-254.8824
20231207,-254.1487
20231207,-255.2599
20231207,-254.608
20231207,-253.6053
20231207,-252.2893
20231207,-253.5326
20231207,-253.1659
20231208,-254.6814
20231208,-254.2178
20231208,-253.147
20231208,-252.3042
20231208,-253.346
20231208,-254.4038
20231208,-255.7176
20231208,-255.4162
20231208,-256.6509
20231208,-256.4159
20231208,-257.7124
20231208,-258.8827
20231208,-260.0534
20231208,-261.3116
20231208,-258.0852
20231208,-253.5569
20231208,-253.1053
20231208,-252.2765
20231208,-253.7823
20231208,-253.4981
20231208,-255.498
20231208,-256.9449
20231208,-256.4461
20231211,-255.9837
20231211,-254.5798
20231211,-254.1116
20231211,-255.2451
20231211,-254.891
20231211,-254.6494
20231211,-254.4182
20231211,-254.3604
20231211,-253.9789
20231211,-253.0435
20231211,-252.6258
20231211,-253.6393
20231211,-254.6916
20231211,-254.339
20231211,-253.7905
20231211,-254.9522
20231211,-256.1183
20231211,-257.232
20231211,-256.7755
20231211,-258.3202
20231211,-258.6869
20231212,-257.4698
20231212,-257.0072
20231212,-258.1117
20231212,-257.6589
20231212,-257.6638
20231212,-257.246
20231212,-256.7766
20231212,-256.4338
20231212,-255.6846
20231212,-255.2168
20231212,-254.8719
20231212,-253.8431
20231212,-251.9949
20231212,-251.6387
20231212,-251.2193
20231212,-251.1006
20231212,-250.6855
20231212,-250.9936
20231212,-250.6001
20231212,-250.2878
20231212,-248.1712
20231213,-249.2786
20231213,-250.6402
20231213,-249.7827
20231213,-249.1323
20231213,-250.4856
20231213,-251.7582
20231213,-252.9669
20231213,-254.0069
20231213,-251.9735
20231213,-253.2026
20231213,-254.2915
20231213,-255.4962
20231213,-256.5802
20231213,-255.0717
20231213,-254.6779
20231213,-254.3919
20231213,-255.4943
20231213,-253.8101
20231213,-252.8391
20231213,-252.3599
20231213,-251.896
20231214,-251.4286
20231214,-252.4814
20231214,-253.5163
20231214,-254.8712
20231214,-254.409
20231214,-255.69
20231214,-256.754
20231214,-256.3858
20231214,-257.6138
20231214,-259.1162
20231214,-258.6033
20231214,-259.7182
20231214,-260.982
20231215,-260.3077
20231215,-259.8327
20231215,-260.9142
20231215,-260.4478
20231215,-261.5073
20231215,-262.6083
20231215,-263.6637
20231215,-263.3864
20231215,-264.4437
20231215,-265.6204
20231215,-265.1719
20231215,-266.2471
20231215,-267.9801
20231215,-268.9244
20231218,-270.0283
20231218,-271.2209
20231218,-272.324
20231218,-271.8565
20231218,-272.8928
20231218,-274.0541
20231218,-273.5984
20231218,-274.7113
20231218,-276.1375
20231218,-277.3452
20231218,-278.671
20231219,-278.1886
20231219,-279.2701
20231219,-280.4021
20231219,-279.9266
20231219,-279.4675
20231219,-277.2992
20231219,-278.5403
20231219,-279.6013
20231219,-279.4466
20231219,-278.8783
20231219,-280.1713
20231219,-281.9974
20231219,-281.5974
20231219,-280.6067
20231219,-277.5907
20231219,-279.0135
20231220,-280.1172
20231220,-281.2715
20231220,-280.0772
20231220,-279.6532
20231220,-278.7632
20231220,-278.2806
20231220,-279.5096
20231220,-280.5893
20231220,-280.1093
20231220,-279.6876
20231220,-280.7888
20231220,-280.3747
20231220,-280.0379
20231220,-281.7712
20231220,-278.1569
20231220,-276.274
20231220,-274.8801
20231220,-274.7883
20231220,-275.8335
20231221,-275.1611
20231221,-276.2248
20231221,-277.2794
20231221,-278.4819
20231221,-279.6679
20231221,-278.2362
20231221,-279.2912
20231221,-281.8053
20231222,-283.0053
20231222,-282.2755
20231222,-281.6982
20231222,-281.3219
20231222,-281.0641
20231222,-299.3474
20231222,-299.4226
20231222,-297.7108
20231222,-296.7219
20231222,-296.4457
20231222,-295.4027
20231226,-294.9854
20231226,-294.7607
20231226,-295.9224
20231226,-296.9605
20231226,-296.4326
20231226,-295.9515
20231226,-296.9963
20231226,-296.616
20231226,-297.7174
20231226,-297.2814
20231226,-298.4013
20231226,-297.7796
20231226,-299.6306
20231226,-299.221
20231227,-300.3905
20231227,-301.4764
20231227,-302.6001
20231227,-302.1035
20231227,-301.6523
20231227,-303.9079
20231227,-305.0556
20231227,-304.7377
20231227,-305.8207
20231227,-305.6661
20231227,-305.2208
20231227,-306.3217
20231227,-307.5775
20231227,-309.933
20231227,-310.4161
20231227,-311.5659
20231227,-312.6659
20231228,-311.8468
20231228,-311.3985
20231228,-312.4158
20231228,-311.9563
20231228,-311.5284
20231228,-312.7969
20231228,-314.3761
20231228,-314.4843
20231228,-315.5849
20231228,-316.6387
20231228,-318.0207
20231228,-319.2712
20231229,-320.3704
20231229,-321.4793
20231229,-320.4073
20231229,-319.3062
20231229,-320.5089
20231229,-319.1555
20231229,-317.4685
20231229,-317.2687
20231229,-316.8172
20231229,-317.876
20231229,-318.9798
20231229,-318.549
20231229,-318.158
20231229,-319.7168
20231229,-320.1433
20231229,-319.7004
20231229,-321.1077
20231229,-322.668
20231229,-324.1231
20240102,-325.1689
20240102,-326.2066
20240102,-326.0046
20240102,-325.6435
20240102,-325.194
20240102,-323.8839
20240102,-322.0763
20240102,-323.1358
20240102,-323.1759
20240102,-322.7508
20240102,-322.185
20240102,-320.4339
20240102,-321.6231
20240102,-320.4863
20240102,-321.5332
20240102,-320.9585
20240102,-322.1295
20240102,-321.9421
20240102,-321.6388
20240102,-321.4611
20240102,-322.679
20240102,-323.8278
20240102,-324.9169
20240102,-326.1574
20240102,-327.2933
20240102,-328.4821
20240103,-329.6808
20240103,-328.925
20240103,-329.9726
20240103,-331.0138
20240103,-332.0668
20240103,-333.1968
20240103,-334.2515
20240103,-335.3236
20240103,-336.3699
20240103,-337.8596
20240103,-336.6818
20240103,-337.825
20240103,-338.9485
20240104,-340.078
20240104,-341.1145
20240104,-342.1689
20240104,-343.2571
20240104,-345.0151
20240104,-343.8678
20240104,-344.9359
20240104,-344.95
20240104,-344.7515
20240105,-344.5672
20240105,-340.7294
20240105,-341.8529
20240105,-342.8669
20240105,-342.4421
20240105,-341.5445
20240105,-341.0885
20240105,-342.1561
20240105,-343.2303
20240105,-344.2877
20240105,-345.3342
20240105,-346.9885
20240105,-348.1625
20240105,-349.256
20240105,-349.2281
20240105,-350.3589
20240105,-351.4764
20240105,-352.5478
20240105,-353.7313
20240105,-353.7282
20240105,-355.3049
20240105,-356.6676
20240108,-350.4887
20240108,-351.5862
20240108,-351.2637
20240108,-352.3416
20240108,-350.5369
20240108,-351.658
20240108,-351.2521
20240108,-352.3228
20240108,-351.1789
20240109,-350.8006
20240109,-349.9162
20240109,-348.5811
20240109,-347.8153
20240109,-347.8108
20240109,-347.3865
20240109,-348.4584
20240109,-349.5169
20240109,-350.596
20240109,-347.1379
20240109,-349.0023
20240109,-348.7535
20240109,-350.2017
20240109,-349.8281
20240109,-349.5933
20240109,-350.8255
20240109,-350.9045
20240109,-350.8943
20240109,-350.5597
20240109,-352.0469
20240109,-351.6669
20240109,-352.7961
20240109,-352.2968
20240109,-353.4994
20240109,-354.8038
20240109,-356.2897
20240110,-357.524
20240110,-358.555
20240110,-358.1713
20240110,-359.2847
20240110,-360.3798
20240110,-359.9209
20240110,-358.5027
20240110,-359.59
20240110,-360.6403
20240110,-360.4236
20240110,-361.6733
20240110,-362.9707
20240110,-362.5503
20240110,-363.9405
20240110,-365.0621
20240110,-363.9031
20240110,-365.641
20240110,-367.1043
20240111,-365.9823
20240111,-365.3015
20240111,-364.3424
20240111,-364.0131
20240111,-362.9139
20240111,-362.8118
20240111,-362.381
20240111,-362.0999
20240111,-362.0747
20240111,-363.2389
20240111,-364.3508
20240111,-365.7879
20240111,-366.8932
20240111,-368.8932
20240111,-367.9276
20240111,-369.026
20240111,-370.1797
20240111,-369.7812
20240112,-368.6746
20240112,-368.4229
20240112,-369.4867
20240112,-370.5132
20240112,-371.558
20240112,-371.5541
20240112,-371.5374
20240112,-371.0387
20240112,-372.0766
20240112,-371.6192
20240112,-372.6764
20240112,-371.5875
20240112,-371.1089
20240112,-370.7825
20240112,-371.0047
20240116,-371.0085
20240116,-370.2551
20240116,-369.8484
20240116,-371.6177
20240116,-372.754
20240116,-373.8916
20240116,-375.0783
20240116,-374.1228
20240116,-373.7731
20240116,-374.9106
20240117,-375.9634
20240117,-375.3975
20240117,-374.8169
20240117,-374.3011
20240117,-373.0982
20240117,-372.7195
20240117,-372.3219
20240117,-372.2088
20240117,-371.9223
20240117,-373.0665
20240117,-374.1246
20240118,-373.835
20240118,-374.9043
20240118,-374.973
20240118,-376.1368
20240118,-375.1553
20240118,-374.7572
20240118,-374.3118
20240118,-375.4916
20240118,-376.9495
20240118,-375.3821
20240118,-377.3822
20240118,-378.8207
20240118,-378.4455
20240118,-380.6879
20240118,-380.6652
20240118,-381.7738
20240118,-381.5019
20240118,-382.7216
20240118,-382.8406
20240118,-383.1584
20240119,-384.2155
20240119,-385.2781
20240119,-386.3495
20240119,-380.8154
20240119,-381.9118
20240119,-383.0103
20240119,-381.9307
20240119,-382.951
20240119,-382.4971
20240119,-381.208
20240119,-380.7526
20240119,-381.8781
20240119,-382.9562
20240119,-381.4731
20240119,-379.8423
20240119,-381.5417
20240119,-380.0198
20240119,-379.5801
20240119,-379.3912
20240119,-378.0406
20240122,-377.5711
20240122,-377.0961
20240122,-378.2236
20240122,-379.3181
20240122,-380.3544
20240122,-381.3768
20240122,-382.4357
20240122,-383.5983
20240123,-383.1205
20240123,-382.6835
20240123,-383.7596
20240123,-384.8321
20240123,-385.8886
20240123,-387.0755
20240123,-388.5258
20240123,-385.9991
20240123,-387.1349
20240123,-388.5787
20240123,-389.6363
20240124,-389.2151
20240124,-387.7328
20240124,-387.5299
20240124,-386.5765
20240124,-386.4894
20240124,-387.548
20240124,-388.7648
20240124,-387.9695
20240124,-387.0113
20240124,-385.7008
20240124,-386.7896
20240124,-388.0906
20240124,-388.0906
20240124,-389.2568
20240124,-388.8527
20240124,-387.944
20240124,-387.4849
20240124,-387.0643
20240124,-386.6676
20240125,-385.8876
20240125,-384.6794
20240125,-385.8423
20240125,-386.9192
20240125,-388.0616
20240125,-387.0678
20240125,-388.1412
20240125,-388.0625
20240125,-389.1292
20240125,-390.1837
20240125,-391.2586
20240125,-392.3528
20240125,-392.3911
20240125,-394.0503
20240125,-395.1313
20240125,-394.8513
20240125,-395.9029
20240125,-395.3202
20240125,-396.5526
20240125,-397.7029
20240126,-398.7534
20240126,-399.8472
20240126,-398.841
20240126,-399.9334
20240126,-399.4589
20240126,-398.6366
20240126,-398.0843
20240126,-399.1069
20240126,-398.5939
20240126,-398.3227
20240126,-399.3936
20240126,-400.4872
20240126,-400.0533
20240126,-399.6278
20240126,-399.3315
20240126,-400.7973
20240126,-401.1641
20240129,-402.1924
20240129,-403.2433
20240129,-404.2935
20240129,-405.3443
20240129,-406.4047
20240129,-407.5227
20240129,-408.647
20240129,-409.7525
20240129,-411.0474
20240129,-412.1118
20240129,-411.7038
20240129,-412.7925
20240129,-412.4163
20240129,-413.8162
20240129,-413.3836
20240129,-410.1655
20240129,-411.4558
20240129,-411.5056
20240129,-410.6518
20240130,-411.6893
20240130,-411.2833
20240130,-412.5358
20240130,-413.5817
20240130,-413.4187
20240130,-414.506
20240130,-415.5936
20240130,-415.2831
20240130,-416.3422
20240130,-412.363
20240130,-411.3133
20240130,-412.7116
20240130,-410.9451
20240130,-411.9849
20240130,-413.1932
20240130,-414.2592
20240131,-413.2733
20240131,-414.3094
20240131,-415.3325
20240131,-415.1154
20240131,-413.8785
20240131,-413.7303
20240131,-414.8043
20240131,-414.8566
20240131,-415.0587
20240201,-414.7035
20240201,-415.8768
20240201,-415.8586
20240201,-415.8346
20240201,-415.8317
20240201,-414.5333
20240201,-414.3824
20240201,-414.0147
20240201,-415.053
20240201,-414.8406
20240201,-415.9755
20240201,-417.0549
20240201,-417.0354
20240201,-416.7515
20240201,-413.817
20240201,-412.6322
20240202,-412.0797
20240202,-411.5856
20240202,-410.7825
20240202,-411.9002
20240202,-412.9224
20240202,-411.0077
20240202,-409.9083
20240202,-411.0795
20240202,-412.1491
20240202,-413.2762
20240202,-414.3716
20240202,-415.4753
20240202,-416.769
20240202,-418.0075
20240202,-419.2862
20240205,-418.9699
20240205,-418.6598
20240205,-419.691
20240205,-420.7238
20240205,-421.8493
20240205,-421.4258
20240205,-420.9595
20240205,-422.0485
20240205,-421.6599
20240205,-422.7217
20240205,-423.81
20240205,-424.8822
20240205,-426.1197
20240205,-427.2778
20240206,-426.8032
20240206,-426.1888
20240206,-427.7881
20240206,-427.7291
20240206,-427.2837
20240206,-428.368
20240206,-429.7301
20240206,-429.0011
20240206,-430.21
20240206,-429.746
20240207,-428.9506
20240207,-430.0083
20240207,-429.5579
20240207,-427.8174
20240207,-426.8965
20240207,-424.7511
20240207,-425.7685
20240207,-422.5711
20240207,-423.9577
20240207,-425.2451
20240207,-426.5069
20240207,-427.566
20240207,-429.0312
20240207,-428.5771
20240207,-426.1039
20240208,-425.6195
20240208,-426.7258
20240208,-427.7544
20240208,-427.2999
20240208,-428.4432
20240208,-429.5009
20240208,-430.5603
20240208,-431.6389
20240208,-432.7048
20240208,-433.7406
20240208,-433.4518
20240208,-435.184
20240208,-436.6029
20240208,-438.4871
20240208,-439.6441
20240208,-441.3711
20240208,-440.9111
20240208,-440.424
20240209,-439.0385
20240209,-436.9099
20240209,-436.777
20240209,-436.3395
20240209,-434.2823
20240209,-432.063
20240209,-433.3127
20240209,-429.9226
20240209,-429.4721
20240209,-430.5182
20240209,-430.3683
20240209,-429.5776
20240209,-429.1726
20240209,-428.7908
20240209,-427.2434
20240209,-428.9418
20240209,-430.0325
20240209,-431.5161
20240209,-431.2188
20240209,-433.2188
20240209,-434.3721
20240212,-435.6123
20240212,-434.2111
20240212,-435.2478
20240212,-434.7701
20240212,-434.3095
20240212,-434.2304
20240212,-435.2584
20240212,-434.4317
20240212,-435.4906
20240212,-436.5323
20240212,-436.0985
20240212,-435.6302
20240212,-435.1772
20240212,-435.3602
20240212,-434.1132
20240212,-433.683
20240212,-433.0078
20240212,-432.5909
20240212,-435.2716
20240212,-434.9568
20240213,-435.995
20240213,-435.8557
20240213,-435.5412
20240213,-435.3666
20240213,-434.8919
20240213,-432.0559
20240213,-433.1403
20240213,-434.4905
20240213,-434.2243
20240213,-433.7837
20240213,-435.9983
20240213,-437.2659
20240214,-435.7465
20240214,-437.0224
20240214,-438.0545
20240214,-438.0001
20240214,-439.2291
20240214,-438.8749
20240214,-438.5962
20240214,-437.5251
20240214,-438.6738
20240214,-439.979
20240214,-438.7199
20240214,-438.3179
20240214,-439.3679
20240214,-441.3678
20240214,-442.4573
20240214,-442.0717
20240214,-441.8524
20240214,-441.4615
20240214,-440.7708
20240214,-441.8814
20240215,-441.516
20240215,-442.5607
20240215,-442.0925
20240215,-441.727
20240215,-441.3423
20240215,-440.7215
20240215,-437.6305
20240215,-439.2492
20240215,-440.5578
20240215,-441.782
20240215,-442.8558
20240215,-444.0768
20240215,-445.2044
20240216,-445.0647
20240216,-444.696
20240216,-443.6153
20240216,-444.7564
20240216,-445.8727
20240216,-446.9467
20240216,-446.3719
20240216,-447.6032
20240216,-448.9249
20240216,-450.1882
20240216,-451.4402
20240216,-450.985
20240216,-450.5978
20240216,-448.1812
20240216,-449.3337
20240216,-450.4327
20240220,-450.264
20240220,-449.7939
20240220,-449.0468
20240220,-448.5619
20240220,-448.2942
20240220,-449.4069
20240220,-450.4603
20240220,-451.5433
20240220,-452.6599
20240220,-452.3789
20240220,-454.6911
20240220,-455.7913
20240220,-454.5002
20240220,-455.0767
20240220,-455.3921
20240220,-456.4221
20240220,-455.9237
20240221,-456.9964
20240221,-456.4868
20240221,-457.5457
20240221,-457.1479
20240221,-458.1647
20240221,-459.2729
20240221,-458.8258
20240221,-459.9628
20240221,-461.0128
20240221,-462.2666
20240221,-463.2851
20240221,-464.5435
20240221,-464.121
20240221,-463.6596
20240221,-464.9058
20240221,-466.0931
20240221,-464.835
20240222,-465.8963
20240222,-466.9285
20240222,-465.9642
20240222,-467.1312
20240222,-468.2463
20240222,-467.8365
20240222,-467.6169
20240222,-467.1597
20240222,-468.2401
20240222,-467.766
20240222,-465.8421
20240222,-466.9364
20240222,-468.0405
20240222,-468.1376
20240222,-467.7186
20240223,-468.7504
20240223,-468.0543
20240223,-469.1543
20240223,-469.064
20240223,-468.9685
20240223,-468.4061
20240223,-468.4749
20240223,-469.6289
20240223,-468.7377
20240223,-468.8736
20240223,-468.9014
20240226,-468.6517
20240226,-468.1762
20240226,-469.4141
20240226,-469.2788
20240226,-468.8126
20240226,-469.9057
20240226,-471.0874
20240226,-469.9848
20240226,-471.1485
20240226,-470.6827
20240226,-471.7702
20240226,-471.3719
20240226,-472.7435
20240226,-473.854
20240226,-474.9487
20240226,-474.5251
20240226,-475.8954
20240226,-474.7449
20240227,-475.7988
20240227,-475.5553
20240227,-474.6858
20240227,-475.7573
20240227,-476.8334
20240227,-477.9398
20240227,-479.4502
20240227,-479.2875
20240227,-478.6808
20240227,-478.2586
20240227,-479.4002
20240227,-480.4669
20240227,-481.666
20240227,-481.658
20240228,-481.2053
20240228,-482.3356
20240228,-483.444
20240228,-484.5679
20240228,-484.5082
20240228,-486.5081
20240228,-487.5276
20240228,-488.8625
20240228,-489.944
20240228,-491.0274
20240228,-492.2673
20240228,-493.4885
20240228,-494.6159
20240228,-494.4835
20240229,-495.8024
20240229,-495.1297
20240229,-496.1789
20240229,-495.5775
20240229,-495.3441
20240229,-495.0319
20240229,-496.0671
20240229,-497.1117
20240229,-498.2778
20240229,-498.1433
20240229,-499.478
20240229,-499.3101
20240229,-499.1669
20240229,-500.3055
20240229,-499.8732
20240229,-500.9394
20240301,-501.9929
20240301,-501.994
20240301,-499.8143
20240301,-497.9107
20240301,-497.4811
20240301,-498.5361
20240301,-499.5689
20240301,-497.3628
20240301,-498.44
20240301,-499.5728
20240301,-500.6354
20240301,-501.9948
20240301,-503.1893
20240301,-504.931
20240304,-506.0846
20240304,-505.6285
20240304,-505.2665
20240304,-504.7923
20240304,-504.3701
20240304,-505.4444
20240304,-506.671
20240304,-506.2009
20240304,-507.2598
20240304,-508.2994
20240304,-509.8912
20240304,-511.2125
20240304,-511.4195
20240304,-512.7872
20240304,-513.8427
20240304,-513.5624
20240304,-514.6285
20240304,-515.8168
20240305,-515.3695
20240305,-515.1947
20240305,-514.7984
20240305,-515.8731
20240305,-516.9151
20240305,-517.9468
20240305,-517.9141
20240305,-517.477
20240305,-518.538
20240305,-519.652
20240305,-520.7977
20240305,-522.0899
20240305,-523.0987
20240305,-524.2849
20240305,-525.5167
20240305,-526.7121
20240306,-526.2506
20240306,-526.0617
20240306,-525.9226
20240306,-525.8203
20240306,-525.5016
20240306,-526.5305
20240306,-527.6056
20240306,-527.1661
20240306,-526.8494
20240306,-528.026
20240306,-527.6164
20240306,-527.3847
20240306,-527.3647
20240306,-528.4724
20240306,-527.9329
20240306,-527.0406
20240306,-526.744
20240306,-527.8547
20240307,-529.0522
20240307,-530.2653
20240307,-531.3078
20240307,-531.3988
20240307,-528.8334
20240307,-528.3911
20240307,-528.4449
20240307,-529.4697
20240307,-529.0883
20240307,-528.9231
20240307,-530.137
20240307,-529.6748
20240307,-530.744
20240307,-531.9189
20240307,-531.5222
20240308,-532.589
20240308,-532.6313
20240308,-534.2159
20240308,-533.5941
20240308,-533.1015
20240308,-532.2225
20240308,-532.0624
20240308,-531.589
20240308,-531.1201
20240308,-532.2065
20240308,-533.2881
20240308,-534.3565
20240308,-534.2322
20240308,-535.2667
20240308,-536.6463
20240308,-537.7303
20240308,-537.3702
20240308,-536.9729
20240311,-535.5955
20240311,-533.3161
20240311,-532.3837
20240311,-532.2983
20240311,-532.0669
20240311,-532.0669
20240311,-533.2166
20240311,-534.2842
20240311,-535.363
20240311,-534.9997
20240311,-536.0506
20240311,-535.7381
20240311,-534.8725
20240312,-535.9272
20240312,-537.0179
20240312,-538.212
20240312,-536.1073
20240312,-537.1763
20240312,-538.7113
20240312,-539.7608
20240312,-540.9017
20240312,-542.0281
20240312,-541.0686
20240312,-542.1207
20240312,-540.7055
20240312,-540.0699
20240312,-539.7944
20240312,-541.3454
20240312,-543.0835
20240312,-542.9698
20240312,-544.1434
20240313,-543.8473
20240313,-544.9714
20240313,-544.5314
20240313,-543.408
20240313,-542.9236
20240313,-542.4705
20240313,-541.9777
20240313,-543.1042
20240313,-543.0738
20240313,-542.6405
20240313,-542.8208
20240313,-544.1801
20240313,-545.6056
20240313,-546.675
20240313,-547.8607
20240313,-548.8919
20240313,-548.208
20240314,-547.965
20240314,-547.7108
20240314,-548.7316
20240314,-549.7529
20240314,-550.7665
20240314,-551.7986
20240314,-551.3046
20240314,-550.414
20240314,-551.4958
20240314,-551.1144
20240314,-550.8046
20240314,-551.9958
20240314,-553.1528
20240314,-554.5495
20240314,-554.246
20240314,-553.9212
20240314,-556.5052
20240314,-556.1995
20240314,-555.7783
20240314,-556.7958
20240315,-556.6107
20240315,-557.703
20240315,-558.7553
20240315,-558.3275
20240315,-558.2107
20240315,-559.2615
20240315,-560.5172
20240315,-560.08
20240315,-561.4904
20240315,-562.6966
20240315,-562.1141
20240315,-561.6638
20240318,-562.7962
20240318,-562.3218
20240318,-563.3918
20240318,-562.9021
20240318,-562.4984
20240318,-562.3308
20240318,-563.4478
20240318,-562.1662
20240318,-563.815
20240318,-565.1196
20240318,-566.2481
20240318,-567.343
20240319,-566.4774
20240319,-567.5426
20240319,-568.5672
20240319,-569.6913
20240319,-570.8924
20240319,-572.0333
20240319,-572.0333
20240319,-573.1298
20240319,-572.8
20240319,-572.7156
20240319,-574.0111
20240319,-575.0588
20240319,-572.5761
20240319,-572.1713
20240320,-573.1834
20240320,-572.9574
20240320,-574.0352
20240320,-572.8881
20240320,-571.725
20240320,-571.5615
20240320,-572.6741
20240320,-572.6726
20240320,-572.7395
20240320,-572.4219
20240320,-573.6037
20240320,-573.1202
20240320,-573.1236
20240320,-572.7365
20240320,-573.0202
20240320,-572.6244
20240320,-572.4271
20240320,-571.9377
20240320,-571.8139
20240320,-571.4365
20240321,-570.5459
20240321,-570.2334
20240321,-569.8618
20240321,-571.0514
20240321,-568.443
20240321,-567.9759
20240321,-569.0109
20240321,-568.2747
20240321,-566.3637
20240321,-565.9025
20240321,-567.4522
20240321,-569.9005
20240321,-569.5935
20240321,-571.2592
20240321,-572.4084
20240321,-572.152
20240321,-572.2441
20240322,-571.7722
20240322,-571.3208
20240322,-572.3982
20240322,-573.4294
20240322,-573.5045
20240322,-573.684
20240322,-574.7342
20240322,-574.3999
20240322,-575.423
20240322,-575.423
20240322,-576.6603
20240322,-578.3732
20240325,-577.8764
20240325,-577.4168
20240325,-577.192
20240325,-578.3945
20240325,-577.9952
20240325,-579.1771
20240325,-578.9843
20240326,-580.0358
20240326,-580.001
20240326,-579.9828
20240326,-578.5155
20240326,-578.411
20240326,-579.5252
20240326,-576.3677
20240326,-577.8397
20240326,-577.4917
20240326,-578.6604
20240326,-578.667
20240326,-579.9808
20240326,-579.9202
20240327,-578.9281
20240327,-578.4381
20240327,-577.4959
20240327,-576.8906
20240327,-575.8767
20240327,-575.494
20240327,-574.0902
20240327,-575.5048
20240327,-575.2619
20240327,-576.3582
20240327,-577.5494
20240327,-577.1724
20240327,-578.3014
20240327,-577.8461
20240327,-575.9275
20240327,-573.9482
20240327,-573.3759
20240327,-572.6234
20240328,-573.9652
20240328,-573.5068
20240328,-573.3064
20240328,-574.3969
20240328,-575.9837
20240328,-577.0571
20240328,-578.0714
20240328,-578.378
20240328,-579.456
20240328,-580.6563
20240328,-580.4884
20240328,-581.6407
20240328,-582.7447
20240328,-583.9166
20240328,-584.571
20240401,-585.5979
20240401,-586.6173
20240401,-587.6705
20240401,-588.7561
20240401,-589.7904
20240401,-589.3322
20240401,-589.477
20240401,-589.0135
20240401,-590.3617
20240401,-590.2418
20240401,-591.9926
20240401,-590.86
20240401,-590.4773
20240402,-588.4936
20240402,-586.8225
20240402,-587.8965
20240402,-588.9319
20240402,-590.1165
20240402,-591.164
20240402,-590.4441
20240402,-591.6651
20240402,-593.0807
20240402,-592.5555
20240402,-593.6585
20240402,-594.8219
20240402,-594.5036
20240403,-593.883
20240403,-593.4149
20240403,-592.8787
20240403,-591.9177
20240403,-593.0393
20240403,-592.7111
20240403,-592.2597
20240403,-591.853
20240403,-592.968
20240403,-594.1942
20240403,-595.3105
20240403,-596.8616
20240403,-596.4102
20240403,-597.6173
20240403,-597.2484
20240404,-596.9257
20240404,-597.9455
20240404,-599.0078
20240404,-598.4544
20240404,-599.5852
20240404,-600.6337
20240404,-601.7395
20240404,-602.8241
20240404,-604.0142
20240404,-605.2625
20240404,-604.6279
20240404,-604.2
20240404,-605.3677
20240404,-604.9713
20240404,-605.0746
20240404,-604.9423
20240404,-606.0026
20240404,-604.3734
20240404,-603.5966
20240405,-601.7536
20240405,-602.7736
20240405,-603.8442
20240405,-603.4801
20240405,-603.2016
20240405,-603.0157
20240405,-603.0426
20240408,-604.1434
20240408,-603.6392
20240408,-604.6941
20240408,-604.2927
20240408,-604.337
20240408,-605.4845
20240408,-605.0195
20240408,-606.5239
20240408,-607.8787
20240408,-609.0247
20240408,-610.1201
20240409,-609.1179
20240409,-608.6583
20240409,-609.7054
20240409,-610.8248
20240409,-611.8613
20240409,-611.524
20240409,-611.0849
20240409,-612.1047
20240409,-613.5558
20240409,-615.3067
20240409,-616.3942
20240409,-616.3942
20240409,-616.276
20240409,-617.6545
20240409,-620.162
20240409,-621.3189
20240409,-622.5533
20240409,-621.6512
20240409,-619.4925
20240409,-620.73
20240410,-620.2554
20240410,-618.8409
20240410,-619.9486
20240410,-619.0703
20240410,-618.7931
20240410,-618.1144
20240410,-619.2124
20240410,-618.7575
20240410,-618.7845
20240410,-619.865
20240410,-620.9472
20240410,-622.0382
20240410,-623.1115
20240410,-624.1661
20240410,-623.1446
20240410,-624.2484
20240411,-623.6268
20240411,-622.8237
20240411,-622.3938
20240411,-622.0923
20240411,-620.7073
20240411,-620.2795
20240411,-619.8094
20240411,-619.5688
20240411,-619.1166
20240411,-617.9306
20240411,-617.4665
20240411,-616.1886
20240411,-617.2687
20240411,-618.4105
20240411,-619.5799
20240411,-618.5504
20240411,-620.5504
20240411,-620.0939
20240411,-619.6485
20240411,-618.6707
20240412,-619.7803
20240412,-619.4771
20240412,-619.1312
20240412,-620.5436
20240412,-621.5877
20240412,-620.4295
20240412,-621.5445
20240412,-621.2398
20240415,-619.6678
20240415,-620.7012
20240415,-619.1498
20240415,-618.6594
20240415,-618.6548
20240415,-618.231
20240415,-617.8415
20240415,-617.4357
20240415,-615.5923
20240415,-614.5634
20240415,-613.028
20240415,-612.856
20240415,-612.53
20240415,-610.9676
20240415,-610.9283
20240415,-610.5026
20240415,-611.5268
20240415,-610.9528
20240416,-612.0355
20240416,-613.1017
20240416,-614.1689
20240416,-615.2516
20240416,-616.3198
20240416,-616.3488
20240416,-615.674
20240416,-615.2468
20240416,-614.4802
20240416,-615.7227
20240416,-615.2991
20240416,-616.4229
20240417,-614.8662
20240417,-615.9507
20240417,-615.8629
20240417,-615.5492
20240417,-614.1694
20240417,-612.7029
20240417,-612.651
20240417,-613.6996
20240417,-614.9251
20240417,-614.6541
20240417,-615.7587
20240417,-616.7971
20240417,-615.4881
20240417,-615.0821
20240417,-616.2761
20240418,-617.5034
20240418,-618.6173
20240418,-618.1688
20240418,-619.3443
20240418,-619.0343
20240418,-616.6407
20240418,-616.2173
20240418,-615.7769
20240418,-616.8224
20240418,-618.8224
20240418,-620.393
20240419,-619.3878
20240419,-619.2839
20240419,-618.6878
20240419,-618.2107
20240419,-617.1591
20240419,-617.0121
20240419,-616.967
20240419,-611.6916
20240419,-611.2334
20240419,-611.165
20240419,-609.9649
20240419,-611.0201
20240419,-608.9889
20240419,-608.6737
20240419,-609.7082
20240419,-610.7741
20240419,-611.8315
20240419,-611.568
20240422,-611.5896
20240422,-612.7749
20240422,-612.7603
20240422,-613.8441
20240422,-614.8937
20240422,-614.4625
20240422,-612.3249
20240422,-611.8517
20240422,-611.399
20240422,-610.9228
20240422,-612.1794
20240422,-613.3205
20240422,-614.6415
20240422,-615.7131
20240422,-615.2994
20240422,-616.5506
20240422,-617.7602
20240422,-617.1147
20240422,-615.4352
20240422,-616.5904
20240422,-617.6377
20240422,-617.5296
20240422,-617.2517
20240422,-616.8217
20240423,-616.3732
20240423,-617.413
20240423,-617.0224
20240423,-618.1524
20240423,-619.2025
20240423,-620.3713
20240423,-620.4942
20240423,-621.5813
20240423,-621.2286
20240423,-622.3083
20240423,-621.9119
20240423,-623.117
20240423,-624.3346
20240423,-623.1796
20240423,-622.7386
20240423,-623.8164
20240423,-623.5033
20240423,-624.7468
20240423,-631.3583
20240424,-628.6672
20240424,-629.6954
20240424,-629.2432
20240424,-630.456
20240424,-631.5547
20240424,-631.0866
20240424,-632.1997
20240424,-633.2853
20240424,-633.0429
20240424,-634.3557
20240424,-634.1047
20240424,-633.7237
20240425,-634.7379
20240425,-634.2521
20240425,-633.7852
20240425,-634.8307
20240425,-634.3483
20240425,-634.5644
20240425,-634.1011
20240425,-635.1876
20240425,-634.3371
20240425,-635.624
20240425,-637.7921
20240425,-639.106
20240426,-638.7266
20240426,-639.7484
20240426,-639.3098
20240426,-638.8216
20240426,-637.1023
20240426,-635.1572
20240426,-635.367
20240426,-636.4762
20240426,-637.6269
20240426,-637.4018
20240429,-638.4488
20240429,-639.6454
20240429,-638.5873
20240429,-639.6773
20240429,-640.7973
20240429,-640.7516
20240429,-642.2303
20240429,-641.7973
20240429,-642.85
20240429,-642.3728
20240430,-643.4001
20240430,-642.4016
20240430,-641.4145
20240430,-639.1079
20240430,-638.9488
20240430,-640.0993
20240430,-638.5583
20240430,-639.6267
20240501,-639.6249
20240501,-640.7585
20240501,-640.7924
20240501,-640.2182
20240501,-641.3553
20240501,-642.4007
20240501,-643.502
20240501,-644.5489
20240501,-645.7014
20240501,-645.5235
20240501,-647.5236
20240501,-648.5588
20240501,-648.1266
20240501,-649.2109
20240502,-648.4324
20240502,-647.1486
20240502,-647.0246
20240502,-645.9692
20240502,-645.6026
20240502,-646.6727
20240502,-646.4222
20240502,-646.5412
20240502,-646.1164
20240502,-645.5804
20240502,-646.5999
20240502,-646.185
20240502,-645.7315
20240502,-645.3957
20240502,-644.973
20240502,-646.0439
20240502,-647.0644
20240502,-648.1835
20240502,-648.2018
20240502,-644.3035
20240502,-640.9048
20240502,-640.8925
20240502,-642.1829
20240503,-641.9873
20240503,-640.8931
20240503,-641.9405
20240503,-641.4578
20240503,-641.5552
20240503,-642.6095
20240503,-643.8068
20240503,-643.8068
20240503,-645.8005
20240503,-646.8673
20240503,-646.4476
20240506,-647.4668
20240506,-648.5214
20240506,-649.585
20240506,-647.4127
20240506,-646.9764
20240506,-646.5182
20240506,-646.0362
20240506,-647.1386
20240506,-646.7523
20240506,-646.3449
20240506,-647.5471
20240506,-648.5966
20240506,-649.0112
20240506,-648.6456
20240506,-650.0008
20240507,-649.5217
20240507,-647.682
20240507,-647.3972
20240507,-647.4165
20240507,-646.9006
20240507,-647.9836
20240507,-649.0461
20240507,-650.6315
20240507,-650.1672
20240507,-651.2117
20240507,-650.7722
20240507,-650.2857
20240507,-649.842
20240507,-651.0009
20240507,-650.9089
20240507,-649.8363
20240508,-650.9281
20240508,-650.6215
20240508,-651.6466
20240508,-650.5014
20240508,-650.0575
20240508,-651.0926
20240508,-652.1826
20240508,-651.7041
20240508,-652.7421
20240508,-653.8182
20240508,-653.7222
20240508,-654.8304
20240508,-655.8952
20240508,-656.9614
20240508,-656.5105
20240508,-658.0627
20240508,-659.5819
20240508,-661.0763
20240509,-659.16
20240509,-660.2052
20240509,-659.774
20240509,-660.8269
20240509,-661.8637
20240509,-660.7552
20240509,-660.4478
20240509,-658.098
20240509,-655.8555
20240509,-655.3316
20240509,-654.7982
20240509,-655.8647
20240509,-657.027
20240509,-658.1869
20240509,-659.2825
20240509,-661.6341
20240509,-665.7628
20240509,-667.3548
20240509,-667.1432
20240509,-666.9297
20240509,-667.9868
20240510,-669.0351
20240510,-670.2058
20240510,-670.0971
20240510,-671.8365
20240510,-671.385
20240510,-672.4308
20240510,-672.1088
20240510,-671.7957
20240510,-671.7652
20240510,-671.3315
20240513,-672.4083
20240513,-673.5535
20240513,-674.6028
20240513,-674.4131
20240513,-673.8789
20240513,-673.6399
20240513,-674.6597
20240514,-677.0874
20240514,-678.1102
20240514,-678.0911
20240514,-679.1802
20240514,-680.5951
20240514,-680.1468
20240514,-681.2911
20240514,-682.446
20240514,-682.0002
20240514,-683.2574
20240514,-684.4459
20240514,-684.0968
20240514,-683.4212
20240514,-684.6788
20240514,-684.3757
20240515,-683.988
20240515,-683.1205
20240515,-682.6428
20240515,-681.558
20240515,-677.846
20240515,-679.0321
20240515,-676.5849
20240515,-675.7965
20240515,-677.0005
20240515,-676.5809
20240515,-674.2037
20240515,-674.1298
20240515,-675.3149
20240515,-676.3499
20240516,-677.4864
20240516,-678.5372
20240516,-679.6431
20240516,-680.7886
20240516,-680.3559
20240516,-681.3776
20240516,-682.4126
20240516,-683.577
20240516,-684.6277
20240516,-683.8306
20240516,-685.0432
20240516,-686.4203
20240516,-687.5757
20240516,-688.8009
20240516,-688.4132
20240516,-689.5319
20240517,-690.565
20240517,-690.0876
20240517,-691.6748
20240517,-692.7615
20240517,-693.8461
20240517,-695.035
20240517,-696.1648
20240517,-697.8023
20240517,-698.9668
20240517,-698.7516
20240517,-698.479
20240517,-699.5804
20240517,-700.9372
20240517,-700.2698
20240520,-699.8627
20240520,-699.4085
20240520,-698.7855
20240520,-698.3093
20240520,-697.9526
20240520,-697.4974
20240520,-698.5918
20240520,-699.6906
20240520,-701.1723
20240520,-702.6962
20240520,-702.2376
20240520,-702.1479
20240520,-701.9332
20240521,-703.1037
20240521,-701.2459
20240521,-702.3048
20240521,-701.8977
20240521,-700.9546
20240521,-700.5056
20240521,-701.8615
20240521,-702.943
20240521,-702.6875
20240521,-703.9554
20240521,-705.038
20240521,-706.2532
20240521,-707.9782
20240521,-708.6856
20240522,-708.8043
20240522,-709.8582
20240522,-711.0713
20240522,-712.1236
20240522,-713.2826
20240522,-713.1696
20240522,-714.2861
20240522,-715.3748
20240522,-716.6362
20240522,-717.7074
20240522,-718.8061
20240522,-720.3255
20240522,-721.6517
20240522,-721.0266
20240522,-720.7033
20240522,-721.8549
20240523,-721.2458
20240523,-722.3855
20240523,-722.1898
20240523,-723.2818
20240523,-724.3249
20240523,-724.0757
20240523,-725.1141
20240523,-726.1687
20240523,-722.6955
20240523,-722.6862
20240523,-722.4721
20240523,-723.6944
20240523,-723.2213
20240523,-724.7185
20240523,-726.7269
20240524,-726.3765
20240524,-727.4661
20240524,-728.511
20240524,-727.0691
20240524,-726.6893
20240524,-725.3682
20240524,-724.9751
20240528,-726.1083
20240528,-726.0083
20240528,-727.035
20240528,-728.2511
20240528,-728.0425
20240528,-727.602
20240528,-727.5851
20240528,-727.4386
20240528,-728.7658
20240528,-729.8785
20240528,-729.4028
20240528,-730.452
20240528,-730.1551
20240528,-731.3163
20240528,-732.3483
20240528,-733.5959
20240528,-732.0927
20240528,-733.1843
20240528,-732.5715
20240528,-733.6258
20240528,-735.6258
20240529,-735.1546
20240529,-736.2181
20240529,-737.245
20240529,-736.3768
20240529,-737.4249
20240529,-736.9477
20240529,-737.9873
20240529,-739.1633
20240529,-740.2235
20240529,-741.3251
20240530,-742.4402
20240530,-743.66
20240530,-744.7474
20240530,-745.7812
20240530,-746.8523
20240530,-747.97
20240530,-747.6382
20240530,-747.1788
20240530,-748.2352
20240530,-747.8324
20240530,-748.9648
20240530,-748.5803
20240530,-748.0269
20240530,-747.3845
20240530,-745.9301
20240530,-745.6051
20240531,-745.0172
20240531,-744.5694
20240531,-743.9427
20240531,-743.8598
20240531,-743.0202
20240531,-744.0628
20240531,-745.1319
20240531,-746.1476
20240531,-747.2406
20240531,-747.1647
20240531,-746.419
20240531,-744.3741
20240531,-745.7698
20240531,-747.0186
20240531,-746.7341
20240531,-747.7691
20240531,-749.0388
20240603,-750.0895
20240603,-749.6826
20240603,-749.2141
20240603,-750.2427
20240603,-749.9655
20240603,-751.0089
20240603,-750.9965
20240603,-749.9713
20240603,-751.2879
20240603,-752.3276
20240603,-753.6971
20240603,-753.3581
20240603,-756.0604
20240604,-756.0556
20240604,-757.3759
20240604,-758.4494
20240604,-759.7351
20240604,-758.6591
20240604,-759.7052
20240604,-760.8146
20240604,-760.4399
20240604,-761.4751
20240604,-760.9684
20240604,-762.106
20240604,-763.7305
20240604,-764.8442
20240604,-763.6779
20240604,-762.815
20240604,-761.3371
20240604,-762.4086
20240604,-763.5745
20240605,-764.6864
20240605,-761.9836
20240605,-761.5182
20240605,-760.7097
20240605,-760.224
20240605,-759.3829
20240605,-760.5988
20240605,-760.1692
20240605,-761.3868
20240605,-760.9182
20240605,-762.0777
20240605,-761.5981
20240605,-761.3182
20240605,-760.3795
20240605,-760.3329
20240606,-760.2146
20240606,-759.5238
20240606,-758.9788
20240606,-758.6724
20240606,-758.191
20240606,-757.6182
20240606,-757.1292
20240606,-756.3165
20240606,-755.944
20240606,-756.9695
20240606,-758.1517
20240606,-759.2854
20240606,-760.4142
20240606,-759.9545
20240606,-761.0912
20240606,-757.8735
20240607,-757.4668
20240607,-758.4998
20240607,-757.4983
20240607,-756.8325
20240607,-757.8728
20240607,-757.7451
20240607,-758.8659
20240607,-758.7822
20240607,-758.4991
20240607,-759.6327
20240607,-760.6624
20240607,-760.0219
20240607,-761.3036
20240607,-760.9053
20240607,-761.9971
20240610,-761.8285
20240610,-762.8683
20240610,-762.9183
20240610,-764.0388
20240610,-763.9421
20240610,-764.9764
20240610,-764.5333
20240610,-763.8642
20240610,-765.014
20240610,-764.6492
20240610,-764.4198
20240610,-769.6846
20240610,-770.7369
20240610,-769.9315
20240610,-768.662
20240610,-768.2939
20240611,-769.3406
20240611,-768.8512
20240611,-769.8943
20240611,-770.9835
20240611,-772.0128
20240611,-773.037
20240611,-773.0539
20240611,-773.7092
20240611,-774.7592
20240611,-775.7825
20240611,-778.3337
20240611,-777.5472
20240611,-777.1475
20240611,-777.0879
20240611,-776.7579
20240611,-777.978
20240611,-777.889
20240611,-779.0281
20240611,-778.585
20240612,-778.1621
20240612,-779.2309
20240612,-778.8708
20240612,-780.0035
20240612,-779.6182
20240612,-779.1567
20240612,-780.2488
20240612,-781.6104
20240612,-781.4282
20240612,-782.5009
20240612,-782.187
20240613,-783.2232
20240613,-782.7162
20240613,-782.1312
20240613,-783.142
20240613,-784.4021
20240613,-784.0074
20240613,-783.6228
20240613,-783.8055
20240613,-783.4802
20240613,-784.5261
20240614,-785.6054
20240614,-785.1328
20240614,-784.7587
20240614,-783.7995
20240614,-782.8753
20240614,-783.9074
20240614,-784.9319
20240614,-785.9934
20240614,-785.6811
20240614,-785.2099
20240614,-786.7095
20240614,-787.8876
20240614,-788.9601
20240614,-790.1077
20240614,-791.1281
20240614,-792.2592
20240614,-792.5336
20240614,-794.21
20240614,-795.4205
20240614,-795.094
20240614,-796.3506
20240614,-797.6661
20240617,-797.076
20240617,-795.658
20240617,-796.7398
20240617,-796.3496
20240617,-797.4271
20240617,-798.6091
20240617,-798.143
20240617,-797.6781
20240617,-798.8223
20240617,-796.8262
20240617,-797.9641
20240617,-797.8428
20240618,-798.8671
20240618,-799.8937
20240618,-799.596
20240618,-799.1274
20240618,-800.1418
20240618,-801.3711
20240618,-800.9265
20240618,-802.2131
20240618,-803.3319
20240618,-804.3756
20240618,-804.4661
20240618,-805.6208
20240618,-807.0323
20240620,-808.3656
20240620,-808.2637
20240620,-808.3392
20240620,-807.9323
20240620,-809.0015
20240620,-808.4775
20240620,-808.1745
20240620,-809.2622
20240620,-809.2075
20240620,-807.7317
20240620,-808.7636
20240620,-810.0906
20240620,-810.0221
20240620,-811.1305
20240620,-812.4373
20240621,-813.4522
20240621,-812.974
20240621,-812.4239
20240621,-813.4372
20240621,-812.7507
20240621,-813.9444
20240621,-813.85
20240621,-813.8342
20240621,-814.8624
20240621,-814.1541
20240621,-813.7151
20240621,-813.7151
20240621,-814.7471
20240621,-815.8265
20240621,-817.0293
20240621,-818.5112
20240621,-818.072
20240624,-816.9665
20240624,-817.9844
20240624,-818.9966
20240624,-820.0171
20240624,-821.0296
20240624,-819.6723
20240624,-820.7031
20240624,-821.7293
20240624,-821.2567
20240624,-822.6491
20240624,-824.0094
20240624,-825.5956
20240624,-826.666
20240624,-826.219
20240624,-824.5248
20240624,-823.4922
20240624,-824.904
20240624,-824.7158
20240625,-823.7197
20240625,-823.2301
20240625,-824.2764
20240625,-825.305
20240625,-825.102
20240625,-826.1488
20240625,-827.2506
20240625,-826.9282
20240625,-828.1907
20240625,-827.9565
20240625,-829.1312
20240625,-830.4798
20240625,-829.4447
20240625,-836.5859
20240626,-837.6727
20240626,-837.7194
20240626,-836.5791
20240626,-836.1278
20240626,-837.3738
20240626,-838.3938
20240626,-839.5695
20240626,-840.7961
20240626,-845.0011
20240626,-846.2938
20240626,-847.4052
20240627,-848.4961
20240627,-849.6793
20240627,-850.7568
20240627,-851.7984
20240627,-851.5233
20240627,-850.9429
20240627,-849.7862
20240627,-849.6937
20240627,-849.3109
20240627,-850.4368
20240627,-851.5294
20240627,-851.4028
20240627,-853.9587
20240627,-853.6202
20240627,-855.1521
20240627,-854.848
20240627,-855.9183
20240627,-855.8742
20240628,-853.978
20240628,-854.995
20240628,-856.0397
20240628,-857.0759
20240628,-856.6559
20240628,-856.1911
20240628,-855.7844
20240628,-855.1551
20240628,-856.2283
20240628,-855.7614
20240628,-856.7993
20240628,-856.7497
20240628,-858.5198
20240701,-859.6243
20240701,-860.656
20240701,-860.3129
20240701,-861.3597
20240701,-862.374
20240701,-860.9082
20240701,-859.9298
20240701,-860.9697
20240701,-865.7241
20240701,-865.6441
20240701,-867.6441
20240701,-866.9479
20240701,-868.3342
20240701,-870.1839
20240701,-871.8012
20240701,-872.8259
20240702,-872.5516
20240702,-873.6425
20240702,-873.6466
20240702,-874.7406
20240702,-876.0018
20240702,-877.1236
20240702,-878.2441
20240702,-879.3722
20240702,-877.3943
20240702,-877.044
20240702,-878.1517
20240702,-879.34
20240702,-877.7289
20240702,-879.0954
20240702,-878.172
20240703,-877.7244
20240703,-878.7783
20240703,-879.8914
20240703,-880.9224
20240703,-880.4327
20240703,-880.4216
20240703,-881.5289
20240703,-881.1288
20240703,-882.2696
20240703,-883.3943
20240703,-883.521
20240703,-883.7652
20240705,-883.7007
20240705,-881.7076
20240705,-882.7414
20240705,-882.0221
20240705,-880.041
20240705,-881.1161
20240705,-880.6501
20240705,-879.484
20240705,-878.7786
20240705,-877.1977
20240705,-878.4728
20240705,-879.773
20240708,-880.8274
20240708,-880.2104
20240708,-879.9734
20240708,-881.0054
20240708,-882.0661
20240708,-883.143
20240708,-884.1858
20240708,-883.6312
20240708,-881.047
20240708,-882.1599
20240708,-883.3542
20240708,-884.487
20240708,-886.1507
20240708,-887.2222
20240708,-888.4899
20240709,-887.2738
20240709,-887.3699
20240709,-888.3865
20240709,-887.9101
20240709,-888.9354
20240709,-887.8841
20240709,-887.6644
20240709,-887.6273
20240709,-887.8444
20240709,-888.9569
20240709,-888.4798
20240709,-889.4996
20240709,-889.1203
20240709,-890.2843
20240709,-891.3441
20240710,-892.4379
20240710,-893.4832
20240710,-892.9912
20240710,-894.1421
20240710,-893.6542
20240710,-893.0465
20240710,-894.0818
20240710,-893.2799
20240710,-892.8445
20240710,-892.6787
20240710,-892.5324
20240710,-893.6153
20240710,-886.7075
20240710,-887.9281
20240710,-886.6932
20240710,-886.3041
20240710,-885.464
20240710,-884.7247
20240710,-884.4612
20240710,-885.4856
20240710,-887.3546
20240710,-888.6172
20240711,-887.1403
20240711,-886.6497
20240711,-886.7152
20240711,-886.2148
20240711,-887.4767
20240711,-887.1391
20240711,-888.254
20240711,-888.187
20240711,-889.2327
20240711,-890.4443
20240711,-890.0804
20240711,-891.185
20240711,-892.4221
20240712,-889.704
20240712,-889.6694
20240712,-889.1985
20240712,-890.2565
20240712,-889.2734
20240712,-890.4651
20240712,-888.3223
20240712,-888.3131
20240712,-889.5797
20240715,-888.7927
20240715,-888.261
20240715,-889.294
20240715,-890.4961
20240715,-891.6052
20240715,-890.4723
20240715,-889.1444
20240715,-890.3836
20240715,-890.0076
20240715,-891.3133
20240715,-890.9661
20240715,-892.0646
20240715,-891.7159
20240715,-891.272
20240715,-892.3953
20240715,-895.0297
20240715,-896.0564
20240716,-895.666
20240716,-892.259
20240716,-891.8755
20240716,-891.5636
20240716,-891.1246
20240716,-891.1012
20240716,-889.919
20240716,-889.3539
20240716,-890.4313
20240716,-888.714
20240716,-889.8709
20240716,-890.9771
20240716,-892.1335
20240716,-893.4097
20240716,-893.1782
20240716,-894.3298
20240716,-895.6743
20240717,-895.256
20240717,-896.2834
20240717,-895.3511
20240717,-894.5097
20240717,-891.5565
20240717,-892.6967
20240717,-892.2841
20240717,-891.8727
20240717,-890.5452
20240717,-891.6194
20240717,-892.6468
20240717,-892.1744
20240717,-891.7773
20240717,-891.4709
20240717,-892.5467
20240717,-892.0811
20240717,-893.3285
20240717,-892.518
20240718,-892.0577
20240718,-893.1304
20240718,-892.1008
20240718,-893.1275
20240718,-894.1751
20240718,-893.839
20240718,-892.5741
20240718,-892.5203
20240718,-893.5528
20240718,-894.6055
20240718,-895.6902
20240718,-895.2113
20240718,-894.895
20240718,-894.4163
20240718,-894.339
20240718,-895.3748
20240718,-895.242
20240718,-894.8412
20240718,-893.4612
20240718,-892.9888
20240718,-894.9266
20240718,-894.9402
20240718,-894.5119
20240718,-894.0844
20240718,-895.7683
20240718,-895.2535
20240718,-896.5889
20240718,-897.7237
20240718,-898.7546
20240719,-897.6029
20240719,-896.8662
20240719,-896.058
20240719,-897.0885
20240719,-896.8566
20240719,-897.8888
20240719,-897.4168
20240719,-898.4507
20240719,-899.5484
20240719,-900.583
20240719,-901.7935
20240719,-902.8336
20240719,-904.5789
20240719,-905.6914
20240719,-906.742
20240719,-906.3701
20240722,-905.7754
20240722,-906.7964
20240722,-907.8173
20240722,-908.9262
20240722,-907.8272
20240722,-908.8791
20240722,-908.6956
20240722,-909.7694
20240722,-910.8513
20240722,-910.2321
20240722,-908.9747
20240722,-910.0078
20240722,-911.4238
20240722,-915.0234
20240722,-914.0805
20240722,-915.2228
20240722,-914.7793
20240722,-914.4972
20240722,-915.609
20240722,-917.6032
20240723,-918.7071
20240723,-918.2265
20240723,-917.7639
20240723,-917.2732
20240723,-917.2156
20240723,-918.2734
20240723,-919.3011
20240723,-920.5431
20240723,-921.7281
20240723,-923.4693
20240723,-924.6186
20240723,-924.2247
20240723,-925.2976
20240723,-924.7365
20240723,-924.5864
20240723,-926.0077
20240724,-925.5264
20240724,-925.0623
20240724,-926.1422
20240724,-924.0729
20240724,-925.1158
20240724,-926.1405
20240724,-926.1067
20240724,-925.6435
20240725,-925.5341
20240725,-925.0669
20240725,-926.1577
20240725,-925.8693
20240725,-925.8292
20240725,-925.3465
20240725,-926.3721
20240725,-927.5313
20240725,-925.3825
20240725,-924.9538
20240726,-925.9811
20240726,-925.9828
20240726,-925.4016
20240726,-926.4121
20240726,-925.7578
20240726,-926.7711
20240726,-927.8071
20240726,-928.8336
20240726,-929.8549
20240726,-930.8731
20240726,-931.8891
20240726,-932.9138
20240726,-934.0719
20240726,-935.5304
20240726,-936.5781
20240726,-938.178
20240726,-939.4012
20240726,-936.2067
20240726,-935.7845
20240726,-936.876
20240726,-936.5436
20240726,-936.5164
20240726,-937.4396
20240729,-938.5979
20240729,-939.6448
20240729,-940.6807
20240729,-940.7843
20240729,-940.2684
20240729,-939.8193
20240729,-941.0104
20240729,-942.2069
20240730,-943.2597
20240730,-943.2319
20240730,-944.3103
20240730,-945.3775
20240730,-946.4175
20240730,-945.9736
20240730,-945.6045
20240730,-946.7989
20240730,-946.8013
20240730,-947.9898
20240730,-949.2355
20240730,-949.0991
20240730,-950.1388
20240730,-950.1388
20240730,-951.3302
20240731,-952.3624
20240731,-953.3732
20240731,-953.3322
20240731,-952.8451
20240731,-952.4738
20240731,-953.5032
20240731,-954.8149
20240731,-955.843
20240731,-955.3627
20240731,-953.29
20240731,-954.32
20240801,-955.4133
20240801,-956.4593
20240801,-957.4887
20240801,-958.5172
20240801,-959.5275
20240801,-960.5952
20240801,-961.6087
20240801,-960.6148
20240801,-960.2672
20240801,-959.5906
20240801,-960.7496
20240801,-961.873
20240802,-962.8917
20240802,-962.2132
20240802,-963.2441
20240802,-964.3472
20240802,-965.5629
20240802,-965.1838
20240802,-966.2664
20240802,-966.0672
20240802,-967.1151
20240802,-968.1445
20240802,-969.2657
20240802,-968.8087
20240802,-968.4333
20240802,-970.9769
20240802,-970.5044
20240802,-971.707
20240802,-972.7568
20240802,-973.8184
20240802,-973.8243
20240805,-973.0217
20240805,-974.0318
20240805,-973.5631
20240805,-973.3553
20240805,-973.1321
20240805,-974.263
20240806,-973.7851
20240806,-973.383
20240806,-972.8526
20240806,-973.971
20240806,-974.7612
20240806,-975.8078
20240806,-977.1454
20240806,-978.3687
20240806,-979.4247
20240806,-979.1352
20240807,-979.2184
20240807,-978.8787
20240807,-979.9356
20240807,-981.039
20240807,-982.0856
20240807,-983.1166
20240807,-983.21
20240807,-982.6244
20240807,-983.7249
20240808,-983.1827
20240808,-982.205
20240808,-981.9318
20240808,-981.8683
20240808,-981.0745
20240808,-982.0989
20240808,-983.1371
20240808,-982.6509
20240808,-981.8008
20240808,-981.3846
20240808,-982.4979
20240808,-983.6908
20240808,-984.818
20240808,-985.9329
20240808,-984.7651
20240808,-983.7552
20240808,-985.4053
20240808,-984.4826
20240808,-985.516
20240809,-986.5697
20240809,-986.377
20240809,-987.4078
20240809,-988.507
20240809,-989.5324
20240809,-989.4747
20240809,-990.4875
20240809,-988.8065
20240809,-989.8574
20240809,-989.7008
20240809,-988.3863
20240809,-988.1824
20240809,-989.5487
20240809,-990.608
20240809,-991.6771
20240809,-991.691
20240809,-992.7251
20240809,-989.0427
20240809,-989.0446
20240809,-990.162
20240812,-991.2139
20240812,-990.0595
20240812,-989.9673
20240812,-989.1935
20240812,-988.7483
20240812,-988.3063
20240812,-988.0426
20240812,-987.7823
20240812,-987.2992
20240812,-986.8608
20240812,-987.9665
20240812,-988.0297
20240812,-989.124
20240812,-988.0168
20240812,-988.8472
20240813,-989.9583
20240813,-989.7408
20240813,-987.8536
20240813,-987.3684
20240813,-986.8896
20240813,-987.9155
20240813,-988.9516
20240813,-988.6512
20240813,-989.6853
20240813,-990.7115
20240813,-991.7577
20240813,-990.5146
20240813,-990.0763
20240813,-989.2601
20240813,-990.3391
20240813,-991.4157
20240813,-990.4124
20240813,-989.9634
20240814,-989.8499
20240814,-990.9269
20240814,-990.4648
20240814,-991.6359
20240814,-990.6197
20240814,-990.1455
20240814,-989.8725
20240814,-988.8206
20240814,-989.8888
20240814,-990.9538
20240814,-990.4359
20240814,-988.5269
20240815,-988.0556
20240815,-987.4914
20240815,-985.2922
20240815,-984.4102
20240815,-982.6506
20240815,-982.1709
20240815,-983.2128
20240815,-982.4575
20240815,-982.3073
20240815,-981.356
20240815,-980.327
20240815,-981.3852
20240815,-981.2498
20240815,-982.2662
20240815,-983.3254
20240815,-981.4974
20240815,-980.0753
20240815,-979.607
20240815,-979.2206
20240815,-977.5708
20240815,-978.7335
20240816,-979.8099
20240816,-979.4399
20240816,-980.4845
20240816,-980.2568
20240816,-979.6719
20240816,-980.792
20240816,-982.0206
20240816,-981.5618
20240816,-982.5942
20240816,-983.6325
20240816,-983.1497
20240816,-984.1752
20240816,-985.2822
20240816,-984.8764
20240816,-983.8332
20240816,-983.3639
20240816,-982.9515
20240816,-982.0074
20240816,-983.1351
20240816,-984.1815
20240816,-983.8931
20240816,-983.6614
20240816,-983.6326
20240819,-983.7043
20240819,-984.7348
20240819,-984.2942
20240819,-985.3344
20240819,-986.4611
20240819,-987.5204
20240819,-986.9906
20240819,-986.6126
20240819,-981.0686
20240819,-980.8007
20240819,-981.8655
20240819,-982.9696
20240819,-984.5596
20240819,-985.6817
20240819,-986.8514
20240819,-987.9239
20240819,-989.1624
20240819,-986.9034
20240819,-986.783
20240819,-987.9527
20240820,-986.971
20240820,-985.6485
20240820,-984.855
20240820,-984.2012
20240820,-983.757
20240820,-984.8034
20240820,-985.9734
20240820,-985.85
20240820,-985.4958
20240820,-985.105
20240820,-986.1867
20240821,-985.4513
20240821,-985.1431
20240821,-986.176
20240821,-987.2304
20240821,-988.3212
20240821,-988.0353
20240821,-987.611
20240821,-988.6382
20240821,-989.7537
20240821,-990.8216
20240821,-992.1882
20240821,-990.2724
20240821,-991.578
20240821,-989.2714
20240821,-988.793
20240821,-988.3348
20240821,-989.6388
20240821,-990.7059
20240822,-990.2236
20240822,-991.2666
20240822,-992.3144
20240822,-993.6394
20240822,-994.7272
20240822,-995.9445
20240822,-996.987
20240822,-998.2563
20240822,-999.3825
20240822,-999.0337
20240823,-998.8933
20240823,-1000.014
20240823,-999.57
20240823,-1000.6407
20240823,-1000.3298
20240823,-999.2244
20240823,-998.8384
20240823,-1000.1933
20240823,-1001.513
20240823,-1001.3903
20240823,-1000.7341
20240823,-1000.4546
20240823,-1001.5055
20240823,-1002.5514
20240823,-1002.6889
20240823,-1004.0789
20240823,-1005.2078
20240823,-1006.7126
20240823,-1008.4563
20240823,-1008.0392
20240823,-1008.1332
20240823,-1009.3196
20240826,-1010.4144
20240826,-1011.5339
20240826,-1011.0895
20240826,-1010.8882
20240826,-1010.2419
20240826,-1009.9902
20240826,-1008.4033
20240826,-1007.8023
20240826,-1008.854
20240826,-1008.5786
20240826,-1008.0035
20240826,-1007.5743
20240826,-1007.1455
20240826,-1008.345
20240826,-1009.6344
20240826,-1008.317
20240826,-1008.0876
20240826,-1008.3476
20240826,-1009.3961
20240826,-1007.8175
20240827,-1008.8783
20240827,-1009.9019
20240827,-1009.9288
20240827,-1011.2145
20240827,-1009.9004
20240827,-1010.9813
20240827,-1010.541
20240827,-1011.7352
20240827,-1012.8233
20240827,-1014.0273
20240827,-1015.194
20240827,-1014.8718
20240827,-1016.2937
20240827,-1017.5626
20240827,-1018.6509
20240827,-1018.3846
20240828,-1019.4441
20240828,-1019.0672
20240828,-1020.1459
20240828,-1016.8608
20240828,-1016.8681
20240828,-1016.4101
20240828,-1015.7546
20240828,-1015.3088
20240828,-1015.2118
20240828,-1014.7314
20240828,-1013.8814
20240828,-1014.9941
20240828,-1013.3938
20240828,-1014.4782
20240828,-1013.3192
20240828,-1013.0929
20240828,-1015.478
20240828,-1018.8725
20240828,-1020.8726
20240828,-1022.1469
20240828,-1021.9779
20240828,-1023.149
20240829,-1022.701
20240829,-1023.7865
20240829,-1024.8297
20240829,-1024.8081
20240829,-1025.8593
20240829,-1025.7075
20240829,-1025.2157
20240829,-1026.2916
20240829,-1025.1416
20240829,-1024.7386
20240829,-1023.6223
20240829,-1022.034
20240829,-1023.1401
20240829,-1024.2028
20240830,-1025.2283
20240830,-1026.2975
20240830,-1025.8799
20240830,-1025.6725
20240830,-1024.9598
20240830,-1024.5321
20240830,-1025.574
20240830,-1024.7252
20240830,-1023.6993
20240830,-1022.9931
20240830,-1022.2331
20240830,-1023.3153
20240830,-1024.4353
20240830,-1025.7627
20240830,-1023.3452
20240830,-1024.4129
20240830,-1022.8659
20240830,-1022.7344
20240903,-1022.1958
20240903,-1023.2146
20240903,-1021.5376
20240903,-1022.7051
20240903,-1020.483
20240903,-1019.7442
20240903,-1020.7937
20240903,-1020.4171
20240904,-1019.4806
20240904,-1020.6387
20240904,-1020.3119
20240904,-1019.7283
20240904,-1019.9498
20240904,-1021.4661
20240904,-1021.287
20240904,-1022.6486
20240904,-1023.7151
20240904,-1024.8741
20240904,-1024.4452
20240904,-1023.4596
20240904,-1022.9471
20240904,-1023.983
20240905,-1023.4926
20240905,-1024.6752
20240905,-1025.7784
20240905,-1024.6445
20240905,-1023.5775
20240905,-1024.6173
20240905,-1024.6342
20240905,-1025.7017
20240905,-1026.7201
20240905,-1027.7945
20240905,-1028.1515
20240905,-1029.2091
20240905,-1029.1189
20240905,-1030.3856
20240905,-1032.1655
20240905,-1033.4862
20240905,-1034.7978
20240905,-1035.8895
20240905,-1036.6141
20240906,-1035.4923
20240906,-1035.7319
20240906,-1034.878
20240906,-1033.9959
20240906,-1033.7927
20240906,-1033.7615
20240906,-1033.2829
20240906,-1031.9569
20240906,-1031.5496
20240906,-1032.6935
20240906,-1030.359
20240906,-1030.217
20240906,-1030.0575
20240906,-1029.3113
20240906,-1026.2045
20240906,-1027.2936
20240906,-1026.7269
20240906,-1026.2508
20240906,-1025.7681
20240906,-1026.0833
20240906,-1027.2566
20240906,-1028.3505
20240906,-1029.4094
20240906,-1029.0606
20240906,-1028.755
20240909,-1029.782
20240909,-1030.7993
20240909,-1031.8786
20240909,-1032.9056
20240909,-1031.6696
20240909,-1030.6497
20240909,-1030.2278
20240909,-1031.3508
20240909,-1031.2147
20240909,-1030.7529
20240909,-1030.4119
20240909,-1031.4472
20240909,-1032.4998
20240909,-1033.5426
20240909,-1034.598
20240910,-1034.1553
20240910,-1033.6876
20240910,-1033.1999
20240910,-1032.4908
20240910,-1031.9937
20240910,-1031.7304
20240910,-1031.2651
20240910,-1030.847
20240910,-1030.7196
20240910,-1030.2244
20240910,-1029.5709
20240910,-1029.0959
20240910,-1028.6716
20240910,-1029.686
20240910,-1030.7085
20240910,-1030.267
20240910,-1029.594
20240910,-1031.375
20240910,-1033.1174
20240910,-1032.9248
20240910,-1031.0342
20240910,-1030.6352
20240910,-1031.7598
20240910,-1032.8238
20240911,-1032.3895
20240911,-1033.4273
20240911,-1033.103
20240911,-1032.3683
20240911,-1031.8949
20240911,-1032.919
20240911,-1034.9191
20240911,-1034.3823
20240911,-1034.6501
20240911,-1035.6734
20240911,-1036.7145
20240911,-1036.2476
20240911,-1035.7775
20240911,-1035.3271
20240911,-1036.3605
20240911,-1037.4416
20240911,-1036.2552
20240911,-1037.3093
20240911,-1038.3575
20240911,-1036.8155
20240911,-1036.3917
20240912,-1037.5031
20240912,-1037.4198
20240912,-1038.4953
20240912,-1037.685
20240912,-1037.2641
20240912,-1036.9055
20240912,-1036.5684
20240912,-1036.6541
20240912,-1036.2047
20240912,-1035.7703
20240912,-1036.8137
20240912,-1037.9512
20240912,-1038.2972
20240912,-1037.629
20240912,-1038.6885
20240912,-1038.2501
20240913,-1039.332
20240913,-1040.3902
20240913,-1038.7047
20240913,-1038.7682
20240913,-1039.8021
20240913,-1040.8406
20240913,-1039.1895
20240913,-1038.3403
20240913,-1037.8649
20240913,-1038.93
20240913,-1040.1371
20240913,-1040.5696
20240916,-1041.6267
20240916,-1042.6607
20240916,-1043.6978
20240916,-1044.7243
20240916,-1044.2939
20240916,-1045.3493
20240916,-1043.898
20240916,-1044.9303
20240916,-1045.9524
20240916,-1046.9735
20240916,-1046.8178
20240916,-1047.8359
20240916,-1048.9114
20240916,-1049.9963
20240916,-1051.3228
20240916,-1050.7964
20240916,-1057.4259
20240916,-1054.6914
20240916,-1055.7644
20240916,-1056.9572
20240917,-1058.0726
20240917,-1059.0999
20240917,-1060.1732
20240917,-1061.2461
20240917,-1062.2666
20240917,-1063.3844
20240917,-1062.5396
20240917,-1062.1871
20240917,-1063.3118
20240917,-1064.3636
20240917,-1063.9342
20240917,-1065.0291
20240917,-1064.4825
20240917,-1065.5772
20240917,-1066.7889
20240918,-1067.8838
20240918,-1069.0363
20240918,-1068.1895
20240918,-1069.3291
20240918,-1070.4274
20240918,-1071.4761
20240918,-1071.373
20240918,-1072.417
20240918,-1072.1554
20240918,-1073.3322
20240918,-1074.6808
20240918,-1075.6931
20240918,-1074.6758
20240918,-1074.2066
20240918,-1075.2379
20240919,-1076.3535
20240919,-1077.3988
20240919,-1077.2115
20240919,-1076.7514
20240919,-1076.34
20240919,-1075.9112
20240919,-1077.0082
20240919,-1078.1307
20240919,-1077.9435
20240919,-1077.5517
20240919,-1078.9732
20240919,-1080.2934
20240919,-1083.0049
20240920,-1084.0421
20240920,-1085.1009
20240920,-1086.1283
20240920,-1086.0982
20240920,-1085.6469
20240920,-1085.3653
20240920,-1086.4538
20240920,-1087.6141
20240920,-1089.1066
20240920,-1090.1684
20240920,-1088.8282
20240923,-1088.7649
20240923,-1089.7907
20240923,-1088.0907
20240923,-1087.6157
20240923,-1088.6894
20240923,-1089.7193
20240923,-1090.7915
20240923,-1089.7331
20240923,-1089.3229
20240923,-1088.5243
20240923,-1087.0933
20240923,-1088.3919
20240923,-1090.3919
20240923,-1086.9147
20240923,-1086.5259
20240923,-1087.6296
20240924,-1088.6819
20240924,-1089.7492
20240924,-1090.9356
20240924,-1090.5265
20240924,-1091.5576
20240924,-1092.9077
20240924,-1094.0215
20240924,-1092.6664
20240924,-1093.9912
20240924,-1094.3645
20240924,-1093.7529
20240924,-1095.4892
20240924,-1095.135
20240924,-1097.0809
20240925,-1098.1422
20240925,-1097.6727
20240925,-1097.2017
20240925,-1095.8267
20240925,-1095.513
20240925,-1095.5795
20240925,-1096.7265
20240925,-1096.2615
20240925,-1095.9756
20240925,-1097.0111
20240925,-1098.095
20240925,-1097.1194
20240925,-1098.157
20240925,-1097.2937
20240925,-1099.2936
20240925,-1098.2746
20240925,-1099.4507
20240925,-1100.5394
20240925,-1102.3505
20240926,-1101.8199
20240926,-1102.986
20240926,-1104.0262
20240926,-1103.5797
20240926,-1103.0951
20240926,-1104.3015
20240927,-1103.4222
20240927,-1103.4465
20240927,-1104.4779
20240927,-1104.0571
20240927,-1103.7869
20240927,-1103.0844
20240927,-1102.9788
20240927,-1102.4937
20240927,-1101.417
20240927,-1102.6627
20240927,-1103.7467
20240927,-1104.7777
20240927,-1106.1169
20240927,-1107.1893
20240927,-1107.3174
20240927,-1108.4188
20240927,-1109.5477
20240927,-1110.7209
20240927,-1112.3981
20240927,-1113.4873
20240927,-1112.4111
20240930,-1111.9472
20240930,-1110.8795
20240930,-1111.9084
20240930,-1110.7221
20240930,-1110.4009
20240930,-1111.5078
20240930,-1111.3158
20240930,-1110.6573
20240930,-1109.2434
20240930,-1110.4415
20240930,-1109.9859
20240930,-1111.0557
20240930,-1112.2578
20240930,-1113.6607
20240930,-1115.15
20240930,-1114.2923
20240930,-1115.436
20240930,-1116.4952
20240930,-1116.1727
20240930,-1115.0684
20241001,-1116.1282
20241001,-1115.8549
20241001,-1115.531
20241001,-1115.4399
20241001,-1114.496
20241001,-1114.0489
20241001,-1113.7972
20241001,-1114.8732
20241001,-1115.9657
20241001,-1117.0989
20241001,-1116.6785
20241001,-1117.753
20241001,-1117.258
20241001,-1117.5072
20241001,-1117.4837
20241002,-1118.5564
20241002,-1119.5844
20241002,-1120.5948
20241002,-1119.9522
20241002,-1119.7109
20241002,-1120.9366
20241002,-1122.3439
20241002,-1121.3654
20241002,-1122.4931
20241002,-1123.5296
20241003,-1121.9074
20241003,-1121.4494
20241003,-1122.5056
20241003,-1122.1876
20241003,-1122.1083
20241003,-1121.6811
20241003,-1122.7793
20241003,-1122.1472
20241003,-1123.1966
20241003,-1124.2306
20241003,-1125.5683
20241003,-1125.1682
20241003,-1124.8058
20241003,-1125.921
20241003,-1125.4748
20241003,-1126.5496
20241003,-1126.0849
20241003,-1125.6303
20241003,-1127.0503
20241003,-1126.9006
20241003,-1126.9102
20241003,-1128.1153
20241003,-1127.5516
20241003,-1129.1231
20241004,-1128.2342
20241004,-1127.7668
20241004,-1127.2895
20241004,-1127.1071
20241004,-1126.9903
20241004,-1128.04
20241004,-1129.073
20241004,-1128.0379
20241004,-1129.0565
20241004,-1128.7896
20241004,-1129.8501
20241004,-1129.5662
20241004,-1129.5662
20241004,-1129.61
20241004,-1128.0918
20241004,-1128.0726
20241004,-1129.2211
20241007,-1130.304
20241007,-1131.3375
20241007,-1130.856
20241007,-1131.9298
20241007,-1132.9487
20241007,-1132.2976
20241007,-1131.9825
20241007,-1133.0413
20241007,-1132.5653
20241007,-1133.6373
20241007,-1133.0861
20241007,-1129.7436
20241007,-1129.2915
20241007,-1130.462
20241008,-1129.3747
20241008,-1128.9022
20241008,-1128.0164
20241008,-1127.3372
20241008,-1125.5241
20241008,-1124.0743
20241008,-1123.6251
20241008,-1121.0444
20241008,-1122.2652
20241008,-1123.8335
20241008,-1123.504
20241008,-1123.3452
20241009,-1123.3234
20241009,-1122.9171
20241009,-1121.6099
20241009,-1120.58
20241009,-1120.4396
20241009,-1121.9135
20241009,-1123.3647
20241009,-1123.6754
20241009,-1123.4217
20241009,-1124.734
20241009,-1125.0772
20241009,-1124.6999
20241009,-1123.9469
20241009,-1123.3786
20241010,-1123.2764
20241010,-1122.9628
20241010,-1124.0797
20241010,-1125.1982
20241010,-1124.0728
20241010,-1123.0192
20241010,-1124.101
20241010,-1125.2655
20241010,-1124.6111
20241010,-1124.154
20241010,-1125.4012
20241010,-1126.5737
20241010,-1125.4796
20241010,-1126.5282
20241010,-1126.0926
20241010,-1127.4397
20241010,-1128.4669
20241011,-1129.5571
20241011,-1129.555
20241011,-1130.5994
20241011,-1131.6376
20241011,-1132.7954
20241011,-1133.8783
20241011,-1133.8878
20241011,-1135.0713
20241011,-1138.5093
20241011,-1138.0549
20241011,-1139.1854
20241011,-1140.3629
20241011,-1140.3455
20241011,-1141.9323
20241011,-1143.1492
20241014,-1141.8715
20241014,-1143.0051
20241014,-1144.0307
20241014,-1145.1126
20241014,-1145.1477
20241014,-1144.9833
20241014,-1146.0148
20241014,-1145.5364
20241014,-1145.0516
20241014,-1146.0824
20241014,-1147.1223
20241014,-1141.8065
20241014,-1143.5522
20241014,-1144.7307
20241014,-1145.9235
20241014,-1145.6524
20241014,-1145.2296
20241014,-1144.9092
20241014,-1146.0463
20241014,-1145.0845
20241015,-1144.6102
20241015,-1145.652
20241015,-1145.603
20241015,-1146.7565
20241015,-1146.2822
20241015,-1147.3552
20241015,-1148.4698
20241015,-1149.9651
20241015,-1148.6402
20241015,-1149.7813
20241015,-1150.8642
20241015,-1152.0447
20241015,-1153.1048
20241015,-1154.2317
20241015,-1155.417
20241015,-1156.7765
20241015,-1156.3994
20241015,-1157.4465
20241015,-1158.6859
20241015,-1159.7902
20241015,-1159.9218
20241016,-1158.0212
20241016,-1159.0646
20241016,-1160.3054
20241016,-1159.8393
20241016,-1160.886
20241016,-1160.9773
20241016,-1162.0486
20241016,-1163.0945
20241016,-1162.7148
20241016,-1163.8003
20241016,-1163.4315
20241016,-1163.3548
20241016,-1164.4717
20241016,-1165.545
20241016,-1165.0682
20241016,-1164.6254
20241016,-1164.4081
20241016,-1165.5749
20241016,-1165.6185
20241016,-1166.7391
20241017,-1167.7655
20241017,-1167.3982
20241017,-1166.9747
20241017,-1166.4065
20241017,-1165.9951
20241017,-1165.6258
20241017,-1166.6545
20241017,-1167.7148
20241017,-1167.9919
20241017,-1168.0172
20241017,-1169.1834
20241017,-1170.2476
20241017,-1169.7861
20241017,-1171.183
20241018,-1170.9416
20241018,-1170.5226
20241018,-1171.7033
20241018,-1167.8723
20241018,-1169.314
20241018,-1168.2931
20241018,-1165.9281
20241018,-1167.1001
20241018,-1166.84
20241018,-1168.0571
20241021,-1168.0459
20241021,-1165.7143
20241021,-1165.6562
20241021,-1165.4848
20241021,-1166.5484
20241021,-1167.6289
20241021,-1167.2286
20241021,-1166.9365
20241021,-1166.5941
20241021,-1165.4669
20241021,-1165.031
20241021,-1165.0299
20241021,-1166.1553
20241021,-1167.4144
20241021,-1169.045
20241021,-1171.5592
20241021,-1172.7563
20241021,-1173.9445
20241021,-1173.7091
20241022,-1173.2265
20241022,-1172.6844
20241022,-1173.8581
20241022,-1173.3492
20241022,-1172.6728
20241022,-1173.711
20241022,-1174.7909
20241022,-1175.825
20241022,-1177.4333
20241022,-1176.9933
20241022,-1178.1053
20241023,-1177.5664
20241023,-1178.5937
20241023,-1179.7396
20241023,-1180.8192
20241023,-1180.4227
20241023,-1180.5022
20241023,-1181.6841
20241023,-1182.8885
20241023,-1184.8886
20241023,-1186.8886
20241023,-1188.3924
20241023,-1188.073
20241023,-1187.5972
20241023,-1188.7076
20241023,-1189.8434
20241023,-1189.6973
20241024,-1190.731
20241024,-1191.7605
20241024,-1192.9051
20241024,-1194.014
20241024,-1193.6832
20241024,-1194.7016
20241024,-1195.7952
20241024,-1194.8181
20241024,-1194.5944
20241024,-1195.7235
20241024,-1197.2543
20241024,-1199.1071
20241024,-1200.1849
20241024,-1200.0657
20241024,-1201.3282
20241024,-1203.8661
20241025,-1205.1126
20241025,-1204.3946
20241025,-1205.4785
20241025,-1206.6292
20241025,-1205.7032
20241025,-1205.2971
20241025,-1206.417
20241025,-1207.7233
20241025,-1209.2146
20241025,-1208.7617
20241025,-1210.3563
20241025,-1211.4351
20241025,-1212.5898
20241025,-1213.9861
20241025,-1215.0674
20241028,-1216.1315
20241028,-1217.2797
20241028,-1218.4673
20241028,-1218.1018
20241028,-1219.1984
20241028,-1220.4893
20241028,-1220.0286
20241028,-1221.083
20241028,-1220.7064
20241028,-1220.3162
20241029,-1219.2349
20241029,-1218.1689
20241029,-1219.1818
20241029,-1220.2204
20241029,-1218.1427
20241029,-1219.2242
20241029,-1220.3664
20241029,-1221.7097
20241029,-1221.5451
20241029,-1221.3983
20241029,-1222.5156
20241030,-1223.6336
20241030,-1223.5504
20241030,-1222.3821
20241030,-1221.3655
20241030,-1222.3915
20241030,-1223.5508
20241030,-1224.684
20241030,-1223.5897
20241030,-1224.6378
20241031,-1225.6863
20241031,-1225.6319
20241031,-1224.6243
20241031,-1224.5157
20241031,-1224.047
20241031,-1225.2119
20241031,-1224.5334
20241031,-1223.6274
20241031,-1221.501
20241031,-1219.8679
20241031,-1219.6414
20241031,-1220.7709
20241031,-1222.0205
20241031,-1221.6193
20241031,-1222.663
20241101,-1223.6824
20241101,-1223.63
20241101,-1222.8139
20241101,-1222.9402
20241101,-1224.159
20241101,-1225.2315
20241101,-1224.8938
20241101,-1226.5208
20241101,-1227.8119
20241104,-1228.9752
20241104,-1229.9911
20241104,-1231.6611
20241104,-1231.2234
20241104,-1230.9296
20241104,-1232.2073
20241104,-1234.7548
20241105,-1234.0962
20241105,-1233.003
20241105,-1234.0668
20241105,-1233.1406
20241105,-1234.245
20241105,-1235.6724
20241105,-1237.2895
20241105,-1239.8072
20241105,-1241.0043
20241105,-1242.5058
20241105,-1243.7036
20241105,-1244.8673
20241105,-1246.0291
20241105,-1245.7579
20241106,-1246.7752
20241106,-1245.7816
20241106,-1246.8129
20241106,-1245.9401
20241106,-1244.8057
20241106,-1243.5702
20241106,-1244.6281
20241106,-1243.5469
20241106,-1244.9146
20241106,-1243.3413
20241106,-1245.3613
20241106,-1243.5325
20241106,-1243.2216
20241106,-1244.3142
20241106,-1245.4422
20241106,-1247.6381
20241106,-1248.7427
20241107,-1248.2728
20241107,-1249.4383
20241107,-1248.9547
20241107,-1248.7231
20241107,-1248.3213
20241107,-1249.3605
20241107,-1250.4021
20241107,-1249.0461
20241107,-1250.0796
20241107,-1249.0931
20241107,-1250.1999
20241107,-1251.3105
20241107,-1249.7181
20241107,-1250.8157
20241107,-1250.1026
20241107,-1249.6531
20241107,-1247.7116
20241107,-1249.075
20241107,-1248.6514
20241107,-1249.8049
20241108,-1248.7685
20241108,-1249.803
20241108,-1247.0932
20241108,-1247.07
20241108,-1246.585
20241108,-1246.0914
20241108,-1247.118
20241108,-1242.5522
20241108,-1242.152
20241108,-1240.4601
20241108,-1241.5175
20241108,-1241.068
20241108,-1242.2155
20241108,-1241.8144
20241108,-1243.2951
20241108,-1242.7521
20241111,-1242.3307
20241111,-1241.4936
20241111,-1242.5822
20241111,-1243.6332
20241111,-1243.1424
20241111,-1244.1727
20241111,-1245.5028
20241111,-1246.5731
20241111,-1246.1481
20241111,-1245.654
20241111,-1246.9709
20241111,-1248.238
20241111,-1247.8146
20241111,-1249.3794
20241111,-1249.8751
20241111,-1251.1016
20241111,-1252.6353
20241111,-1254.6354
20241112,-1255.6803
20241112,-1256.7384
20241112,-1256.2604
20241112,-1255.8301
20241112,-1257.175
20241112,-1258.2263
20241112,-1259.25
20241112,-1259.1612
20241112,-1258.4303
20241112,-1257.2958
20241112,-1257.0109
20241112,-1256.5833
20241112,-1257.7468
20241112,-1259.0959
20241112,-1260.4162
20241112,-1261.4728
20241112,-1263.4729
20241112,-1264.5786
20241112,-1264.2708
20241112,-1263.2321
20241112,-1264.2533
20241112,-1265.3724
20241112,-1266.5177
20241112,-1265.199
20241113,-1264.7391
20241113,-1264.3155
20241113,-1263.5674
20241113,-1262.7039
20241113,-1262.2415
20241113,-1261.0098
20241113,-1260.5382
20241113,-1260.0774
20241113,-1259.7326
20241113,-1259.7042
20241113,-1259.2137
20241113,-1258.6682
20241113,-1257.3834
20241113,-1256.097
20241113,-1256.1452
20241113,-1255.6668
20241113,-1257.4167
20241113,-1257.0808
20241113,-1258.3258
20241113,-1257.095
20241113,-1256.7459
20241114,-1257.8014
20241114,-1258.8443
20241114,-1259.8703
20241114,-1260.9395
20241114,-1260.4705
20241114,-1261.5646
20241114,-1261.0707
20241114,-1262.1452
20241114,-1261.8537
20241114,-1261.157
20241114,-1261.067
20241114,-1260.5606
20241114,-1259.3567
20241114,-1260.6509
20241114,-1262.3278
20241114,-1262.1853
20241114,-1263.8177
20241114,-1264.8837
20241115,-1264.6974
20241115,-1264.7047
20241115,-1265.7401
20241115,-1264.1958
20241115,-1265.2419
20241115,-1264.7821
20241115,-1264.3412
20241115,-1263.9073
20241115,-1262.7676
20241115,-1263.8917
20241115,-1263.4527
20241115,-1263.4527
20241115,-1263.0701
20241118,-1264.2279
20241118,-1263.7576
20241118,-1264.805
20241118,-1263.6603
20241118,-1264.9363
20241118,-1266.0047
20241118,-1267.0891
20241118,-1268.2979
20241118,-1267.5208
20241118,-1268.6114
20241118,-1269.7347
20241118,-1270.86
20241119,-1271.9094
20241119,-1271.6084
20241119,-1272.6496
20241119,-1272.3724
20241119,-1268.3931
20241119,-1269.5686
20241119,-1270.8366
20241119,-1270.7548
20241119,-1270.627
20241120,-1271.6468
20241120,-1271.7461
20241120,-1270.7813
20241120,-1271.8355
20241120,-1272.8633
20241120,-1272.9169
20241120,-1273.9623
20241120,-1273.6573
20241120,-1273.2544
20241120,-1273.1892
20241120,-1273.9697
20241120,-1274.5624
20241121,-1275.6042
20241121,-1276.6376
20241121,-1276.1506
20241121,-1276.0456
20241121,-1275.7948
20241121,-1275.3017
20241121,-1274.5693
20241121,-1272.9285
20241121,-1273.9901
20241121,-1272.6037
20241121,-1272.5599
20241121,-1273.6831
20241121,-1275.3723
20241121,-1277.2286
20241122,-1278.2941
20241122,-1279.3594
20241122,-1278.175
20241122,-1277.7476
20241122,-1277.6544
20241122,-1278.6896
20241122,-1279.7604
20241122,-1280.8314
20241122,-1281.862
20241122,-1282.8726
20241122,-1282.7495
20241122,-1283.8244
20241122,-1284.8762
20241122,-1284.168
20241122,-1285.2875
20241122,-1284.8174
20241122,-1286.824
20241122,-1288.8308
20241122,-1290.1808
20241122,-1291.8112
20241122,-1292.8597
20241122,-1294.2479
20241125,-1293.7823
20241125,-1293.5292
20241125,-1293.1237
20241125,-1294.5092
20241125,-1292.5881
20241125,-1291.7339
20241125,-1291.9892
20241125,-1291.5126
20241125,-1291.3079
20241126,-1292.3713
20241126,-1293.4132
20241126,-1293.4284
20241126,-1294.4508
20241126,-1295.4712
20241126,-1295.2439
20241126,-1296.368
20241126,-1295.5705
20241126,-1296.7675
20241126,-1297.8497
20241126,-1299.1561
20241126,-1298.7313
20241126,-1299.8511
20241127,-1300.9109
20241127,-1300.4345
20241127,-1299.9852
20241127,-1301.1647
20241127,-1300.7035
20241127,-1299.9682
20241127,-1301.1174
20241127,-1300.0605
20241127,-1301.1375
20241127,-1302.192
20241127,-1303.7321
20241127,-1304.8917
20241127,-1304.763
20241127,-1306.0374
20241127,-1307.2568
20241127,-1306.8512
20241127,-1307.1897
20241127,-1306.7154
20241127,-1308.1672
20241129,-1309.3309
20241129,-1310.342
20241129,-1311.4293
20241129,-1312.8554
20241129,-1312.9816
20241129,-1314.1741
20241202,-1313.9012
20241202,-1313.2767
20241202,-1312.7895
20241202,-1312.3438
20241202,-1311.9187
20241202,-1311.2094
20241202,-1309.2247
20241202,-1311.3303
20241202,-1312.576
20241202,-1313.9999
20241202,-1313.5772
20241202,-1314.6723
20241202,-1313.1505
20241203,-1312.7621
20241203,-1312.6331
20241203,-1313.7197
20241203,-1313.2398
20241203,-1314.3419
20241203,-1313.266
20241203,-1312.7923
20241203,-1312.386
20241203,-1312.1539
20241203,-1311.7095
20241203,-1311.2572
20241203,-1312.3648
20241203,-1311.8972
20241203,-1314.3941
20241203,-1316.0532
20241203,-1315.5915
20241203,-1315.211
20241203,-1314.8312
20241204,-1314.8624
20241204,-1316.0256
20241204,-1316.0717
20241204,-1314.9054
20241204,-1313.7444
20241204,-1313.2645
20241204,-1314.3012
20241204,-1313.8802
20241204,-1313.07
20241204,-1311.4735
20241204,-1311.0251
20241204,-1312.0957
20241204,-1313.3604
20241204,-1312.296
20241204,-1313.6272
20241204,-1311.4576
20241205,-1312.5011
20241205,-1311.7559
20241205,-1312.9324
20241205,-1312.7194
20241205,-1313.8975
20241205,-1313.4449
20241205,-1315.7492
20241205,-1315.7063
20241205,-1316.8098
20241205,-1317.9304
20241205,-1316.6377
20241205,-1317.7505
20241205,-1317.4478
20241205,-1317.2635
20241205,-1318.362
20241205,-1319.4133
20241206,-1318.9443
20241206,-1320.0728
20241206,-1321.1086
20241206,-1320.6415
20241206,-1319.8073
20241206,-1319.3638
20241206,-1319.2784
20241206,-1320.3251
20241206,-1322.0416
20241206,-1323.1298
20241206,-1322.7239
20241206,-1321.7542
20241206,-1321.27
20241206,-1322.6992
20241206,-1323.9329
20241206,-1323.5821
20241206,-1325.2895
20241206,-1323.8811
20241206,-1322.689
20241209,-1323.7983
20241209,-1324.8343
20241209,-1323.364
20241209,-1322.879
20241209,-1321.6816
20241209,-1322.7066
20241209,-1323.7519
20241209,-1323.6967
20241209,-1323.5759
20241209,-1325.4377
20241209,-1326.6086
20241209,-1327.2025
20241209,-1328.5958
20241209,-1330.8097
20241209,-1329.7102
20241209,-1330.9925
20241209,-1330.7982
20241210,-1331.8373
20241210,-1332.8508
20241210,-1332.3756
20241210,-1331.9341
20241210,-1331.5578
20241210,-1331.212
20241210,-1332.2363
20241210,-1333.2763
20241210,-1334.7074
20241210,-1336.1207
20241210,-1337.1998
20241210,-1338.4399
20241210,-1337.984
20241210,-1339.0814
20241210,-1340.1896
20241211,-1339.1673
20241211,-1338.6282
20241211,-1339.6902
20241211,-1339.2053
20241211,-1340.2731
20241211,-1338.799
20241211,-1339.9102
20241211,-1340.9556
20241211,-1342.0045
20241211,-1343.0615
20241211,-1342.611
20241211,-1343.6948
20241211,-1343.2914
20241211,-1344.5224
20241211,-1345.5993
20241212,-1344.2567
20241212,-1343.8551
20241212,-1343.4341
20241212,-1342.9745
20241212,-1344.0035
20241212,-1345.0854
20241212,-1344.6491
20241212,-1346.1961
20241212,-1347.3151
20241212,-1346.9057
20241212,-1348.0526
20241212,-1349.1239
20241212,-1350.5001
20241212,-1351.5357
20241213,-1352.7498
20241213,-1352.8473
20241213,-1353.8584
20241213,-1353.4911
20241213,-1354.6731
20241213,-1355.7215
20241213,-1357.7273
20241213,-1358.7543
20241213,-1359.8302
20241213,-1359.3946
20241213,-1359.3946
20241213,-1361.3947
20241213,-1362.5532
20241213,-1364.8586
20241213,-1367.024
20241213,-1367.3772
20241216,-1367.3371
20241216,-1366.646
20241216,-1367.6531
20241216,-1367.165
20241216,-1365.1953
20241216,-1364.1086
20241216,-1363.3997
20241216,-1362.9323
20241216,-1362.5179
20241216,-1362.0474
20241216,-1359.576
20241216,-1360.7444
20241216,-1360.676
20241216,-1362.2034
20241216,-1363.4384
20241216,-1364.5887
20241216,-1364.133
20241216,-1365.2127
20241216,-1366.413
20241216,-1367.9781
20241217,-1369.018
20241217,-1370.0454
20241217,-1369.5854
20241217,-1370.835
20241217,-1370.3977
20241217,-1371.5107
20241217,-1372.6823
20241217,-1373.871
20241217,-1373.3643
20241217,-1373.0286
20241217,-1374.7969
20241217,-1375.8505
20241217,-1376.8851
20241217,-1378.3835
20241218,-1377.673
20241218,-1377.3792
20241218,-1377.0038
20241218,-1378.0717
20241218,-1377.6414
20241218,-1375.9309
20241218,-1375.9565
20241218,-1377.2374
20241218,-1376.7989
20241218,-1376.2944
20241218,-1375.9934
20241218,-1375.859
20241218,-1373.0128
20241218,-1372.5252
20241218,-1371.8994
20241218,-1370.6903
20241218,-1370.2289
20241218,-1368.5176
20241218,-1367.9337
20241218,-1367.0829
20241219,-1366.6181
20241219,-1366.4685
20241219,-1367.5112
20241219,-1368.5364
20241219,-1369.5584
20241219,-1368.3786
20241219,-1368.2274
20241219,-1367.8637
20241219,-1368.8804
20241219,-1368.5718
20241219,-1368.0937
20241219,-1367.6222
20241219,-1367.0909
20241219,-1366.5429
20241219,-1366.0773
20241219,-1367.2983
20241219,-1366.9321
20241220,-1367.9586
20241220,-1366.9705
20241220,-1366.3125
20241220,-1365.8401
20241220,-1365.4517
20241220,-1366.7227
20241223,-1366.6569
20241223,-1367.6984
20241223,-1367.2328
20241223,-1368.2607
20241223,-1366.4981
20241223,-1366.0747
20241223,-1366.2138
20241223,-1366.0844
20241223,-1365.9362
20241223,-1366.9632
20241223,-1367.9716
20241223,-1366.5873
20241223,-1366.7344
20241223,-1366.6844
20241223,-1366.4287
20241223,-1367.5361
20241223,-1367.0814
20241223,-1368.294
20241223,-1368.2327
20241223,-1367.8378
20241223,-1368.9846
20241224,-1370.019
20241224,-1371.0582
20241224,-1368.6723
20241224,-1369.7164
20241224,-1369.2734
20241224,-1367.5098
20241224,-1367.0612
20241224,-1366.8699
20241224,-1366.9146
20241226,-1368.0125
20241226,-1369.2112
20241226,-1370.3419
20241226,-1371.4259
20241226,-1369.2667
20241226,-1368.8176
20241226,-1369.9362
20241226,-1371.0018
20241226,-1370.6432
20241226,-1369.7955
20241226,-1369.7507
20241226,-1370.9128
20241226,-1370.6811
20241226,-1369.8627
20241226,-1371.5997
20241226,-1370.3992
20241227,-1371.459
20241227,-1372.5587
20241227,-1373.7453
20241227,-1373.6772
20241227,-1374.8592
20241227,-1374.1969
20241227,-1373.7846
20241227,-1374.9461
20241227,-1374.5374
20241227,-1375.6423
20241227,-1375.1718
20241227,-1376.2319
20241227,-1377.5211
20241227,-1379.1957
20241227,-1380.7387
20241227,-1382.0792
20241227,-1383.4587
20241227,-1384.5303
20241227,-1384.1377
20241227,-1385.2201
20241230,-1386.257
20241230,-1385.9309
20241230,-1386.9907
20241230,-1388.0308
20241230,-1389.0649
20241230,-1390.1299
20241230,-1391.1678
20241230,-1392.2333
20241230,-1393.2542
20241230,-1394.2764
20241230,-1395.4198
20241230,-1395.0081
20241230,-1395.093
20241230,-1396.2863
20241231,-1397.4242
20241231,-1397.0426
20241231,-1396.6711
20241231,-1397.7108
20241231,-1397.5999
20241231,-1398.6301
20241231,-1398.5144
20241231,-1399.5277
20241231,-1398.6321
20241231,-1397.6089
20241231,-1396.5596
20241231,-1395.5552
20241231,-1395.0788
20241231,-1396.1645
20241231,-1395.9211
20241231,-1396.9936
20241231,-1398.1132
20241231,-1399.1529
20241231,-1399.0929
20241231,-1400.1141
20241231,-1401.702
20241231,-1402.7608
20241231,-1402.724
20250102,-1402.3334
20250102,-1402.3081
20250102,-1403.3828
20250102,-1404.4233
20250102,-1404.043
20250102,-1403.6339
20250102,-1404.6784
20250102,-1403.8652
20250102,-1404.8947
20250102,-1404.4874
20250102,-1404.0034
20250102,-1404.6923
20250102,-1404.5024
20250102,-1403.9731
20250102,-1403.5306
20250102,-1404.7635
20250102,-1405.8339
20250102,-1407.1566
20250103,-1406.4042
20250103,-1406.3463
20250103,-1407.3812
20250103,-1407.1258
20250103,-1408.3678
20250103,-1409.4063
20250103,-1406.8921
20250103,-1406.4971
20250103,-1405.2272
20250103,-1406.7246
20250103,-1407.7858
20250103,-1406.5732
20250106,-1406.0971
20250106,-1405.6106
20250106,-1405.2727
20250106,-1404.6083
20250106,-1405.886
20250106,-1406.9482
20250106,-1405.911
20250106,-1405.378
20250106,-1404.6117
20250106,-1404.2356
20250106,-1406.0292
20250106,-1405.5963
20250106,-1406.6322
20250106,-1406.3455
20250106,-1407.3941
20250107,-1406.9128
20250107,-1407.9281
20250107,-1408.9674
20250107,-1410.7007
20250107,-1409.9021
20250107,-1409.6769
20250107,-1407.9797
20250107,-1407.7133
20250107,-1404.0183
20250107,-1405.4705
20250107,-1406.5938
20250107,-1402.9418
20250107,-1402.5288
20250107,-1403.8526
20250107,-1403.2242
20250107,-1403.1642
20250108,-1402.3301
20250108,-1403.3811
20250108,-1402.9034
20250108,-1403.9342
20250108,-1405.0257
20250108,-1404.5922
20250108,-1405.6286
20250108,-1405.6368
20250108,-1406.6987
20250108,-1406.0005
20250108,-1405.7421
20250108,-1405.4961
20250108,-1404.7126
20250108,-1406.0358
20250108,-1407.1353
20250108,-1408.2407
20250108,-1407.9751
20250108,-1407.5172
20250110,-1407.0315
20250110,-1406.0007
20250110,-1405.517
20250110,-1405.3403
20250110,-1406.3635
20250110,-1405.44
20250110,-1405.0533
20250110,-1404.3634
20250110,-1403.9271
20250110,-1403.2653
20250110,-1402.5583
20250110,-1403.58
20250110,-1404.613
20250110,-1404.0221
20250110,-1405.0302
20250110,-1406.0716
20250110,-1407.1305
20250110,-1408.1769
20250110,-1409.4012
20250110,-1410.4929
20250110,-1410.0274
20250110,-1409.0193
20250110,-1410.123
20250110,-1409.6799
20250110,-1411.0058
20250110,-1412.1962
20250113,-1411.7858
20250113,-1411.4089
20250113,-1412.5237
20250113,-1412.6553
20250113,-1414.1701
20250113,-1414.1739
20250113,-1413.9215
20250113,-1413.6267
20250114,-1413.4423
20250114,-1412.6943
20250114,-1412.7016
20250114,-1413.7499
20250114,-1414.7853
20250114,-1414.329
20250114,-1413.9885
20250114,-1414.9991
20250114,-1416.0614
20250114,-1417.0792
20250114,-1418.2119
20250114,-1419.2934
20250114,-1420.3215
20250114,-1421.3594
20250114,-1420.9208
20250114,-1418.5006
20250114,-1417.8748
20250114,-1417.52
20250114,-1417.0498
20250114,-1418.1485
20250114,-1419.2509
20250114,-1418.3212
20250114,-1417.9101
20250114,-1418.9841
20250114,-1414.646
20250115,-1415.7313
20250115,-1415.0771
20250115,-1413.6547
20250115,-1414.7038
20250115,-1414.2341
20250115,-1413.7448
20250115,-1414.8282
20250115,-1415.9042
20250115,-1414.1115
20250115,-1413.4852
20250115,-1414.5186
20250115,-1415.5854
20250115,-1415.0242
20250115,-1414.6179
20250115,-1414.5035
20250115,-1413.9054
20250115,-1415.3274
20250115,-1415.2008
20250115,-1415.178
20250116,-1414.894
20250116,-1414.4243
20250116,-1413.1573
20250116,-1412.8274
20250116,-1412.5781
20250116,-1413.6487
20250116,-1415.1427
20250116,-1416.2036
20250116,-1417.3121
20250116,-1420.0283
20250117,-1419.8178
20250117,-1420.9158
20250117,-1421.9855
20250117,-1421.4969
20250117,-1421.0163
20250117,-1420.9472
20250117,-1422.0084
20250117,-1421.9154
20250117,-1421.4257
20250117,-1422.4912
20250117,-1423.5343
20250117,-1423.1623
20250117,-1422.9209
20250117,-1424.0963
20250117,-1423.998
20250117,-1425.0661
20250117,-1426.1574
20250117,-1425.8309
20250117,-1426.9576
20250117,-1424.8644
20250117,-1424.461
20250121,-1425.7081
20250121,-1425.2194
20250121,-1426.2455
20250121,-1424.9534
20250121,-1423.674
20250121,-1424.7076
20250121,-1424.2304
20250121,-1422.062
20250121,-1421.6348
20250121,-1421.1032
20250121,-1422.8325
20250121,-1424.001
20250121,-1423.5574
20250121,-1422.4304
20250121,-1421.6936
20250121,-1421.1143
20250121,-1420.9523
20250121,-1422.0237
20250121,-1423.0509
20250121,-1424.1061
20250121,-1425.7822
20250122,-1425.3218
20250122,-1426.3886
20250122,-1427.4395
20250122,-1428.4663
20250122,-1429.4955
20250122,-1429.0659
20250122,-1427.7349
20250122,-1427.7171
20250122,-1428.8395
20250122,-1428.8894
20250122,-1429.9816
20250122,-1431.1487
20250122,-1432.249
20250122,-1431.1809
20250122,-1430.7199
20250122,-1430.6529
20250122,-1431.7274
20250122,-1432.7668
20250122,-1434.0945
20250122,-1435.1821
20250123,-1434.9775
20250123,-1436.1659
20250123,-1437.1863
20250123,-1436.7266
20250123,-1437.7595
20250123,-1438.8227
20250123,-1439.8684
20250123,-1441.0958
20250123,-1440.2094
20250123,-1439.7599
20250123,-1439.3058
20250123,-1439.253
20250123,-1440.2977
20250123,-1439.8925
20250123,-1439.8667
20250123,-1439.6102
20250123,-1440.6338
20250123,-1440.1899
20250123,-1441.2487
20250123,-1440.9386
20250123,-1440.5301
20250124,-1441.7446
20250124,-1442.8162
20250124,-1443.8248
20250124,-1443.7661
20250124,-1444.7888
20250124,-1443.0657
20250124,-1442.601
20250124,-1443.6381
20250124,-1444.6755
20250124,-1444.7536
20250124,-1444.2624
20250124,-1443.8284
20250124,-1443.402
20250124,-1443.2927
20250124,-1442.5649
20250124,-1442.3333
20250124,-1440.3146
20250124,-1436.8477
20250127,-1436.6544
20250127,-1436.3722
20250127,-1436.0467
20250127,-1437.1373
20250127,-1435.1782
20250127,-1436.1965
20250127,-1437.2168
20250127,-1438.2462
20250127,-1439.3911
20250127,-1440.4168
20250127,-1441.4605
20250127,-1442.5785
20250127,-1443.6749
20250127,-1442.2935
20250127,-1444.2934
20250127,-1445.4969
20250127,-1444.6924
20250127,-1444.245
20250127,-1445.2923
20250128,-1444.332
20250128,-1444.1222
20250128,-1442.984
20250128,-1441.4095
20250128,-1442.5533
20250128,-1443.5912
20250128,-1444.7927
20250128,-1445.9058
20250128,-1445.8794
20250128,-1445.2007
20250128,-1446.2587
20250128,-1445.7785
20250128,-1446.9855
20250129,-1446.1909
20250129,-1445.4345
20250129,-1446.4489
20250129,-1446.3336
20250129,-1447.4757
20250129,-1447.0086
20250129,-1445.9624
20250129,-1445.7008
20250129,-1445.2604
20250129,-1446.3211
20250129,-1445.8339
20250129,-1446.9804
20250129,-1446.547
20250129,-1446.2095
20250129,-1447.5794
20250129,-1449.1574
20250129,-1450.2596
20250129,-1451.563
20250129,-1452.6533
20250130,-1453.6661
20250130,-1454.6974
20250130,-1455.9434
20250130,-1456.9609
20250130,-1456.505
20250130,-1457.5503
20250130,-1458.7596
20250130,-1458.7661
20250130,-1458.4139
20250130,-1458.0683
20250130,-1459.2231
20250130,-1457.7441
20250130,-1458.8392
20250130,-1458.447
20250130,-1458.0177
20250131,-1457.5296
20250131,-1458.598
20250131,-1459.6408
20250131,-1460.7617
20250131,-1460.2905
20250131,-1459.8572
20250131,-1460.8856
20250131,-1460.4052
20250131,-1459.9232
20250131,-1460.0064
20250131,-1460.0051
20250131,-1461.0574
20250131,-1462.0884
20250131,-1461.7654
20250131,-1462.8758
20250131,-1463.1963
20250131,-1462.9435
20250131,-1464.0236
20250131,-1463.4441
20250203,-1464.5711
20250203,-1465.5958
20250203,-1464.405
20250203,-1463.2318
20250203,-1463.11
20250203,-1463.0777
20250203,-1462.5047
20250203,-1463.5499
20250203,-1467.8457
20250203,-1467.4763
20250204,-1468.6352
20250204,-1468.5331
20250204,-1467.537
20250204,-1467.1538
20250204,-1466.6831
20250204,-1466.6831
20250204,-1465.7158
20250204,-1465.26
20250204,-1465.3316
20250204,-1464.8864
20250204,-1465.1223
20250204,-1464.6478
20250204,-1464.1812
20250204,-1463.9373
20250204,-1465.5081
20250204,-1466.8076
20250204,-1467.9466
20250204,-1467.4473
20250205,-1468.4869
20250205,-1468.3531
20250205,-1467.8873
20250205,-1467.8394
20250205,-1464.4533
20250205,-1465.5582
20250205,-1463.1987
20250205,-1464.3135
20250205,-1464.2864
20250205,-1465.4879
20250205,-1465.2738
20250205,-1464.8272
20250205,-1465.8462
20250205,-1464.7581
20250205,-1464.3642
20250205,-1465.4745
20250206,-1465.0324
20250206,-1463.9678
20250206,-1463.699
20250206,-1464.716
20250206,-1464.5946
20250206,-1465.6974
20250206,-1466.7434
20250206,-1467.7937
20250206,-1467.1009
20250206,-1468.1424
20250206,-1467.7486
20250206,-1470.4703
20250206,-1471.5516
20250206,-1472.9228
20250206,-1474.2042
20250206,-1474.0913
20250207,-1475.2356
20250207,-1474.4645
20250207,-1475.516
20250207,-1475.5365
20250207,-1476.5918
20250207,-1476.0728
20250207,-1477.2247
20250207,-1478.3544
20250207,-1478.3295
20250207,-1477.9028
20250207,-1479.197
20250207,-1478.1777
20250207,-1479.5075
20250207,-1479.4576
20250210,-1479.4229
20250210,-1479.112
20250210,-1480.1653
20250210,-1479.7765
20250210,-1479.2237
20250210,-1479.401
20250210,-1479.0791
20250210,-1477.9839
20250210,-1479.3586
20250210,-1478.929
20250210,-1480.0685
20250210,-1479.1162
20250210,-1475.3632
20250210,-1477.6765
20250210,-1478.8042
20250210,-1476.6386
20250210,-1477.7694
20250211,-1477.5588
20250211,-1477.098
20250211,-1476.8073
20250211,-1476.5939
20250211,-1475.937
20250211,-1474.8021
20250211,-1474.3729
20250211,-1470.5727
20250211,-1470.2271
20250211,-1469.5308
20250211,-1470.7063
20250211,-1472.5316
20250211,-1473.8398
20250211,-1474.9645
20250211,-1474.5767
20250211,-1476.9535
20250211,-1476.4902
20250212,-1476.4144
20250212,-1476.0737
20250212,-1475.6975
20250212,-1476.7476
20250212,-1477.8369
20250212,-1478.8785
20250212,-1478.6397
20250212,-1479.6784
20250212,-1480.7136
20250212,-1481.7774
20250212,-1482.9732
20250212,-1481.9524
20250212,-1483.1707
20250212,-1484.2893
20250212,-1481.8344
20250212,-1483.3385
20250212,-1486.2552
20250213,-1487.2874
20250213,-1487.054
20250213,-1486.568
20250213,-1485.2292
20250213,-1486.26
20250213,-1486.1162
20250213,-1487.166
20250213,-1486.7386
20250213,-1488.0648
20250213,-1489.1743
20250213,-1490.6121
20250213,-1490.3492
20250213,-1491.5943
20250213,-1492.728
20250213,-1491.548
20250213,-1492.653
20250213,-1493.793
20250213,-1493.3105
20250213,-1494.3853
20250213,-1494.1725
20250213,-1495.7858
20250214,-1495.329
20250214,-1496.4109
20250214,-1492.7701
20250214,-1493.8068
20250214,-1494.882
20250214,-1496.0556
20250214,-1497.1647
20250214,-1498.2667
20250214,-1499.459
20250214,-1500.4925
20250214,-1501.6027
20250214,-1501.2978
20250214,-1500.8334
20250214,-1501.0408
20250218,-1499.8048
20250218,-1499.4353
20250218,-1498.3903
20250218,-1499.5129
20250218,-1500.6315
20250218,-1500.3797
20250218,-1499.8703
20250218,-1499.4106
20250218,-1500.6198
20250219,-1501.6468
20250219,-1501.2784
20250219,-1502.3417
20250219,-1503.3931
20250219,-1504.4447
20250219,-1505.5513
20250219,-1506.589
20250219,-1505.8253
20250219,-1507.3481
20250219,-1508.4099
20250219,-1509.6482
20250219,-1509.2572
20250219,-1510.3269
20250219,-1511.6433
20250219,-1510.6687
20250219,-1508.8999
20250219,-1509.9492
20250219,-1509.0292
20250220,-1508.125
20250220,-1508.1861
20250220,-1507.7262
20250220,-1507.5757
20250220,-1507.0824
20250220,-1506.8136
20250220,-1506.7174
20250220,-1506.2934
20250220,-1506.1047
20250220,-1508.2733
20250220,-1509.3561
20250220,-1510.4063
20250220,-1511.5208
20250220,-1512.8237
20250220,-1511.6906
20250220,-1512.7561
20250220,-1513.8287
20250221,-1513.5703
20250221,-1513.5394
20250221,-1513.3345
20250221,-1514.4467
20250221,-1513.9696
20250221,-1512.7987
20250221,-1512.7304
20250221,-1513.7967
20250221,-1511.2794
20250221,-1512.3311
20250221,-1512.1456
20250221,-1510.9599
20250221,-1511.9912
20250221,-1511.5364
20250221,-1511.0413
20250221,-1513.9287
20250221,-1513.5877
20250221,-1512.2795
20250221,-1511.8932
20250221,-1511.046
20250221,-1510.5142
20250221,-1510.5005
20250221,-1511.6371
20250224,-1510.4934
20250224,-1510.0179
20250224,-1508.6588
20250224,-1508.5359
20250224,-1507.4531
20250224,-1507.3296
20250224,-1506.8723
20250224,-1506.157
20250224,-1505.0638
20250224,-1504.5789
20250224,-1504.0884
20250224,-1502.768
20250224,-1502.2426
20250224,-1502.238
20250224,-1501.3117
20250224,-1500.5019
20250224,-1500.0756
20250224,-1501.127
20250224,-1502.1699
20250224,-1503.2798
20250224,-1504.6499
20250224,-1505.7924
20250224,-1505.3761
20250224,-1503.4656
20250225,-1502.4597
20250225,-1501.986
20250225,-1501.0147
20250225,-1500.7667
20250225,-1500.2755
20250225,-1498.7869
20250225,-1498.0725
20250225,-1496.9353
20250225,-1496.4719
20250225,-1495.9782
20250225,-1495.4974
20250225,-1494.8372
20250225,-1493.7738
20250225,-1493.3861
20250225,-1492.1921
20250225,-1491.7052
20250225,-1491.2116
20250225,-1490.8502
20250225,-1490.3601
20250225,-1489.5461
20250225,-1489.0705
20250225,-1488.3989
20250225,-1487.7538
20250225,-1486.969
20250225,-1486.625
20250225,-1485.8415
20250225,-1485.5087
20250225,-1484.7709
20250226,-1484.3203
20250226,-1483.846
20250226,-1484.874
20250226,-1485.8887
20250226,-1486.9871
20250226,-1488.1675
20250226,-1487.6936
20250226,-1487.2308
20250226,-1488.8495
20250226,-1488.7074
20250226,-1488.712
20250226,-1488.5241
20250226,-1488.5094
20250227,-1488.0254
20250227,-1487.7353
20250227,-1487.2545
20250227,-1486.7924
20250227,-1487.7988
20250227,-1487.2606
20250227,-1486.8466
20250227,-1487.9381
20250227,-1487.5293
20250227,-1487.105
20250227,-1486.6739
20250227,-1488.1061
20250227,-1489.6481
20250227,-1487.8347
20250227,-1487.5387
20250227,-1487.0668
20250227,-1485.7897
20250228,-1484.8504
20250228,-1485.8801
20250228,-1483.7368
20250228,-1482.9977
20250228,-1482.5294
20250228,-1483.564
20250228,-1484.6009
20250228,-1484.6885
20250228,-1484.5018
20250228,-1485.6077
20250228,-1486.8037
20250228,-1493.0338
20250228,-1492.2433
20250228,-1490.8168
20250303,-1490.4302
20250303,-1491.525
20250303,-1492.6299
20250303,-1492.1705
20250303,-1491.6916
20250303,-1488.8671
20250303,-1489.905
20250304,-1489.7962
20250304,-1489.01
20250304,-1488.5542
20250305,-1489.714
20250305,-1490.82
20250305,-1490.3835
20250305,-1491.665
20250305,-1491.6987
20250305,-1491.6206
20250305,-1490.3542
20250305,-1490.2772
20250305,-1489.8176
20250305,-1489.3709
20250305,-1488.91
20250305,-1489.9593
20250305,-1489.784
20250305,-1489.3828
20250305,-1488.9282
20250305,-1489.9541
20250305,-1491.021
20250305,-1492.6034
20250305,-1491.8183
20250306,-1491.3263
20250306,-1492.4049
20250306,-1491.9455
20250306,-1491.5198
20250306,-1493.0311
20250306,-1492.5634
20250306,-1493.5883
20250306,-1491.4615
20250306,-1492.5752
20250306,-1493.6028
20250306,-1494.695
20250306,-1495.7437
20250306,-1496.91
20250306,-1498.2155
20250306,-1499.2555
20250306,-1500.6878
20250307,-1500.3981
20250307,-1501.4342
20250307,-1501.3051
20250307,-1500.8842
20250307,-1500.3961
20250307,-1499.9568
20250307,-1500.9787
20250307,-1500.5134
20250307,-1500.2141
20250307,-1501.2319
20250307,-1501.1298
20250307,-1500.6445
20250307,-1501.6958
20250307,-1502.8011
20250307,-1503.8659
20250307,-1503.4862
20250307,-1503.1865
20250310,-1499.249
20250310,-1498.7778
20250310,-1498.2822
20250310,-1498.211
20250310,-1497.7446
20250310,-1496.7453
20250310,-1496.6324
20250310,-1496.3288
20250310,-1496.0054
20250310,-1495.6278
20250310,-1495.1591
20250310,-1496.1789
20250310,-1495.3273
20250310,-1494.0736
20250310,-1495.1094
20250310,-1494.6375
20250310,-1496.0825
20250310,-1495.5987
20250310,-1495.2263
20250310,-1494.9055
20250310,-1494.4532
20250311,-1494.2132
20250311,-1493.7765
20250311,-1492.9023
20250311,-1492.4148
20250311,-1492.3956
20250311,-1491.1062
20250311,-1490.9136
20250311,-1490.4845
20250311,-1489.7392
20250311,-1490.7585
20250311,-1490.6097
20250311,-1491.639
20250311,-1492.6502
20250311,-1492.208
20250311,-1493.2589
20250311,-1494.49
20250311,-1495.6486
20250311,-1494.3048
20250311,-1493.9281
20250311,-1493.7276
20250311,-1494.7685
20250311,-1495.8171
20250312,-1495.3377
20250312,-1494.6143
20250312,-1494.406
20250312,-1493.3227
20250312,-1491.9973
20250312,-1491.2027
20250312,-1490.5557
20250312,-1490.3897
20250312,-1488.9889
20250312,-1490.0507
20250312,-1489.8298
20250312,-1490.9481
20250312,-1489.8614
20250312,-1489.5511
20250312,-1490.7931
20250312,-1490.3529
20250312,-1489.6963
20250312,-1489.3412
20250312,-1490.4377
20250313,-1491.5317
20250313,-1491.422
20250313,-1490.9983
20250313,-1490.7687
20250313,-1490.7633
20250313,-1488.2006
20250313,-1489.317
20250313,-1489.1572
20250313,-1488.7589
20250313,-1485.567
20250313,-1484.9565
20250313,-1482.4017
20250314,-1481.3895
20250314,-1480.3841
20250314,-1481.4548
20250314,-1481.3424
20250314,-1480.8654
20250314,-1481.9425
20250314,-1481.8048
20250314,-1481.7872
20250317,-1481.7075
20250317,-1482.7426
20250317,-1483.8017
20250317,-1484.8184
20250317,-1485.9247
20250317,-1477.3078
20250317,-1476.8462
20250317,-1475.2698
20250317,-1474.8426
20250317,-1475.9545
20250317,-1474.9866
20250317,-1476.0627
20250317,-1477.1483
20250317,-1478.2244
20250317,-1479.3953
20250318,-1480.4392
20250318,-1481.4594
20250318,-1481.2312
20250318,-1482.311
20250318,-1483.4378
20250318,-1482.9995
20250318,-1482.6397
20250318,-1483.9047
20250318,-1484.9524
20250319,-1483.8743
20250319,-1483.6976
20250319,-1483.2135
20250319,-1482.2627
20250319,-1483.3358
20250319,-1482.4368
20250319,-1481.0335
20250319,-1480.053
20250319,-1481.0812
20250319,-1480.6251
20250319,-1481.6489
20250319,-1482.7663
20250319,-1484.3202
20250319,-1483.987
20250320,-1485.0411
20250320,-1486.0768
20250320,-1485.9378
20250320,-1484.4866
20250320,-1483.1953
20250320,-1482.1347
20250320,-1481.7229
20250320,-1483.4133
20250320,-1484.8347
20250320,-1486.4399
20250320,-1487.9081
20250320,-1489.0536
20250320,-1488.0593
20250320,-1487.9615
20250320,-1487.7798
20250320,-1488.8222
20250320,-1490.1862
20250320,-1491.7736
20250320,-1493.4093
20250320,-1493.1158
20250320,-1494.1679
20250320,-1493.1623
20250320,-1493.0468
20250320,-1493.1169
20250321,-1492.9749
20250321,-1494.0035
20250321,-1493.547
20250321,-1493.4503
20250321,-1492.4129
20250321,-1491.5102
20250321,-1492.5331
20250321,-1493.6468
20250321,-1493.1819
20250321,-1493.265
20250321,-1494.3775
20250324,-1493.4818
20250324,-1494.5222
20250324,-1495.5489
20250324,-1496.5755
20250324,-1496.0101
20250324,-1497.1548
20250324,-1495.9628
20250324,-1497.0702
20250324,-1496.7507
20250324,-1498.357
20250324,-1498.2363
20250324,-1496.6531
20250324,-1496.7043
20250325,-1496.4196
20250325,-1495.953
20250325,-1496.9959
20250325,-1498.0499
20250325,-1499.0938
20250325,-1498.3832
20250325,-1499.4864
20250325,-1499.272
20250325,-1498.7881
20250325,-1499.8363
20250325,-1500.9866
20250325,-1500.6108
20250325,-1501.7166
20250325,-1501.2852
20250325,-1500.867
20250325,-1502.0029
20250325,-1500.358
20250325,-1501.5032
20250326,-1502.5717
20250326,-1502.4304
20250326,-1503.5645
20250326,-1504.6128
20250326,-1504.252
20250326,-1500.5282
20250326,-1501.7337
20250326,-1503.0498
20250326,-1501.856
20250327,-1500.8327
20250327,-1500.4161
20250327,-1501.4633
20250327,-1501.0335
20250327,-1500.4822
20250327,-1500.173
20250327,-1501.3066
20250327,-1502.5431
20250327,-1503.7937
20250328,-1502.4206
20250328,-1501.3006
20250328,-1500.859
20250328,-1500.486
20250328,-1498.8811
20250328,-1498.6753
20250328,-1498.1908
20250328,-1497.3171
20250328,-1498.3647
20250328,-1499.4541
20250328,-1499.1177
20250328,-1498.8313
20250328,-1499.8892
20250328,-1499.6824
20250328,-1500.7395
20250328,-1501.8141
20250328,-1502.9028
20250328,-1501.7023
20250328,-1502.7623
20250328,-1503.8123
20250331,-1505.3961
20250331,-1506.4381
20250331,-1507.4815
20250331,-1508.5516
20250331,-1508.2079
20250331,-1509.4183
20250401,-1510.489
20250401,-1510.2006
20250401,-1509.8394
20250401,-1508.9448
20250401,-1508.7913
20250401,-1508.6682
20250401,-1508.1832
20250401,-1507.8223
20250401,-1507.3357
20250401,-1506.8812
20250401,-1505.8802
20250401,-1505.8912
20250401,-1505.4283
20250401,-1504.9597
20250401,-1505.998
20250401,-1507.0477
20250401,-1508.0882
20250401,-1507.8212
20250401,-1508.8589
20250401,-1507.6284
20250401,-1508.8046
20250401,-1508.432
20250401,-1509.5289
20250401,-1510.6885
20250401,-1510.5579
20250401,-1509.8415
20250401,-1509.2971
20250402,-1508.3427
20250402,-1508.3033
20250402,-1507.8232
20250402,-1508.8736
20250402,-1508.8736
20250402,-1509.9165
20250402,-1511.0529
20250402,-1509.1208
20250402,-1509.1255
20250402,-1510.342
20250402,-1512.2131
20250402,-1511.7276
20250402,-1510.8964
20250402,-1509.6339
20250402,-1508.2657
20250402,-1507.4057
20250402,-1507.1835
20250402,-1505.7148
20250402,-1505.6974
20250402,-1505.2419
20250402,-1504.7792
20250403,-1505.8318
20250403,-1503.6233
20250403,-1504.7334
20250403,-1504.4112
20250403,-1504.2791
20250403,-1505.315
20250403,-1506.5817
20250403,-1506.2885
20250403,-1507.8514
20250403,-1507.5601
20250403,-1509.4294
20250403,-1507.3679
20250403,-1508.4026
20250403,-1509.7
20250403,-1509.2394
20250403,-1508.981
20250403,-1510.0454
20250403,-1511.1175
20250404,-1510.6313
20250404,-1509.5411
20250404,-1508.1751
20250404,-1508.0512
20250404,-1507.5578
20250404,-1506.2319
20250404,-1507.2727
20250404,-1506.6744
20250404,-1506.1938
20250404,-1502.372
20250404,-1501.8985
20250404,-1501.4164
20250404,-1502.4411
20250404,-1503.4595
20250404,-1504.4694
20250404,-1503.8314
20250404,-1504.8769
20250404,-1505.9317
20250408,-1505.5201
20250408,-1506.527
20250408,-1507.5714
20250409,-1507.0801
20250409,-1508.1324
20250409,-1509.1597
20250409,-1510.2056
20250409,-1511.2235
20250409,-1512.2663
20250409,-1512.1817
20250409,-1511.9854
20250409,-1512.9987
20250409,-1514.0114
20250409,-1515.0224
20250409,-1516.0375
20250409,-1515.9413
20250409,-1515.6827
20250409,-1515.5971
20250409,-1515.1138
20250410,-1516.1504
20250410,-1517.3103
20250411,-1518.3412
20250411,-1519.3619
20250411,-1520.4106
20250411,-1521.4366
20250411,-1521.1579
20250411,-1520.6766
20250411,-1520.1982
20250411,-1520.3384
20250411,-1521.3617
20250411,-1520.872
20250411,-1521.8961
20250411,-1523.0018
20250411,-1522.9737
20250411,-1523.9987
20250411,-1525.0173
20250411,-1526.0365
20250411,-1527.0656
20250411,-1526.7306
20250411,-1525.978
20250411,-1527.0092
20250411,-1526.8388
20250411,-1526.4927
20250414,-1526.0597
20250414,-1527.0918
20250414,-1528.1222
20250414,-1527.983
20250414,-1529.0006
20250414,-1530.0786
20250414,-1529.5965
20250414,-1530.6624
20250414,-1530.4056
20250414,-1530.0164
20250414,-1531.2109
20250415,-1532.2469
20250415,-1533.3423
20250415,-1532.119
20250415,-1530.7358
20250415,-1530.2549
20250415,-1531.3161
20250415,-1531.1859
20250415,-1532.2011
20250415,-1533.2133
20250415,-1534.2645
20250415,-1535.3657
20250415,-1536.417
20250415,-1537.4925
20250415,-1537.0172
20250415,-1538.077
20250415,-1539.1629
20250415,-1538.8746
20250415,-1538.4226
20250415,-1537.9899
20250415,-1537.7239
20250415,-1538.7834
20250416,-1537.9273
20250416,-1538.9714
20250416,-1540.0169
20250416,-1541.0565
20250416,-1540.2413
20250416,-1541.2692
20250416,-1542.5654
20250416,-1544.2219
20250416,-1543.2219
20250416,-1544.4376
20250416,-1543.5911
20250416,-1543.6781
20250416,-1543.3383
20250416,-1542.8862
20250416,-1542.419
20250416,-1542.3291
20250416,-1543.3473
20250416,-1544.3811
20250416,-1543.2384
20250416,-1543.1023
20250416,-1542.8139
20250417,-1541.6466
20250417,-1540.9292
20250417,-1540.839
20250417,-1540.5342
20250417,-1540.0638
20250417,-1539.0308
20250417,-1538.6333
20250417,-1537.3233
20250417,-1536.8736
20250417,-1536.4071
20250417,-1537.453
20250417,-1538.5053
20250417,-1539.5488
20250417,-1540.6855
20250417,-1541.7282
20250417,-1541.2525
20250417,-1542.1111
20250417,-1543.4046
20250417,-1544.4674
20250421,-1540.7172
20250421,-1539.5483
20250421,-1537.2124
20250421,-1536.6643
20250421,-1535.8754
20250421,-1534.9477
20250421,-1534.4709
20250421,-1533.9816
20250421,-1533.7602
20250421,-1533.7393
20250421,-1532.9722
20250421,-1532.5903
20250421,-1531.433
20250421,-1532.4585
20250421,-1532.4241
20250421,-1533.5064
20250421,-1533.3639
20250421,-1534.5495
20250421,-1535.7097
20250421,-1535.2635
20250421,-1536.3231
20250421,-1537.7542
20250422,-1537.275
20250422,-1538.3633
20250422,-1539.3936
20250422,-1538.9836
20250422,-1540.0289
20250422,-1541.3462
20250422,-1540.91
20250422,-1541.953
20250423,-1540.9312
20250423,-1540.8391
20250423,-1541.8782
20250423,-1542.8886
20250423,-1542.9102
20250423,-1543.9742
20250423,-1545.0279
20250423,-1546.0415
20250423,-1545.801
20250423,-1545.6349
20250424,-1544.7851
20250424,-1544.2194
20250424,-1545.2947
20250424,-1544.9996
20250424,-1544.356
20250424,-1545.3802
20250424,-1544.8986
20250424,-1546.1442
20250424,-1547.3023
20250424,-1548.5379
20250424,-1549.6583
20250424,-1549.4273
20250425,-1548.7898
20250425,-1549.8232
20250425,-1549.3463
20250425,-1550.4394
20250425,-1549.9632
20250425,-1548.8236
20250425,-1548.3361
20250425,-1549.4187
20250425,-1550.6482
20250425,-1549.6535
20250425,-1547.6185
20250425,-1549.6186
20250425,-1551.5921
20250425,-1550.8368
20250425,-1550.3648
20250425,-1549.9306
20250425,-1550.9879
20250425,-1551.0233
20250425,-1552.5055
20250425,-1553.9431
20250425,-1552.0312
20250425,-1553.2811
20250428,-1554.3026
20250428,-1555.3732
20250428,-1556.4993
20250428,-1557.7281
20250428,-1558.7803
20250429,-1558.7609
20250429,-1559.8115
20250429,-1559.2476
20250429,-1558.2462
20250429,-1559.2751
20250429,-1560.3718
20250429,-1560.0936
20250429,-1561.1552
20250429,-1560.9599
20250429,-1560.6584
20250429,-1560.5775
20250429,-1559.5644
20250429,-1559.5617
20250429,-1560.6429
20250429,-1561.852
20250429,-1561.6208
20250429,-1562.6559
20250429,-1562.1894
20250429,-1563.2836
20250430,-1564.3125
20250430,-1563.8712
20250430,-1564.8885
20250430,-1564.6829
20250430,-1563.9727
20250430,-1562.79
20250430,-1563.983
20250430,-1565.0856
20250430,-1566.4244
20250430,-1567.4888
20250430,-1568.6719
20250501,-1569.697
20250501,-1570.7164
20250501,-1570.4851
20250501,-1571.5343
20250501,-1570.1322
20250501,-1571.1495
20250501,-1570.8025
20250501,-1570.3723
20250501,-1571.5608
20250501,-1572.6551
20250501,-1572.8281
20250501,-1574.217
20250501,-1575.3685
20250501,-1574.9339
20250502,-1574.3436
20250502,-1575.4383
20250502,-1574.9634
20250502,-1574.4724
20250502,-1574.0013
20250502,-1573.4497
20250502,-1574.5293
20250502,-1575.5879
20250502,-1576.6316
20250502,-1576.1719
20250502,-1576.0902
20250502,-1574.83
20250502,-1574.784
20250502,-1574.383
20250502,-1573.9353
20250502,-1573.506
20250502,-1574.6421
20250502,-1574.1619
20250502,-1575.1838
20250502,-1576.2074
20250502,-1577.3692
20250502,-1577.0056
20250502,-1576.859
20250502,-1578.5659
20250505,-1579.5971
20250505,-1580.6798
20250505,-1580.7148
20250505,-1581.7578
20250505,-1582.781
20250505,-1581.6881
20250505,-1581.167
20250505,-1580.8311
20250505,-1579.7952
20250505,-1580.8521
20250505,-1581.9033
20250505,-1581.0335
20250505,-1580.58
20250505,-1580.1112
20250505,-1581.1959
20250505,-1580.8862
20250505,-1580.6083
20250505,-1580.1708
20250505,-1581.2239
20250505,-1580.9655
20250505,-1580.5052
20250505,-1579.9385
20250506,-1581.0267
20250506,-1578.8479
20250506,-1578.4848
20250506,-1578.4497
20250506,-1577.2513
20250506,-1576.0671
20250506,-1574.4599
20250506,-1574.176
20250506,-1572.7224
20250506,-1573.7508
20250506,-1573.3188
20250506,-1574.3625
20250506,-1574.0609
20250506,-1575.1364
20250506,-1576.3069
20250506,-1577.6044
20250506,-1578.9792
20250506,-1580.0515
20250507,-1581.081
20250507,-1582.1127
20250507,-1583.3022
20250507,-1582.9854
20250507,-1584.0539
20250507,-1585.0833
20250507,-1584.6544
20250507,-1585.6868
20250507,-1585.2577
20250507,-1586.4772
20250507,-1586.0409
20250507,-1586.0886
20250507,-1585.4701
20250507,-1585.3831
20250507,-1585.0262
20250507,-1584.0124
20250507,-1583.558
20250507,-1583.5125
20250507,-1583.7179
20250507,-1583.8918
20250508,-1583.9077
20250508,-1583.4123
20250508,-1584.5886
20250508,-1583.7006
20250508,-1583.5825
20250508,-1582.9663
20250508,-1582.6406
20250508,-1582.1669
20250508,-1580.783
20250508,-1581.8074
20250508,-1582.9132
20250508,-1584.0858
20250508,-1585.1408
20250508,-1586.3822
20250508,-1588.3822
20250508,-1589.4393
20250509,-1590.4461
20250509,-1590.0124
20250509,-1589.548
20250509,-1590.6811
20250509,-1592.6812
20250509,-1592.2007
20250509,-1593.2689
20250509,-1592.9622
20250512,-1591.6999
20250512,-1590.6293
20250512,-1590.1779
20250512,-1589.8438
20250512,-1590.9088
20250512,-1591.9656
20250512,-1593.0422
20250512,-1594.0877
20250512,-1595.1403
20250512,-1596.2673
20250512,-1595.9667
20250513,-1597.0035
20250513,-1594.5801
20250513,-1592.6237
20250513,-1590.1704
20250513,-1589.7013
20250513,-1587.5631
20250513,-1584.5211
20250513,-1584.0454
20250513,-1585.3196
20250513,-1585.2683
20250513,-1586.2824
20250513,-1587.3629
20250513,-1586.6214
20250513,-1587.6787
20250513,-1586.3406
20250513,-1586.1193
20250513,-1587.1852
20250513,-1588.2383
20250513,-1587.7499
20250513,-1585.8719
20250513,-1585.7902
20250513,-1585.3633
20250513,-1586.5135
20250513,-1587.8116
20250513,-1591.3039
20250513,-1592.5278
20250514,-1593.636
20250514,-1594.6887
20250514,-1595.7178
20250514,-1595.2276
20250514,-1595.1316
20250514,-1596.1695
20250514,-1595.7534
20250514,-1595.6113
20250514,-1594.3216
20250514,-1594.0677
20250514,-1595.0765
20250514,-1596.107
20250514,-1595.6586
20250514,-1596.7431
20250514,-1596.2907
20250514,-1595.4368
20250514,-1595.0477
20250515,-1596.0747
20250515,-1595.4397
20250515,-1596.4633
20250515,-1595.8134
20250515,-1595.8056
20250515,-1596.8274
20250515,-1596.1679
20250515,-1595.9842
20250515,-1597.1347
20250515,-1596.7875
20250515,-1596.3388
20250515,-1597.3542
20250516,-1596.4497
20250516,-1597.5015
20250516,-1596.3339
20250516,-1597.3898
20250516,-1596.9777
20250516,-1596.4962
20250516,-1596.1007
20250516,-1597.2987
20250516,-1598.3857
20250516,-1599.6635
20250516,-1601.1532
20250516,-1600.715
20250516,-1602.4669
20250519,-1603.4394
20250519,-1603.4538
20250519,-1604.5158
20250519,-1603.8492
20250519,-1602.6341
20250519,-1601.9067
20250519,-1600.5282
20250519,-1600.0466
20250519,-1600.0875
20250519,-1601.1251
20250519,-1601.5765
20250519,-1601.1428
20250519,-1601.0445
20250519,-1601.5252
20250519,-1601.2905
20250519,-1600.8583
20250519,-1600.4608
20250519,-1603.4226
20250520,-1604.4814
20250520,-1605.5129
20250520,-1604.8363
20250520,-1605.9284
20250520,-1606.9469
20250520,-1608.1453
20250520,-1607.7383
20250520,-1608.9176
20250520,-1609.9511
20250520,-1611.2006
20250520,-1612.5673
20250520,-1612.1361
20250520,-1613.2504
20250520,-1614.3948
20250520,-1613.9342
20250520,-1615.0885
20250520,-1616.2569
20250520,-1617.4067
20250520,-1617.314
20250521,-1618.4437
20250521,-1617.7154
20250521,-1618.7944
20250521,-1619.8641
20250521,-1620.9398
20250521,-1621.9609
20250521,-1621.594
20250521,-1621.1313
20250521,-1621.2345
20250521,-1622.292
20250521,-1621.4586
20250521,-1620.9682
20250521,-1620.1603
20250521,-1620.0386
20250521,-1621.0795
20250521,-1622.4177
20250521,-1620.6392
20250521,-1621.9385
20250522,-1622.994
20250522,-1622.6003
20250522,-1623.6611
20250522,-1623.2151
20250522,-1622.8031
20250522,-1621.5249
20250523,-1621.1901
20250523,-1620.6504
20250523,-1621.7025
20250523,-1622.7802
20250523,-1622.7094
20250527,-1622.7311
20250527,-1623.7727
20250527,-1623.0724
20250527,-1621.7076
20250527,-1621.3189
20250527,-1624.0091
20250527,-1622.5316
20250527,-1623.9456
20250527,-1625.042
20250527,-1625.081
20250527,-1626.3036
20250527,-1627.4352
20250527,-1628.5408
20250528,-1629.6425
20250528,-1629.3498
20250528,-1627.6756
20250528,-1628.7531
20250528,-1627.9806
20250528,-1627.5233
20250528,-1628.7549
20250528,-1629.9326
20250528,-1628.9018
20250529,-1629.986
20250529,-1627.9491
20250529,-1627.2159
20250529,-1628.5414
20250529,-1630.0474
20250530,-1629.6307
20250530,-1629.1713
20250530,-1628.231
20250530,-1627.66
20250530,-1627.5613
20250530,-1627.2267
20250530,-1625.9638
20250530,-1625.5323
20250530,-1625.2751
20250530,-1624.3022
20250530,-1623.8537
20250530,-1623.0769
20250530,-1622.5951
20250530,-1623.6494
20250530,-1624.7331
20250530,-1625.8889
20250530,-1627.0204
20250530,-1626.0661
20250530,-1627.0898
20250530,-1626.5935
20250530,-1627.7012
20250530,-1628.7639
20250530,-1628.2068
20250530,-1629.6507
20250602,-1629.1315
20250602,-1629.0975
20250602,-1628.6757
20250602,-1628.5467
20250602,-1628.2096
20250602,-1629.3174
20250602,-1628.7232
20250602,-1629.786
20250602,-1630.8626
20250602,-1631.9471
20250602,-1633.2814
20250602,-1634.389
20250602,-1635.6265
20250602,-1634.7595
20250602,-1635.9139
20250602,-1635.5984
20250603,-1635.5243
20250603,-1635.2084
20250603,-1634.4017
20250603,-1633.9896
20250603,-1632.6437
20250603,-1631.4873
20250603,-1632.6027
20250603,-1633.7159
20250603,-1633.6586
20250603,-1634.7191
20250603,-1635.9439
20250603,-1637.293
20250603,-1638.6696
20250603,-1638.8785
20250603,-1639.8993
20250603,-1639.4847
20250603,-1639.1033
20250603,-1638.979
20250603,-1640.9789
20250603,-1640.8683
20250604,-1642.019
20250604,-1641.5459
20250604,-1642.6028
20250604,-1642.1029
20250604,-1640.9842
20250604,-1642.2296
20250604,-1643.3573
20250605,-1644.3741
20250605,-1643.9063
20250605,-1642.8939
20250605,-1643.9903
20250605,-1643.9879
20250605,-1642.9432
20250605,-1642.4874
20250605,-1642.0242
20250605,-1642.0022
20250605,-1643.039
20250605,-1642.5903
20250605,-1643.618
20250605,-1644.8701
20250605,-1646.3789
20250605,-1648.2371
20250605,-1649.5103
20250606,-1650.5519
20250606,-1650.3705
20250606,-1648.3967
20250606,-1649.4759
20250606,-1650.5074
20250606,-1651.8385
20250606,-1652.906
20250606,-1651.1787
20250606,-1652.5561
20250606,-1653.9613
20250606,-1655.0422
20250606,-1656.1369
20250606,-1655.6649
20250606,-1654.5417
20250606,-1656.1493
20250609,-1655.8257
20250609,-1656.8816
20250609,-1655.5086
20250609,-1654.7693
20250609,-1655.859
20250609,-1656.8762
20250609,-1657.9135
20250609,-1658.9733
20250609,-1658.9579
20250609,-1660.0365
20250609,-1661.1104
20250609,-1662.2681
20250609,-1660.6691
20250609,-1661.941
20250609,-1661.5583
20250609,-1661.106
20250609,-1660.7016
20250610,-1661.7135
20250610,-1661.1547
20250610,-1660.1085
20250610,-1659.6944
20250610,-1659.5725
20250610,-1659.0316
20250610,-1658.5845
20250610,-1659.9053
20250610,-1661.0607
20250610,-1662.1939
20250610,-1661.7567
20250610,-1662.8392
20250610,-1662.4839
20250610,-1663.5356
20250610,-1664.7691
20250610,-1664.358
20250611,-1665.4124
20250611,-1665.2506
20250611,-1665.2138
20250611,-1664.8605
20250611,-1665.9257
20250611,-1666.988
20250611,-1666.5034
20250611,-1666.4293
20250611,-1666.0795
20250611,-1667.4953
20250611,-1667.456
20250611,-1666.994
20250611,-1668.0598
20250612,-1669.1681
20250612,-1668.6761
20250612,-1667.6417
20250612,-1667.1864
20250612,-1668.3313
20250612,-1666.3571
20250612,-1664.7187
20250612,-1664.256
20250612,-1663.772
20250612,-1661.8254
20250612,-1661.8016
20250612,-1661.1905
20250612,-1660.7814
20250612,-1668.379
20250612,-1667.9379
20250612,-1669.5308
20250613,-1669.0449
20250613,-1668.7925
20250613,-1668.8582
20250613,-1668.3837
20250613,-1669.4174
20250613,-1670.4704
20250613,-1669.8362
20250613,-1669.5193
20250613,-1670.7405
20250613,-1671.8335
20250613,-1670.6175
20250613,-1670.4279
20250613,-1669.5557
20250613,-1669.1049
20250613,-1668.2364
20250616,-1667.2562
20250616,-1667.227
20250616,-1668.5964
20250616,-1670.2176
20250616,-1671.5698
20250616,-1672.7426
20250616,-1673.8512
20250616,-1675.332
20250617,-1674.9561
20250617,-1673.7956
20250617,-1674.8542
20250617,-1675.9925
20250617,-1675.9675
20250617,-1675.8201
20250617,-1676.9126
20250617,-1677.9337
20250617,-1676.8368
20250617,-1677.9002
20250617,-1679.0376
20250617,-1680.1795
20250617,-1681.2458
20250617,-1682.3774
20250617,-1681.9074
20250617,-1683.1385
20250618,-1681.9281
20250618,-1680.5407
20250618,-1679.5111
20250618,-1677.7889
20250618,-1678.814
20250618,-1678.3463
20250618,-1679.3742
20250618,-1680.4291
20250618,-1680.1212
20250618,-1679.9545
20250618,-1679.8518
20250618,-1680.9219
20250618,-1681.0109
20250620,-1679.9417
20250620,-1679.2589
20250620,-1678.8371
20250620,-1678.5584
20250620,-1677.1374
20250620,-1678.2825
20250620,-1677.862
20250620,-1677.6547
20250620,-1677.3225
20250620,-1676.3204
20250620,-1677.3949
20250620,-1678.5193
20250620,-1678.0998
20250620,-1677.6847
20250620,-1678.7514
20250623,-1678.0855
20250623,-1677.6311
20250623,-1677.5805
20250623,-1678.5962
20250623,-1678.0864
20250623,-1679.1431
20250623,-1678.4709
20250623,-1678.0091
20250623,-1677.8735
20250623,-1678.9264
20250623,-1678.465
20250623,-1677.4575
20250623,-1676.9764
20250623,-1678.0677
20250623,-1679.1712
20250623,-1678.7829
20250623,-1680.1597
20250623,-1679.7191
20250624,-1678.4041
20250624,-1678.1046
20250624,-1677.749
20250624,-1678.8937
20250624,-1680.0946
20250624,-1681.1496
20250624,-1681.1369
20250624,-1680.733
20250624,-1681.9304
20250625,-1682.9676
20250625,-1682.9463
20250625,-1684.1234
20250625,-1685.2501
20250625,-1686.3562
20250625,-1685.8703
20250625,-1687.2156
20250625,-1688.8727
20250625,-1689.3008
20250625,-1690.9234
20250626,-1689.2241
20250626,-1688.7308
20250626,-1688.6289
20250626,-1689.8058
20250626,-1690.8525
20250626,-1689.9608
20250626,-1689.5392
20250626,-1689.1421
20250626,-1687.6897
20250626,-1688.7991
20250626,-1688.3973
20250626,-1689.6493
20250626,-1689.28
20250626,-1690.3949
20250626,-1691.8058
20250626,-1691.8058
20250626,-1692.9001
20250626,-1692.678
20250626,-1691.2773
20250626,-1688.396
20250627,-1686.6553
20250627,-1686.2058
20250627,-1684.247
20250627,-1683.8518
20250627,-1682.4329
20250627,-1683.4683
20250627,-1683.5273
20250627,-1683.1492
20250627,-1683.2615
20250627,-1684.6859
20250627,-1684.1287
20250627,-1683.6894
20250627,-1683.8689
20250627,-1685.05
20250627,-1684.0233
20250627,-1685.0453
20250627,-1684.5786
20250630,-1685.7167
20250630,-1686.7547
20250630,-1687.8578
20250630,-1688.9261
20250630,-1689.9535
20250630,-1689.3043
20250630,-1690.4409
20250630,-1688.513
20250630,-1688.118
20250630,-1689.2107
20250630,-1689.027
20250630,-1687.9778
20250630,-1686.7619
20250701,-1687.8578
20250701,-1684.4551
20250701,-1685.5056
20250701,-1686.5265
20250701,-1687.7396
20250701,-1689.172
20250701,-1690.2867
20250701,-1689.823
20250701,-1689.8118
20250701,-1687.6378
20250701,-1688.6888
20250701,-1687.7101
20250701,-1687.2372
20250701,-1688.3699
20250701,-1688.1728
20250701,-1689.2769
20250701,-1686.2391
20250701,-1687.4456
20250701,-1687.007
20250701,-1688.0463
20250701,-1689.1323
20250701,-1691.8176
20250702,-1692.8565
20250702,-1691.7592
20250702,-1691.3277
20250702,-1690.6638
20250702,-1691.7404
20250702,-1692.8452
20250702,-1694.1637
20250702,-1690.8864
20250702,-1687.8512
20250702,-1689.1372
20250702,-1688.7164
20250702,-1689.9457
20250702,-1691.1939
20250702,-1690.7963
20250702,-1690.5561
20250702,-1690.1583
20250703,-1689.7845
20250703,-1689.3135
20250703,-1688.8639
20250703,-1689.9535
20250703,-1689.4783
20250703,-1688.2484
20250703,-1686.7224
20250703,-1687.7812
20250703,-1687.6727
20250703,-1688.8117
20250703,-1688.3529
20250703,-1687.8803
20250703,-1688.9542
20250703,-1690.0854
20250703,-1689.333
20250703,-1688.9693
20250707,-1690.0018
20250707,-1689.6937
20250707,-1690.3033
20250707,-1689.9504
20250707,-1691.0128
20250707,-1690.5361
20250707,-1688.6943
20250707,-1688.4852
20250707,-1688.297
20250707,-1689.3437
20250707,-1688.2817
20250707,-1686.0738
20250707,-1685.9129
20250707,-1685.5086
20250708,-1685.5757
20250708,-1686.6655
20250708,-1686.5607
20250708,-1685.9649
20250708,-1685.9498
20250708,-1685.7277
20250708,-1686.8366
20250708,-1687.9242
20250708,-1686.2868
20250708,-1686.3925
20250708,-1687.4605
20250708,-1686.181
20250708,-1686.0014
20250708,-1687.108
20250708,-1688.4264
20250708,-1688.1753
20250708,-1689.2072
20250709,-1690.2626
20250709,-1690.2284
20250709,-1691.3536
20250709,-1690.8957
20250709,-1690.5806
20250709,-1689.9206
20250709,-1689.2557
20250709,-1688.823
20250709,-1690.4266
20250709,-1690.1983
20250709,-1689.4964
20250709,-1689.0651
20250709,-1688.5675
20250709,-1686.5638
20250709,-1686.1798
20250709,-1685.7898
20250709,-1684.4398
20250709,-1685.774
20250710,-1683.912
20250710,-1683.595
20250710,-1683.2703
20250710,-1683.1867
20250710,-1682.9467
20250710,-1682.83
20250710,-1681.7291
20250710,-1680.9638
20250710,-1682.4434
20250710,-1682.1126
20250710,-1683.1761
20250710,-1684.6285
20250710,-1683.4041
20250711,-1682.875
20250711,-1682.3762
20250711,-1683.3919
20250711,-1682.956
20250711,-1681.32
20250711,-1682.4638
20250711,-1683.5823
20250711,-1683.9472
20250711,-1685.199
20250711,-1686.3038
20250711,-1686.6053
20250711,-1688.265
20250711,-1689.5712
20250711,-1690.6891
20250714,-1691.8071
20250714,-1692.9783
20250714,-1692.3656
20250714,-1691.936
20250714,-1691.8813
20250714,-1691.2877
20250714,-1692.7823
20250714,-1693.8869
20250714,-1695.2134
20250714,-1696.6131
20250715,-1695.1168
20250715,-1694.3273
20250715,-1694.2327
20250715,-1695.284
20250715,-1696.3124
20250715,-1695.8688
20250715,-1696.9234
20250715,-1697.9961
20250715,-1697.8118
20250715,-1698.897
20250715,-1700.1763
20250715,-1700.1297
20250715,-1699.8203
20250715,-1701.1387
20250715,-1701.0479
20250715,-1702.2764
20250715,-1703.3248
20250715,-1705.5735
20250716,-1704.6375
20250716,-1703.4751
20250716,-1704.5011
20250716,-1704.0774
20250716,-1703.8335
20250716,-1702.9035
20250716,-1701.5197
20250716,-1702.5778
20250716,-1703.7815
20250716,-1705.1324
20250716,-1706.6353
20250716,-1707.7889
20250716,-1709.0262
20250716,-1710.3765
20250716,-1709.3041
20250716,-1708.9594
20250716,-1708.5116
20250717,-1708.0687
20250717,-1709.1114
20250717,-1710.1495
20250717,-1709.5654
20250717,-1710.714
20250717,-1711.7701
20250717,-1712.8389
20250717,-1712.5736
20250717,-1712.1753
20250717,-1711.8404
20250718,-1711.3464
20250718,-1711.4084
20250718,-1710.9587
20250718,-1712.0423
20250718,-1711.6204
20250718,-1712.748
20250718,-1712.4256
20250718,-1713.6343
20250718,-1713.4154
20250718,-1714.6965
20250721,-1714.2555
20250721,-1713.7931
20250721,-1713.362
20250721,-1714.3715
20250721,-1713.9701
20250721,-1713.6594
20250721,-1714.7601
20250721,-1714.1568
20250721,-1715.2499
20250721,-1716.424
20250721,-1717.4906
20250721,-1716.9643
20250721,-1716.5116
20250721,-1717.5731
20250721,-1717.1149
20250721,-1718.2156
20250721,-1719.9564
20250721,-1719.4547
20250721,-1719.0434
20250721,-1720.2605
20250721,-1721.8927
20250721,-1722.3868
20250722,-1721.9587
20250722,-1721.2067
20250722,-1720.4898
20250722,-1720.1429
20250722,-1721.4055
20250722,-1720.4893
20250722,-1720.0819
20250722,-1719.7501
20250722,-1719.5488
20250722,-1720.8415
20250722,-1721.9984
20250722,-1723.1063
20250722,-1723.0286
20250722,-1724.0934
20250722,-1725.3419
20250723,-1726.3958
20250723,-1725.9742
20250723,-1725.8185
20250723,-1725.362
20250723,-1726.4217
20250723,-1727.4505
20250723,-1726.3684
20250723,-1724.7176
20250723,-1724.5633
20250723,-1724.907
20250723,-1726.0296
20250723,-1721.7987
20250723,-1722.8137
20250723,-1723.9621
20250723,-1725.2927
20250723,-1723.881
20250723,-1725.3521
20250724,-1725.0761
20250724,-1726.1361
20250724,-1725.8902
20250724,-1726.9389
20250724,-1728.0357
20250724,-1729.055
20250724,-1728.5712
20250724,-1728.0868
20250724,-1729.1389
20250724,-1730.3549
20250724,-1729.4545
20250724,-1730.6373
20250724,-1731.7484
20250724,-1732.8487
20250724,-1734.2922
20250724,-1733.861
20250724,-1735.1847
20250724,-1736.3342
20250724,-1736.4623
20250725,-1735.8857
20250725,-1736.9185
20250725,-1737.5101
20250725,-1737.4252
20250725,-1737.322
20250725,-1736.8533
20250725,-1737.9405
20250725,-1739.0587
20250725,-1738.6123
20250725,-1738.586
20250725,-1738.029
20250725,-1739.0964
20250725,-1740.2123
20250725,-1738.1256
20250725,-1740.2828
20250725,-1741.5256
20250725,-1742.7518
20250725,-1743.9586
20250725,-1744.0542
20250725,-1745.4337
20250725,-1747.1565
20250728,-1747.0403
20250728,-1746.8727
20250728,-1746.4835
20250728,-1745.9976
20250728,-1747.0574
20250728,-1748.1027
20250728,-1749.1876
20250728,-1750.3703
20250728,-1749.9376
20250728,-1751.0099
20250728,-1752.1549
20250728,-1753.6936
20250728,-1752.3201
20250728,-1752.1304
20250728,-1751.8761
20250728,-1753.0085
20250728,-1754.0665
20250728,-1755.1025
20250728,-1756.2011
20250728,-1757.4576
20250728,-1757.0278
20250728,-1758.138
20250728,-1759.8625
20250729,-1759.0628
20250729,-1758.5862
20250729,-1758.3041
20250729,-1759.4509
20250729,-1759.1147
20250729,-1760.1592
20250729,-1761.2029
20250729,-1761.0828
20250729,-1762.3361
20250729,-1761.131
20250729,-1760.7898
20250729,-1761.9693
20250729,-1761.9692
20250729,-1763.5514
20250729,-1763.5468
20250729,-1763.0938
20250729,-1762.8459
20250729,-1762.7355
20250729,-1762.3015
20250730,-1761.933
20250730,-1761.2321
20250730,-1759.3778
20250730,-1760.4971
20250730,-1760.0424
20250730,-1761.1294
20250730,-1760.6673
20250730,-1759.6032
20250730,-1760.6473
20250730,-1759.2369
20250730,-1760.369
20250730,-1760.0587
20250730,-1761.1925
20250730,-1760.9922
20250730,-1762.2358
20250730,-1761.2523
20250730,-1761.0926
20250730,-1760.8938
20250730,-1761.4094
20250730,-1761.2851
20250731,-1762.3598
20250731,-1762.3252
20250731,-1761.4741
20250731,-1761.3964
20250731,-1762.6524
20250731,-1762.3538
20250731,-1762.2364
20250731,-1763.7345
20250731,-1763.3969
20250731,-1762.9288
20250731,-1763.9985
20250731,-1765.3233
20250731,-1764.504
20250801,-1764.0301
20250801,-1762.7081
20250801,-1762.2228
20250801,-1761.7504
20250801,-1762.8168
20250801,-1762.3729
20250801,-1763.4114
20250801,-1763.0202
20250801,-1762.9762
20250801,-1761.8691
20250801,-1762.8955
20250801,-1762.4212
20250801,-1762.0136
20250801,-1763.1292
20250801,-1764.2946
20250804,-1763.8484
20250804,-1764.9167
20250804,-1764.1181
20250804,-1763.7502
20250804,-1764.8607
20250804,-1763.3897
20250804,-1762.5367
20250804,-1763.5516
20250804,-1763.1242
20250804,-1764.2295
20250804,-1763.9468
20250804,-1762.7919
20250805,-1763.8384
20250805,-1764.8719
20250805,-1765.8844
20250805,-1765.5036
20250805,-1763.7022
20250805,-1761.8797
20250805,-1761.4801
20250805,-1762.7114
20250805,-1763.8673
20250805,-1764.9873
20250805,-1766.0555
20250805,-1765.6584
20250805,-1766.9512
20250806,-1766.6595
20250806,-1765.5606
20250806,-1766.5893
20250806,-1766.3828
20250806,-1767.5615
20250806,-1767.1725
20250806,-1768.4279
20250806,-1769.4739
20250806,-1770.5392
20250806,-1770.1673
20250806,-1772.8724
20250806,-1774.3756
20250807,-1773.8308
20250807,-1773.7136
20250807,-1773.4992
20250807,-1774.6246
20250807,-1774.1135
20250807,-1773.7048
20250807,-1772.8958
20250807,-1772.6985
20250807,-1773.9235
20250807,-1775.0034
20250808,-1773.3777
20250808,-1772.2617
20250808,-1773.3182
20250808,-1774.3885
20250808,-1773.9522
20250808,-1775.0056
20250808,-1776.0298
20250808,-1775.5672
20250808,-1775.0864
20250808,-1771.8469
20250808,-1771.3976
20250808,-1772.4209
20250808,-1773.4815
20250808,-1773.0395
20250808,-1774.0837
20250808,-1775.1797
20250808,-1776.2519
20250808,-1777.4307
20250808,-1778.4526
20250808,-1775.1331
20250808,-1776.2585
20250811,-1777.2881
20250811,-1776.5985
20250811,-1777.9399
20250811,-1779.0313
20250811,-1778.2711
20250811,-1779.3822
20250811,-1780.4256
20250811,-1779.9631
20250811,-1779.5363
20250811,-1779.0962
20250811,-1783.2556
20250811,-1784.4556
20250811,-1784.0778
20250811,-1785.1068
20250811,-1786.1729
20250812,-1787.1909
20250812,-1788.2408
20250812,-1789.2729
20250812,-1788.7871
20250812,-1788.049
20250812,-1789.1145
20250812,-1790.211
20250812,-1789.8151
20250812,-1788.653
20250812,-1787.6235
20250812,-1785.1362
20250812,-1786.1603
20250812,-1785.7611
20250812,-1782.3209
20250812,-1783.684
20250812,-1783.3339
20250812,-1782.9312
20250812,-1784.1651
20250813,-1780.7342
20250813,-1781.7788
20250813,-1782.8181
20250813,-1783.8824
20250813,-1784.927
20250813,-1784.6209
20250813,-1784.3176
20250814,-1783.8885
20250814,-1783.4517
20250814,-1784.4802
20250814,-1785.518
20250814,-1786.5355
20250814,-1787.5762
20250814,-1788.6228
20250814,-1789.7128
20250814,-1790.8081
20250814,-1791.9872
20250814,-1791.9278
20250814,-1790.8796
20250814,-1790.3965
20250814,-1788.9397
20250814,-1788.8561
20250814,-1787.5416
20250814,-1787.2963
20250814,-1787.3681
20250814,-1788.8274
20250814,-1789.957
20250814,-1791.1409
20250815,-1790.6723
20250815,-1791.7108
20250815,-1792.7267
20250815,-1793.7569
20250815,-1793.3804
20250815,-1792.2554
20250815,-1791.1946
20250815,-1792.3937
20250815,-1792.2978
20250815,-1792.2454
20250815,-1791.9295
20250815,-1791.4858
20250815,-1792.6428
20250815,-1793.7465
20250815,-1793.3366
20250818,-1792.6587
20250818,-1792.1767
20250818,-1791.469
20250818,-1792.5471
20250818,-1792.0692
20250818,-1793.1699
20250818,-1792.8054
20250818,-1792.5576
20250818,-1793.5865
20250818,-1794.6454
20250818,-1793.9484
20250818,-1812.6317
20250818,-1813.7728
20250818,-1818.0785
20250818,-1817.7757
20250819,-1818.8544
20250819,-1819.8745
20250819,-1820.9127
20250819,-1821.9445
20250819,-1822.9597
20250819,-1822.8934
20250819,-1823.9251
20250819,-1823.4656
20250819,-1823.1666
20250819,-1822.7097
20250819,-1822.0234
20250819,-1823.1944
20250819,-1828.203
20250819,-1829.3947
20250819,-1830.5852
20250819,-1831.9408
20250819,-1833.5314
20250819,-1834.903
20250819,-1836.279
20250819,-1834.0902
20250819,-1833.6773
20250820,-1833.5683
20250820,-1833.2786
20250820,-1832.7975
20250820,-1833.8133
20250820,-1833.3295
20250820,-1832.8389
20250820,-1832.432
20250820,-1831.7762
20250820,-1831.282
20250820,-1832.366
20250820,-1833.3765
20250820,-1833.1761
20250820,-1832.5297
20250820,-1833.5555
20250820,-1833.3643
20250820,-1833.032
20250820,-1834.4113
20250820,-1833.9697
20250820,-1833.521
20250820,-1835.3879
20250820,-1836.5699
20250820,-1839.4286
20250820,-1839.4286
20250820,-1839.259
20250821,-1838.871
20250821,-1838.5027
20250821,-1839.5807
20250821,-1840.6239
20250821,-1841.6439
20250821,-1841.6293
20250821,-1842.6614
20250821,-1843.684
20250821,-1843.577
20250821,-1844.9274
20250821,-1846.1302
20250821,-1846.0985
20250821,-1847.2522
20250821,-1851.5759
20250821,-1852.7707
20250821,-1853.9414
20250821,-1854.9665
20250821,-1856.0935
20250821,-1857.4486
20250822,-1853.8545
20250822,-1854.9107
20250822,-1855.988
20250822,-1854.8547
20250822,-1854.6786
20250822,-1853.7268
20250822,-1854.8007
20250822,-1855.8864
20250822,-1855.5625
20250822,-1857.2264
20250822,-1856.7982
20250822,-1856.4177
20250822,-1856.1717
20250822,-1857.3935
20250822,-1858.5552
20250822,-1859.6504
20250822,-1860.9116
20250822,-1862.3741
20250825,-1862.6274
20250825,-1863.7188
20250825,-1864.8074
20250825,-1863.4094
20250825,-1862.4173
20250825,-1863.5375
20250825,-1864.5733
20250825,-1863.6405
20250825,-1863.2024
20250825,-1864.2606
20250825,-1863.8797
20250825,-1863.6383
20250825,-1863.0143
20250825,-1862.6378
20250825,-1864.4187
20250825,-1865.7181
20250826,-1865.7376
20250826,-1866.7715
20250826,-1867.8259
20250826,-1868.8632
20250826,-1868.5636
20250826,-1869.9017
20250826,-1871.003
20250826,-1870.2685
20250826,-1871.3094
20250826,-1872.3564
20250826,-1873.4857
20250826,-1874.5696
20250826,-1877.3371
20250826,-1878.3902
20250826,-1879.5602
20250826,-1879.5253
20250826,-1880.9047
20250826,-1880.4596
20250826,-1881.8437
20250826,-1883.4771
20250827,-1883.3501
20250827,-1884.3952
20250827,-1885.4589
20250827,-1885.4995
20250827,-1885.0657
20250827,-1884.9882
20250827,-1886.246
20250827,-1885.7806
20250827,-1886.9858
20250827,-1886.5406
20250827,-1886.5724
20250827,-1888.1198
20250827,-1889.204
20250827,-1890.3122
20250827,-1891.5786
20250828,-1892.6214
20250828,-1893.6639
20250828,-1893.5812
20250828,-1892.2785
20250828,-1892.1268
20250828,-1891.5589
20250828,-1892.674
20250828,-1891.8506
20250828,-1891.5702
20250828,-1892.8555
20250828,-1892.3597
20250828,-1891.4013
20250828,-1891.061
20250829,-1892.2558
20250829,-1891.176
20250829,-1892.223
20250829,-1893.2492
20250829,-1892.9453
20250829,-1892.1865
20250829,-1893.2186
20250829,-1892.593
20250829,-1892.0479
20250829,-1893.2283
20250829,-1892.8953
20250829,-1893.9704
20250829,-1895.2326
20250829,-1895.287
20250829,-1893.4975
20250829,-1894.628
20250829,-1892.3009
20250829,-1893.8077
20250902,-1893.2333
20250902,-1893.2605
20250902,-1892.357
20250902,-1892.3882
20250902,-1893.4773
20250902,-1894.5667
20250902,-1894.0931
20250902,-1893.813
20250902,-1893.3845
20250902,-1892.9312
20250902,-1893.7885
20250903,-1893.4739
20250903,-1894.4925
20250903,-1894.0503
20250903,-1895.0646
20250903,-1894.9101
20250903,-1894.4352
20250903,-1894.0213
20250903,-1895.0851
20250903,-1896.2043
20250903,-1897.3107
20250903,-1896.8716
20250903,-1896.5639
20250903,-1895.4574
20250903,-1896.5907
20250903,-1898.8002
20250903,-1898.3646
20250903,-1899.4725
20250903,-1897.2619
20250904,-1898.3453
20250904,-1899.4196
20250904,-1900.4548
20250904,-1901.525
20250904,-1900.4349
20250904,-1900.0106
20250904,-1899.3826
20250904,-1900.5101
20250904,-1899.3847
20250904,-1899.0277
20250904,-1898.6433
20250904,-1899.809
20250904,-1899.4771
20250905,-1898.027
20250905,-1899.0717
20250905,-1900.1006
20250905,-1901.1227
20250905,-1902.1621
20250905,-1900.9837
20250905,-1900.5022
20250905,-1900.5338
20250905,-1901.7914
20250905,-1901.3662
20250905,-1901.4791
20250905,-1900.8443
20250908,-1901.9216
20250908,-1901.5579
20250908,-1902.6039
20250908,-1901.4367
20250908,-1901.4543
20250908,-1901.1214
20250908,-1900.6627
20250908,-1901.706
20250908,-1901.2263
20250908,-1900.5083
20250908,-1899.8779
20250908,-1901.0129
20250908,-1902.2321
20250908,-1900.9526
20250908,-1901.038
20250908,-1902.322
20250908,-1903.4231
20250909,-1904.5238
20250909,-1905.5518
20250909,-1906.5715
20250909,-1906.534
20250909,-1907.588
20250909,-1908.669
20250909,-1909.7129
20250909,-1910.7278
20250909,-1911.8445
20250909,-1910.8604
20250909,-1910.4281
20250909,-1909.9707
20250909,-1911.0891
20250909,-1912.6178
20250909,-1913.7065
20250909,-1914.0323
20250909,-1913.8415
20250909,-1915.0369
20250909,-1916.5372
20250909,-1917.8407
20250910,-1918.9935
20250910,-1918.5937
20250910,-1919.644
20250910,-1918.9782
20250910,-1918.5097
20250910,-1919.5489
20250910,-1920.647
20250910,-1922.9841
20250910,-1922.0955
20250910,-1923.4174
20250910,-1924.9907
20250910,-1926.1084
20250910,-1925.7978
20250910,-1926.9585
20250911,-1927.0647
20250911,-1928.0937
20250911,-1927.8791
20250911,-1927.6697
20250911,-1927.3961
20250911,-1928.4219
20250911,-1927.1471
20250911,-1927.1777
20250911,-1926.7458
20250911,-1927.886
20250911,-1927.265
20250911,-1928.75
20250911,-1928.3204
20250912,-1927.8846
20250912,-1928.9507
20250912,-1930.0895
20250912,-1931.3275
20250912,-1930.7047
20250912,-1929.3829
20250912,-1928.9545
20250912,-1928.259
20250912,-1928.1536
20250912,-1927.8843
20250912,-1929.0272
20250912,-1930.1515
20250912,-1931.5468
20250912,-1931.238
20250912,-1930.9533
20250912,-1932.0583
20250915,-1931.6183
20250915,-1932.7142
20250915,-1932.0405
20250915,-1933.0783
20250915,-1934.1154
20250915,-1935.1328
20250915,-1936.3113
20250915,-1937.3316
20250915,-1938.3715
20250915,-1939.408
20250915,-1940.9938
20250915,-1942.0982
20250915,-1943.1407
20250915,-1944.2644
20250915,-1943.6517
20250915,-1943.2506
20250915,-1944.3227
20250915,-1943.2191
20250915,-1944.4362
20250916,-1943.793
20250916,-1943.8029
20250916,-1944.8232
20250916,-1945.8688
20250916,-1946.8839
20250916,-1947.9576
20250916,-1949.3072
20250916,-1950.88
20250916,-1951.1897
20250916,-1952.2375
20250916,-1953.4078
20250916,-1955.4079
20250916,-1955.0347
20250916,-1953.2838
20250917,-1954.3014
20250917,-1955.3208
20250917,-1954.9576
20250917,-1954.7099
20250917,-1955.7385
20250917,-1954.6395
20250917,-1954.8087
20250917,-1954.3595
20250917,-1953.8962
20250917,-1955.1983
20250917,-1956.2844
20250917,-1957.7343
20250917,-1957.2717
20250917,-1958.3372
20250917,-1959.3497
20250918,-1960.3981
20250918,-1960.0944
20250918,-1961.1198
20250918,-1962.1711
20250918,-1963.3176
20250918,-1964.8248
20250918,-1965.9756
20250918,-1967.0117
20250918,-1968.046
20250918,-1969.1462
20250918,-1970.3395
20250919,-1970.3579
20250919,-1971.3962
20250919,-1972.688
20250919,-1972.103
20250919,-1973.2752
20250919,-1973.005
20250919,-1974.0471
20250919,-1975.1249
20250919,-1973.2368
20250919,-1972.8273
20250922,-1970.4536
20250922,-1969.743
20250922,-1970.8036
20250922,-1969.6898
20250922,-1969.6959
20250922,-1970.7241
20250922,-1971.7437
20250922,-1969.1798
20250922,-1970.2848
20250922,-1971.5902
20250922,-1973.3429
20250922,-1975.0261
20250922,-1974.8553
20250922,-1975.9858
20250922,-1975.6678
20250922,-1975.3856
20250922,-1976.4957
20250923,-1977.5305
20250923,-1978.6535
20250923,-1978.2681
20250923,-1979.4696
20250923,-1978.9903
20250923,-1978.2999
20250923,-1979.3656
20250923,-1978.9298
20250923,-1980.4103
20250924,-1981.4438
20250924,-1981.3358
20250924,-1981.4435
20250924,-1982.4721
20250924,-1981.7071
20250924,-1982.7815
20250924,-1982.3857
20250924,-1982.0835
20250924,-1981.694
20250924,-1982.8911
20250924,-1984.0392
20250924,-1985.7938
20250924,-1986.8442
20250924,-1986.5036
20250924,-1986.0581
20250924,-1987.2743
20250924,-1988.3593
20250924,-1988.077
20250924,-1989.2488
20250924,-1988.9977
20250925,-1988.5503
20250925,-1988.434
20250925,-1989.4996
20250925,-1990.6323
20250925,-1991.694
20250925,-1992.8095
20250925,-1993.9319
20250925,-1993.6794
20250925,-1994.7814
20250925,-1994.3304
20250925,-1993.5437
20250925,-1994.6044
20250925,-1993.5581
20250926,-1993.1954
20250926,-1994.2797
20250926,-1993.848
20250926,-1993.7784
20250926,-1993.5925
20250926,-1993.0634
20250926,-1992.6136
20250926,-1992.1912
20250926,-1993.2333
20250926,-1994.339
20250926,-1995.0392
20250926,-1991.7451
20250926,-1991.3866
20250926,-1990.9834
20250926,-1990.5459
20250926,-1991.6066
20250926,-1991.3705
20250926,-1992.5523
20250926,-1992.6883
20250926,-1993.8116
20250926,-1993.8151
20250929,-1994.8965
20250929,-1995.9958
20250929,-1997.1167
20250929,-1998.1545
20250929,-1997.6702
20250929,-1999.0092
20250929,-2000.1158
20250929,-2001.1733
20250929,-2002.1995
20250929,-2001.5622
20250929,-2002.6758
20250929,-2003.7534
20250929,-2003.5917
20250929,-2004.6885
20250929,-2005.8701
20250929,-2007.1771
20250929,-2008.3288
20250929,-2008.4997
20250930,-2009.5272
20250930,-2010.6008
20250930,-2011.6673
20250930,-2011.3503
20250930,-2010.8162
20250930,-2010.3306
20250930,-2011.4957
20250930,-2011.1113
20250930,-2011.9053
20250930,-2010.4252
20250930,-2011.4702
20250930,-2012.5395
20250930,-2014.2926
20250930,-2016.5093
20250930,-2016.1155
20250930,-2017.2113
20250930,-2018.5416
20250930,-2018.1456
20250930,-2019.3534
20251001,-2018.7576
20251001,-2019.8974
20251001,-2018.7837
20251001,-2018.7614
20251001,-2013.4507
20251001,-2013.3183
20251001,-2013.0353
20251001,-2013.106
20251001,-2014.4443
20251001,-2016.246
20251001,-2017.2688
20251001,-2016.8633
20251001,-2018.102
20251002,-2019.2249
20251002,-2020.2376
20251002,-2021.3588
20251002,-2020.9152
20251002,-2021.2772
20251002,-2020.6784
20251002,-2020.2882
20251002,-2021.3785
20251002,-2020.9101
20251002,-2020.4938
20251002,-2021.5805
20251002,-2020.657
20251002,-2020.1897
20251002,-2019.9305
20251002,-2019.5411
20251003,-2019.1109
20251003,-2020.1419
20251003,-2021.1965
20251003,-2020.7441
20251003,-2021.7959
20251003,-2021.3379
20251003,-2022.4964
20251003,-2022.0823
20251003,-2021.6221
20251003,-2022.7665
20251003,-2022.0372
20251003,-2023.0671
20251003,-2024.1425
20251003,-2024.0586
20251006,-2025.0959
20251006,-2026.1073
20251006,-2024.9063
20251006,-2024.3587
20251006,-2025.4901
20251006,-2027.1489
20251006,-2028.3648
20251006,-2029.7818
20251006,-2028.4951
20251006,-2029.5478
20251006,-2030.8404
20251007,-2031.9065
20251007,-2030.4423
20251007,-2029.6007
20251007,-2029.5157
20251007,-2030.8849
20251007,-2030.4994
20251007,-2030.1338
20251007,-2032.038
20251007,-2033.4642
20251007,-2034.6483
20251007,-2034.3834
20251007,-2038.2442
20251007,-2038.369
20251007,-2037.9473
20251008,-2036.1454
20251008,-2035.1859
20251008,-2035.1797
20251008,-2036.3058
20251008,-2037.3526
20251008,-2038.4076
20251008,-2037.3612
20251008,-2037.1738
20251008,-2036.8091
20251008,-2037.8688
20251008,-2037.8688
20251008,-2037.4095
20251008,-2037.0933
20251009,-2038.1394
20251009,-2037.5203
20251009,-2037.0524
20251009,-2036.9262
20251009,-2037.9522
20251009,-2037.9318
20251009,-2038.9871
20251009,-2040.002
20251009,-2039.5529
20251009,-2039.1472
20251009,-2036.1012
20251009,-2037.2104
20251009,-2036.7846
20251009,-2036.384
20251010,-2036.2086
20251010,-2037.2612
20251010,-2038.2804
20251010,-2039.4414
20251010,-2038.9701
20251010,-2039.0063
20251010,-2039.0537
20251010,-2039.1667
20251010,-2037.3101
20251010,-2038.3629
20251010,-2037.8892
20251010,-2036.3933
20251010,-2035.9437
20251010,-2035.5311
20251010,-2035.1654
20251013,-2036.1832
20251013,-2037.2122
20251013,-2038.2688
20251013,-2039.6059
20251013,-2039.1432
20251013,-2040.2091
20251013,-2043.1868
20251013,-2045.0051
20251013,-2046.3369
20251013,-2047.398
20251014,-2048.4154
20251014,-2049.4373
20251014,-2050.4786
20251014,-2051.7181
20251014,-2051.4913
20251015,-2052.5162
20251015,-2053.5564
20251015,-2052.1939
20251015,-2051.744
20251015,-2051.347
20251015,-2052.582
20251015,-2053.72
20251015,-2053.7375
20251015,-2053.3881
20251015,-2054.6078
20251016,-2055.6417
20251016,-2055.15
20251016,-2056.1644
20251016,-2057.2892
20251016,-2056.8415
20251016,-2057.8885
20251016,-2058.9281
20251016,-2059.9669
20251016,-2061.0753
20251016,-2062.1176
20251016,-2060.9498
20251016,-2059.4485
20251016,-2058.6686
20251016,-2058.2192
20251016,-2057.4201
20251016,-2058.4623
20251016,-2057.6974
20251016,-2058.7408
20251017,-2058.3803
20251017,-2057.912
20251017,-2057.5599
20251017,-2058.6087
20251017,-2059.6873
20251017,-2060.7236
20251017,-2060.5547
20251017,-2061.5765
20251017,-2061.2116
20251020,-2062.2696
20251020,-2063.4201
20251020,-2062.9792
20251020,-2064.2586
20251020,-2065.3485
20251020,-2064.9969
20251020,-2064.7748
20251021,-2065.8128
20251021,-2065.3395
20251021,-2064.5956
20251021,-2064.3614
20251021,-2064.0135
20251021,-2062.9341
20251021,-2062.834
20251021,-2064.2702
20251021,-2065.7512
20251021,-2066.8312
20251021,-2066.1095
20251021,-2067.315
20251022,-2067.0175
20251022,-2065.7943
20251022,-2066.8339
20251022,-2065.8725
20251022,-2065.6398
20251022,-2066.69
20251022,-2065.9683
20251022,-2067.0186
20251022,-2068.1091
20251022,-2067.7164
20251022,-2066.5117
20251022,-2068.1157
20251022,-2069.2014
20251022,-2070.4064
20251022,-2072.8702
20251022,-2072.4784
20251023,-2073.6143
20251023,-2073.1371
20251023,-2072.7997
20251023,-2072.5751
20251023,-2073.7998
20251023,-2075.0745
20251023,-2076.1697
20251023,-2077.7558
20251023,-2078.8599
20251024,-2079.8891
20251024,-2080.929
20251024,-2082.0122
20251024,-2079.3664
20251024,-2080.4199
20251024,-2081.7063
20251024,-2083.133
20251024,-2084.3694
20251024,-2085.4707
20251024,-2087.1443
20251024,-2088.5942
20251024,-2088.1882
20251024,-2090.6759
20251024,-2090.4036
20251024,-2089.931
20251027,-2090.9552
20251027,-2090.583
20251027,-2091.659
20251027,-2091.2241
20251027,-2092.64
20251027,-2094.0956
20251027,-2093.672
20251027,-2093.2064
20251027,-2094.2799
20251027,-2094.0808
20251027,-2095.438
20251027,-2096.7271
20251027,-2096.2582
20251027,-2095.8134
20251027,-2095.2855
20251027,-2094.8867
20251028,-2094.6661
20251028,-2095.6782
20251028,-2095.1884
20251028,-2094.7413
20251028,-2094.2563
20251028,-2094.3793
20251028,-2095.4837
20251028,-2095.3489
20251028,-2094.9083
20251028,-2094.4557
20251028,-2093.1056
20251028,-2094.1743
20251028,-2095.2649
20251028,-2096.3664
20251028,-2094.9739
20251028,-2096.0628
20251028,-2097.3354
20251028,-2098.3466
20251028,-2099.7274
20251028,-2097.1005
20251028,-2098.1519
20251029,-2099.2734
20251029,-2100.3309
20251029,-2101.4307
20251029,-2102.5234
20251029,-2103.5376
20251029,-2103.41
20251029,-2102.9267
20251029,-2103.979
20251029,-2105.0414
20251029,-2106.118
20251029,-2105.6881
20251029,-2106.7129
20251029,-2106.2924
20251029,-2107.4447
20251029,-2107.8265
20251029,-2108.8534
20251029,-2109.8616
20251029,-2110.3364
20251030,-2110.2466
20251030,-2109.7758
20251030,-2109.2937
20251030,-2110.3391
20251030,-2111.3594
20251030,-2112.3933
20251030,-2111.9353
20251030,-2111.4934
20251030,-2114.5474
20251030,-2115.7094
20251030,-2117.7093
20251030,-2116.6888
20251030,-2116.2844
20251030,-2117.3932
20251030,-2117.6881
20251030,-2116.4166
20251031,-2116.0539
20251031,-2114.8067
20251031,-2115.8522
20251031,-2115.2529
20251031,-2114.7738
20251031,-2114.3636
20251031,-2115.4356
20251031,-2116.4618
20251031,-2115.9985
20251031,-2114.8082
20251031,-2114.7391
20251031,-2115.8768
20251031,-2117.017
20251031,-2119.2634
20251031,-2120.3138
20251031,-2119.8397
20251031,-2121.0138
20251031,-2122.205
20251031,-2123.3014
20251103,-2122.8088
20251103,-2122.3655
20251103,-2121.9279
20251103,-2122.958
20251103,-2122.9507
20251103,-2122.6187
20251103,-2122.5242
20251103,-2122.0578
20251103,-2123.1174
20251103,-2123.0583
20251103,-2124.121
20251103,-2125.357
20251103,-2126.4263
20251103,-2129.1813
20251103,-2130.2764
20251103,-2129.8056
20251103,-2129.9685
20251103,-2129.9116
20251104,-2130.9358
20251104,-2130.7135
20251104,-2131.7513
20251104,-2131.7792
20251104,-2130.5546
20251104,-2131.7293
20251104,-2133.2082
20251104,-2130.7574
20251104,-2132.136
20251104,-2133.5701
20251104,-2132.8579
20251104,-2133.9246
20251104,-2133.0686
20251105,-2132.3156
20251105,-2133.4803
20251105,-2133.0403
20251105,-2133.0384
20251105,-2134.2153
20251105,-2135.408
20251105,-2136.5449
20251106,-2134.8258
20251106,-2134.5624
20251106,-2134.1698
20251106,-2133.9867
20251106,-2133.4049
20251106,-2133.2443
20251106,-2132.7591
20251106,-2132.7601
20251106,-2132.4374
20251106,-2131.5587
20251106,-2132.6661
20251106,-2132.2164
20251106,-2131.9605
20251106,-2132.9774
20251106,-2134.3216
20251106,-2135.3743
20251106,-2136.6855
20251106,-2138.1949
20251106,-2139.2799
20251106,-2140.4019
20251107,-2140.0801
20251107,-2139.9963
20251107,-2139.7652
20251107,-2140.8075
20251107,-2141.85
20251107,-2141.2206
20251107,-2140.8309
20251107,-2141.8476
20251107,-2142.8969
20251107,-2143.9295
20251107,-2143.1602
20251107,-2141.7526
20251107,-2141.2697
20251107,-2140.8149
20251107,-2141.847
20251107,-2142.8714
20251107,-2143.9335
20251107,-2142.4102
20251107,-2143.5279
20251107,-2144.5467
20251107,-2145.5918
20251107,-2146.9254
20251107,-2145.1476
20251107,-2146.4918
20251107,-2147.8127
20251110,-2146.9856
20251110,-2146.9832
20251110,-2148.0686
20251110,-2147.1154
20251110,-2146.175
20251110,-2145.702
20251110,-2144.7353
20251110,-2143.0909
20251110,-2144.1926
20251110,-2145.2444
20251110,-2146.3647
20251110,-2147.586
20251110,-2147.3658
20251110,-2147.3195
20251110,-2141.743
20251110,-2143.4653
20251110,-2145.4667
20251110,-2146.8178
20251110,-2148.2659
20251110,-2148.1188
20251110,-2149.2505
20251111,-2148.8068
20251111,-2149.8723
20251111,-2149.1678
20251111,-2148.699
20251111,-2149.772
20251111,-2149.591
20251111,-2150.6418
20251111,-2150.6553
20251111,-2150.1534
20251111,-2151.6466
20251111,-2154.1308
20251111,-2153.3943
20251111,-2154.6329
20251111,-2154.2254
20251111,-2155.2984
20251111,-2154.8765
20251111,-2154.6934
20251111,-2153.5279
20251111,-2153.0876
20251112,-2153.0083
20251112,-2152.9308
20251112,-2152.8044
20251112,-2152.3712
20251112,-2153.4173
20251112,-2154.5874
20251112,-2155.6077
20251112,-2156.6436
20251112,-2156.6746
20251112,-2156.5038
20251112,-2157.6035
20251112,-2157.1821
20251112,-2157.1297
20251112,-2156.702
20251112,-2157.8099
20251112,-2158.9226
20251112,-2159.9621
20251113,-2155.7966
20251113,-2156.8666
20251113,-2155.6844
20251113,-2155.44
20251113,-2156.4535
20251113,-2156.1181
20251113,-2155.7858
20251113,-2155.2951
20251113,-2154.848
20251113,-2154.0369
20251113,-2152.384
20251113,-2153.4388
20251113,-2153.0047
20251114,-2154.3738
20251114,-2155.5314
20251114,-2155.0919
20251117,-2155.0495
20251117,-2156.0683
20251117,-2155.987
20251117,-2155.6019
20251117,-2156.8213
20251117,-2156.3157
20251117,-2157.3953
20251117,-2156.833
20251117,-2157.9055
20251117,-2159.0001
20251117,-2160.0475
20251117,-2161.1015
20251117,-2162.4382
20251117,-2162.0713
20251117,-2161.0931
20251117,-2159.5597
20251117,-2159.1341
20251117,-2158.5798
20251118,-2158.0268
20251118,-2157.1633
20251118,-2155.9811
20251118,-2157.0014
20251118,-2158.0335
20251118,-2159.0706
20251118,-2160.0934
20251118,-2156.8915
20251118,-2158.2578
20251118,-2159.4705
20251118,-2160.6849
20251118,-2160.2096
20251118,-2159.7839
20251119,-2159.2994
20251119,-2157.9296
20251119,-2157.4407
20251119,-2158.4651
20251119,-2156.8168
20251119,-2155.7402
20251119,-2158.2796
20251119,-2159.3451
20251119,-2160.4891
20251119,-2161.5142
20251119,-2162.5931
20251119,-2162.6884
20251119,-2162.4515
20251119,-2162.3715
20251119,-2163.4896
20251119,-2164.609
20251119,-2165.7701
20251119,-2165.3398
20251119,-2164.1997
20251119,-2163.5207
20251119,-2164.6122
20251120,-2165.7009
20251120,-2166.7108
20251120,-2167.7185
20251120,-2167.3673
20251120,-2165.6174
20251120,-2165.1396
20251120,-2166.2195
20251120,-2167.2809
20251120,-2166.7196
20251120,-2167.753
20251120,-2166.4365
20251120,-2164.4345
20251120,-2163.9508
20251120,-2163.4873
20251120,-2163.0346
20251120,-2162.6427
20251120,-2162.1713
20251120,-2161.7188
20251120,-2161.2973
20251121,-2162.321
20251121,-2163.3529
20251121,-2164.3932
20251121,-2165.4035
20251121,-2166.5103
20251121,-2166.297
20251121,-2165.6395
20251121,-2166.7032
20251121,-2167.7508
20251121,-2168.7867
20251124,-2169.8312
20251124,-2170.8744
20251124,-2171.9609
20251124,-2173.0324
20251124,-2172.8398
20251124,-2173.8543
20251124,-2174.8834
20251124,-2175.893
20251124,-2174.9611
20251124,-2175.9995
20251124,-2175.557
20251124,-2176.6116
20251124,-2176.2727
20251124,-2177.6801
20251124,-2175.8886
20251125,-2176.9465
20251125,-2178.0174
20251125,-2177.5464
20251125,-2178.5718
20251125,-2179.6336
20251125,-2180.6681
20251125,-2179.4609
20251125,-2180.5178
20251125,-2181.7125
20251125,-2182.7566
20251125,-2181.5587
20251125,-2180.4082
20251125,-2181.4633
20251125,-2181.0107
20251125,-2180.655
20251125,-2181.9483
20251125,-2182.9837
20251125,-2184.1163
20251125,-2180.5362
20251126,-2181.5975
20251126,-2181.133
20251126,-2182.2381
20251126,-2183.2636
20251126,-2184.3143
20251126,-2185.3359
20251126,-2183.4878
20251126,-2183.2233
20251126,-2183.2824
20251126,-2182.8338
20251126,-2182.3985
20251126,-2181.9678
20251126,-2181.5777
20251126,-2181.1017
20251126,-2182.3938
20251126,-2183.7189
20251126,-2184.7604
20251126,-2186.7604
20251126,-2186.3113
20251126,-2187.3555
20251126,-2188.5783
20251128,-2188.0334
20251128,-2187.0677
20251128,-2188.2425
20251128,-2188.0248
20251128,-2186.3206
20251128,-2186.222
20251128,-2185.5565
20251128,-2184.452
20251128,-2183.9887
20251128,-2185.0278
20251128,-2182.3328
20251128,-2181.8719
20251128,-2181.0126
20251128,-2180.5272
20251128,-2181.7188
20251128,-2182.861
20251128,-2183.9161
20251128,-2185.0306
20251128,-2183.3512
20251128,-2183.0673
20251128,-2184.18
20251128,-2184.286
20251128,-2184.3311
20251128,-2184.3745
20251201,-2183.9103
20251201,-2182.8777
20251201,-2182.9032
20251201,-2182.4969
20251201,-2181.5009
20251201,-2181.3039
20251201,-2180.9543
20251201,-2182.0071
20251201,-2183.0696
20251201,-2184.1265
20251201,-2185.1975
20251201,-2186.2269
20251201,-2187.2517
20251201,-2188.4127
20251201,-2189.4884
20251201,-2190.9367
20251201,-2192.0147
20251201,-2191.8805
20251201,-2191.6136
20251201,-2189.7432
20251201,-2190.9634
20251202,-2192.0568
20251202,-2193.1274
20251202,-2194.1909
20251202,-2195.2473
20251202,-2194.6691
20251202,-2194.0163
20251202,-2195.0524
20251202,-2196.2352
20251202,-2197.4386
20251202,-2196.9495
20251202,-2198.1071
20251202,-2197.9655
20251202,-2197.657
20251202,-2199.0205
20251202,-2198.6592
20251202,-2199.8441
20251202,-2200.9472
20251203,-2202.001
20251203,-2200.8723
20251203,-2200.641
20251203,-2200.6373
20251203,-2200.6373
20251203,-2201.6458
20251203,-2202.7421
20251203,-2202.5928
20251203,-2203.611
20251203,-2203.5551
20251203,-2203.1312
20251203,-2204.927
20251204,-2204.9699
20251204,-2205.0136
20251204,-2204.5679
20251204,-2205.5908
20251204,-2205.1018
20251204,-2206.1343
20251204,-2207.1785
20251204,-2206.7387
20251204,-2207.8617
20251204,-2209.1562
20251204,-2207.064
20251204,-2208.1452
20251205,-2207.7698
20251205,-2207.2887
20251205,-2206.5495
20251205,-2207.6276
20251205,-2207.7044
20251205,-2208.7217
20251205,-2207.7282
20251205,-2207.7282
20251205,-2208.7851
20251205,-2209.8157
20251205,-2209.3749
20251205,-2210.5129
20251205,-2209.6565
20251205,-2211.1137
20251208,-2210.6413
20251208,-2211.6616
20251208,-2209.9365
20251208,-2209.5697
20251208,-2209.1167
20251208,-2210.1466
20251208,-2210.1753
20251208,-2211.2396
20251208,-2210.5179
20251208,-2211.7994
20251208,-2212.9783
20251208,-2214.103
20251209,-2215.1317
20251209,-2216.1998
20251209,-2216.2
20251209,-2215.6984
20251209,-2215.5515
20251209,-2215.2791
20251209,-2214.7947
20251209,-2214.0027
20251209,-2215.0209
20251209,-2213.714
20251209,-2213.0696
20251209,-2212.3704
20251209,-2213.6238
20251210,-2212.5166
20251210,-2211.8901
20251210,-2212.9627
20251210,-2212.9399
20251210,-2212.5674
20251210,-2209.9732
20251210,-2209.5105
20251210,-2210.8615
20251210,-2212.1558
20251210,-2213.3388
20251210,-2207.0999
20251210,-2205.2616
20251210,-2206.5112
20251210,-2207.628
20251210,-2207.179
20251211,-2206.6984
20251211,-2206.577
20251211,-2205.7739
20251211,-2203.7163
20251211,-2203.984
20251211,-2205.0711
20251211,-2205.1448
20251211,-2206.2205
20251211,-2207.6556
20251211,-2207.3331
20251212,-2208.4614
20251212,-2208.3724
20251212,-2209.4077
20251212,-2209.0215
20251212,-2209.0415
20251212,-2208.7228
20251212,-2208.1826
20251212,-2209.2901
20251212,-2210.3404
20251212,-2209.2265
20251212,-2208.5603
20251212,-2208.0824
20251212,-2209.171
20251212,-2208.7735
20251212,-2210.4569
20251212,-2209.989
20251212,-2209.5679
20251212,-2190.0801
20251212,-2191.1761
20251212,-2192.2907
20251215,-2191.6126
20251215,-2190.8911
20251215,-2189.7856
20251215,-2188.7084
20251215,-2187.3433
20251215,-2188.3978
20251215,-2188.2179
20251215,-2187.698
20251215,-2187.2389
20251215,-2186.771
20251215,-2187.7926
20251215,-2188.8336
20251215,-2189.8584
20251215,-2190.8992
20251215,-2192.042
20251215,-2193.0709
20251215,-2194.2259
20251215,-2195.462
20251215,-2196.5386
20251215,-2197.6715
20251215,-2198.802
20251216,-2196.1036
20251216,-2195.6358
20251216,-2195.2296
20251216,-2195.4363
20251216,-2194.956
20251216,-2194.4922
20251216,-2194.0345
20251216,-2193.6669
20251216,-2193.1739
20251216,-2194.2137
20251216,-2195.2441
20251216,-2196.9658
20251216,-2198.0271
20251216,-2197.6277
20251216,-2197.2311
20251216,-2198.3019
20251216,-2197.8793
20251216,-2197.5025
20251216,-2199.2584
20251216,-2200.476
20251216,-2200.0635
20251216,-2199.8437
20251217,-2200.8912
20251217,-2200.4291
20251217,-2201.4492
20251217,-2202.5461
20251217,-2202.0733
20251217,-2201.7666
20251217,-2201.4539
20251217,-2200.7105
20251217,-2200.369
20251217,-2199.9462
20251217,-2198.9369
20251217,-2198.62
20251217,-2199.6652
20251217,-2200.7122
20251217,-2201.7439
20251217,-2203.0843
20251217,-2198.5043
20251217,-2196.1253
20251218,-2197.1805
20251218,-2198.2682
20251218,-2199.2931
20251218,-2199.0533
20251218,-2200.1824
20251218,-2200.059
20251218,-2199.6076
20251218,-2198.993
20251218,-2198.9692
20251218,-2200.0146
20251218,-2199.5265
20251218,-2198.3476
20251218,-2199.4212
20251218,-2199.044
20251218,-2198.1866
20251218,-2199.321
20251218,-2200.8645
20251218,-2202.0831
20251218,-2201.7186
20251218,-2206.4791
20251218,-2206.0102
20251218,-2205.6908
20251218,-2207.3702
20251219,-2208.4621
20251219,-2209.5065
20251219,-2210.572
20251219,-2211.7053
20251219,-2212.7235
20251219,-2214.2478
20251219,-2213.805
20251219,-2215.2078
20251219,-2216.6615
20251219,-2217.7934
20251219,-2218.8399
20251219,-2219.9567
20251219,-2219.5401
20251219,-2219.2824
20251219,-2220.3867
20251222,-2219.4753
20251222,-2218.5414
20251222,-2220.4177
20251222,-2221.5341
20251222,-2221.4384
20251222,-2220.2689
20251222,-2221.487
20251222,-2222.6778
20251222,-2223.7701
20251222,-2222.2338
20251222,-2223.9902
20251222,-2225.1038
20251222,-2226.8609
20251223,-2228.1648
20251223,-2227.7095
20251223,-2227.5334
20251223,-2226.9461
20251223,-2228.1908
20251223,-2229.2703
20251223,-2230.3348
20251223,-2231.5676
20251223,-2231.362
20251223,-2230.9087
20251223,-2230.4702
20251223,-2229.3412
20251223,-2230.8502
20251223,-2232.071
20251223,-2232.071
20251224,-2230.9932
20251224,-2230.1291
20251224,-2231.1942
20251224,-2230.8669
20251224,-2232.0606
20251224,-2233.3649
20251224,-2232.4749
20251224,-2233.5002
20251224,-2234.5866
20251224,-2231.9108
20251224,-2231.7393
20251224,-2232.7674
20251224,-2232.3183
20251224,-2231.7849
20251224,-2231.121
20251224,-2232.3917
20251224,-2233.5009
20251226,-2232.4808
20251226,-2230.9589
20251226,-2231.9766
20251226,-2233.0748
20251226,-2232.4568
20251226,-2233.5437
20251226,-2234.6283
20251226,-2236.0653
20251226,-2237.1175
20251229,-2237.012
20251229,-2238.0321
20251229,-2239.0575
20251229,-2240.2614
20251229,-2239.8024
20251229,-2240.9717
20251229,-2240.5675
20251229,-2241.6387
20251229,-2242.846
20251229,-2244.2853
20251229,-2243.8792
20251229,-2243.5609
20251229,-2242.5873
20251229,-2241.0918
20251229,-2240.8938
20251230,-2240.2989
20251230,-2239.8786
20251230,-2239.4568
20251230,-2239.0834
20251230,-2238.6636
20251230,-2238.7619
20251230,-2238.3239
20251230,-2237.8787
20251230,-2238.9974
20251230,-2238.6391
20251230,-2240.2472
20251230,-2241.7771
20251230,-2242.8927
20251230,-2241.7589
20251230,-2241.366
20251231,-2242.5024
20251231,-2243.5592
20251231,-2243.3438
20251231,-2244.5266
20251231,-2244.1034
20251231,-2245.1373
20251231,-2246.2324
20251231,-2247.3595
20251231,-2248.6158
20251231,-2248.2144
20251231,-2249.9669
20251231,-2251.0623
20251231,-2253.1303
20251231,-2255.2792
20251231,-2257.0941
20251231,-2258.3263
20251231,-2257.3203
20251231,-2256.1629
20260102,-2257.355
20260102,-2257.2212
20260102,-2258.2575
20260102,-2258.0833
20260102,-2253.8827
20260102,-2253.918
20260102,-2253.2944
20260102,-2252.2693
20260102,-2253.3067
20260102,-2252.8771
20260102,-2252.7214
20260102,-2252.7004
20260102,-2252.4812
20260102,-2252.0722
20260102,-2253.1978
20260102,-2251.5953
20260105,-2251.5672
20260105,-2252.7492
20260105,-2253.9027
20260105,-2255.1862
20260105,-2256.7025
20260105,-2256.2415
20260106,-2255.7606
20260106,-2255.265
20260106,-2254.322
20260106,-2253.8492
20260106,-2253.3936
20260106,-2254.4347
20260106,-2255.4845
20260106,-2255.4073
20260106,-2256.5012
20260106,-2256.0601
20260106,-2257.244
20260106,-2256.7415
20260106,-2254.1585
20260106,-2256.9906
20260106,-2256.7488
20260106,-2257.9665
20260106,-2257.6386
20260106,-2256.0935
20260106,-2254.7928
20260106,-2254.3542
20260106,-2255.6192
20260106,-2257.025
20260107,-2256.4153
20260107,-2256.111
20260107,-2257.1536
20260107,-2258.1858
20260107,-2257.7413
20260107,-2258.8592
20260107,-2259.9519
20260107,-2258.3143
20260107,-2257.6291
20260107,-2258.7843
20260107,-2258.5102
20260108,-2257.5376
20260108,-2256.5918
20260108,-2257.6132
20260108,-2257.3969
20260108,-2256.1678
20260108,-2251.7053
20260108,-2252.8718
20260108,-2252.5103
20260108,-2252.1546
20260108,-2251.7815
20260108,-2252.8522
20260108,-2252.9601
20260109,-2254.0293
20260109,-2253.8596
20260109,-2254.8996
20260109,-2254.9244
20260109,-2255.969
20260109,-2257.0008
20260109,-2258.053
20260109,-2257.6237
20260109,-2259.2777
20260109,-2258.8683
20260109,-2256.8961
20260109,-2258.3578
20260109,-2256.3114
20260109,-2257.4707
20260109,-2257.4147
20260112,-2258.4569
20260112,-2259.466
20260112,-2259.6967
20260112,-2259.2993
20260112,-2257.0561
20260112,-2255.9774
20260112,-2255.5122
20260112,-2256.5992
20260112,-2257.983
20260112,-2259.2597
20260112,-2259.0887
20260112,-2260.3455
20260112,-2261.7147
20260112,-2261.1456
20260113,-2260.2449
20260113,-2261.3847
20260113,-2260.7435
20260113,-2260.2715
20260113,-2259.9896
20260113,-2261.0454
20260113,-2260.5709
20260113,-2260.0076
20260113,-2261.0782
20260113,-2262.3846
20260113,-2263.6171
20260113,-2263.1799
20260113,-2264.3213
20260113,-2263.8547
20260113,-2263.4234
20260113,-2262.404
20260114,-2263.4105
20260114,-2264.5009
20260114,-2265.5363
20260114,-2266.5709
20260114,-2266.3543
20260114,-2265.8843
20260114,-2265.5202
20260114,-2264.5454
20260114,-2263.561
20260114,-2261.8748
20260114,-2262.9509
20260114,-2264.0024
20260114,-2263.5375
20260114,-2264.7171
20260114,-2265.7851
20260114,-2265.4052
20260115,-2265.3042
20260115,-2264.8144
20260115,-2263.5779
20260115,-2263.1015
20260115,-2263.1443
20260115,-2264.2529
20260115,-2263.7844
20260115,-2264.8162
20260115,-2265.8542
20260115,-2265.3783
20260115,-2265.0163
20260115,-2266.0517
20260115,-2267.1474
20260115,-2268.2278
20260115,-2269.2683
20260115,-2268.2609
20260115,-2269.376
20260115,-2270.4517
20260115,-2271.5488
20260115,-2270.26
20260116,-2269.8672
20260116,-2270.9453
20260116,-2269.699
20260116,-2269.2482
20260116,-2269.101
20260116,-2270.2041
20260116,-2269.752
20260116,-2270.9882
20260116,-2272.7136
20260116,-2274.4704
20260116,-2275.8143
20260116,-2276.9135
20260116,-2278.1293
20260116,-2279.8829
20260120,-2278.8444
20260120,-2278.2155
20260120,-2279.2538
20260120,-2278.4126
20260120,-2279.4249
20260120,-2280.47
20260120,-2279.6404
20260120,-2279.4755
20260120,-2278.1744
20260120,-2277.3924
20260120,-2278.456
20260120,-2278.006
20260120,-2277.6309
20260120,-2278.7119
20260120,-2278.2651
20260120,-2277.3898
20260120,-2276.9375
20260120,-2272.8214
20260120,-2271.9182
20260121,-2269.188
20260121,-2268.5227
20260121,-2265.7141
20260121,-2265.2229
20260121,-2264.7363
20260121,-2264.2492
20260121,-2263.8088
20260121,-2264.8598
20260121,-2264.4804
20260121,-2265.5922
20260121,-2266.8594
20260121,-2267.9155
20260121,-2267.7943
20260121,-2267.6581
20260121,-2267.8561
20260121,-2268.8941
20260121,-2271.1985
20260122,-2270.8125
20260122,-2271.833
20260122,-2272.8557
20260122,-2273.8817
20260122,-2273.4229
20260122,-2272.942
20260122,-2273.9754
20260122,-2275.0426
20260122,-2274.9793
20260122,-2273.3439
20260122,-2274.4638
20260122,-2275.5778
20260122,-2276.7451
20260122,-2275.6205
20260122,-2276.7833
20260123,-2276.3271
20260123,-2274.9235
20260123,-2274.3916
20260123,-2275.4758
20260123,-2275.0913
20260123,-2276.4697
20260123,-2276.1266
20260123,-2277.1655
20260123,-2276.9415
20260123,-2276.6565
20260123,-2276.3177
20260123,-2277.3762
20260126,-2278.4265
20260126,-2278.0087
20260126,-2277.8939
20260126,-2277.495
20260126,-2278.5524
20260126,-2279.5733
20260126,-2280.6057
20260126,-2280.2416
20260126,-2281.3673
20260126,-2282.4527
20260126,-2282.2234
20260126,-2283.3601
20260126,-2282.8579
20260126,-2283.9111
20260127,-2282.4315
20260127,-2281.734
20260127,-2282.8539
20260127,-2282.8067
20260127,-2282.4897
20260127,-2283.5163
20260127,-2284.5408
20260127,-2285.589
20260127,-2284.7983
20260127,-2285.8258
20260127,-2286.8363
20260127,-2288.0312
20260127,-2287.6289
20260127,-2288.7153
20260127,-2289.8838
20260127,-2289.4242
20260127,-2290.476
20260127,-2289.9786
20260128,-2291.0308
20260128,-2290.5897
20260128,-2291.6992
20260128,-2292.7363
20260128,-2293.8232
20260128,-2293.3727
20260128,-2292.3508
20260128,-2288.5134
20260128,-2288.2648
20260128,-2288.0628
20260128,-2289.0902
20260129,-2288.8677
20260129,-2289.8812
20260129,-2290.9091
20260129,-2290.5118
20260129,-2290.0212
20260129,-2291.0382
20260129,-2292.0968
20260129,-2293.1165
20260129,-2291.5066
20260129,-2292.5559
20260129,-2292.5096
20260129,-2293.5389
20260129,-2294.7655
20260129,-2296.2573
20260129,-2297.3489
20260129,-2298.9251
20260129,-2300.2684
20260129,-2301.3807
20260129,-2302.4032
20260129,-2302.2779
20260130,-2301.7892
20260130,-2302.8182
20260130,-2302.3423
20260130,-2302.2533
20260130,-2303.2959
20260130,-2304.3699
20260130,-2303.8959
20260130,-2303.7556
20260130,-2304.7831
20260130,-2305.894
20260130,-2306.9621
20260130,-2308.0227
20260130,-2309.1839
20260130,-2310.7055
20260130,-2310.2695
20260130,-2311.3809
20260202,-2312.534
20260202,-2312.4123
20260202,-2313.4951
20260202,-2314.5169
20260202,-2315.5552
20260202,-2310.6406
20260202,-2310.1028
20260202,-2311.1791
20260202,-2312.4891
20260202,-2313.548
20260202,-2315.6917
20260203,-2316.7219
20260203,-2316.3498
20260203,-2316.0641
20260203,-2315.9838
20260203,-2316.995
20260203,-2316.4998
20260203,-2316.2875
20260203,-2317.3133
20260203,-2316.8509
20260203,-2317.8669
20260203,-2318.9123
20260203,-2318.6421
20260203,-2318.1702
20260204,-2317.6917
20260204,-2318.7232
20260204,-2318.238
20260204,-2317.7443
20260204,-2317.7485
20260204,-2318.7981
20260204,-2318.796
20260204,-2319.8704
20260204,-2319.4028
20260204,-2319.3077
20260204,-2318.8269
20260204,-2318.3512
20260204,-2317.8626
20260204,-2318.9025
20260204,-2320.1051
20260204,-2319.6408
20260204,-2319.2071
20260204,-2318.7636
20260204,-2317.6874
20260204,-2316.5585
20260204,-2316.0768
20260204,-2317.3262
20260204,-2317.2517
20260204,-2318.4872
20260204,-2317.8877
20260204,-2317.6514
20260205,-2315.5301
20260205,-2315.1074
20260205,-2314.4022
20260205,-2313.9098
20260205,-2313.422
20260205,-2313.1217
20260205,-2313.269
20260205,-2312.7807
20260205,-2313.813
20260205,-2314.8332
20260205,-2314.1053
20260205,-2314.036
20260205,-2315.0544
20260205,-2316.0603
20260205,-2317.0971
20260205,-2318.2287
20260205,-2317.7927
20260205,-2318.8396
20260205,-2321.7894
20260205,-2323.0666
20260205,-2324.3499
20260205,-2325.381
20260206,-2326.4532
20260206,-2326.0574
20260206,-2325.1674
20260206,-2325.097
20260206,-2326.1198
20260206,-2324.7572
20260206,-2324.6583
20260206,-2321.3772
20260206,-2322.45
20260206,-2322.0552
20260206,-2319.4131
20260209,-2320.4327
20260209,-2319.6879
20260209,-2320.7323
20260209,-2320.2453
20260209,-2319.1119
20260209,-2318.8058
20260209,-2319.9162
20260209,-2321.2568
20260209,-2322.6907
20260209,-2322.8342
20260209,-2321.896
20260209,-2322.9871
20260209,-2324.1408
20260209,-2323.8406
20260209,-2323.3897
20260209,-2324.4443
20260210,-2323.9872
20260210,-2325.0008
20260210,-2326.0209
20260210,-2325.9364
20260210,-2325.3127
20260210,-2326.4452
20260210,-2327.5442
20260210,-2327.4652
20260210,-2328.5549
20260210,-2329.7557
20260210,-2329.5825
20260210,-2330.6822
20260210,-2331.7704
20260211,-2330.6506
20260211,-2330.1533
20260211,-2329.3631
20260211,-2329.4155
20260211,-2328.6773
20260211,-2328.2223
20260211,-2328.1403
20260211,-2327.7041
20260211,-2328.904
20260211,-2328.4674
20260211,-2329.5626
20260211,-2328.4841
20260211,-2327.8824
20260211,-2328.9557
20260211,-2330.9531
20260211,-2332.0015
20260211,-2331.5126
20260211,-2331.1312
20260211,-2332.3076
20260212,-2330.9477
20260212,-2330.3488
20260212,-2331.4061
20260212,-2331.1561
20260212,-2332.2109
20260212,-2333.2367
20260212,-2331.9683
20260212,-2331.4227
20260212,-2330.9593
20260212,-2332.0235
20260212,-2333.0527
20260212,-2332.6553
20260212,-2332.6102
20260212,-2331.4966
20260212,-2331.0354
20260212,-2329.985
20260212,-2331.0204
20260212,-2332.133
20260212,-2333.2996
20260212,-2334.5553
20260212,-2335.7912
20260212,-2335.3293
20260212,-2336.4436
20260213,-2334.2328
20260213,-2333.754
20260213,-2334.808
20260213,-2335.8234
20260213,-2335.6303
20260213,-2336.7136
20260213,-2338.4927
20260213,-2339.7855
20260213,-2339.3703
20260217,-2338.8845
20260217,-2338.6649
20260217,-2338.0162
20260217,-2339.0795
20260217,-2340.0936
20260217,-2341.1039
20260217,-2342.1741
20260217,-2343.1946
20260217,-2344.3187
20260217,-2345.3683
20260217,-2345.4058
20260217,-2346.4419
20260217,-2347.5054
20260218,-2345.8547
20260218,-2345.3798
20260218,-2344.6822
20260218,-2344.5612
20260218,-2344.5024
20260218,-2345.6498
20260218,-2346.7851
20260218,-2348.0778
20260218,-2347.9181
20260218,-2347.8068
20260218,-2347.031
20260218,-2343.4638
20260218,-2342.2793
20260218,-2340.7681
20260219,-2339.9855
20260219,-2339.2885
20260219,-2338.8383
20260219,-2337.7916
20260219,-2338.8394
20260219,-2339.9189
20260219,-2340.9551
20260219,-2342.03
20260219,-2342.0025
20260219,-2341.652
20260219,-2342.7732
20260219,-2342.3015
20260219,-2343.3386
20260219,-2344.7055
20260219,-2345.7593
20260220,-2346.7865
20260220,-2347.9356
20260220,-2347.46
20260220,-2345.7545
20260220,-2346.8199
20260220,-2347.8359
20260220,-2348.8574
20260220,-2348.2886
20260220,-2347.8457
20260220,-2347.3858
20260220,-2348.4867
20260220,-2348.0063
20260220,-2347.5183
20260220,-2348.825
20260223,-2348.6667
20260223,-2349.7263
20260223,-2349.5701
20260223,-2349.3181
20260223,-2350.3466
20260223,-2349.9358
20260223,-2348.2574
20260223,-2345.949
20260223,-2345.5183
20260223,-2345.0479
20260223,-2346.4874
20260223,-2346.2152
20260223,-2344.9197
20260224,-2345.9558
20260224,-2347.0026
20260224,-2345.973
20260224,-2345.7137
20260224,-2345.6156
20260224,-2346.7649
20260224,-2346.3437
20260224,-2347.4251
20260225,-2347.3576
20260225,-2346.3439
20260225,-2347.4099
20260225,-2346.7011
20260225,-2347.7911
20260225,-2346.7818
20260225,-2344.0765
20260225,-2345.2331
20260225,-2346.2869
20260225,-2345.5081
20260225,-2345.5816
20260225,-2346.6742
20260225,-2346.5347
20260226,-2347.6252
20260226,-2348.6377
20260226,-2349.6583
20260226,-2348.2372
20260226,-2347.5173
20260226,-2348.6663
20260226,-2348.0906
20260226,-2347.6936
20260226,-2347.3433
20260226,-2346.9343
20260226,-2347.1571
20260226,-2346.8567
20260226,-2346.5873
20260226,-2348.0223
20260226,-2347.6713
20260227,-2346.9468
20260227,-2345.9939
20260227,-2345.8777
20260227,-2345.4302
20260227,-2345.3455
20260227,-2346.385
20260227,-2347.4502
20260227,-2347.0548
20260227,-2345.6181
20260227,-2346.7344
20260227,-2347.8989
20260227,-2348.9495
20260227,-2348.5111
20260227,-2348.4615
20260227,-2347.3998
20260227,-2348.4596
20260227,-2348.3828
20260227,-2347.9434
20260227,-2347.5433
20260302,-2348.5773
20260302,-2349.5992
20260303,-2349.3237
20260303,-2348.3148
20260303,-2349.3259
20260303,-2350.3706
20260303,-2351.4233
20260303,-2352.5087
20260303,-2353.5348
20260303,-2352.775
20260303,-2353.9122
20260303,-2353.1269
20260303,-2352.8173
20260303,-2352.7803
20260304,-2353.8515
20260304,-2354.8793
20260304,-2354.4197
20260304,-2355.4593
20260304,-2355.0767
20260304,-2356.2225
20260304,-2355.7373
20260304,-2357.0571
20260304,-2357.2749
20260304,-2356.3391
20260304,-2355.7168
20260304,-2355.2917
20260304,-2354.8555
20260304,-2354.4446
20260304,-2356.757
20260304,-2356.3006
20260304,-2356.1578
20260304,-2355.8444
20260304,-2355.9057
20260305,-2355.7173
20260305,-2355.623
20260305,-2356.6613
20260305,-2357.6765
20260305,-2358.6976
20260305,-2359.7263
20260305,-2360.784
20260305,-2360.2983
20260305,-2361.3129
20260305,-2361.128
20260305,-2362.1511
20260305,-2361.5635
20260305,-2362.6648
20260305,-2363.7003
20260305,-2363.1392
20260305,-2364.2544
20260305,-2365.4067
20260305,-2366.6635
20260305,-2368.6636
20260305,-2370.2655
20260305,-2371.5131
20260306,-2372.5964
20260306,-2373.6225
20260306,-2374.6404
20260306,-2375.6783
20260306,-2375.5527
20260306,-2376.6825
20260306,-2376.7255
20260306,-2375.3704
20260306,-2374.4579
20260306,-2373.6515
20260306,-2373.2533
20260309,-2372.4609
20260309,-2371.9745
20260309,-2373.0171
20260309,-2372.8025
20260309,-2373.8415
20260309,-2373.7005
20260309,-2373.2319
20260309,-2374.3004
20260309,-2375.3658
20260309,-2376.3975
20260309,-2377.433
20260309,-2378.4588
20260309,-2378.3891
20260309,-2377.9424
20260309,-2377.8047
20260309,-2377.249
20260309,-2378.4229
20260309,-2378.2352
20260309,-2379.325
20260310,-2378.933
20260310,-2378.4993
20260310,-2379.6421
20260310,-2380.6724
20260310,-2380.0468
20260310,-2381.1225
20260310,-2380.6645
20260310,-2381.7296
20260310,-2382.7717
20260310,-2383.8089
20260310,-2383.159
20260311,-2382.8191
20260311,-2383.9006
20260311,-2383.418
20260311,-2382.1896
20260311,-2383.2388
20260311,-2384.2701
20260311,-2385.3042
20260311,-2386.4183
20260311,-2387.5588
20260311,-2387.5005
20260311,-2384.528
20260311,-2382.7616
20260311,-2382.5215
20260312,-2382.0502
20260312,-2383.1812
20260312,-2384.2693
20260312,-2385.3524
20260312,-2385.2077
20260312,-2386.2526
20260312,-2387.3127
20260312,-2388.502
20260312,-2387.4042
20260312,-2388.4491
20260312,-2389.5201
20260312,-2389.5851
20260312,-2390.678
20260312,-2391.8274
20260312,-2392.9172
20260312,-2393.9663
20260312,-2395.0471
20260312,-2393.4877
20260312,-2393.0786
20260312,-2392.5351
20260313,-2391.846
20260313,-2391.3918
20260313,-2390.7991
20260313,-2391.8121
20260313,-2391.3557
20260313,-2390.9294
20260313,-2390.0512
20260313,-2389.868
20260313,-2389.5329
20260313,-2388.9207
20260313,-2388.8756
20260313,-2388.411
20260313,-2388.026
20260313,-2389.1185
20260313,-2390.2352
20260313,-2391.3089
20260313,-2390.7421
20260313,-2390.238
20260313,-2390.1282
20260313,-2391.2168
20260313,-2390.782
20260313,-2391.807
20260313,-2391.2398
20260313,-2390.9052
20260316,-2391.9538
20260316,-2391.968
20260316,-2391.7766
20260316,-2392.8476
20260316,-2393.8933
20260316,-2393.4215
20260316,-2394.4774
20260316,-2395.6525
20260316,-2396.911
20260316,-2396.3016
20260316,-2397.5601
20260317,-2397.4208
20260317,-2397.2522
20260317,-2398.2855
20260317,-2396.8392
20260317,-2396.3709
20260317,-2395.2865
20260317,-2395.301
20260317,-2394.8144
20260317,-2394.3572
20260317,-2395.4705
20260317,-2396.7546
20260317,-2398.1428
20260318,-2397.6691
20260318,-2398.6886
20260318,-2399.7355
20260318,-2400.7808
20260318,-2400.3894
20260318,-2399.9043
20260318,-2399.5412
20260318,-2398.7015
20260318,-2399.7487
20260318,-2399.1305
20260318,-2400.1825
20260318,-2399.5642
20260318,-2399.2196
20260318,-2401.3211
20260318,-2402.3918
20260319,-2403.4667
20260319,-2403.2551
20260319,-2403.1615
20260319,-2401.0495
20260319,-2402.0682
20260319,-2403.111
20260319,-2404.157
20260319,-2405.2131
20260319,-2407.2131
20260319,-2405.4069
20260319,-2406.488
20260319,-2405.8002
20260320,-2404.5783
20260320,-2401.8768
20260320,-2401.5755
20260320,-2401.5408
20260320,-2400.7641
20260320,-2399.7633
20260320,-2399.4347
20260320,-2400.5178
20260320,-2400.4154
20260320,-2399.9548
20260320,-2399.5978
20260320,-2399.1367
20260320,-2400.3034
20260320,-2399.8446
20260320,-2397.7087
20260320,-2397.4416
20260320,-2398.4792
20260323,-2398.0464
20260323,-2398.0611
20260323,-2397.3844
20260323,-2398.5213
20260323,-2399.5575
20260323,-2399.5417
20260323,-2400.592
20260323,-2401.6371
20260323,-2402.6581
20260323,-2401.7954
20260323,-2403.0869
20260323,-2404.2186
20260323,-2405.3032
20260324,-2405.031
20260324,-2404.9469
20260324,-2404.4982
20260324,-2403.3837
20260324,-2403.2262
20260324,-2402.8249
20260324,-2402.0811
20260324,-2403.106
20260324,-2402.9095
20260324,-2402.8769
20260324,-2401.4722
20260324,-2402.5084
20260324,-2402.0541
20260324,-2403.134
20260324,-2404.1587
20260324,-2405.6383
20260324,-2404.5196
20260324,-2403.2727
20260325,-2403.1479
20260325,-2403.064
20260325,-2401.9209
20260325,-2400.9169
20260325,-2401.9676
20260325,-2402.9877
20260325,-2402.3803
20260325,-2403.4367
20260325,-2404.5957
20260325,-2404.5195
20260325,-2406.8626
20260325,-2406.3975
20260325,-2407.5821
20260326,-2408.6351
20260326,-2409.6509
20260326,-2399.981
20260326,-2399.9272
20260326,-2399.6033
20260326,-2399.1227
20260326,-2399.3291
20260326,-2400.4205
20260326,-2399.9819
20260326,-2401.6398
20260326,-2401.2113
20260326,-2402.2473
20260326,-2403.414
20260326,-2404.641
20260326,-2403.8395
20260326,-2405.0857
20260326,-2407.0857
20260326,-2408.3718
20260327,-2407.6201
20260327,-2407.1654
20260327,-2406.6762
20260327,-2406.0511
20260327,-2405.8228
20260327,-2405.3558
20260327,-2404.8658
20260327,-2405.8769
20260327,-2404.3126
20260327,-2405.4104
20260327,-2406.5725
20260327,-2407.6228
20260327,-2408.644
20260327,-2409.6902
20260327,-2410.8449
20260327,-2412.1504
20260327,-2411.7285
20260327,-2411.3267
20260327,-2410.8658
20260327,-2402.7067
20260327,-2402.4669
20260330,-2402.5026
20260330,-2403.5769
20260330,-2403.089
20260330,-2402.8943
20260330,-2401.0168
20260330,-2400.8734
20260330,-2401.9007
20260330,-2401.7384
20260330,-2400.8859
20260330,-2400.7876
20260330,-2399.9965
20260330,-2401.0466
20260330,-2402.0608
20260330,-2401.5798
20260330,-2398.6514
20260330,-2398.1877
20260330,-2397.9069
20260330,-2396.5641
20260330,-2397.964
20260330,-2397.5268
20260330,-2399.1123
20260330,-2398.5462
20260330,-2400.4629
20260330,-2401.5095
20260330,-2400.6807
20260331,-2401.7233
20260331,-2400.3776
20260331,-2399.2854
20260331,-2398.9986
20260331,-2398.7052
20260331,-2399.7664
20260331,-2399.5643
20260331,-2400.9815
20260331,-2402.1617
20260331,-2403.6581
20260331,-2403.3
20260331,-2402.8291
20260331,-2402.5285
20260331,-2403.6592
20260331,-2404.7126
20260331,-2404.7675
20260331,-2405.8917
20260401,-2405.1948
20260401,-2404.8039
20260401,-2403.7683
20260401,-2404.7884
20260401,-2406.014
20260401,-2407.1578
20260401,-2406.7128
20260402,-2405.6729
20260402,-2404.5622
20260402,-2403.5504
20260402,-2403.4436
20260402,-2404.5791
20260402,-2404.1909
20260402,-2402.8492
20260402,-2402.4039
20260402,-2401.9393
20260402,-2401.282
20260402,-2400.1737
20260402,-2399.5509
20260402,-2399.1646
20260402,-2398.7032
20260402,-2399.76
20260402,-2400.8254
20260402,-2401.8703
20260402,-2402.9319
20260402,-2404.011
20260402,-2403.5963
20260402,-2404.9704
20260406,-2404.8365
20260406,-2404.5808
20260406,-2405.9654
20260406,-2405.5729
20260406,-2406.7445
20260406,-2407.9187
20260406,-2409.0192
20260406,-2410.1779
20260406,-2411.5616
20260406,-2412.6925
20260407,-2413.7256
20260407,-2414.8136
20260407,-2415.8463
20260407,-2416.8821
20260407,-2417.961
20260407,-2419.0045
20260407,-2418.5222
20260407,-2418.1341
20260407,-2420.1341
20260407,-2421.5619
20260407,-2422.638
20260407,-2422.309
20260407,-2421.9184
20260407,-2421.9338
20260407,-2421.8545
20260407,-2421.598
20260407,-2421.1501
20260407,-2422.2382
20260408,-2422.2009
20260408,-2420.9849
20260408,-2420.5054
20260408,-2420.5189
20260408,-2418.8611
20260408,-2418.0022
20260408,-2417.5152
20260408,-2416.3137
20260409,-2417.3291
20260409,-2418.4183
20260409,-2418.2767
20260409,-2417.4418
20260409,-2418.4634
20260409,-2417.2349
20260409,-2413.1648
20260409,-2412.8362
20260409,-2413.8534
20260409,-2413.729
20260409,-2414.7788
20260409,-2410.5939
20260409,-2411.9061
20260409,-2412.9897
20260409,-2411.4255
20260409,-2410.1644
20260410,-2411.1756
20260410,-2412.1935
20260410,-2413.2114
20260410,-2414.2247
20260410,-2413.7416
20260410,-2414.775
20260410,-2416.2796
20260410,-2417.4304
20260410,-2419.1888
20260410,-2418.747
20260410,-2419.9886
20260410,-2419.5346
20260410,-2420.6177
20260413,-2419.3758
20260413,-2418.3455
20260413,-2417.4436
20260413,-2416.5794
20260413,-2416.5148
20260413,-2415.335
20260413,-2415.2218
20260413,-2414.9496
20260413,-2416.0061
20260413,-2415.6227
20260413,-2416.6603
20260413,-2416.24
20260413,-2417.6595
20260413,-2418.7796
20260413,-2419.8357
20260414,-2420.8697
20260414,-2421.9136
20260414,-2421.1825
20260414,-2418.5765
20260414,-2419.6058
20260414,-2417.5774
20260414,-2416.0873
20260414,-2417.1883
20260414,-2416.766
20260414,-2418.1064
20260415,-2416.0905
20260415,-2415.9657
20260415,-2416.9901
20260415,-2416.9926
20260415,-2412.7297
20260415,-2412.2834
20260415,-2409.3561
20260415,-2408.9352
20260415,-2410.1067
20260415,-2411.1732
20260415,-2410.9763
20260415,-2412.1931
20260415,-2410.3705
20260415,-2409.9162
20260415,-2411.075
20260415,-2412.2938
20260415,-2413.478
20260416,-2412.4254
20260416,-2412.2227
20260416,-2411.6637
20260416,-2411.5677
20260416,-2412.6687
20260416,-2412.2007
20260416,-2411.7045
20260416,-2410.7443
20260416,-2410.2959
20260416,-2411.357
20260416,-2412.4039
20260416,-2412.1717
20260416,-2413.3277
20260416,-2412.8651
20260416,-2413.9656
20260416,-2415.576
20260417,-2414.4991
20260417,-2413.1269
20260417,-2412.3993
20260417,-2412.0092
20260417,-2411.5366
20260417,-2411.2959
20260417,-2410.3847
20260417,-2411.4178
20260417,-2410.3109
20260417,-2410.0395
20260417,-2408.8386
20260417,-2408.3484
20260417,-2409.4018
20260417,-2408.9605
20260417,-2410.006
20260417,-2409.5531
20260417,-2410.7114
20260417,-2410.2895
20260417,-2409.888
20260420,-2409.8001
20260420,-2409.7336
20260420,-2409.0222
20260420,-2410.0495
20260420,-2409.5713
20260420,-2410.7591
20260420,-2411.8414
20260420,-2412.8578
20260420,-2412.4332
20260420,-2413.512
20260420,-2414.5765
20260420,-2415.9411
20260420,-2417.1239
20260420,-2418.2495
20260420,-2419.2842
20260420,-2420.3934
20260420,-2421.0377
20260421,-2422.1243
20260421,-2423.2435
20260421,-2424.2898
20260421,-2425.3221
20260421,-2426.4526
20260421,-2427.4962
20260421,-2428.5316
20260421,-2429.5792
20260421,-2429.2238
20260421,-2428.7737
20260421,-2428.3604
20260421,-2428.2506
20260421,-2427.8792
20260421,-2428.9458
20260421,-2428.5799
20260421,-2427.6374
20260421,-2427.194
20260421,-2427.1291
20260421,-2426.701
20260421,-2425.5023
20260421,-2424.1879
20260421,-2422.8292
20260422,-2423.856
20260422,-2424.9777
20260422,-2424.7493
20260422,-2423.4409
20260422,-2420.8375
20260422,-2420.3471
20260422,-2418.4528
20260422,-2419.5055
20260422,-2419.3049
20260422,-2418.2784
20260422,-2419.3918
20260422,-2420.758
20260422,-2422.614
20260422,-2426.4958
20260422,-2426.2066
20260423,-2425.8469
20260423,-2425.3855
20260423,-2426.5452
20260423,-2427.6236
20260423,-2428.6747
20260423,-2429.7346
20260423,-2430.7501
20260423,-2430.2959
20260423,-2429.8135
20260423,-2430.9314
20260423,-2430.4709
20260423,-2430.4235
20260423,-2430.3268
20260423,-2429.28
20260423,-2427.6786
20260423,-2428.7063
20260423,-2430.2141
20260424,-2429.0142
20260424,-2428.1437
20260424,-2427.6184
20260424,-2428.6851
20260424,-2429.7554
20260424,-2429.2681
20260424,-2428.5772
20260424,-2428.1124
20260424,-2427.6876
20260424,-2427.1982
20260424,-2428.4262
20260424,-2429.4952
20260424,-2429.0406
20260424,-2429.0583
20260424,-2430.1708
20260424,-2431.3213
20260427,-2431.2593
20260427,-2430.9581
20260427,-2431.9676
20260427,-2433.0034
20260427,-2432.6471
20260427,-2432.5799
20260427,-2432.1014
20260427,-2433.2028
20260427,-2432.7994
20260427,-2432.3438
20260427,-2431.9651
20260427,-2432.1298
20260427,-2433.241
20260427,-2431.2905
20260427,-2430.891
20260427,-2431.9591
20260428,-2431.5717
20260428,-2432.6019
20260428,-2433.6453
20260428,-2434.6768
20260428,-2434.2017
20260428,-2435.2354
20260428,-2435.0097
20260428,-2436.086
20260428,-2434.49
20260428,-2434.1016
20260428,-2435.3391
20260428,-2436.3854
20260429,-2437.4511
20260429,-2436.6166
20260429,-2435.5509
20260429,-2435.2328
20260429,-2435.2197
20260429,-2436.2518
20260429,-2437.2734
20260429,-2438.2977
20260429,-2439.3227
20260429,-2440.5646
20260429,-2440.1043
20260429,-2439.9612
20260429,-2438.013
20260429,-2437.6048
20260429,-2437.1458
20260429,-2436.9296
20260429,-2438.0831
20260429,-2439.1933
20260429,-2438.7892
20260430,-2438.3285
20260430,-2439.392
20260430,-2440.4753
20260430,-2441.4873
20260430,-2442.5028
20260430,-2442.1004
20260430,-2441.8565
20260430,-2441.5733
20260430,-2441.099
20260430,-2442.1154
20260430,-2442.4804
20260430,-2443.8148
20260430,-2442.1693
20260501,-2443.1839
20260501,-2444.2062
20260501,-2445.2423
20260501,-2446.2571
20260501,-2445.4437
20260501,-2444.8688
20260501,-2444.9446
20260501,-2446.0081
20260501,-2447.0272
20260501,-2445.9358
20260501,-2445.4889
20260501,-2444.3704
20260501,-2445.4872
20260501,-2446.545
20260501,-2447.6338
20260504,-2447.6144
20260504,-2447.1221
20260504,-2447.0081
20260504,-2446.7845
20260504,-2447.8248
20260504,-2448.8687
20260504,-2449.901
20260504,-2450.9573
20260504,-2453.4495
20260504,-2455.0259
20260504,-2454.1413
20260505,-2453.6019
20260505,-2453.1076
20260505,-2452.9143
20260505,-2452.6514
20260505,-2451.962
20260505,-2451.4741
20260505,-2451.0231
20260505,-2452.0436
20260505,-2451.8627
20260505,-2453.0661
20260505,-2454.3007
20260505,-2455.4552
20260505,-2455.0123
20260506,-2456.0398
20260506,-2454.9544
20260506,-2455.9857
20260506,-2457.0263
20260506,-2458.0583
20260506,-2459.1447
20260506,-2460.1874
20260506,-2459.7039
20260506,-2460.9733
20260506,-2460.5621
20260506,-2462.0718
20260506,-2463.2079
20260506,-2464.6686
20260506,-2467.8814
20260506,-2467.4623
20260507,-2468.5075
20260507,-2469.5303
20260507,-2468.9655
20260507,-2468.4992
20260507,-2468.2066
20260507,-2467.7731
20260507,-2468.7987
20260507,-2469.8587
20260507,-2470.903
20260507,-2470.5204
20260507,-2471.5753
20260507,-2470.4332
20260507,-2468.0413
20260507,-2467.6967
20260507,-2468.7198
20260508,-2468.7241
20260508,-2466.4954
20260508,-2467.8307
20260508,-2468.8631
20260508,-2469.8932
20260508,-2469.4121
20260508,-2468.7071
20260508,-2469.7589
20260508,-2469.5235
20260508,-2469.2617
20260508,-2470.2716
20260508,-2470.2326
20260508,-2471.5767
20260508,-2471.1908
20260508,-2470.7357
20260508,-2470.4334
20260508,-2470.4575
20260511,-2471.6175
20260511,-2471.425
20260511,-2470.9483
20260511,-2472.0246
20260511,-2473.1029
20260511,-2474.1746
20260511,-2473.2423
20260511,-2472.8316
20260511,-2473.8559
20260511,-2473.4261
20260511,-2474.5627
20260511,-2474.4279
20260511,-2475.4554
20260511,-2476.5248
20260512,-2477.59
20260512,-2478.6869
20260512,-2479.751
20260512,-2480.9462
20260512,-2481.1066
20260512,-2482.4718
20260512,-2483.668
20260512,-2484.7366
20260513,-2485.7537
20260513,-2484.9982
20260513,-2484.5464
20260513,-2485.59
20260513,-2485.4796
20260513,-2486.5082
20260513,-2487.7823
20260513,-2487.3274
20260513,-2488.3648
20260513,-2487.2865
20260513,-2485.5995
20260513,-2485.2049
20260513,-2484.7645
20260513,-2484.3273
20260513,-2483.867
20260514,-2483.5057
20260514,-2484.5141
20260514,-2485.5571
20260514,-2486.6259
20260514,-2487.7001
20260514,-2488.7792
20260514,-2488.1385
20260514,-2489.3341
20260514,-2490.3535
20260514,-2491.4078
20260514,-2492.4392
20260514,-2493.568
20260514,-2494.7153
20260514,-2494.3342
20260514,-2494.112
20260515,-2493.7848
20260515,-2493.7037
20260515,-2494.714
20260515,-2493.551
20260515,-2494.5691
20260515,-2494.6168
20260515,-2495.802
20260515,-2495.3428
20260515,-2496.3931
20260515,-2497.5857
20260515,-2498.6411
20260515,-2498.3197
20260515,-2497.9044
20260518,-2498.9466
20260518,-2499.9627
20260518,-2500.9937
20260518,-2502.0013
20260518,-2503.0662
20260518,-2504.0897
20260518,-2503.6324
20260518,-2503.0326
20260518,-2502.4805
20260518,-2502.3201
20260518,-2503.331
20260518,-2504.3428
20260518,-2504.3184
20260518,-2505.3509
20260518,-2506.3644
20260518,-2505.6034
20260518,-2506.6391
20260518,-2505.6658
20260518,-2505.1728
20260518,-2504.6678
20260519,-2504.187
20260519,-2503.6899
20260519,-2504.714
20260519,-2504.3052
20260519,-2504.2602
20260519,-2505.3212
20260519,-2506.3673
20260519,-2507.5189
20260519,-2508.6365
20260519,-2509.666
20260519,-2510.8815
20260519,-2510.5121
20260519,-2510.2396
20260519,-2508.3757
20260519,-2509.4945
20260520,-2509.2117
20260520,-2508.6347
20260520,-2509.669
20260520,-2510.744
20260520,-2511.8104
20260520,-2512.9275
20260520,-2512.6056
20260520,-2512.2622
20260520,-2511.8803
20260520,-2510.955
20260520,-2510.5078
20260520,-2510.0393
20260521,-2509.897
20260521,-2510.9214
20260521,-2510.1848
20260521,-2511.2235
20260521,-2512.255
20260521,-2511.99
20260521,-2511.846
20260521,-2512.8528
20260521,-2512.3246
20260521,-2513.576
20260521,-2513.2056
20260521,-2514.2249
20260521,-2515.3748
20260521,-2519.0493
20260521,-2520.2691
20260521,-2518.9981
20260521,-2517.9998
20260521,-2519.0913
20260521,-2520.151
20260521,-2521.2647
20260521,-2520.8122
20260522,-2520.639
20260522,-2521.6848
20260522,-2521.2416
20260522,-2520.5091
20260522,-2519.84
20260522,-2519.5265
20260522,-2519.3483
20260522,-2520.4431
20260522,-2519.682
20260522,-2518.5563
20260522,-2518.1011
20260522,-2519.1989
20260522,-2519.0395
20260522,-2520.0964
20260522,-2521.1516
20260522,-2522.2055
20260522,-2523.3179
20260522,-2524.3509
20260522,-2525.3829
20260522,-2526.5901
20260526,-2527.795
20260526,-2528.8661
20260526,-2529.959
20260526,-2529.4775
20260526,-2529.8099
20260526,-2530.8217
20260526,-2530.5866
20260526,-2531.6425
20260526,-2532.7155
20260526,-2533.728
20260526,-2534.7756
20260526,-2534.3002
20260526,-2535.3174
20260526,-2536.4332
20260526,-2535.8105
20260526,-2535.1966
20260527,-2534.7161
20260527,-2535.79
20260527,-2536.8025
20260527,-2536.3397
20260527,-2535.8782
20260527,-2535.6657
20260527,-2535.2342
20260527,-2536.5085
20260527,-2537.6816
20260527,-2539.6817
20260527,-2540.9208
20260527,-2539.7983
20260528,-2540.9217
20260528,-2540.4554
20260528,-2541.5233
20260528,-2541.2519
20260528,-2540.9454
20260528,-2541.1882
20260528,-2540.9836
20260528,-2540.7183
20260528,-2539.5742
20260528,-2539.2164
20260528,-2540.2678
20260528,-2541.2818
20260528,-2542.574
20260528,-2536.7873
20260528,-2538.1573
20260528,-2538.217
20260528,-2537.7947
20260528,-2537.4353
20260528,-2536.1437
20260528,-2535.7062
20260528,-2534.2732
20260529,-2533.827
20260529,-2534.8518
20260529,-2534.6608
20260529,-2534.054
20260529,-2535.0976
20260529,-2533.5281
20260529,-2533.3237
20260529,-2532.2539
20260529,-2531.8808
20260529,-2533.0379
20260529,-2534.5745
20260529,-2535.9509
20260529,-2537.0858
20260529,-2537.0584
20260529,-2538.3163
20260601,-2539.3533
20260601,-2540.3904
20260601,-2541.4039
20260601,-2542.4809
20260601,-2542.049
20260601,-2541.5679
20260601,-2542.6086
20260601,-2542.1305
20260601,-2541.6428
20260601,-2542.6919
20260601,-2542.23
20260601,-2543.2555
20260601,-2544.2782
20260601,-2545.4716
20260601,-2546.5979
20260601,-2546.2007
20260601,-2547.2201
20260601,-2548.3359
20260601,-2548.0868
20260602,-2547.9878
20260602,-2549.0152
20260602,-2548.0052
20260602,-2547.6184
20260602,-2546.5236
20260602,-2546.0284
20260602,-2545.5383
20260602,-2545.1201
20260602,-2544.6526
20260602,-2542.8169
20260602,-2544.5652
20260602,-2545.6031
20260602,-2544.3423
20260602,-2545.6058
20260602,-2544.9069
20260602,-2546.1137
20260602,-2547.3475
20260603,-2548.4161
20260603,-2547.2119
20260603,-2544.6926
20260603,-2545.7392
20260603,-2545.3116
20260603,-2543.0262
20260603,-2542.5479
20260603,-2542.119
20260603,-2540.2356
20260603,-2541.2821
20260603,-2540.8623
20260603,-2541.9407
20260603,-2543.2025
20260603,-2541.8589
20260603,-2542.8802
20260603,-2544.0131
20260603,-2545.4008
20260604,-2543.8288
20260604,-2541.5333
20260604,-2541.1555
20260604,-2539.7936
20260604,-2539.3601
20260604,-2541.1127
20260604,-2540.0558
20260604,-2541.0691
20260604,-2540.6051
20260604,-2540.2197
20260604,-2541.4057
20260605,-2541.3274
20260605,-2542.3425
20260605,-2539.3473
20260605,-2538.9101
20260605,-2538.8204
20260605,-2538.1731
20260605,-2539.1913
20260605,-2538.7109
20260605,-2539.7371
20260605,-2540.7648
20260605,-2540.3403
20260605,-2539.9659
20260605,-2541.1383
20260605,-2541.3372
20260605,-2542.6205
20260605,-2542.1495
20260608,-2542.0575
20260608,-2543.0677
20260608,-2544.0763
20260608,-2545.0894
20260608,-2544.91
20260608,-2545.921
20260608,-2545.2575
20260608,-2545.2204
20260608,-2546.2575
20260608,-2547.4674
20260608,-2548.5204
20260608,-2548.0983
20260608,-2544.7318
20260608,-2543.4194
20260608,-2544.487
20260609,-2544.0158
20260609,-2543.5399
20260609,-2543.4618
20260609,-2543.4619
20260609,-2543.1216
20260609,-2542.8158
20260609,-2542.403
20260609,-2542.3049
20260609,-2543.3537
20260609,-2543.1856
20260609,-2541.3634
20260609,-2540.8246
20260609,-2539.8099
20260609,-2539.2712
20260609,-2540.3128
20260609,-2541.3728
20260609,-2543.3728
20260609,-2542.8708
20260609,-2543.9369
20260609,-2543.471
20260609,-2543.2391
20260609,-2542.7839
20260610,-2541.4719
20260610,-2541.3687
20260610,-2542.3866
20260610,-2543.3996
20260610,-2544.4585
20260610,-2545.9924
20260610,-2545.7512
20260610,-2545.3153
20260610,-2544.8464
20260610,-2544.4362
20260610,-2545.4795
20260610,-2545.032
20260610,-2544.6378
20260610,-2544.4457
20260610,-2544.011
20260610,-2542.7297
20260610,-2542.2819
20260610,-2543.3393
20260610,-2544.4451
20260610,-2543.9837
20260610,-2545.0851
20260610,-2546.6984
20260611,-2547.7193
20260611,-2547.232
20260611,-2548.2501
20260611,-2547.7772
20260611,-2547.6924
20260611,-2547.3687
20260611,-2546.9667
20260611,-2548.1731
20260611,-2547.442
20260611,-2548.4792
20260611,-2549.4954
20260611,-2549.4425
20260612,-2549.2321
20260612,-2550.2468
20260612,-2551.2743
20260612,-2550.8033
20260612,-2550.4186
20260612,-2549.1715
20260612,-2548.8302
20260612,-2549.5731
20260612,-2549.3498
20260612,-2549.1176
20260612,-2549.1478
20260612,-2550.7528
20260612,-2551.8023
20260615,-2552.8839
20260615,-2553.9258
20260615,-2554.9376
20260615,-2553.8125
20260615,-2552.5143
20260615,-2552.1228
20260615,-2553.1646
20260615,-2552.7003
20260615,-2553.7262
20260615,-2555.4225
20260615,-2557.8295
20260615,-2559.6533
20260615,-2559.095
20260616,-2560.1591
20260616,-2559.799
20260616,-2559.6487
20260616,-2560.6705
20260616,-2561.7023
20260616,-2562.789
20260616,-2562.3351
20260616,-2562.0454
20260616,-2561.6287
20260616,-2562.7338
20260616,-2563.7879
20260616,-2564.8612
20260616,-2565.9526
20260616,-2567.0101
20260616,-2913.8377
20260616,-2914.914
20260616,-2913.4623
20260616,-2913.0294
20260616,-2912.6061
20260617,-2912.468
20260617,-2912.0499
20260617,-2913.084
20260617,-2914.1376
20260617,-2913.6774
20260617,-2913.6068
20260617,-2914.7114
20260617,-2915.7936
20260617,-2916.8357
20260617,-2916.3702
20260617,-2917.9803
20260617,-2919.1252
20260617,-2920.2455
20260617,-2921.4823
20260617,-2921.4856
20260617,-2921.1107
20260617,-2919.819
20260617,-2919.6519
20260617,-2920.7584
20260617,-2921.7987
20260617,-2920.9128
20260618,-2920.4336
20260618,-2919.9195
20260618,-2919.5689
20260618,-2920.6437
20260618,-2921.6566
20260618,-2924.2794
20260618,-2923.6236
20260618,-2923.2185
20260622,-2924.268
20260622,-2925.274
20260622,-2924.7719
20260622,-2923.0157
20260622,-2924.0422
20260622,-2920.6134
20260622,-2920.1498
20260622,-2920.0221
20260622,-2917.4129
20260622,-2918.4786
20260622,-2918.0023
20260622,-2917.7229
20260622,-2917.2681
20260622,-2918.3599
20260623,-2919.3868
20260623,-2919.0135
20260623,-2918.5228
20260623,-2917.5281
20260623,-2917.0314
20260623,-2915.8902
20260623,-2917.0108
20260623,-2918.1237
20260623,-2919.5889
20260623,-2920.6194
20260623,-2921.8726
20260623,-2922.5948
20260623,-2922.4538
20260624,-2923.4754
20260624,-2923.2896
20260624,-2924.3118
20260624,-2924.3158
20260624,-2923.1837
20260624,-2924.2934
20260624,-2925.36
20260624,-2926.4938
20260624,-2927.5282
20260624,-2926.6558
20260624,-2927.6813
20260624,-2927.2101
20260624,-2928.2939
20260624,-2929.3725
20260624,-2930.5159
20260624,-2930.1229
20260625,-2930.1048
20260625,-2929.7491
20260625,-2929.2623
20260625,-2928.7649
20260625,-2927.9736
20260625,-2927.7492
20260625,-2927.3593
20260625,-2928.3719
20260625,-2927.9433
20260625,-2928.9673
20260625,-2928.483
20260625,-2928.0383
20260625,-2929.0616
20260625,-2929.0994
20260625,-2930.1375
20260625,-2931.1607
20260625,-2930.3044
20260625,-2929.8366
20260625,-2929.6592
20260625,-2928.4774
20260625,-2928.1438
20260626,-2927.3305
20260626,-2927.4942
20260626,-2927.3875
20260626,-2928.42
20260626,-2928.3277
20260626,-2927.8515
20260626,-2928.9308
20260629,-2928.5013
20260629,-2928.4871
20260629,-2928.2352
20260629,-2927.4568
20260629,-2927.3278
20260629,-2926.9147
20260629,-2926.77
20260629,-2927.8084
20260629,-2928.8255
20260629,-2928.4389
20260629,-2929.4613
20260629,-2928.9819
20260629,-2930.0442
20260629,-2929.3018
20260629,-2930.5616
20260629,-2931.6559
20260629,-2932.8166
20260629,-2933.9454
20260629,-2932.6005
20260630,-2932.087
20260630,-2933.1354
20260630,-2934.1454
20260630,-2933.674
20260630,-2934.7348
20260630,-2934.6207
20260630,-2934.0653
20260630,-2935.2414
20260630,-2934.4619
20260630,-2935.6152
20260630,-2935.4748
20260630,-2935.3109
20260701,-2936.4182
20260701,-2937.4367
20260701,-2937.0295
20260701,-2936.5388
20260701,-2935.3269
20260701,-2934.4065
20260701,-2936.0862
20260701,-2937.1655
20260701,-2936.178
20260701,-2935.7396
20260701,-2936.7842
20260701,-2937.4872
20260701,-2939.4873
20260702,-2940.5736
20260702,-2939.5323
20260702,-2939.5621
20260702,-2937.1404
20260702,-2937.1743
20260702,-2938.1957
20260702,-2937.1729
20260702,-2936.7272
20260702,-2937.7599
20260702,-2937.6466
20260702,-2938.6836
20260702,-2940.0141
20260702,-2941.0643
20260702,-2942.0978
20260702,-2943.3766
20260702,-2944.4132
20260702,-2943.9863
20260706,-2943.9122
20260706,-2943.4885
20260706,-2944.5537
20260706,-2943.7137
20260706,-2944.7612
20260706,-2943.7383
20260706,-2942.3292
20260706,-2943.3853
20260706,-2942.9264
20260706,-2943.9421
20260706,-2943.8275
20260706,-2943.5273
20260707,-2943.4756
20260707,-2944.4957
20260707,-2944.3998
20260707,-2944.2215
20260707,-2943.7275
20260707,-2943.2437
20260707,-2944.2678
20260707,-2945.3046
20260707,-2944.828
20260707,-2944.3765
20260707,-2945.4179
20260707,-2945.052
20260707,-2944.7719
20260707,-2944.409
20260707,-2944.081
20260707,-2943.3223
20260707,-2943.1496
20260708,-2944.2158
20260708,-2943.9121
20260708,-2944.9293
20260708,-2944.7249
20260708,-2944.2938
20260708,-2943.8364
20260708,-2943.3604
20260708,-2944.3978
20260708,-2945.4111
20260708,-2945.011
20260708,-2943.7389
20260708,-2944.762
20260708,-2944.3134
20260708,-2945.4651
20260708,-2946.7562
20260709,-2947.7961
20260709,-2947.0163
20260709,-2946.5476
20260709,-2946.4478
20260709,-2945.9886
20260709,-2947.0334
20260709,-2946.5669
20260709,-2948.4056
20260710,-2949.4184
20260710,-2948.5988
20260710,-2947.8864
20260710,-2947.4604
20260710,-2948.4792
20260710,-2949.6022
20260710,-2948.6433
20260710,-2948.2865
20260710,-2947.9832
20260710,-2949.0338
20260710,-2948.1704
20260710,-2949.2158
20260710,-2950.2801
20260710,-2950.094
20260710,-2949.7133
20260710,-2949.4348
20260710,-2949.1046
20260710,-2948.9216
20260710,-2951.227
20260710,-2952.8347
20260710,-2953.9028
20260713,-2954.9383
20260713,-2956.0274
20260713,-2954.7009
20260713,-2953.6776
20260713,-2952.5131
20260713,-2953.5496
20260713,-2953.0787
20260713,-2954.202
20260713,-2953.7228
20260713,-2953.2452
20260713,-2952.9692
20260713,-2953.991
20260713,-2953.2518
20260713,-2952.5337
20260714,-2952.2764
20260714,-2952.0231
20260714,-2951.7633
20260714,-2952.8182
20260714,-2953.9025
20260714,-2953.4171
20260714,-2952.9339
20260714,-2953.948
20260714,-2955.0213
20260714,-2956.1209
20260714,-2957.1729
20260714,-2956.6945
20260714,-2955.0319
20260714,-2956.2742
20260714,-2956.0466
20260715,-2955.888
20260715,-2956.9424
20260715,-2956.5431
20260715,-2957.6198
20260715,-2958.6464
20260715,-2958.6193
20260715,-2959.6601
20260715,-2959.4576
20260715,-2958.3634
20260715,-2957.378
20260715,-2958.464
20260715,-2957.6457
20260715,-2957.2201
20260715,-2958.3681
20260715,-2959.4506
20260715,-2959.1923
20260715,-2958.5864
20260715,-2959.6829
20260715,-2961.3158
20260715,-2962.5148
20260715,-2962.0316
20260715,-2961.7017
20260715,-2961.6909
20260715,-2962.7162
20260716,-2963.7354
20260716,-2964.7713
20260716,-2965.778
20260716,-2966.8128
20260716,-2967.928
20260716,-2969.3134
20260716,-2970.3382
20260716,-2971.4369
20260716,-2971.011
20260716,-2969.0218
20260716,-2968.2719
20260716,-2969.3833
20260716,-2968.7951
20260716,-2967.393
20260716,-2965.9951
20260717,-2965.3961
20260717,-2964.9072
20260717,-2966.0017
20260717,-2965.9675
20260717,-2965.4776
20260717,-2965.2979
20260720,-2962.9368
20260720,-2962.5436
20260720,-2962.1222
20260720,-2961.5562
20260720,-2960.6898
20260720,-2961.7361
20260720,-2960.9473
20260720,-2960.1296
20260720,-2959.6549
20260720,-2958.8316
20260720,-2958.3566
20260720,-2958.3556
20260720,-2957.8712
20260720,-2958.8939
20260720,-2958.3696
20260720,-2957.8773
20260720,-2957.6473
20260720,-2957.2294
20260720,-2958.3916
20260720,-2959.7831
20260720,-2960.9101
20260720,-2960.42
20260720,-2959.9801
20260720,-2959.5229
20260721,-2959.0316
20260721,-2960.0804
20260721,-2959.6686
20260721,-2959.0408
20260721,-2958.9802
20260721,-2959.9999
20260721,-2961.0463
20260721,-2962.2306
20260721,-2961.6755
20260721,-2959.7009
20260721,-2961.7828
20260721,-2960.722
20260722,-2960.1373
20260722,-2959.6308
20260722,-2960.6638
20260722,-2960.487
20260722,-2961.5362
20260722,-2961.5046
20260722,-2961.0994
20260722,-2962.3071
20260722,-2960.7388
20260722,-2961.856
20260722,-2959.5134
20260722,-2960.5777
20260722,-2959.5148
20260722,-2959.0803
20260722,-2960.1788
20260722,-2961.4948
20260722,-2962.8416
20260722,-2964.0586
20260722,-2965.1193
20260722,-2964.6558
20260722,-2961.3315
20260723,-2962.354
20260723,-2960.768
20260723,-2960.6952
20260723,-2960.2717
20260723,-2961.3276
20260723,-2962.3813
20260723,-2963.4747
20260723,-2961.6504
20260723,-2962.7727
20260723,-2963.7826
20260723,-2964.9218
20260723,-2966.0097
20260723,-2965.5818
20260724,-2966.6053
20260724,-2965.6305
20260724,-2965.6605
20260724,-2965.5729
20260724,-2964.0764
20260724,-2963.9923
20260724,-2965.0261
20260724,-2964.8666
20260724,-2962.8145
20260724,-2963.8807
20260724,-2963.5257
20260724,-2964.6242
20260724,-2966.9132
20260724,-2967.9457
20260724,-2969.4767
20260724,-2970.7226
20260724,-2969.4232
20260724,-2968.9593
20260724,-2968.025
20260724,-2971.8071
20260724,-2971.4607
20260724,-2974.5111
20260727,-2974.3069
20260727,-2973.2404
20260727,-2972.1171
20260727,-2971.1698
20260727,-2970.8531
20260727,-2970.5951
20260727,-2969.4544
20260727,-2968.363
20260727,-2969.4029
20260727,-2968.3442
20260727,-2967.8305
20260727,-2968.8837
20260727,-2969.9859
20260727,-2969.4976
20260727,-2969.0175
20260727,-2968.5279
20260727,-2967.8103
20260727,-2969.489
20260727,-2969.3546
20260728,-2968.6055
20260728,-2967.6405
20260728,-2967.1559
20260728,-2966.3446
20260728,-2967.376
20260728,-2968.4052
20260728,-2969.4603
20260728,-2968.9674
20260728,-2968.482
20260728,-2969.5019
20260728,-2970.5159
20260728,-2971.5559
20260728,-2972.5796
20260728,-2972.121
20260728,-2971.6386
20260728,-2971.0183
20260728,-2970.559
20260728,-2970.5342
20260728,-2969.5265
20260728,-2970.7264
20260728,-2970.3981
20260728,-2971.4481
20260728,-2971.0588
20260728,-2970.5871
20260729,-2969.9236
20260729,-2969.4349
20260729,-2968.2292
20260729,-2968.2289
20260729,-2968.1869
20260729,-2967.7126
20260729,-2967.4638
20260729,-2967.4104
20260729,-2968.4901
20260729,-2969.554
20260729,-2970.5923
20260729,-2971.6334
20260729,-2971.1628
20260729,-2970.6909
20260729,-2969.8371
20260729,-2969.5183
20260729,-2970.5826
20260729,-2970.1095
20260729,-2969.4557
20260729,-2970.5384
20260729,-2971.6069
20260729,-2972.6504
20260729,-2973.6825
20260729,-2974.7112
20260730,-2974.8441
20260730,-2974.2453
20260730,-2975.3045
20260730,-2976.3658
20260730,-2977.4022
20260730,-2976.9164
20260730,-2978.0056
20260730,-2977.5374
20260730,-2977.0857
20260731,-2978.1458
20260731,-2977.9175
20260731,-2977.8289
20260731,-2978.8423
20260731,-2978.6135
20260731,-2979.619
20260731,-2979.4248
20260731,-2978.9574
20260731,-2978.9139
20260731,-2980.0868
20260731,-2981.113
20260731,-2982.1317
20260731,-2981.6525
20260731,-2981.2091
20260731,-2980.7576
20260731,-2981.8818
20260731,-2983.1139
20260731,-2982.3693
20260803,-2981.9745
20260803,-2982.9947
20260803,-2981.5363
20260803,-2982.5836
20260803,-2981.6975
20260803,-2982.7295
20260803,-2982.3215
20260803,-2983.3857
20260803,-2984.4158
20260803,-2983.3415
20260803,-2983.1785
20260803,-2984.9393
20260803,-2983.1691
20260803,-2984.2327
20260804,-2977.9366
20260804,-2975.4678
20260804,-2975.1525
20260804,-2973.2563
20260804,-2970.6174
20260804,-2970.6122
20260804,-2970.4164
20260804,-2969.9697
20260804,-2970.9866
20260804,-2969.6279
20260804,-2970.7842
20260804,-2971.8686
20260804,-2973.002
20260804,-2972.585
20260804,-2972.6537
20260804,-2973.6848
20260804,-2974.8539
20260804,-2974.4006
20260805,-2975.5054
20260805,-2976.5737
20260805,-2977.6056
20260805,-2976.5054
20260805,-2977.5773
20260805,-2978.6165
20260805,-2979.6503
20260805,-2979.5735
20260805,-2980.6048
20260805,-2981.6873
20260805,-2981.2355
20260806,-2981.23
20260806,-2981.0958
20260806,-2980.6121
20260806,-2980.6045
20260806,-2979.6693
20260806,-2978.7052
20260806,-2978.2816
20260806,-2979.4184
20260806,-2979.0308
20260806,-2978.094
20260806,-2979.2447
20260806,-2978.83
20260806,-2979.8819
20260807,-2977.5758
20260807,-2976.5267
20260807,-2977.5865
20260807,-2978.6237
20260807,-2978.1648
20260807,-2979.8248
20260807,-2980.924
20260807,-2982.0451
20260807,-2983.1661
20260807,-2984.3133
20260810,-2984.293
20260810,-2985.3103
20260810,-2984.8318
20260810,-2983.9946
20260810,-2985.0356
20260810,-2984.5579
20260810,-2984.0833
20260810,-2983.6529
20260810,-2984.7063
20260810,-2985.8727
20260810,-2985.6293
20260810,-2985.2417
20260810,-2984.9619
20260810,-2986.1535
20260810,-2982.8663
20260811,-2982.6055
20260811,-2982.2038
20260811,-2982.0159
20260811,-2982.0597
20260811,-2983.2895
20260811,-2982.916
20260811,-2981.8121
20260811,-2981.6076
20260811,-2979.3971
20260811,-2980.4504
20260811,-2981.4703
20260811,-2980.5087
20260811,-2981.6232
20260811,-2982.6763
20260811,-2982.4594
20260811,-2982.0507
20260811,-2983.1127
20260811,-2982.6465
20260811,-2982.2144
20260811,-2983.5634
20260811,-2983.1288
20260812,-2982.7322
20260812,-2982.1799
20260812,-2981.717
20260812,-2982.8082
20260812,-2983.8279
20260812,-2984.8602
20260812,-2986.0162
20260812,-2985.2592
20260812,-2983.9248
20260812,-2983.4611
20260812,-2984.5337
20260812,-2985.5808
20260812,-2986.6757
20260812,-2987.7935
20260812,-2988.8526
20260812,-2989.9559
20260812,-2991.0409
20260812,-2992.0749
20260812,-2993.4669
20260812,-2994.6934
20260813,-2994.0446
20260813,-2993.8486
20260813,-2993.9981
20260813,-2995.0332
20260813,-2994.8557
20260813,-2994.4241
20260813,-2995.5893
20260813,-2996.6396
20260813,-2995.3868
20260813,-2994.9769
20260813,-2994.3601
20260813,-2995.5756
20260813,-2996.7291
20260814,-2996.2826
20260814,-2995.3403
20260814,-2996.4612
20260814,-2995.9711
20260814,-2997.0488
20260814,-2998.0723
20260814,-2999.0947
20260814,-2998.025
20260814,-2997.6443
20260814,-2998.8611
20260817,-2999.8796
20260817,-3000.9387
20260817,-3001.9511
20260817,-3002.9842
20260817,-3002.5217
20260817,-3002.3907
20260817,-3003.7006
20260817,-3003.2712
20260817,-3004.4734
20260817,-3004.485
20260817,-3003.4632
20260818,-3002.9104
20260818,-3002.3839
20260818,-3001.6689
20260818,-3002.6922
20260818,-3001.9727
20260818,-3001.8922
20260818,-3002.9319
20260818,-3004.382
20260818,-3004.035
20260818,-3002.4527
20260818,-3003.6175
20260818,-3004.6851
20260818,-3004.2628
20260818,-3004.2321
20260819,-3005.2732
20260819,-3004.4083
20260819,-3004.3745
20260819,-3005.4115
20260819,-3004.776
20260819,-3004.3116
20260819,-3004.2059
20260819,-3004.1499
20260819,-3005.2164
20260819,-3006.2543
20260819,-3006.1703
20260819,-3007.2218
20260819,-3008.2399
20260819,-3007.7884
20260819,-3007.359
20260819,-3007.2624
20260819,-3008.3886
20260819,-3007.9825
20260819,-3007.6676
20260819,-3008.9
20260819,-3008.9114
20260819,-3009.9764
20260819,-3003.8199
20260819,-3004.9221
20260819,-3004.5527
20260819,-3005.671
20260820,-3006.7007
20260820,-3006.2486
20260820,-3007.2737
20260820,-3008.3236
20260820,-3009.4358
20260820,-3010.4594
20260820,-3011.4981
20260820,-3012.5339
20260820,-3013.5563
20260820,-3013.41
20260820,-3014.536
20260820,-3015.5876
20260820,-3014.5001
20260820,-3015.5946
20260820,-3016.6557
20260820,-3018.0109
20260820,-3019.0649
20260820,-3018.6626
20260820,-3018.6645
20260821,-3019.694
20260821,-3020.7207
20260821,-3021.8167
20260821,-3021.4429
20260821,-3020.9802
20260821,-3020.5487
20260821,-3019.1642
20260821,-3020.1813
20260821,-3020.0903
20260821,-3019.4454
20260821,-3019.4224
20260821,-3018.4089
20260821,-3018.0216
20260821,-3017.5681
20260821,-3018.6319
20260821,-3019.8985
20260821,-3021.2792
20260821,-3020.994
20260821,-3022.109
20260821,-3024.3274
20260824,-3024.3318
20260824,-3023.8645
20260824,-3024.8977
20260824,-3024.1996
20260824,-3025.2247
20260824,-3026.2766
20260824,-3027.3482
20260824,-3026.8868
20260824,-3027.9471
20260824,-3029.0583
20260824,-3030.2036
20260824,-3031.3101
20260824,-3031.31
20260824,-3030.905
20260825,-3030.4819
20260825,-3031.4946
20260825,-3031.2788
20260825,-3031.1678
20260825,-3030.4171
20260825,-3031.4614
20260825,-3032.5062
20260825,-3032.2984
20260825,-3032.0131
20260825,-3031.705
20260825,-3033.0007
20260825,-3032.3336
20260825,-3030.3393
20260825,-3030.3953
20260825,-3031.4216
20260826,-3032.4464
20260826,-3033.4678
20260826,-3032.98
20260826,-3032.5127
20260826,-3033.542
20260826,-3033.0876
20260826,-3032.5862
20260826,-3033.6081
20260826,-3033.1946
20260826,-3035.1418
20260826,-3036.2026
20260826,-3037.2875
20260826,-3038.3875
20260826,-3039.5251
20260826,-3040.967
20260827,-3040.4852
20260827,-3039.2982
20260827,-3038.831
20260827,-3038.3587
20260827,-3039.3921
20260827,-3038.9568
20260827,-3038.5512
20260827,-3039.7289
20260827,-3041.0847
20260827,-3040.4533
20260827,-3041.5244
20260827,-3041.1396
20260827,-3042.3092
20260827,-3041.4656
20260827,-3042.9746
20260828,-3044.0027
20260828,-3043.9111
20260828,-3043.4008
20260828,-3044.431
20260828,-3043.4919
20260828,-3043.1626
20260828,-3042.4415
20260828,-3043.568
20260828,-3043.8838
20260828,-3044.0282
20260828,-3045.5001
20260828,-3046.5966
20260828,-3048.0698
20260828,-3047.7889
20260828,-3049.1068
20260828,-3050.4118
20260828,-3049.9425