day,cum_net_r
20230911,-1.0643
20230911,-2.0962
20230911,-3.1572
20230911,-4.5069
20230911,-5.5286
20230911,-6.6236
20230911,-7.7485
20230911,-8.8425
20230912,-9.8701
20230912,-10.9575
20230912,-11.9975
20230912,-13.0583
20230912,-14.1392
20230912,-15.178
20230912,-16.3348
20230912,-14.5488
20230912,-15.6439
20230912,-17.0462
20230913,-18.1189
20230913,-19.1595
20230913,-20.2354
20230913,-21.4873
20230913,-18.2144
20230913,-19.3113
20230913,-20.4029
20230913,-21.4423
20230913,-22.4629
20230913,-23.5353
20230913,-24.6662
20230913,-22.0567
20230913,-21.8668
20230913,-20.284
20230913,-19.089
20230913,-20.3443
20230913,-21.3822
20230913,-22.4987
20230913,-20.764
20230914,-17.5396
20230914,-18.6126
20230914,-19.6464
20230914,-20.7267
20230914,-21.8254
20230914,-17.9029
20230914,-18.9755
20230914,-15.5242
20230914,-16.6505
20230914,-17.6806
20230914,-15.7347
20230914,-14.5277
20230914,-15.5631
20230914,-16.5938
20230914,-17.6984
20230915,-18.8754
20230915,-16.8946
20230915,-18.0084
20230915,-19.1135
20230915,-20.2
20230915,-21.3908
20230915,-22.4743
20230915,-23.5163
20230915,-20.2727
20230915,-18.2271
20230915,-19.2692
20230915,-20.4314
20230918,-21.5072
20230918,-22.5645
20230918,-23.6245
20230918,-24.7073
20230918,-25.8109
20230918,-26.9421
20230918,-27.9658
20230918,-25.2805
20230918,-26.3417
20230918,-26.3927
20230918,-20.945
20230918,-20.7004
20230918,-20.4401
20230919,-18.1681
20230919,-19.4843
20230919,-15.3408
20230919,-16.4648
20230919,-13.3728
20230919,-14.5993
20230919,-15.6613
20230919,-17.0541
20230919,-18.7177
20230919,-13.1505
20230920,-9.3498
20230920,-4.0708
20230920,-5.2439
20230920,-6.3298
20230920,-3.7175
20230920,3.8396
20230920,2.6925
20230920,3.9532
20230920,5.4812
20230920,4.4034
20230920,3.3504
20230920,2.1555
20230921,1.0042
20230921,-0.1255
20230921,-1.2395
20230921,1.0619
20230921,-0.1812
20230921,-1.2507
20230921,-2.3081
20230921,-1.7028
20230921,0.6961
20230921,-1.0323
20230921,-2.0505
20230922,-3.1305
20230922,-4.2496
20230922,-1.3126
20230922,-2.4035
20230922,-0.8877
20230922,-2.0121
20230922,-3.0806
20230922,-1.3887
20230922,-0.2633
20230922,-1.3011
20230922,1.8909
20230922,0.8335
20230922,-0.2877
20230922,-1.3078
20230922,1.9707
20230922,3.9833
20230922,2.7816
20230922,4.2387
20230925,3.1661
20230925,2.0782
20230925,0.6594
20230925,1.8829
20230925,0.8589
20230925,1.8422
20230925,3.0432
20230925,1.9602
20230925,0.9249
20230925,1.9343
20230925,0.7851
20230925,-0.2717
20230926,5.6283
20230926,9.0486
20230926,7.9508
20230926,6.8702
20230926,9.9103
20230926,12.7022
20230926,11.5603
20230926,10.4638
20230926,12.6116
20230926,11.5404
20230926,10.4405
20230926,9.404
20230926,8.1061
20230926,7.1304
20230926,5.892
20230926,4.7313
20230927,3.6829
20230927,2.4966
20230927,1.4441
20230927,0.3708
20230927,-0.6907
20230927,-1.7989
20230927,-2.8878
20230927,-3.9826
20230927,-5.0033
20230927,-6.1374
20230928,-7.1973
20230928,-8.2792
20230928,-9.3126
20230928,-10.3843
20230928,-11.4125
20230928,-7.0231
20230928,-4.95
20230928,-6.0695
20230928,-7.1545
20230928,-8.2323
20230928,-6.8334
20230928,-7.9036
20230929,-8.9735
20230929,-10.015
20230929,-8.6556
20230929,-9.7027
20230929,-10.7493
20230929,-8.583
20230929,-9.6313
20230929,-10.6717
20230929,-11.8417
20230929,-12.9584
20230929,-14.0064
20231002,-15.0657
20231002,-16.1178
20231002,-17.1546
20231002,-18.1898
20231002,-19.226
20231002,-15.7446
20231002,-16.7756
20231002,-17.9482
20231002,-19.0752
20231002,-20.1101
20231002,-21.3532
20231003,-22.4367
20231003,-19.4825
20231003,-20.5457
20231003,-21.5782
20231003,-20.2885
20231003,-18.1997
20231003,-19.2495
20231003,-20.4022
20231003,-21.5598
20231004,-22.6846
20231004,-23.8287
20231004,-24.8985
20231004,-25.9646
20231004,-22.6775
20231004,-23.7909
20231004,-24.8516
20231004,-25.9556
20231004,-27.1145
20231004,-28.2028
20231004,-29.3067
20231004,-30.425
20231004,-31.4505
20231004,-32.4736
20231005,-29.5471
20231005,-30.6655
20231005,-31.7543
20231005,-32.8011
20231005,-33.9053
20231005,-34.958
20231005,-36.0087
20231005,-37.1178
20231005,-37.1384
20231006,-38.2002
20231006,-39.3014
20231006,-40.3605
20231006,-41.4272
20231006,-42.4802
20231006,-43.5322
20231006,-44.6008
20231006,-45.6428
20231006,-46.7511
20231006,-47.7851
20231006,-46.063
20231006,-45.0793
20231006,-42.9528
20231006,-44.0538
20231006,-45.1061
20231006,-46.2034
20231006,-47.2829
20231006,-48.316
20231009,-49.3957
20231009,-46.4314
20231009,-47.5062
20231009,-48.5531
20231009,-46.9877
20231009,-48.0931
20231009,-45.4182
20231009,-46.4576
20231010,-43.657
20231010,-44.7495
20231010,-43.4575
20231010,-44.4806
20231010,-45.6166
20231010,-46.7656
20231010,-47.7978
20231011,-42.4402
20231011,-43.4994
20231011,-44.5854
20231011,-42.8111
20231011,-43.8955
20231011,-45.1367
20231011,-46.2705
20231011,-47.3125
20231011,-48.3567
20231011,-49.4497
20231011,-48.1174
20231011,-44.4399
20231011,-39.4753
20231011,-40.5512
20231012,-41.6748
20231012,-42.7478
20231012,-41.8114
20231012,-42.9145
20231012,-44.031
20231012,-45.0708
20231012,-46.2994
20231012,-44.2005
20231012,-45.23
20231013,-46.2722
20231013,-47.3449
20231013,-48.3924
20231013,-49.4767
20231013,-50.5261
20231013,-51.9347
20231013,-49.9292
20231013,-48.4004
20231013,-49.4458
20231013,-50.5405
20231013,-50.6415
20231016,-51.7714
20231016,-52.9071
20231016,-54.0742
20231016,-55.1714
20231016,-56.2114
20231016,-57.2747
20231016,-58.328
20231016,-59.3956
20231016,-56.9394
20231016,-55.5712
20231016,-56.6716
20231016,-57.7426
20231016,-58.8015
20231016,-59.9027
20231016,-59.3013
20231016,-60.3839
20231017,-61.4437
20231017,-62.5583
20231017,-63.6876
20231017,-61.6451
20231017,-60.2833
20231017,-57.9778
20231017,-59.0446
20231017,-57.6519
20231017,-56.52
20231017,-57.6299
20231017,-58.7759
20231017,-59.9133
20231017,-59.8567
20231017,-60.9566
20231017,-61.9827
20231018,-63.057
20231018,-64.1109
20231018,-60.3232
20231018,-61.4016
20231018,-62.4539
20231018,-63.5064
20231018,-62.4526
20231018,-63.5202
20231018,-64.5827
20231018,-65.6056
20231018,-62.3666
20231018,-58.6636
20231018,-56.1644
20231018,-57.1874
20231018,-56.0094
20231018,-54.8574
20231018,-51.7623
20231018,-47.8831
20231018,-45.5506
20231018,-46.6831
20231018,-47.7283
20231018,-48.802
20231018,-49.8401
20231019,-45.1108
20231019,-46.2417
20231019,-43.7264
20231019,-44.7633
20231019,-45.9126
20231019,-46.3514
20231019,-44.6703
20231019,-45.7902
20231019,-46.8723
20231019,-48.0642
20231019,-49.1182
20231019,-47.4968
20231020,-48.6076
20231020,-49.7969
20231020,-50.8445
20231020,-47.407
20231020,-45.0815
20231020,-42.4266
20231020,-37.4782
20231020,-38.5504
20231020,-39.7112
20231020,-36.6773
20231020,-34.9096
20231020,-35.9644
20231020,-37.0392
20231020,-37.4776
20231020,-38.5731
20231020,-39.5968
20231020,-40.6544
20231023,-39.2947
20231023,-40.481
20231023,-36.4471
20231023,-35.3187
20231023,-32.9238
20231023,-30.8552
20231023,-27.889
20231023,-22.8461
20231023,-20.4863
20231023,-15.209
20231023,-16.2492
20231023,-17.3107
20231023,-16.3629
20231023,-17.4099
20231023,-18.4814
20231023,-17.4152
20231023,-18.4724
20231023,-19.6136
20231024,-17.8279
20231024,-14.7363
20231024,-13.1907
20231024,-14.3113
20231024,-15.3898
20231024,-16.5257
20231024,-17.5813
20231024,-18.6242
20231024,-15.8112
20231024,-16.9324
20231024,-18.0045
20231024,-19.0979
20231024,-20.1334
20231025,-21.1628
20231025,-22.2201
20231025,-19.7449
20231025,-20.7825
20231025,-21.8579
20231025,-22.9142
20231025,-23.9516
20231025,-24.9982
20231025,-26.2226
20231025,-27.2946
20231025,-28.3216
20231025,-29.3632
20231025,-30.4271
20231025,-31.4865
20231026,-32.6876
20231026,-33.7052
20231026,-34.958
20231026,-31.8291
20231026,-29.5546
20231026,-30.6076
20231026,-26.9273
20231026,-27.952
20231026,-28.9972
20231026,-30.055
20231026,-31.1141
20231026,-32.2562
20231026,-33.2738
20231027,-34.3761
20231027,-35.4071
20231027,-36.5317
20231027,-37.5988
20231027,-38.7546
20231027,-37.7053
20231027,-38.7801
20231027,-39.8011
20231027,-40.8601
20231030,-41.9038
20231030,-38.9206
20231030,-39.9745
20231030,-41.0826
20231030,-39.5074
20231030,-40.5308
20231030,-41.5504
20231030,-40.1333
20231030,-39.1469
20231030,-40.4518
20231030,-41.522
20231030,-42.667
20231030,-40.3818
20231030,-41.5334
20231030,-42.6129
20231031,-43.6903
20231031,-44.9519
20231031,-41.6359
20231031,-42.7539
20231031,-43.8866
20231031,-44.9131
20231031,-46.1613
20231031,-45.0147
20231031,-46.1097
20231031,-42.9912
20231031,-44.0606
20231031,-36.4168
20231031,-37.5209
20231031,-33.2236
20231031,-34.3387
20231031,-35.4482
20231031,-33.6727
20231031,-34.4599
20231031,-35.5429
20231031,-36.5977
20231031,-37.6974
20231101,-38.7429
20231101,-39.7936
20231101,-41.1
20231101,-42.2921
20231101,-43.3176
20231101,-44.3552
20231101,-45.421
20231101,-46.5047
20231101,-47.5465
20231102,-44.2526
20231102,-45.3701
20231102,-46.4526
20231102,-47.5201
20231102,-48.6111
20231102,-45.03
20231102,-43.1011
20231102,-44.1605
20231102,-42.471
20231102,-43.5421
20231102,-44.6521
20231103,-45.6864
20231103,-46.764
20231103,-47.8226
20231103,-48.9162
20231103,-50.0166
20231103,-50.2735
20231103,-51.3001
20231103,-52.3466
20231103,-53.3768
20231103,-54.4053
20231103,-55.4284
20231103,-56.4632
20231103,-51.7293
20231103,-52.8243
20231106,-53.8514
20231106,-54.8913
20231106,-56.0063
20231106,-57.195
20231106,-58.4059
20231106,-59.4502
20231106,-60.5169
20231106,-61.5694
20231106,-62.6361
20231106,-63.7412
20231106,-64.785
20231106,-63.5914
20231106,-62.0384
20231106,-63.0897
20231107,-61.547
20231107,-60.5785
20231107,-61.5958
20231107,-62.6739
20231107,-63.7456
20231107,-64.7809
20231107,-65.8853
20231107,-66.9349
20231107,-67.9866
20231107,-65.5681
20231107,-66.6747
20231107,-67.7505
20231107,-68.8966
20231108,-70.0167
20231108,-71.075
20231108,-72.1028
20231108,-73.5023
20231108,-70.3456
20231108,-68.169
20231108,-68.8812
20231108,-70.032
20231108,-71.105
20231108,-72.1682
20231108,-73.344
20231108,-74.3817
20231108,-75.4774
20231109,-76.5543
20231109,-77.7371
20231109,-78.9016
20231109,-79.9431
20231109,-77.3371
20231109,-78.5856
20231109,-77.2681
20231109,-75.9527
20231109,-77.0819
20231109,-78.1584
20231109,-79.212
20231109,-77.9541
20231109,-79.0461
20231110,-75.448
20231110,-76.5972
20231110,-72.9422
20231110,-68.8613
20231110,-69.9915
20231110,-71.0872
20231110,-72.4568
20231110,-73.609
20231110,-74.7933
20231110,-75.8198
20231110,-76.913
20231110,-69.7917
20231110,-70.8357
20231110,-72.0386
20231110,-70.6054
20231113,-71.6904
20231113,-69.561
20231113,-70.6776
20231113,-65.2798
20231113,-62.1934
20231113,-63.2355
20231113,-64.4313
20231113,-65.5714
20231113,-66.655
20231113,-67.8234
20231113,-67.9006
20231113,-66.3964
20231113,-67.5862
20231113,-68.7196
20231114,-66.7055
20231114,-67.8069
20231114,-68.8625
20231114,-69.9528
20231114,-71.1007
20231114,-70.11
20231114,-71.1566
20231114,-69.4755
20231114,-68.9378
20231114,-70.0695
20231115,-71.2152
20231115,-69.9263
20231115,-70.9686
20231115,-72.2135
20231115,-73.4213
20231115,-74.7117
20231115,-73.0219
20231115,-71.9615
20231115,-71.4039
20231115,-72.5936
20231116,-73.6416
20231116,-74.6624
20231116,-75.7091
20231116,-74.7412
20231116,-75.8804
20231116,-76.9624
20231116,-78.1928
20231116,-79.2118
20231116,-80.2464
20231116,-75.26
20231117,-74.2469
20231117,-73.0718
20231117,-70.8716
20231117,-69.3403
20231117,-70.4813
20231117,-71.5684
20231117,-70.1379
20231117,-71.2285
20231117,-72.467
20231117,-73.5095
20231117,-72.8383
20231117,-73.8963
20231117,-71.6691
20231117,-72.835
20231120,-73.9627
20231120,-74.9841
20231120,-76.0808
20231120,-77.1635
20231120,-74.1033
20231120,-75.1677
20231120,-76.2127
20231120,-77.2374
20231120,-78.2741
20231120,-79.4793
20231121,-80.6483
20231121,-81.7673
20231121,-82.8376
20231121,-81.7921
20231121,-82.8316
20231121,-83.8901
20231121,-85.0316
20231121,-81.0888
20231122,-82.2154
20231122,-80.8036
20231122,-79.2558
20231122,-80.4199
20231122,-81.5052
20231122,-82.8161
20231122,-83.9028
20231122,-84.3397
20231122,-85.847
20231122,-86.9145
20231122,-88.034
20231124,-89.1663
20231124,-90.2217
20231124,-91.3052
20231124,-92.4123
20231124,-91.163
20231124,-92.5306
20231124,-90.4713
20231124,-89.5763
20231127,-90.7766
20231127,-91.8578
20231127,-93.1162
20231127,-94.1735
20231127,-92.8572
20231127,-94.0078
20231127,-95.0955
20231127,-96.2166
20231127,-97.3389
20231127,-98.4189
20231128,-99.5887
20231128,-96.316
20231128,-97.5094
20231128,-98.5468
20231128,-99.6159
20231128,-98.1702
20231128,-99.2297
20231128,-100.3991
20231128,-101.8297
20231128,-102.8583
20231128,-103.9657
20231128,-105.0404
20231128,-101.1058
20231129,-102.204
20231129,-103.3327
20231129,-99.7416
20231129,-100.8334
20231129,-101.9013
20231129,-103.0242
20231129,-104.0442
20231129,-105.2376
20231129,-106.3125
20231129,-107.3504
20231130,-108.4777
20231130,-109.5775
20231130,-110.7997
20231130,-111.9045
20231130,-112.9792
20231130,-109.4876
20231130,-110.5755
20231130,-111.6146
20231130,-108.6788
20231130,-109.8573
20231130,-111.0328
20231201,-112.0939
20231201,-113.1654
20231201,-111.838
20231201,-112.854
20231201,-111.2925
20231201,-112.4582
20231201,-113.5407
20231201,-114.6205
20231201,-115.6647
20231201,-116.8078
20231204,-117.8803
20231204,-118.9604
20231204,-117.7283
20231204,-118.8223
20231204,-119.8869
20231204,-118.0297
20231204,-118.9942
20231204,-118.5491
20231204,-119.5865
20231204,-120.6222
20231204,-121.1125
20231204,-119.8343
20231204,-120.8626
20231204,-119.1782
20231204,-119.4299
20231204,-120.4745
20231205,-121.6981
20231205,-122.7444
20231205,-123.7689
20231205,-124.822
20231205,-125.8826
20231205,-126.965
20231205,-128.0572
20231205,-125.6028
20231205,-126.6587
20231205,-124.9429
20231205,-126.039
20231205,-126.3593
20231205,-121.7821
20231205,-123.1167
20231205,-124.1504
20231205,-125.2271
20231205,-126.3875
20231206,-127.4889
20231206,-128.649
20231206,-129.6958
20231206,-125.7352
20231206,-126.8005
20231206,-124.2822
20231207,-125.3841
20231207,-121.2658
20231207,-120.1708
20231207,-121.4826
20231207,-117.8827
20231207,-118.9204
20231207,-119.9704
20231208,-121.0532
20231208,-122.204
20231208,-123.2931
20231208,-124.3717
20231208,-125.4256
20231208,-126.5481
20231208,-127.6692
20231208,-128.7472
20231208,-129.9515
20231208,-131.0422
20231208,-132.1475
20231208,-133.1787
20231208,-134.2334
20231208,-135.2687
20231208,-133.6568
20231211,-134.9433
20231211,-136.1034
20231211,-137.1933
20231211,-138.4033
20231211,-139.5243
20231211,-140.63
20231211,-141.8147
20231211,-142.863
20231211,-144.044
20231212,-139.4806
20231212,-140.5525
20231212,-136.4852
20231212,-137.5585
20231212,-136.5578
20231212,-135.768
20231212,-137.3451
20231212,-138.3834
20231212,-135.0837
20231212,-136.3257
20231212,-135.8377
20231213,-133.0469
20231213,-134.5128
20231213,-135.6652
20231213,-136.8142
20231213,-137.9361
20231213,-139.0473
20231213,-140.1142
20231213,-141.2896
20231213,-139.6024
20231213,-135.7294
20231213,-136.7451
20231213,-137.9952
20231214,-131.7923
20231214,-132.8873
20231214,-133.9509
20231214,-135.0363
20231214,-136.0701
20231214,-137.1573
20231214,-134.6469
20231214,-135.7679
20231214,-134.3241
20231214,-135.3647
20231214,-133.6931
20231214,-134.7473
20231214,-135.805
20231214,-136.9334
20231215,-137.9699
20231215,-136.6387
20231215,-136.0966
20231215,-137.1105
20231215,-138.1419
20231215,-136.8604
20231215,-137.4729
20231215,-138.7303
20231215,-139.8004
20231218,-140.8612
20231218,-141.9651
20231218,-143.0365
20231218,-144.1836
20231218,-145.3416
20231218,-146.5006
20231218,-147.5493
20231218,-148.6079
20231218,-149.718
20231218,-148.994
20231218,-145.5419
20231218,-146.733
20231218,-146.0137
20231218,-147.1214
20231219,-148.2856
20231219,-149.3533
20231219,-150.4405
20231219,-151.5095
20231219,-150.002
20231219,-147.7375
20231219,-148.8405
20231219,-149.9303
20231219,-150.9624
20231219,-152.0649
20231219,-153.1284
20231219,-154.2295
20231220,-150.7065
20231220,-151.7869
20231220,-152.846
20231220,-148.957
20231220,-150.1308
20231220,-151.15
20231220,-152.1789
20231220,-153.4552
20231220,-154.5358
20231221,-155.8902
20231221,-154.1624
20231221,-152.4214
20231221,-153.454
20231221,-154.6994
20231221,-155.9939
20231221,-157.0668
20231221,-158.0988
20231221,-159.1947
20231221,-160.257
20231221,-159.3598
20231221,-158.2888
20231221,-156.5896
20231221,-157.6292
20231222,-153.4859
20231222,-151.9814
20231222,-153.0213
20231222,-154.1111
20231222,-151.1863
20231222,-148.1295
20231222,-149.2083
20231222,-150.3394
20231222,-151.4919
20231222,-152.6216
20231222,-153.7667
20231226,-151.2168
20231226,-152.2658
20231226,-153.3407
20231226,-154.5872
20231226,-155.6851
20231226,-156.8756
20231226,-158.0002
20231226,-159.1593
20231226,-157.561
20231226,-158.8842
20231226,-160.1505
20231226,-158.3909
20231226,-158.6853
20231227,-157.2619
20231227,-158.3235
20231227,-156.8992
20231227,-158.0995
20231227,-155.621
20231227,-156.8079
20231227,-158.0675
20231227,-156.1031
20231227,-157.2101
20231227,-158.374
20231228,-156.4525
20231228,-157.5776
20231228,-158.6577
20231228,-159.7913
20231228,-160.0753
20231228,-161.3062
20231228,-161.7672
20231228,-162.9267
20231229,-160.6424
20231229,-161.7312
20231229,-159.4029
20231229,-156.027
20231229,-157.1627
20231229,-158.2425
20231229,-159.5275
20231229,-160.816
20231229,-161.97
20231229,-163.3398
20231229,-164.4738
20231229,-165.5323
20231229,-166.6559
20240102,-164.0994
20240102,-165.1376
20240102,-166.2745
20240102,-167.3314
20240102,-168.4363
20240102,-169.7185
20240102,-167.9848
20240102,-169.0786
20240102,-170.2607
20240102,-167.8
20240102,-168.9237
20240103,-169.9506
20240103,-171.0727
20240103,-172.2011
20240103,-167.7658
20240103,-166.1883
20240103,-167.2813
20240103,-164.8792
20240103,-163.7498
20240103,-162.8453
20240103,-163.9054
20240103,-165.0781
20240103,-163.6542
20240103,-164.7594
20240103,-164.6444
20240103,-164.859
20240104,-163.6168
20240104,-164.6903
20240104,-165.7637
20240104,-166.8946
20240104,-167.9555
20240104,-169.0447
20240104,-170.0958
20240104,-171.1505
20240104,-172.3037
20240104,-173.4055
20240104,-174.4524
20240105,-175.4914
20240105,-176.5629
20240105,-177.7744
20240105,-178.8544
20240105,-177.334
20240105,-178.3982
20240105,-176.3913
20240105,-174.7629
20240105,-174.0313
20240105,-172.1305
20240105,-173.1645
20240105,-174.6132
20240108,-175.7545
20240108,-176.8284
20240108,-177.8961
20240108,-178.9491
20240108,-179.9796
20240108,-178.1953
20240109,-179.308
20240109,-177.384
20240109,-178.5332
20240109,-179.7621
20240109,-180.8597
20240109,-181.9487
20240109,-183.0864
20240109,-184.1999
20240109,-185.2912
20240109,-186.3457
20240109,-187.4354
20240109,-188.4912
20240110,-189.5276
20240110,-190.5542
20240110,-191.7001
20240110,-190.8547
20240110,-191.9176
20240110,-190.5506
20240110,-187.6095
20240110,-186.0866
20240110,-184.0404
20240110,-185.0999
20240110,-186.3489
20240110,-187.4034
20240110,-186.162
20240110,-186.0402
20240110,-187.0668
20240111,-188.4219
20240111,-189.5171
20240111,-190.5877
20240111,-191.636
20240111,-192.6657
20240111,-193.7168
20240111,-194.7392
20240111,-195.7894
20240111,-196.8065
20240111,-197.8295
20240112,-193.2644
20240112,-191.5488
20240112,-192.5776
20240112,-193.6211
20240112,-194.6801
20240112,-195.7336
20240112,-196.7679
20240112,-197.8224
20240112,-198.8381
20240112,-199.8904
20240112,-200.9894
20240112,-200.6583
20240116,-201.7052
20240116,-202.7742
20240116,-199.3772
20240116,-200.4762
20240116,-201.8834
20240116,-203.023
20240117,-204.0871
20240117,-205.133
20240117,-206.2124
20240117,-207.2632
20240117,-208.3675
20240117,-206.983
20240117,-208.088
20240117,-209.3013
20240117,-208.307
20240117,-207.2277
20240117,-207.744
20240118,-208.8581
20240118,-206.399
20240118,-203.9452
20240118,-204.986
20240118,-203.8869
20240118,-204.9557
20240118,-206.1484
20240118,-204.0687
20240118,-202.4475
20240118,-200.5196
20240118,-196.3174
20240118,-193.6444
20240118,-194.8097
20240118,-195.9872
20240118,-197.1023
20240118,-198.2113
20240118,-199.298
20240119,-194.9169
20240119,-195.9813
20240119,-197.1386
20240119,-196.2497
20240119,-197.2961
20240119,-198.5263
20240119,-199.625
20240119,-200.7917
20240122,-198.1818
20240122,-199.231
20240122,-200.2756
20240122,-201.3552
20240122,-202.4481
20240122,-203.5076
20240122,-195.1715
20240122,-194.8556
20240122,-195.967
20240122,-195.202
20240122,-194.9138
20240123,-195.9709
20240123,-194.2419
20240123,-195.3417
20240123,-196.3573
20240123,-197.3997
20240123,-195.413
20240123,-196.441
20240123,-197.8071
20240124,-198.8757
20240124,-199.9232
20240124,-196.3855
20240124,-197.4298
20240124,-198.4521
20240124,-196.3486
20240124,-197.4242
20240124,-198.4887
20240124,-199.5851
20240124,-200.6481
20240124,-202.0572
20240124,-203.1062
20240125,-204.1932
20240125,-205.248
20240125,-206.3375
20240125,-207.3655
20240125,-204.1009
20240125,-200.7577
20240125,-201.8673
20240125,-200.6443
20240125,-194.5575
20240125,-195.7013
20240125,-196.805
20240125,-195.0665
20240125,-192.4094
20240126,-193.9261
20240126,-191.8353
20240126,-188.4964
20240126,-186.3843
20240126,-187.5249
20240126,-188.6504
20240126,-189.8438
20240126,-188.1045
20240126,-186.2638
20240126,-184.3025
20240126,-185.4043
20240126,-181.812
20240126,-177.1165
20240126,-178.1747
20240129,-179.2085
20240129,-180.2747
20240129,-181.4851
20240129,-179.1919
20240129,-180.2402
20240129,-181.3515
20240129,-180.1397
20240129,-178.1322
20240129,-179.5775
20240129,-180.7189
20240129,-176.9946
20240129,-174.6311
20240129,-173.4803
20240129,-174.7663
20240129,-175.8813
20240129,-172.1211
20240129,-167.15
20240130,-168.229
20240130,-165.7534
20240130,-166.7999
20240130,-167.8556
20240130,-168.933
20240130,-170.009
20240130,-171.3853
20240130,-172.4308
20240130,-167.6665
20240130,-165.1382
20240130,-166.6195
20240131,-167.6566
20240131,-168.6878
20240131,-169.7905
20240131,-168.6367
20240131,-169.6933
20240131,-170.7836
20240131,-171.8202
20240131,-172.8293
20240131,-173.9134
20240131,-175.0798
20240131,-173.5401
20240201,-174.6315
20240201,-175.6909
20240201,-176.7444
20240201,-177.9129
20240201,-179.0251
20240201,-177.5274
20240201,-178.6895
20240201,-179.7804
20240201,-180.8
20240201,-181.8977
20240201,-180.8441
20240201,-181.9506
20240202,-180.3874
20240202,-181.4587
20240202,-179.223
20240202,-180.271
20240202,-178.8092
20240202,-179.8365
20240202,-177.7901
20240202,-178.8515
20240202,-176.3021
20240202,-177.315
20240205,-178.3741
20240205,-176.6951
20240205,-177.7854
20240205,-176.2489
20240205,-174.5163
20240205,-175.6153
20240205,-176.6524
20240205,-177.7031
20240205,-178.9323
20240205,-176.6601
20240205,-174.004
20240205,-175.0381
20240205,-169.9911
20240205,-167.3849
20240206,-165.1601
20240206,-166.2217
20240206,-167.2524
20240206,-168.2797
20240206,-167.2603
20240206,-168.3329
20240206,-169.5979
20240206,-167.3899
20240206,-168.4511
20240206,-166.3023
20240207,-167.4119
20240207,-168.5009
20240207,-169.6428
20240207,-165.4806
20240207,-166.6856
20240207,-167.757
20240207,-168.8831
20240207,-169.9403
20240207,-171.0085
20240207,-172.0573
20240207,-170.2522
20240207,-168.7342
20240207,-169.846
20240207,-168.8173
20240207,-169.8408
20240208,-170.9255
20240208,-172.3352
20240208,-173.5452
20240208,-172.2769
20240208,-169.3619
20240208,-170.4093
20240208,-168.5286
20240208,-166.431
20240208,-165.4001
20240208,-166.5553
20240209,-167.6078
20240209,-168.6414
20240209,-169.7109
20240209,-170.8162
20240209,-171.9035
20240209,-172.9642
20240209,-174.0706
20240209,-171.95
20240209,-170.8309
20240209,-168.9345
20240209,-170.4152
20240209,-168.4815
20240212,-169.553
20240212,-170.6418
20240212,-171.7124
20240212,-172.8837
20240212,-173.9559
20240212,-175.0307
20240213,-176.0737
20240213,-177.1234
20240213,-178.2437
20240213,-175.8926
20240213,-176.9712
20240213,-167.6995
20240214,-168.736
20240214,-169.7682
20240214,-170.8122
20240214,-171.8533
20240214,-169.9539
20240214,-170.988
20240214,-172.0423
20240214,-171.5941
20240214,-170.1409
20240214,-168.8244
20240214,-169.9595
20240215,-171.1028
20240215,-172.1368
20240215,-173.1819
20240215,-173.6945
20240215,-174.7715
20240215,-175.7922
20240215,-176.8046
20240216,-177.9475
20240216,-176.1123
20240216,-175.2195
20240216,-173.6636
20240216,-174.7642
20240216,-175.8081
20240216,-176.8284
20240216,-177.8855
20240216,-178.9056
20240216,-179.9351
20240216,-181.0755
20240220,-182.1435
20240220,-183.1943
20240220,-184.2787
20240220,-185.3007
20240220,-186.329
20240220,-184.189
20240220,-185.3
20240220,-186.3334
20240220,-179.7967
20240220,-177.6237
20240220,-178.1148
20240220,-179.2946
20240220,-178.8403
20240220,-178.1187
20240220,-179.3412
20240221,-180.3979
20240221,-178.6859
20240221,-177.2371
20240221,-178.3628
20240221,-177.9878
20240221,-179.2171
20240222,-180.264
20240222,-181.4081
20240222,-182.9575
20240222,-183.9766
20240222,-180.8827
20240222,-181.9232
20240222,-180.597
20240222,-181.6804
20240223,-182.9695
20240223,-180.3794
20240223,-181.5135
20240223,-182.6852
20240223,-183.7155
20240223,-184.765
20240223,-185.8024
20240223,-186.8527
20240223,-187.8959
20240226,-188.9482
20240226,-190.1756
20240226,-191.2484
20240226,-192.2678
20240226,-193.3898
20240226,-194.5607
20240226,-193.4467
20240226,-194.2561
20240226,-195.3255
20240227,-196.3757
20240227,-197.5272
20240227,-198.6523
20240227,-199.7118
20240227,-200.8427
20240227,-197.5678
20240227,-198.6406
20240227,-197.2145
20240228,-198.2982
20240228,-199.4073
20240228,-200.5824
20240228,-201.6177
20240228,-202.7046
20240228,-203.8936
20240228,-203.5855
20240228,-204.7308
20240228,-202.5961
20240228,-203.7243
20240228,-205.0716
20240229,-206.1357
20240229,-207.3476
20240229,-208.4374
20240229,-206.6941
20240229,-205.0983
20240229,-203.4128
20240229,-199.13
20240229,-200.2183
20240229,-197.3041
20240301,-198.344
20240301,-194.7425
20240301,-195.8461
20240301,-196.9015
20240301,-196.2125
20240301,-192.7821
20240301,-193.8047
20240301,-194.8281
20240301,-192.0932
20240304,-193.2373
20240304,-191.4964
20240304,-192.6093
20240304,-193.6972
20240304,-190.2249
20240304,-191.2938
20240304,-192.3764
20240304,-191.0284
20240305,-192.2619
20240305,-193.306
20240305,-194.3443
20240305,-195.3856
20240306,-196.475
20240306,-194.7406
20240306,-192.7124
20240306,-190.3631
20240306,-191.5238
20240306,-192.5535
20240306,-193.59
20240306,-191.5223
20240306,-190.5359
20240306,-191.7259
20240306,-192.7718
20240306,-191.785
20240306,-190.4932
20240307,-186.7969
20240307,-180.8769
20240307,-178.2186
20240307,-176.7303
20240307,-175.4331
20240307,-176.5331
20240307,-177.5908
20240307,-178.8439
20240307,-179.8869
20240307,-180.9064
20240307,-181.9838
20240307,-183.1062
20240307,-184.1409
20240307,-185.2432
20240308,-182.0114
20240308,-183.1096
20240308,-180.8101
20240308,-181.889
20240308,-179.0441
20240308,-174.0043
20240308,-175.1277
20240308,-174.6708
20240308,-175.7301
20240308,-174.3944
20240308,-175.4978
20240308,-174.5137
20240308,-175.6669
20240311,-176.686
20240311,-177.9093
20240311,-178.9783
20240311,-180.0144
20240311,-181.1094
20240311,-179.3447
20240311,-180.4049
20240311,-181.4537
20240311,-182.0015
20240311,-183.2107
20240311,-184.2933
20240312,-179.7903
20240312,-180.8377
20240312,-176.6919
20240312,-174.4762
20240312,-175.5359
20240312,-176.7964
20240312,-177.9141
20240312,-179.2588
20240312,-180.3439
20240312,-181.489
20240312,-182.5547
20240312,-183.7084
20240312,-184.8873
20240313,-186.053
20240313,-187.1095
20240313,-188.186
20240313,-189.2183
20240313,-190.2366
20240313,-189.0195
20240313,-190.1058
20240313,-188.2233
20240313,-185.7856
20240313,-186.8604
20240313,-177.145
20240314,-178.2557
20240314,-179.4875
20240314,-180.5045
20240314,-181.5286
20240314,-180.4914
20240314,-181.5138
20240314,-182.5379
20240314,-182.631
20240314,-183.7751
20240314,-184.8047
20240314,-185.8642
20240315,-186.9691
20240315,-188.0332
20240315,-189.0822
20240315,-190.1094
20240315,-191.1279
20240315,-192.1525
20240315,-193.1864
20240315,-190.5788
20240318,-191.7264
20240318,-189.6165
20240318,-188.046
20240318,-189.1195
20240318,-187.8903
20240318,-185.7365
20240318,-184.3644
20240318,-179.6355
20240318,-180.6953
20240318,-179.1415
20240318,-180.4199
20240318,-181.4584
20240319,-178.0772
20240319,-179.3222
20240319,-180.3949
20240319,-181.4295
20240319,-174.4867
20240319,-175.5272
20240319,-169.4337
20240320,-170.7536
20240320,-171.8592
20240320,-173.1332
20240320,-171.6944
20240320,-172.8112
20240320,-174.0548
20240320,-175.0895
20240320,-176.148
20240320,-177.2959
20240320,-178.4393
20240321,-177.4434
20240321,-178.6216
20240321,-178.2255
20240321,-179.2483
20240321,-180.4925
20240321,-181.5146
20240321,-182.6361
20240321,-183.9572
20240321,-185.0074
20240321,-186.0519
20240321,-187.1124
20240321,-188.1742
20240321,-186.0186
20240321,-187.1829
20240322,-188.2791
20240322,-187.2394
20240322,-188.2802
20240322,-180.7559
20240322,-181.8053
20240322,-183.0266
20240325,-181.3608
20240325,-182.4008
20240325,-183.4611
20240325,-181.683
20240325,-182.8585
20240326,-183.8854
20240326,-185.0193
20240326,-186.1223
20240326,-187.1586
20240326,-188.2718
20240326,-189.5397
20240326,-190.626
20240326,-191.722
20240326,-189.4695
20240326,-190.6173
20240326,-192.1027
20240326,-193.18
20240326,-194.2658
20240326,-191.2583
20240326,-192.3694
20240327,-193.4084
20240327,-194.4871
20240327,-195.5177
20240327,-196.6177
20240327,-197.7154
20240327,-195.7987
20240327,-195.7816
20240327,-196.811
20240327,-198.092
20240327,-199.1537
20240327,-200.5681
20240327,-201.6268
20240328,-202.6542
20240328,-203.7611
20240328,-202.8452
20240328,-202.6548
20240328,-203.7146
20240328,-204.7853
20240328,-203.8054
20240328,-204.8361
20240328,-205.9414
20240401,-201.8688
20240401,-202.9436
20240401,-204.0101
20240401,-202.2448
20240401,-201.9626
20240401,-203.1967
20240401,-202.2724
20240401,-203.3184
20240402,-204.4148
20240402,-205.4326
20240402,-203.7143
20240402,-204.7966
20240402,-205.5576
20240402,-206.5715
20240402,-202.873
20240402,-203.9224
20240403,-205.1149
20240403,-206.186
20240403,-207.2754
20240403,-208.3527
20240403,-209.4775
20240403,-210.5048
20240403,-211.7253
20240404,-212.8236
20240404,-214.2939
20240404,-215.4621
20240404,-216.5376
20240404,-217.5651
20240404,-218.8036
20240404,-219.8944
20240404,-220.9319
20240404,-221.9408
20240404,-223.0316
20240404,-224.1411
20240404,-220.1522
20240404,-219.0157
20240405,-220.1042
20240405,-221.2206
20240405,-222.3538
20240405,-223.389
20240405,-222.9239
20240405,-223.9623
20240405,-225.0493
20240405,-226.091
20240405,-227.1215
20240405,-221.8605
20240405,-217.9004
20240405,-218.9955
20240408,-216.1199
20240408,-217.3594
20240408,-218.4401
20240408,-219.5132
20240408,-215.4602
20240408,-216.5555
20240408,-217.5729
20240408,-218.6722
20240408,-216.0789
20240408,-217.1844
20240408,-218.281
20240408,-216.0339
20240408,-212.8018
20240408,-209.4281
20240408,-207.8207
20240408,-206.4172
20240409,-207.5619
20240409,-205.2805
20240409,-206.3765
20240409,-207.6905
20240409,-208.8231
20240409,-209.859
20240409,-210.9617
20240409,-212.0459
20240409,-213.1511
20240409,-214.1865
20240409,-215.2731
20240410,-213.3851
20240410,-214.406
20240410,-215.426
20240410,-216.4394
20240410,-217.5016
20240410,-217.8194
20240410,-219.1395
20240411,-220.2475
20240411,-217.5454
20240411,-218.5779
20240411,-219.6663
20240411,-220.6855
20240411,-217.1491
20240411,-215.9298
20240411,-212.4792
20240411,-213.567
20240412,-212.2067
20240412,-210.2939
20240412,-208.5838
20240412,-206.5964
20240412,-203.3151
20240412,-203.35
20240412,-202.8375
20240412,-203.903
20240412,-204.9654
20240412,-206.0094
20240412,-207.0776
20240412,-208.1684
20240415,-209.1967
20240415,-204.9488
20240415,-206.0241
20240415,-207.3431
20240415,-208.5979
20240415,-209.6766
20240415,-205.8526
20240415,-206.9061
20240415,-207.9844
20240415,-209.1381
20240415,-210.1979
20240415,-211.2856
20240415,-212.3953
20240415,-213.4481
20240416,-209.1711
20240416,-207.7295
20240416,-206.4677
20240416,-207.5699
20240416,-208.609
20240416,-205.1808
20240416,-202.4103
20240416,-203.4712
20240416,-204.5368
20240416,-205.5973
20240416,-206.8078
20240416,-204.3267
20240416,-201.3365
20240416,-202.3901
20240416,-198.1969
20240416,-199.3008
20240416,-200.3237
20240416,-197.4796
20240417,-198.7652
20240417,-199.8258
20240417,-200.9572
20240417,-201.9884
20240417,-203.0086
20240417,-204.1218
20240417,-205.4696
20240417,-203.9796
20240417,-205.1365
20240418,-206.2425
20240418,-203.6926
20240418,-204.706
20240418,-205.7461
20240418,-206.8224
20240418,-207.9043
20240418,-206.6431
20240418,-207.6851
20240418,-208.7129
20240418,-209.8003
20240419,-207.5197
20240419,-206.3635
20240419,-207.5269
20240419,-208.6317
20240419,-209.693
20240419,-210.7664
20240419,-211.8081
20240419,-210.1473
20240419,-211.1698
20240419,-212.2335
20240419,-213.2806
20240419,-214.4132
20240419,-215.5113
20240422,-216.5447
20240422,-217.6215
20240422,-218.737
20240422,-217.2432
20240422,-218.3679
20240422,-219.4091
20240422,-218.2437
20240422,-216.5702
20240422,-217.6167
20240423,-218.7597
20240423,-219.8204
20240423,-220.8586
20240423,-221.8923
20240423,-223.1088
20240423,-224.171
20240423,-222.4344
20240423,-220.6681
20240423,-222.0113
20240423,-223.0307
20240423,-224.0631
20240423,-224.065
20240424,-222.2266
20240424,-223.3034
20240424,-221.5805
20240424,-222.7218
20240424,-223.7731
20240424,-224.8228
20240424,-225.8836
20240424,-227.1406
20240424,-228.2295
20240425,-229.2585
20240425,-230.4266
20240425,-231.54
20240426,-232.6058
20240426,-228.9695
20240426,-230.0634
20240426,-231.2374
20240426,-232.2757
20240426,-233.3703
20240426,-228.4102
20240426,-228.1333
20240426,-227.3533
20240426,-228.7435
20240429,-229.8186
20240429,-231.232
20240429,-232.2736
20240429,-233.4592
20240429,-232.0834
20240429,-228.1952
20240429,-229.3292
20240429,-230.3944
20240429,-231.5337
20240429,-228.5441
20240430,-229.6323
20240430,-230.7021
20240430,-231.7713
20240430,-232.803
20240430,-234.1224
20240430,-235.1504
20240430,-236.2002
20240430,-237.2767
20240430,-235.6555
20240430,-236.7883
20240430,-237.9168
20240430,-239.0072
20240430,-240.058
20240501,-241.1613
20240501,-242.2229
20240501,-243.424
20240501,-244.4685
20240501,-245.5157
20240501,-244.6052
20240501,-245.6534
20240501,-246.7869
20240501,-247.9047
20240501,-248.9793
20240501,-250.0619
20240501,-251.1126
20240501,-252.1418
20240502,-253.205
20240502,-254.2629
20240502,-255.4266
20240502,-256.4651
20240502,-251.9152
20240502,-253.05
20240502,-254.1006
20240502,-252.513
20240502,-252.5245
20240502,-250.1963
20240502,-249.022
20240503,-250.0784
20240503,-251.1119
20240503,-252.1825
20240503,-253.1961
20240503,-254.2662
20240503,-253.2284
20240503,-250.496
20240503,-251.5998
20240503,-252.6934
20240503,-253.7386
20240503,-254.8718
20240503,-255.9937
20240506,-257.0416
20240506,-258.1646
20240506,-259.262
20240506,-260.356
20240506,-261.4147
20240506,-262.4769
20240506,-263.535
20240506,-264.5999
20240506,-264.6612
20240506,-262.7126
20240507,-263.7973
20240507,-260.5773
20240507,-259.4213
20240507,-257.6221
20240507,-258.8488
20240507,-259.9541
20240507,-261.0095
20240507,-262.064
20240507,-258.4425
20240507,-259.5045
20240507,-257.3409
20240507,-258.755
20240508,-259.8466
20240508,-260.8874
20240508,-262.006
20240508,-263.0628
20240508,-264.1569
20240508,-265.3893
20240508,-266.4018
20240508,-265.7207
20240508,-263.8848
20240509,-264.9463
20240509,-265.9872
20240509,-266.3403
20240509,-267.6516
20240509,-268.6846
20240509,-266.2432
20240509,-267.3504
20240510,-268.3688
20240510,-269.5481
20240510,-270.6122
20240510,-271.6514
20240510,-270.1181
20240510,-267.4277
20240510,-265.2324
20240510,-266.2891
20240510,-267.3348
20240510,-264.997
20240510,-266.1284
20240510,-264.4453
20240510,-265.5357
20240510,-266.5866
20240510,-263.0192
20240510,-262.8122
20240510,-260.6117
20240510,-261.6539
20240513,-256.1447
20240513,-257.2302
20240513,-257.2647
20240513,-255.4344
20240513,-254.5681
20240513,-252.2555
20240513,-253.401
20240513,-253.3228
20240513,-255.0622
20240513,-256.2116
20240513,-257.6208
20240514,-258.7057
20240514,-259.8303
20240514,-260.9211
20240514,-261.9798
20240514,-260.7787
20240514,-261.8433
20240514,-262.8918
20240514,-261.0747
20240514,-259.7244
20240515,-260.8924
20240515,-261.9821
20240515,-258.6502
20240515,-259.6924
20240515,-260.8784
20240515,-261.9612
20240515,-263.0052
20240516,-264.048
20240516,-262.2087
20240516,-263.5302
20240516,-262.369
20240516,-261.325
20240516,-262.4064
20240516,-263.5244
20240516,-264.9172
20240517,-261.8006
20240517,-262.9564
20240517,-264.066
20240517,-265.1381
20240517,-266.3244
20240517,-267.9118
20240517,-269.013
20240517,-270.076
20240517,-271.0868
20240520,-266.6845
20240520,-267.8496
20240520,-268.9214
20240520,-269.9584
20240520,-271.0423
20240520,-272.0778
20240520,-273.1463
20240520,-274.2867
20240520,-275.7685
20240521,-274.0466
20240521,-271.3678
20240521,-269.7094
20240521,-270.7322
20240521,-271.8837
20240521,-272.996
20240521,-274.097
20240521,-275.2731
20240521,-276.3923
20240521,-277.4543
20240522,-278.6285
20240522,-279.752
20240522,-280.8883
20240522,-278.6688
20240522,-279.7455
20240522,-277.1601
20240522,-278.2266
20240522,-275.7314
20240522,-276.8478
20240522,-278.0172
20240523,-279.085
20240523,-277.6093
20240523,-278.6349
20240523,-277.3587
20240523,-278.3889
20240523,-279.5697
20240524,-280.6362
20240524,-281.666
20240524,-282.6922
20240524,-283.7265
20240524,-280.6131
20240524,-281.7653
20240524,-282.9042
20240524,-284.0316
20240524,-285.6178
20240524,-286.835
20240524,-288.0028
20240524,-289.133
20240524,-290.2457
20240528,-291.3133
20240528,-289.061
20240528,-285.9503
20240528,-284.8408
20240528,-281.8689
20240528,-280.7693
20240528,-281.8111
20240528,-283.0699
20240528,-284.107
20240528,-282.335
20240528,-280.6488
20240528,-279.3931
20240528,-280.5423
20240528,-281.6668
20240528,-281.9299
20240529,-282.9775
20240529,-279.5239
20240529,-280.6231
20240529,-281.6515
20240529,-282.8463
20240529,-283.8983
20240529,-284.9807
20240529,-286.0623
20240529,-287.2208
20240530,-288.2545
20240530,-285.1109
20240530,-286.1476
20240530,-284.7561
20240530,-285.7854
20240530,-286.8252
20240530,-288.0026
20240530,-289.0142
20240530,-290.1231
20240531,-291.3065
20240531,-292.3546
20240531,-290.8025
20240531,-291.8725
20240531,-286.4052
20240531,-287.5749
20240531,-288.777
20240603,-286.1113
20240603,-283.3442
20240603,-280.9549
20240603,-282.0299
20240603,-283.1344
20240603,-284.1695
20240603,-285.1948
20240603,-286.2687
20240603,-287.3182
20240604,-288.3455
20240604,-289.3849
20240604,-285.9516
20240604,-287.1018
20240604,-288.1905
20240604,-289.2372
20240604,-290.4211
20240604,-288.6854
20240604,-289.7424
20240604,-288.6037
20240604,-288.9804
20240605,-290.1088
20240605,-286.4184
20240605,-287.5179
20240605,-288.586
20240605,-289.6056
20240605,-287.3793
20240605,-288.6784
20240605,-287.0926
20240605,-288.226
20240605,-289.299
20240606,-289.5731
20240606,-290.6448
20240606,-291.7288
20240606,-290.5857
20240606,-291.8227
20240606,-292.9605
20240606,-291.9954
20240606,-290.981
20240606,-290.9868
20240606,-292.1914
20240607,-288.8877
20240607,-289.9124
20240607,-291.0778
20240607,-292.1857
20240607,-293.4108
20240607,-294.4884
20240607,-295.5149
20240607,-296.5742
20240607,-297.735
20240607,-293.3199
20240607,-294.4205
20240607,-295.5264
20240610,-288.4538
20240610,-289.584
20240610,-290.6197
20240610,-291.6864
20240610,-292.7681
20240610,-290.4759
20240610,-291.5544
20240610,-290.3057
20240610,-291.3846
20240610,-292.4431
20240610,-293.5438
20240610,-294.7159
20240611,-295.7448
20240611,-293.7928
20240611,-294.9161
20240611,-295.9568
20240611,-294.4432
20240611,-292.8017
20240611,-291.0575
20240611,-288.8536
20240611,-287.4073
20240611,-288.435
20240611,-288.3402
20240611,-289.3781
20240611,-285.9025
20240612,-287.0354
20240612,-288.0614
20240612,-289.1231
20240612,-290.1687
20240612,-291.3639
20240612,-292.4907
20240612,-293.5234
20240612,-294.5737
20240612,-295.6358
20240612,-296.7237
20240612,-297.7542
20240613,-298.9456
20240613,-299.9681
20240613,-298.2344
20240613,-297.0253
20240613,-298.1122
20240613,-297.1146
20240613,-298.1431
20240613,-299.2477
20240613,-300.4652
20240613,-301.4993
20240613,-299.9475
20240613,-301.0824
20240613,-302.1312
20240613,-299.6041
20240613,-300.6621
20240613,-301.6892
20240614,-302.799
20240614,-302.4379
20240614,-300.8951
20240614,-299.8709
20240617,-300.9171
20240617,-302.0511
20240617,-303.1362
20240617,-298.0725
20240617,-299.1809
20240617,-300.266
20240617,-299.1989
20240617,-296.7327
20240617,-297.7571
20240617,-298.9736
20240617,-300.0858
20240617,-301.2099
20240617,-302.2449
20240617,-298.9165
20240617,-300.0197
20240618,-301.0408
20240618,-302.0666
20240618,-301.1642
20240618,-302.1998
20240618,-303.288
20240618,-304.3405
20240618,-305.3977
20240618,-306.4279
20240618,-307.4877
20240618,-308.5184
20240618,-306.4913
20240618,-307.7644
20240618,-308.8141
20240620,-309.9138
20240620,-310.9793
20240620,-312.1134
20240620,-313.145
20240620,-314.5591
20240620,-313.4871
20240620,-314.5219
20240620,-315.6131
20240620,-316.6346
20240621,-317.7016
20240621,-316.4544
20240621,-315.1931
20240621,-313.856
20240621,-314.9028
20240621,-316.0707
20240621,-317.2725
20240621,-318.4238
20240624,-314.4486
20240624,-311.7841
20240624,-310.2992
20240624,-311.3169
20240624,-312.3813
20240624,-313.4632
20240624,-311.0955
20240624,-307.0348
20240624,-308.056
20240624,-307.5221
20240624,-308.5627
20240624,-309.7195
20240624,-310.7477
20240625,-311.8659
20240625,-312.9181
20240625,-313.9564
20240625,-314.9933
20240625,-316.0303
20240625,-317.0945
20240625,-318.1976
20240625,-319.2742
20240625,-320.4696
20240625,-313.1019
20240626,-314.1813
20240626,-311.0711
20240626,-312.1507
20240626,-313.2685
20240626,-314.4736
20240626,-315.5399
20240626,-314.3172
20240626,-312.78
20240626,-313.864
20240626,-314.9093
20240626,-316.2123
20240627,-312.3131
20240627,-313.3935
20240627,-311.4254
20240627,-312.5291
20240627,-311.272
20240627,-312.3025
20240627,-313.4469
20240627,-313.1066
20240627,-314.1464
20240627,-315.2074
20240627,-316.4312
20240627,-317.7576
20240627,-314.8916
20240627,-313.2045
20240627,-314.2373
20240627,-315.3639
20240627,-316.4457
20240628,-317.5569
20240628,-318.6296
20240628,-316.8769
20240628,-318.0561
20240628,-319.1999
20240628,-320.2431
20240628,-321.3499
20240628,-322.6701
20240628,-323.7116
20240628,-322.4299
20240628,-319.8555
20240701,-321.0136
20240701,-322.0252
20240701,-319.4539
20240701,-320.4875
20240701,-318.2207
20240701,-316.4674
20240701,-314.459
20240701,-311.5779
20240701,-312.5933
20240701,-311.4613
20240701,-312.6405
20240701,-313.757
20240702,-314.8326
20240702,-316.042
20240702,-317.1306
20240702,-318.1676
20240702,-319.2009
20240702,-320.2438
20240702,-321.2808
20240702,-321.3308
20240702,-322.3697
20240702,-323.4905
20240702,-322.282
20240702,-319.2621
20240702,-317.9152
20240702,-318.9745
20240702,-320.0306
20240702,-315.9131
20240702,-316.9679
20240702,-309.7865
20240702,-308.6264
20240703,-309.7409
20240703,-310.7787
20240703,-308.1722
20240703,-306.473
20240703,-305.836
20240703,-306.9131
20240703,-308.2071
20240703,-309.2266
20240703,-309.597
20240703,-310.6429
20240703,-309.4387
20240703,-309.2636
20240703,-307.895
20240703,-309.048
20240705,-306.5529
20240705,-307.7168
20240705,-307.3611
20240705,-305.535
20240705,-306.6383
20240705,-307.6548
20240705,-308.6676
20240708,-309.72
20240708,-304.1333
20240708,-299.2626
20240708,-300.3358
20240708,-295.972
20240708,-294.6089
20240708,-293.0049
20240708,-294.0225
20240708,-291.8667
20240708,-290.2708
20240708,-291.3111
20240709,-292.3755
20240709,-293.4279
20240709,-294.5374
20240709,-295.5923
20240709,-296.667
20240709,-297.7061
20240709,-298.8022
20240709,-299.9418
20240709,-301.0226
20240709,-302.0941
20240709,-300.922
20240709,-301.9932
20240709,-303.1436
20240709,-304.1811
20240709,-305.2681
20240710,-306.3773
20240710,-307.4549
20240710,-308.5429
20240710,-309.6531
20240710,-310.7709
20240710,-311.9528
20240710,-310.5649
20240710,-311.6199
20240710,-310.6254
20240710,-311.6984
20240710,-312.9343
20240711,-313.9739
20240711,-315.0796
20240711,-314.2189
20240711,-315.2922
20240711,-316.314
20240711,-317.433
20240711,-318.5447
20240711,-319.5548
20240711,-320.8432
20240711,-319.5323
20240711,-320.5588
20240711,-318.5174
20240712,-316.8372
20240712,-317.9829
20240712,-316.5003
20240712,-317.594
20240712,-318.6401
20240712,-319.6961
20240712,-320.7343
20240712,-318.7726
20240712,-319.872
20240712,-319.601
20240712,-320.7694
20240715,-321.8936
20240715,-320.5702
20240715,-318.691
20240715,-319.7085
20240715,-317.4472
20240715,-314.8404
20240715,-312.3894
20240715,-313.5014
20240715,-314.5804
20240715,-315.5982
20240715,-316.6314
20240715,-317.7711
20240715,-319.0084
20240716,-320.1747
20240716,-321.1945
20240716,-322.3872
20240716,-323.4426
20240716,-324.5466
20240716,-325.5827
20240716,-326.6928
20240716,-327.7732
20240716,-328.8443
20240716,-329.8685
20240716,-331.045
20240717,-332.0802
20240717,-333.1174
20240717,-334.1448
20240717,-335.2063
20240717,-332.878
20240717,-331.4354
20240717,-332.472
20240717,-331.286
20240717,-332.32
20240717,-333.4078
20240717,-334.4672
20240717,-335.5875
20240717,-336.6052
20240717,-337.647
20240718,-335.9195
20240718,-336.9866
20240718,-338.1113
20240718,-339.3759
20240718,-340.4077
20240718,-341.4398
20240718,-339.7039
20240718,-340.7468
20240718,-338.5763
20240718,-337.5303
20240718,-338.5512
20240719,-339.61
20240719,-340.6504
20240719,-341.7171
20240719,-342.742
20240719,-343.8237
20240719,-345.0163
20240719,-342.7996
20240719,-343.8432
20240719,-344.8963
20240719,-342.3008
20240719,-343.3389
20240719,-344.4626
20240719,-345.5185
20240719,-344.7748
20240719,-342.2447
20240719,-340.7316
20240719,-341.8239
20240719,-343.0463
20240719,-344.087
20240719,-345.1535
20240719,-346.203
20240719,-347.2298
20240722,-348.3366
20240722,-349.3619
20240722,-350.379
20240722,-347.9815
20240722,-346.1179
20240722,-344.7631
20240722,-345.7873
20240722,-346.8106
20240722,-347.8302
20240722,-345.8676
20240722,-346.8978
20240722,-345.7812
20240722,-345.2281
20240722,-344.0625
20240722,-343.0167
20240722,-344.1649
20240722,-344.1394
20240723,-345.2326
20240723,-346.3003
20240723,-342.9942
20240723,-344.1144
20240723,-345.2655
20240723,-346.3294
20240723,-347.388
20240723,-344.4222
20240723,-344.1563
20240723,-345.2918
20240723,-341.1323
20240724,-342.1599
20240724,-343.1952
20240724,-339.2195
20240724,-337.1678
20240724,-338.2049
20240724,-339.2337
20240724,-340.2774
20240724,-339.298
20240725,-340.3336
20240725,-341.4357
20240725,-342.6281
20240725,-343.6847
20240725,-339.9724
20240725,-341.0276
20240725,-342.1142
20240725,-343.2023
20240725,-342.1147
20240725,-337.8718
20240725,-338.8912
20240726,-339.9824
20240726,-341.1052
20240726,-342.1402
20240726,-343.1824
20240726,-344.316
20240726,-345.3436
20240726,-342.8108
20240726,-343.8402
20240726,-344.8585
20240726,-341.8149
20240726,-338.0506
20240726,-337.3234
20240726,-338.47
20240726,-337.2129
20240726,-334.9322
20240726,-332.9026
20240726,-333.9696
20240726,-334.9986
20240726,-333.3659
20240726,-334.4037
20240726,-335.5273
20240726,-334.8865
20240729,-336.0406
20240729,-337.1966
20240729,-334.0725
20240729,-333.4738
20240729,-334.5242
20240729,-331.4225
20240729,-328.4277
20240729,-329.4676
20240729,-330.5319
20240729,-331.5599
20240729,-332.5823
20240729,-333.642
20240729,-334.7192
20240729,-335.8213
20240730,-336.8888
20240730,-338.1065
20240730,-339.132
20240730,-340.1573
20240730,-341.1891
20240730,-342.2968
20240730,-343.3268
20240730,-344.5089
20240730,-342.9021
20240730,-343.9347
20240730,-345.1135
20240730,-346.1542
20240730,-343.0198
20240731,-344.1507
20240731,-345.2777
20240731,-344.4412
20240731,-339.3359
20240731,-337.8292
20240731,-338.8715
20240731,-339.9282
20240731,-336.9957
20240731,-337.0569
20240801,-338.2057
20240801,-339.2843
20240801,-336.6913
20240801,-334.1022
20240801,-332.9592
20240801,-334.1792
20240801,-335.2092
20240801,-333.4663
20240801,-334.4845
20240801,-335.5455
20240802,-336.5681
20240802,-337.5891
20240802,-338.613
20240802,-335.9023
20240802,-334.8819
20240802,-335.9707
20240802,-337.0291
20240802,-338.0568
20240802,-339.1807
20240802,-340.2245
20240802,-341.236
20240802,-342.2624
20240805,-343.328
20240805,-344.3465
20240805,-341.488
20240805,-342.5548
20240805,-341.3349
20240805,-342.3723
20240806,-343.4428
20240806,-342.0505
20240806,-338.9204
20240806,-335.637
20240806,-336.7132
20240806,-337.7396
20240806,-338.7782
20240806,-339.8114
20240807,-340.8576
20240807,-341.8942
20240807,-342.9938
20240807,-341.3997
20240807,-338.6773
20240807,-339.6941
20240807,-338.7212
20240807,-339.7634
20240807,-340.8119
20240808,-341.8448
20240808,-342.9289
20240808,-344.1501
20240808,-345.185
20240808,-346.2494
20240808,-347.421
20240808,-346.0046
20240808,-344.8561
20240808,-342.6718
20240808,-341.148
20240808,-342.1751
20240808,-343.2173
20240808,-344.2656
20240808,-345.3044
20240808,-346.3331
20240808,-347.3565
20240808,-348.4136
20240809,-350.3962
20240809,-351.464
20240809,-352.5534
20240809,-350.3173
20240809,-348.7444
20240809,-347.5773
20240809,-348.6042
20240809,-349.674
20240809,-345.939
20240809,-344.2803
20240809,-345.4141
20240809,-344.0602
20240809,-345.1136
20240809,-344.0189
20240809,-345.0496
20240809,-344.6681
20240809,-345.6966
20240809,-345.6264
20240812,-346.7118
20240812,-343.65
20240812,-344.7142
20240812,-345.7825
20240812,-346.8136
20240812,-346.5644
20240812,-345.4795
20240812,-345.8968
20240812,-347.1568
20240812,-348.2804
20240812,-343.9553
20240812,-345.0217
20240812,-342.5147
20240813,-343.5631
20240813,-344.6312
20240813,-343.1868
20240813,-343.1601
20240813,-344.449
20240813,-345.5243
20240813,-346.5701
20240813,-342.5301
20240813,-343.5871
20240813,-340.729
20240813,-341.7943
20240813,-341.3397
20240813,-342.4084
20240813,-343.4268
20240813,-344.5126
20240814,-345.5459
20240814,-346.5747
20240814,-345.1428
20240814,-343.9325
20240814,-345.0541
20240814,-346.1288
20240814,-347.1759
20240814,-345.1453
20240814,-340.725
20240814,-339.5782
20240814,-340.654
20240814,-341.7384
20240814,-342.8682
20240814,-343.9206
20240814,-344.9695
20240814,-342.4983
20240814,-339.9679
20240815,-340.9965
20240815,-342.1404
20240815,-343.3332
20240815,-343.8783
20240815,-344.903
20240815,-345.919
20240815,-347.0469
20240816,-348.0817
20240816,-349.1436
20240816,-350.1751
20240816,-351.2095
20240816,-352.2368
20240816,-353.2581
20240816,-354.3659
20240816,-353.0123
20240816,-354.0681
20240816,-355.1515
20240816,-356.3419
20240816,-354.7408
20240819,-355.8632
20240819,-356.931
20240819,-355.038
20240819,-356.0859
20240819,-357.1482
20240819,-358.2703
20240819,-359.2877
20240819,-357.6558
20240819,-358.7009
20240819,-359.758
20240819,-360.8989
20240819,-361.9861
20240819,-360.8893
20240819,-359.8767
20240819,-358.7042
20240819,-357.1983
20240819,-357.591
20240819,-358.8146
20240820,-360.0777
20240820,-361.2046
20240820,-358.4118
20240820,-359.6024
20240820,-360.7027
20240820,-359.6481
20240820,-360.7265
20240820,-361.7826
20240820,-362.8729
20240820,-363.9277
20240821,-365.2199
20240821,-363.4004
20240821,-364.538
20240821,-365.6408
20240821,-366.7016
20240821,-363.3394
20240821,-360.8387
20240821,-361.8854
20240821,-362.9639
20240821,-363.989
20240821,-362.9051
20240821,-361.1701
20240821,-356.7961
20240821,-353.1882
20240821,-351.6383
20240821,-352.7633
20240821,-349.8899
20240821,-348.1925
20240821,-349.2919
20240822,-347.5138
20240822,-345.7612
20240822,-346.8348
20240822,-347.8571
20240822,-348.903
20240822,-347.8892
20240822,-348.9417
20240822,-349.9776
20240822,-351.005
20240822,-352.0451
20240822,-350.226
20240822,-351.3102
20240822,-345.1361
20240822,-346.2434
20240823,-344.0793
20240823,-345.3824
20240823,-346.7272
20240823,-345.1678
20240823,-343.5865
20240823,-344.6288
20240823,-345.778
20240823,-346.8231
20240823,-347.9096
20240823,-346.7179
20240826,-347.8514
20240826,-348.9033
20240826,-347.8747
20240826,-349.1403
20240826,-350.2869
20240826,-347.5751
20240826,-348.6092
20240826,-349.8185
20240827,-347.4682
20240827,-346.4374
20240827,-347.6195
20240827,-348.6891
20240827,-349.7345
20240827,-350.797
20240827,-352.0562
20240827,-353.0733
20240827,-354.1586
20240827,-351.6138
20240827,-352.7845
20240827,-353.9093
20240828,-355.0023
20240828,-356.0622
20240828,-357.1301
20240828,-358.1489
20240828,-359.7402
20240828,-355.2849
20240828,-354.4871
20240828,-355.5667
20240829,-356.6108
20240829,-357.6441
20240829,-358.7132
20240829,-355.684
20240829,-356.7025
20240829,-357.7272
20240829,-358.7446
20240829,-355.8286
20240829,-354.2481
20240829,-352.233
20240829,-350.3395
20240829,-349.0072
20240829,-348.0463
20240829,-344.4833
20240829,-345.5152
20240829,-346.6225
20240829,-347.6564
20240829,-348.7069
20240829,-342.6516
20240829,-343.8766
20240830,-344.9275
20240830,-346.1329
20240830,-347.1786
20240830,-344.9136
20240830,-345.9389
20240830,-347.0053
20240830,-346.1089
20240830,-347.152
20240830,-348.2225
20240830,-349.2358
20240830,-350.4253
20240830,-351.4724
20240830,-348.5022
20240903,-347.353
20240903,-348.3903
20240903,-346.7798
20240903,-345.1939
20240903,-346.2406
20240903,-347.3799
20240903,-348.434
20240903,-349.4603
20240903,-350.6047
20240903,-351.766
20240904,-352.8087
20240904,-353.9078
20240904,-355.0332
20240904,-356.0825
20240904,-357.1899
20240904,-358.5095
20240904,-359.5278
20240904,-361.6945
20240904,-364.1292
20240904,-365.1577
20240904,-363.8095
20240904,-362.6574
20240904,-360.0382
20240904,-358.8538
20240904,-355.6882
20240904,-354.1314
20240904,-352.5323
20240904,-353.5901
20240905,-354.6964
20240905,-355.7502
20240905,-356.9435
20240905,-355.5476
20240905,-356.5809
20240905,-357.6078
20240905,-358.6752
20240905,-360.018
20240906,-361.0485
20240906,-356.6662
20240906,-353.0215
20240906,-354.0669
20240906,-355.0853
20240906,-356.1563
20240906,-357.3449
20240906,-358.5696
20240906,-359.6351
20240906,-360.6803
20240906,-361.8709
20240909,-359.7226
20240909,-358.2184
20240909,-359.2464
20240909,-358.2692
20240909,-359.3065
20240909,-360.3737
20240909,-358.0859
20240909,-359.1668
20240909,-360.2231
20240909,-359.2967
20240909,-360.3382
20240909,-358.7676
20240909,-359.8134
20240909,-357.2711
20240909,-353.9539
20240909,-355.0212
20240910,-356.0555
20240910,-357.0887
20240910,-358.1609
20240910,-359.2562
20240910,-360.3969
20240910,-361.4286
20240911,-362.5304
20240911,-363.6991
20240911,-364.7455
20240911,-363.7089
20240911,-364.7411
20240911,-365.8344
20240912,-364.342
20240912,-365.381
20240912,-362.6801
20240912,-363.7537
20240912,-364.8062
20240912,-362.8255
20240912,-360.9818
20240912,-362.1457
20240912,-363.1682
20240912,-361.7253
20240912,-360.5879
20240912,-359.3588
20240912,-360.4253
20240912,-360.6154
20240912,-361.6589
20240913,-362.6859
20240913,-363.7398
20240913,-364.7812
20240913,-365.8177
20240913,-364.1547
20240913,-365.1954
20240913,-366.2225
20240913,-367.4397
20240913,-361.0005
20240913,-362.0979
20240916,-361.9862
20240916,-363.0505
20240916,-364.1109
20240916,-365.1442
20240916,-366.2527
20240916,-360.7803
20240916,-361.8214
20240916,-362.9502
20240916,-362.7238
20240916,-361.7242
20240916,-362.9013
20240916,-363.9456
20240916,-361.7781
20240916,-362.8356
20240917,-363.8903
20240917,-362.7166
20240917,-363.8651
20240917,-364.9297
20240917,-363.1351
20240917,-364.1661
20240917,-365.2858
20240917,-366.4341
20240917,-367.5418
20240917,-368.596
20240917,-369.682
20240917,-367.9457
20240917,-366.2316
20240918,-364.8946
20240918,-361.8213
20240918,-359.2919
20240918,-360.3834
20240918,-361.4495
20240918,-359.5595
20240918,-360.8366
20240918,-361.8633
20240918,-362.9012
20240919,-363.9786
20240919,-360.6374
20240919,-361.662
20240919,-359.5277
20240919,-358.4486
20240919,-359.495
20240919,-358.5329
20240919,-359.5712
20240919,-360.6147
20240919,-360.5631
20240919,-361.6247
20240919,-362.6466
20240920,-363.7222
20240920,-364.793
20240920,-362.3405
20240920,-363.5847
20240920,-362.0317
20240920,-363.1437
20240920,-361.6025
20240920,-362.7547
20240920,-363.8151
20240920,-364.863
20240920,-366.0313
20240923,-364.6422
20240923,-365.814
20240923,-366.9487
20240923,-368.194
20240923,-369.2717
20240923,-367.6655
20240924,-368.8072
20240924,-366.7687
20240924,-367.8301
20240924,-368.9248
20240924,-369.963
20240924,-371.0711
20240924,-369.6421
20240924,-370.6863
20240924,-371.73
20240924,-372.793
20240924,-373.8243
20240924,-372.3119
20240924,-373.3495
20240924,-371.722
20240924,-371.5006
20240925,-372.5538
20240925,-373.7784
20240925,-374.8359
20240925,-375.8938
20240925,-373.9622
20240925,-375.0615
20240925,-376.1484
20240925,-377.2105
20240925,-378.3188
20240925,-374.3308
20240926,-375.3917
20240926,-376.5013
20240926,-377.5597
20240926,-378.5991
20240926,-379.7038
20240926,-380.7696
20240926,-381.815
20240926,-379.8764
20240926,-378.4794
20240926,-379.6144
20240926,-380.8074
20240926,-381.8791
20240926,-382.9567
20240926,-382.9903
20240927,-382.0059
20240927,-383.1757
20240927,-381.0647
20240927,-377.7123
20240927,-376.5503
20240927,-377.5965
20240927,-378.6568
20240927,-377.463
20240927,-378.6206
20240927,-379.6739
20240927,-380.695
20240927,-378.8427
20240927,-377.2321
20240927,-376.0741
20240927,-377.1348
20240927,-378.2023
20240930,-379.2683
20240930,-380.4024
20240930,-376.108
20240930,-377.1983
20240930,-378.2516
20240930,-379.3284
20240930,-380.5486
20240930,-381.6411
20240930,-380.307
20240930,-381.3565
20240930,-382.3713
20240930,-379.4878
20241001,-380.5491
20241001,-381.7024
20241001,-382.7518
20241001,-383.8489
20241001,-384.8862
20241001,-383.0352
20241001,-384.2197
20241002,-378.6803
20241002,-376.154
20241002,-377.224
20241002,-378.3004
20241002,-375.5182
20241002,-376.5961
20241002,-376.7378
20241002,-375.2108
20241002,-376.3095
20241002,-374.9558
20241002,-371.1966
20241002,-369.4192
20241002,-368.889
20241003,-370.0603
20241003,-371.2176
20241003,-369.2995
20241003,-366.9063
20241003,-365.4933
20241003,-366.5739
20241003,-365.4603
20241003,-364.2272
20241003,-365.2649
20241003,-364.366
20241003,-364.751
20241003,-365.9038
20241003,-366.9755
20241003,-367.9954
20241004,-369.2397
20241004,-366.2643
20241004,-367.3936
20241004,-368.5607
20241004,-367.1806
20241004,-368.1973
20241004,-366.5836
20241004,-367.6715
20241004,-368.834
20241004,-370.059
20241004,-369.0327
20241007,-370.0843
20241007,-371.1868
20241007,-372.2517
20241007,-371.7936
20241007,-372.8193
20241007,-373.8401
20241007,-374.9027
20241007,-376.0902
20241007,-377.1386
20241007,-378.1892
20241008,-379.2866
20241008,-380.3785
20241008,-381.4155
20241008,-379.9262
20241008,-380.9775
20241008,-382.0474
20241008,-374.5787
20241008,-373.1042
20241009,-374.1936
20241009,-375.3118
20241009,-376.3603
20241009,-377.5496
20241009,-378.7762
20241009,-379.8394
20241009,-374.894
20241010,-373.3265
20241010,-374.3615
20241010,-372.4702
20241010,-370.7248
20241010,-369.6518
20241010,-370.754
20241010,-371.8023
20241010,-372.8607
20241010,-373.9326
20241010,-374.9765
20241010,-374.1011
20241010,-375.1579
20241010,-376.1875
20241010,-377.4096
20241011,-377.7215
20241011,-378.7812
20241011,-379.7981
20241011,-380.8665
20241011,-381.9169
20241011,-381.5023
20241011,-382.5174
20241011,-384.3662
20241011,-384.5799
20241014,-383.656
20241014,-384.7101
20241014,-385.7837
20241014,-386.9566
20241014,-388.0268
20241014,-389.123
20241014,-390.1902
20241014,-391.2409
20241014,-392.2841
20241014,-393.2945
20241015,-394.3446
20241015,-391.7963
20241015,-391.7436
20241015,-392.7812
20241015,-393.8358
20241015,-394.8626
20241015,-396.0313
20241015,-397.0883
20241015,-398.2311
20241015,-399.3903
20241016,-400.6369
20241016,-401.7214
20241016,-402.7726
20241016,-402.2863
20241016,-403.3732
20241016,-404.4361
20241016,-401.3877
20241016,-399.4047
20241016,-396.7512
20241016,-397.7784
20241017,-398.8205
20241017,-399.8537
20241017,-401.0716
20241017,-402.1256
20241017,-403.1687
20241017,-404.1848
20241017,-405.2571
20241017,-406.3316
20241017,-407.4502
20241017,-404.2306
20241017,-405.262
20241017,-406.5121
20241018,-407.5365
20241018,-408.5926
20241018,-409.633
20241018,-410.7281
20241018,-411.8155
20241018,-412.983
20241018,-414.0698
20241018,-412.8479
20241018,-413.9224
20241021,-414.9739
20241021,-416.1795
20241021,-417.2477
20241021,-418.4354
20241021,-419.5359
20241021,-420.7186
20241021,-418.6183
20241021,-419.7226
20241021,-421.2731
20241021,-422.3107
20241021,-423.4419
20241021,-424.4913
20241021,-425.5316
20241022,-426.581
20241022,-427.6173
20241022,-426.2941
20241022,-427.327
20241022,-426.1396
20241022,-427.2677
20241022,-428.3267
20241022,-429.3777
20241022,-430.4924
20241022,-429.2893
20241022,-430.5613
20241023,-431.6948
20241023,-432.8544
20241023,-430.6822
20241023,-431.761
20241023,-432.9698
20241023,-434.0086
20241023,-435.0286
20241023,-433.604
20241023,-434.6298
20241023,-435.6463
20241023,-433.1722
20241023,-434.2715
20241023,-428.9779
20241024,-430.1416
20241024,-431.2611
20241024,-432.3438
20241024,-430.1652
20241024,-431.2869
20241024,-432.3326
20241024,-431.1408
20241024,-432.31
20241024,-433.3477
20241024,-429.563
20241024,-430.6403
20241024,-431.7777
20241024,-428.4567
20241024,-429.6534
20241024,-430.6773
20241025,-431.7314
20241025,-432.7928
20241025,-433.8289
20241025,-431.73
20241025,-427.6418
20241025,-423.3014
20241028,-423.4762
20241028,-421.4985
20241028,-422.5568
20241028,-420.2549
20241028,-421.3067
20241028,-422.5746
20241028,-423.8473
20241029,-424.9094
20241029,-425.9729
20241029,-427.0414
20241029,-428.1139
20241029,-429.1428
20241029,-430.4243
20241029,-431.5023
20241029,-432.5691
20241029,-433.7777
20241029,-434.8188
20241029,-433.6982
20241029,-434.8433
20241030,-432.9753
20241030,-431.6885
20241030,-432.705
20241030,-433.8588
20241030,-434.972
20241030,-436.0892
20241030,-434.7462
20241031,-435.8437
20241031,-436.9666
20241031,-437.9943
20241031,-439.0802
20241031,-440.3489
20241031,-441.4071
20241031,-442.4742
20241101,-443.5312
20241101,-438.5794
20241101,-439.6049
20241101,-440.6915
20241101,-441.7212
20241101,-442.8669
20241101,-443.9505
20241101,-441.7173
20241101,-441.5755
20241101,-442.6374
20241104,-439.2849
20241104,-440.3483
20241104,-441.491
20241104,-442.5943
20241104,-443.6505
20241104,-444.7866
20241104,-445.9242
20241105,-447.0017
20241105,-448.0683
20241105,-449.1222
20241105,-450.2694
20241105,-451.4678
20241105,-450.2749
20241106,-449.0253
20241106,-450.0635
20241106,-451.0841
20241106,-452.1208
20241106,-450.8533
20241106,-451.8952
20241106,-452.9548
20241106,-454.04
20241106,-455.1589
20241106,-456.2422
20241106,-457.3123
20241106,-458.3359
20241107,-459.4019
20241107,-458.1471
20241107,-455.3044
20241107,-456.4403
20241107,-457.4698
20241107,-454.6795
20241107,-455.7381
20241107,-456.7893
20241107,-454.7917
20241107,-455.8194
20241107,-455.9629
20241108,-457.0561
20241108,-458.1019
20241108,-459.1772
20241108,-460.2742
20241108,-461.6479
20241108,-462.8017
20241108,-463.8231
20241108,-464.8474
20241108,-465.9359
20241108,-467.0213
20241108,-468.0799
20241111,-469.2227
20241111,-470.2639
20241111,-471.3968
20241111,-472.4455
20241111,-473.4848
20241111,-474.6156
20241111,-475.733
20241111,-473.7516
20241111,-474.8047
20241112,-471.5416
20241112,-472.576
20241112,-473.6125
20241112,-474.7486
20241112,-475.8831
20241112,-476.9761
20241112,-478.0386
20241112,-478.8874
20241113,-479.9523
20241113,-478.2606
20241113,-479.3457
20241113,-480.4284
20241113,-481.5223
20241113,-482.5801
20241113,-481.7697
20241113,-482.8312
20241113,-480.8715
20241113,-482.015
20241113,-483.0408
20241113,-484.3085
20241113,-485.5079
20241113,-486.6478
20241114,-485.6983
20241114,-486.7373
20241114,-487.7664
20241114,-488.9757
20241114,-487.3254
20241114,-488.4007
20241114,-489.4686
20241114,-490.4814
20241114,-488.5211
20241114,-489.604
20241114,-490.6263
20241114,-491.6648
20241114,-492.7349
20241114,-493.8684
20241114,-494.9842
20241115,-496.0235
20241115,-497.0573
20241115,-498.1039
20241115,-499.178
20241115,-500.1881
20241115,-501.1974
20241115,-502.4007
20241115,-503.4663
20241115,-498.2134
20241115,-499.312
20241118,-498.045
20241118,-499.1189
20241118,-500.2296
20241118,-498.0493
20241118,-499.0961
20241118,-500.2291
20241118,-498.9249
20241118,-499.9439
20241118,-498.6294
20241118,-499.7598
20241118,-498.5855
20241118,-499.7435
20241119,-500.7717
20241119,-501.8191
20241119,-502.9331
20241119,-504.0221
20241119,-505.0639
20241119,-503.8602
20241119,-504.9339
20241119,-505.9824
20241119,-504.648
20241119,-500.1101
20241119,-499.1271
20241119,-497.3191
20241120,-498.4099
20241120,-499.4784
20241120,-500.5654
20241120,-501.6488
20241120,-499.2518
20241120,-500.2782
20241120,-501.3404
20241120,-500.0078
20241120,-499.1913
20241120,-500.2781
20241121,-501.5088
20241121,-502.5595
20241121,-503.6751
20241121,-504.7126
20241121,-505.7513
20241121,-506.7791
20241121,-508.029
20241121,-509.0688
20241121,-510.1213
20241121,-511.2039
20241121,-512.2245
20241121,-513.2686
20241121,-514.4804
20241122,-515.5329
20241122,-516.5894
20241122,-517.7566
20241122,-514.8061
20241122,-515.8288
20241122,-516.8664
20241122,-517.9119
20241122,-519.0312
20241122,-517.0509
20241122,-516.1598
20241122,-511.7041
20241122,-512.7595
20241122,-513.8207
20241122,-511.3624
20241125,-512.5374
20241125,-508.6092
20241125,-509.6674
20241125,-506.6823
20241125,-504.222
20241125,-505.3116
20241125,-502.1698
20241125,-503.2062
20241125,-504.3156
20241125,-505.3535
20241126,-506.4622
20241126,-504.2577
20241126,-505.3921
20241126,-502.4627
20241126,-503.5178
20241126,-504.5406
20241126,-505.5738
20241126,-506.8017
20241126,-502.0828
20241126,-503.1399
20241126,-501.622
20241126,-502.676
20241126,-501.0729
20241127,-502.11
20241127,-499.6102
20241127,-496.6518
20241127,-497.7383
20241127,-490.6973
20241127,-491.7776
20241127,-492.9442
20241127,-494.0205
20241127,-492.6167
20241127,-493.7597
20241129,-495.095
20241129,-492.9032
20241129,-494.0377
20241129,-491.4738
20241129,-492.6607
20241129,-493.8113
20241129,-491.1873
20241202,-488.4434
20241202,-489.4727
20241202,-490.4949
20241202,-490.1155
20241202,-491.2143
20241202,-492.2943
20241202,-493.3402
20241202,-494.3593
20241202,-495.3943
20241202,-496.4132
20241203,-497.5485
20241203,-498.78
20241203,-499.9525
20241203,-496.4918
20241203,-497.5157
20241203,-498.571
20241203,-499.6889
20241203,-500.7216
20241203,-501.7539
20241203,-502.8135
20241203,-503.8456
20241203,-504.9231
20241203,-506.0298
20241203,-507.0749
20241204,-508.1741
20241204,-505.4701
20241204,-506.5522
20241204,-507.597
20241204,-505.5823
20241204,-506.6221
20241205,-507.6919
20241205,-508.7281
20241205,-509.8477
20241205,-510.9635
20241205,-504.9317
20241205,-506.0103
20241205,-507.0573
20241206,-508.1999
20241206,-509.3539
20241206,-507.8543
20241206,-508.9093
20241206,-509.9739
20241206,-505.4975
20241206,-506.5575
20241206,-507.6573
20241209,-508.8565
20241209,-509.894
20241209,-511.0902
20241209,-512.1232
20241209,-513.3555
20241210,-514.5014
20241210,-515.541
20241210,-516.6013
20241210,-517.683
20241210,-514.4237
20241210,-515.4948
20241210,-513.9568
20241210,-515.1132
20241210,-516.4402
20241211,-517.474
20241211,-518.5428
20241211,-519.5534
20241211,-520.6186
20241211,-521.6634
20241211,-522.6842
20241211,-523.9393
20241211,-524.9566
20241212,-526.0623
20241212,-523.952
20241212,-525.1821
20241212,-526.1964
20241212,-527.2702
20241212,-528.309
20241212,-529.3485
20241212,-530.3838
20241213,-527.4291
20241213,-525.3233
20241213,-523.4821
20241213,-524.5299
20241213,-522.2125
20241213,-523.2634
20241213,-524.3751
20241213,-525.435
20241213,-522.0882
20241213,-523.1373
20241213,-524.184
20241213,-525.2164
20241213,-526.3207
20241213,-527.4027
20241216,-523.8651
20241216,-525.0457
20241216,-526.1051
20241216,-527.048
20241216,-528.1334
20241216,-529.5851
20241216,-530.6651
20241217,-529.5109
20241217,-528.1288
20241217,-525.4932
20241217,-523.9152
20241217,-521.8617
20241217,-522.8911
20241217,-524.0425
20241217,-525.1658
20241217,-526.2007
20241218,-527.2254
20241218,-528.2813
20241218,-529.3452
20241218,-530.4227
20241218,-531.4427
20241218,-532.5706
20241218,-533.6454
20241218,-534.681
20241218,-531.3869
20241219,-532.4621
20241219,-533.4942
20241219,-534.5805
20241219,-535.6063
20241219,-536.6348
20241219,-537.6935
20241219,-538.7267
20241219,-539.7753
20241220,-540.7957
20241220,-539.2509
20241220,-537.9035
20241220,-538.9466
20241220,-540.0159
20241220,-541.1861
20241220,-542.2424
20241220,-543.3521
20241220,-544.4086
20241220,-545.4805
20241220,-546.5533
20241220,-547.5846
20241223,-548.6844
20241223,-549.8963
20241223,-551.0775
20241223,-552.1405
20241223,-553.1997
20241223,-554.2463
20241223,-552.0039
20241223,-553.0549
20241223,-551.2286
20241224,-550.1793
20241224,-548.0528
20241224,-544.4777
20241224,-545.5156
20241224,-545.0804
20241224,-546.1836
20241224,-547.3143
20241224,-548.4061
20241224,-549.5488
20241226,-547.3611
20241226,-548.4648
20241226,-549.5822
20241226,-550.6715
20241226,-547.9207
20241226,-545.8168
20241226,-544.3777
20241226,-545.5158
20241226,-546.5462
20241226,-547.6116
20241226,-546.274
20241226,-547.4524
20241227,-548.5839
20241227,-549.6544
20241227,-550.6877
20241227,-551.7199
20241227,-552.745
20241227,-553.8356
20241227,-552.826
20241227,-551.7024
20241227,-550.6507
20241227,-548.8808
20241227,-550.0296
20241227,-548.1409
20241227,-547.3138
20241227,-548.365
20241227,-549.6964
20241227,-550.7435
20241227,-551.7706
20241227,-552.7859
20241230,-553.9128
20241230,-549.0187
20241230,-546.7945
20241230,-547.9014
20241230,-548.9617
20241230,-550.2377
20241231,-548.1992
20241231,-546.7367
20241231,-545.3438
20241231,-546.3963
20241231,-547.4288
20241231,-548.578
20241231,-549.6343
20241231,-550.6907
20250102,-541.0565
20250102,-539.3591
20250102,-537.5754
20250102,-535.4596
20250102,-535.5627
20250102,-534.2532
20250102,-535.367
20250102,-536.3864
20250102,-537.4498
20250102,-538.557
20250103,-539.6143
20250103,-535.6622
20250103,-536.8889
20250103,-535.4842
20250103,-536.5182
20250103,-537.5777
20250103,-538.6233
20250103,-539.6825
20250103,-541.048
20250103,-538.3601
20250103,-537.3634
20250103,-538.3777
20250103,-539.4362
20250103,-536.1976
20250103,-537.2686
20250103,-538.3809
20250103,-539.4584
20250106,-537.7308
20250106,-533.2552
20250106,-534.2795
20250106,-530.6747
20250106,-531.703
20250106,-532.7438
20250106,-531.2024
20250106,-532.2224
20250106,-533.3794
20250106,-534.446
20250106,-535.5361
20250107,-531.751
20250107,-532.8223
20250107,-530.1043
20250107,-528.0488
20250107,-524.6815
20250107,-523.5505
20250107,-524.6178
20250107,-525.7405
20250107,-526.7735
20250107,-527.8191
20250107,-528.8307
20250108,-529.9134
20250108,-531.0127
20250108,-532.111
20250108,-533.1778
20250108,-534.245
20250108,-535.2588
20250108,-536.7376
20250108,-537.7599
20250108,-538.9722
20250108,-540.0104
20250108,-541.0262
20250108,-542.0971
20250108,-541.547
20250108,-542.8146
20250110,-543.9115
20250110,-544.931
20250110,-546.0299
20250110,-545.8662
20250110,-544.7423
20250110,-540.775
20250110,-541.8574
20250110,-542.8656
20250113,-543.9427
20250113,-544.9924
20250113,-546.0513
20250113,-547.1617
20250113,-548.2265
20250113,-549.3034
20250113,-549.4967
20250113,-550.6733
20250113,-551.2292
20250113,-552.2501
20250113,-553.3171
20250113,-554.4737
20250114,-555.5354
20250114,-556.5875
20250114,-554.5977
20250114,-555.6221
20250114,-556.6881
20250114,-555.2188
20250114,-556.2615
20250114,-554.7692
20250114,-555.8061
20250114,-556.8377
20250114,-557.8768
20250114,-558.9634
20250114,-560.0173
20250114,-561.0506
20250114,-562.1367
20250114,-560.1698
20250114,-561.2459
20250114,-559.3919
20250115,-560.4403
20250115,-561.498
20250115,-562.5754
20250115,-562.0549
20250115,-563.3157
20250115,-564.3785
20250115,-565.4153
20250116,-566.4432
20250116,-567.4645
20250116,-568.4863
20250116,-569.5024
20250116,-569.356
20250116,-570.4191
20250116,-571.4685
20250116,-572.5122
20250116,-570.2385
20250116,-571.2821
20250116,-572.3225
20250117,-573.3983
20250117,-574.4344
20250117,-575.4641
20250117,-574.1931
20250117,-575.3327
20250117,-573.3571
20250117,-573.2632
20250117,-574.2982
20250117,-575.4026
20250117,-576.5101
20250121,-577.5482
20250121,-575.9291
20250121,-574.1372
20250121,-572.8261
20250121,-571.404
20250121,-572.4422
20250121,-573.4869
20250121,-570.6105
20250121,-571.6451
20250121,-570.0566
20250121,-571.1302
20250121,-569.4963
20250121,-570.5792
20250121,-571.2349
20250121,-572.3015
20250122,-573.3529
20250122,-574.3832
20250122,-575.4324
20250122,-573.7348
20250122,-574.9479
20250122,-575.9931
20250122,-577.2031
20250122,-576.214
20250122,-577.2362
20250122,-578.2868
20250122,-578.27
20250122,-579.3165
20250122,-577.4779
20250123,-575.0609
20250123,-576.1211
20250123,-577.2191
20250123,-578.347
20250123,-579.3909
20250123,-580.4496
20250123,-581.5279
20250123,-582.7365
20250123,-583.8843
20250123,-582.2728
20250124,-583.4007
20250124,-584.463
20250124,-585.517
20250124,-582.4156
20250124,-583.4541
20250124,-584.493
20250124,-585.526
20250124,-586.6933
20250124,-587.7651
20250124,-588.7895
20250124,-589.8558
20250127,-588.0579
20250127,-589.0954
20250127,-590.13
20250127,-591.1776
20250127,-592.2875
20250127,-592.4498
20250127,-593.581
20250127,-594.8354
20250127,-591.5824
20250128,-592.7489
20250128,-593.7817
20250128,-588.0144
20250128,-586.1731
20250128,-583.2485
20250128,-584.3455
20250128,-583.1686
20250128,-582.0372
20250128,-578.9406
20250128,-579.9855
20250128,-578.8617
20250129,-579.9076
20250129,-580.9714
20250129,-582.1828
20250129,-580.4348
20250129,-579.3762
20250129,-578.1791
20250129,-579.2322
20250130,-580.2955
20250130,-581.3934
20250130,-582.4126
20250130,-580.4974
20250130,-581.6048
20250130,-577.9846
20250130,-576.6964
20250130,-577.7653
20250130,-578.8242
20250130,-577.4394
20250130,-578.4844
20250130,-579.5793
20250130,-580.618
20250130,-578.6706
20250130,-579.6871
20250130,-580.9805
20250130,-578.8318
20250131,-579.852
20250131,-580.8853
20250131,-582.0226
20250131,-583.1099
20250131,-584.1305
20250131,-585.2002
20250131,-586.5687
20250131,-587.683
20250131,-588.7589
20250131,-589.7976
20250131,-590.8214
20250131,-592.0175
20250131,-593.0446
20250131,-594.0896
20250203,-595.1617
20250203,-593.7676
20250203,-594.8383
20250203,-595.9045
20250203,-596.9647
20250203,-597.9844
20250203,-599.0278
20250203,-600.2383
20250203,-601.4827
20250203,-596.8599
20250203,-594.841
20250203,-595.8914
20250204,-594.272
20250204,-591.9341
20250204,-592.9802
20250204,-589.7051
20250204,-588.3707
20250205,-586.1065
20250205,-587.1675
20250205,-588.2006
20250205,-589.2259
20250205,-585.7489
20250205,-583.9609
20250205,-584.9865
20250205,-580.2086
20250205,-581.2645
20250205,-582.3023
20250206,-580.2142
20250206,-581.2727
20250206,-576.5197
20250206,-577.5462
20250206,-578.6783
20250206,-579.7305
20250206,-580.9022
20250206,-581.9545
20250206,-582.9989
20250206,-578.8431
20250206,-579.8752
20250206,-580.5072
20250206,-576.6758
20250206,-577.9604
20250206,-573.037
20250207,-574.1225
20250207,-575.1807
20250207,-572.6818
20250207,-569.8496
20250207,-570.8777
20250207,-568.8441
20250207,-565.4249
20250207,-563.9234
20250207,-564.9773
20250207,-565.9973
20250207,-567.0974
20250210,-568.2116
20250210,-569.261
20250210,-567.739
20250210,-568.8118
20250210,-569.8447
20250210,-571.0553
20250210,-569.9587
20250211,-571.065
20250211,-572.1275
20250211,-573.1907
20250211,-570.5375
20250211,-571.6215
20250211,-572.6752
20250211,-573.6966
20250211,-574.7464
20250211,-575.8364
20250211,-576.9424
20250211,-577.9703
20250212,-577.537
20250212,-578.6135
20250212,-579.664
20250212,-580.6858
20250212,-581.7457
20250212,-582.8294
20250212,-583.8693
20250213,-584.883
20250213,-585.9918
20250213,-587.122
20250213,-588.2915
20250213,-589.5598
20250214,-581.2062
20250214,-571.7645
20250214,-571.6081
20250214,-572.8315
20250214,-568.7102
20250214,-566.8543
20250218,-566.18
20250218,-565.0412
20250218,-559.5762
20250218,-560.7108
20250218,-561.9186
20250219,-563.0359
20250219,-564.1265
20250219,-565.1851
20250219,-566.4605
20250219,-567.6039
20250219,-565.0675
20250219,-566.1494
20250219,-567.209
20250219,-567.2845
20250219,-566.9629
20250219,-564.8337
20250220,-566.0475
20250220,-567.0837
20250220,-565.8549
20250220,-564.2582
20250220,-565.3902
20250220,-566.3437
20250220,-567.3812
20250221,-568.4813
20250221,-569.7615
20250221,-570.8224
20250221,-571.8555
20250221,-569.848
20250221,-570.8921
20250221,-563.2013
20250224,-564.2655
20250224,-565.4278
20250224,-566.5316
20250224,-567.5681
20250224,-568.6098
20250224,-568.4359
20250224,-569.5202
20250225,-570.6057
20250225,-571.6742
20250225,-572.7434
20250225,-573.7653
20250225,-574.8118
20250225,-575.8596
20250226,-576.8945
20250226,-577.9897
20250226,-579.0557
20250226,-580.1319
20250226,-581.2173
20250226,-579.8956
20250226,-580.9143
20250226,-582.0343
20250227,-583.149
20250227,-581.3151
20250227,-582.4002
20250227,-583.4591
20250227,-581.8059
20250227,-576.8982
20250227,-575.5912
20250227,-574.148
20250228,-572.4556
20250228,-573.7077
20250228,-574.7472
20250228,-575.7802
20250228,-576.8931
20250228,-577.9686
20250303,-579.0241
20250303,-580.1791
20250303,-581.2669
20250303,-582.3155
20250303,-583.4178
20250303,-584.51
20250303,-578.1664
20250303,-579.2026
20250304,-580.2598
20250304,-579.1696
20250305,-580.2594
20250305,-574.3087
20250305,-575.4001
20250305,-576.4352
20250305,-577.5373
20250305,-578.6065
20250305,-576.8646
20250305,-575.0165
20250305,-576.0753
20250305,-574.7982
20250305,-575.8204
20250305,-576.8808
20250306,-571.8965
20250306,-572.9456
20250306,-573.9813
20250306,-575.0147
20250306,-576.0651
20250306,-577.2791
20250306,-573.6638
20250306,-574.8041
20250307,-572.2106
20250307,-569.0706
20250307,-567.3871
20250307,-565.7409
20250307,-564.1058
20250307,-565.1403
20250307,-560.1551
20250307,-561.1777
20250307,-562.1959
20250307,-563.2095
20250307,-564.2349
20250307,-565.264
20250307,-566.2797
20250310,-567.2999
20250310,-568.336
20250310,-569.3869
20250310,-570.5437
20250311,-571.608
20250311,-572.6426
20250311,-573.6666
20250311,-574.6983
20250311,-572.8634
20250311,-571.7788
20250311,-568.2234
20250311,-569.2356
20250311,-570.2615
20250311,-571.2954
20250311,-572.3356
20250311,-573.3595
20250311,-574.4028
20250312,-575.4684
20250312,-576.5141
20250312,-577.5803
20250312,-578.6349
20250312,-579.6734
20250312,-580.7139
20250312,-581.7297
20250312,-582.8339
20250312,-584.1065
20250313,-585.1684
20250313,-586.2208
20250313,-587.2862
20250313,-588.4037
20250313,-587.2845
20250313,-585.3599
20250313,-584.223
20250313,-585.4478
20250313,-586.4754
20250313,-587.4818
20250313,-588.5602
20250313,-589.6693
20250313,-587.8409
20250314,-588.8687
20250314,-589.9463
20250314,-590.9814
20250314,-592.0245
20250314,-593.0893
20250314,-594.3849
20250314,-595.4235
20250314,-596.4464
20250314,-595.4598
20250314,-592.3532
20250314,-590.8452
20250317,-589.7804
20250317,-590.8602
20250317,-591.9831
20250317,-593.1695
20250317,-594.3148
20250317,-595.5348
20250317,-596.5976
20250317,-592.9099
20250318,-593.9691
20250318,-595.0038
20250318,-596.0635
20250318,-597.1112
20250318,-598.2504
20250318,-599.2752
20250319,-600.294
20250319,-601.3179
20250319,-602.3779
20250319,-603.4783
20250319,-604.5615
20250319,-605.6089
20250319,-606.7582
20250319,-605.2943
20250319,-606.437
20250320,-607.6446
20250320,-608.6786
20250320,-609.7496
20250320,-610.8078
20250320,-611.8669
20250320,-612.8877
20250320,-613.9733
20250320,-614.999
20250320,-616.0696
20250320,-617.1671
20250320,-613.7164
20250321,-614.7583
20250321,-615.8859
20250321,-613.9026
20250321,-614.9723
20250321,-613.4149
20250321,-614.5149
20250321,-615.6179
20250324,-616.6732
20250324,-617.7056
20250324,-618.8308
20250324,-619.2065
20250324,-620.2493
20250324,-617.1732
20250324,-618.2597
20250324,-610.2656
20250325,-611.2834
20250325,-609.198
20250325,-607.7975
20250325,-608.8491
20250325,-609.904
20250325,-602.3223
20250325,-603.3843
20250325,-603.2192
20250325,-600.8101
20250325,-601.848
20250326,-600.4304
20250326,-601.5485
20250326,-602.6194
20250326,-603.6836
20250326,-601.4653
20250327,-602.5465
20250327,-603.5999
20250327,-604.8002
20250327,-605.8795
20250327,-606.9192
20250327,-607.9299
20250327,-609.0005
20250327,-610.0327
20250327,-611.0712
20250328,-612.136
20250328,-613.1903
20250328,-610.4551
20250328,-611.5439
20250328,-612.6378
20250328,-613.6597
20250328,-614.7358
20250331,-611.449
20250331,-608.0058
20250331,-609.104
20250331,-606.6062
20250331,-602.265
20250331,-599.0515
20250331,-595.1402
20250331,-591.7558
20250331,-588.239
20250331,-589.3058
20250331,-590.3518
20250331,-591.452
20250331,-592.4809
20250331,-593.6543
20250401,-594.7118
20250401,-592.4483
20250401,-588.8784
20250401,-586.9233
20250401,-585.1206
20250401,-584.0498
20250401,-582.7733
20250401,-580.2611
20250401,-581.2974
20250401,-582.3118
20250401,-580.2636
20250401,-579.0931
20250402,-580.1647
20250402,-581.2251
20250402,-582.2716
20250402,-583.3785
20250402,-584.412
20250402,-585.433
20250402,-586.4601
20250402,-587.488
20250402,-588.5335
20250402,-589.7179
20250403,-590.7642
20250403,-591.8324
20250403,-592.8755
20250403,-593.9011
20250403,-589.0923
20250404,-590.1188
20250404,-591.1398
20250404,-592.152
20250404,-593.1785
20250404,-594.231
20250404,-591.0472
20250404,-587.065
20250404,-588.1366
20250404,-589.1507
20250407,-586.0958
20250407,-587.1306
20250408,-584.5496
20250408,-585.6146
20250408,-586.6306
20250408,-587.6929
20250408,-588.7439
20250408,-589.7788
20250408,-590.8051
20250408,-587.364
20250408,-588.4036
20250408,-587.0574
20250408,-588.0826
20250408,-586.6162
20250408,-585.381
20250409,-586.4158
20250409,-587.4395
20250409,-588.4573
20250409,-589.4926
20250409,-590.5278
20250409,-591.5527
20250409,-589.5775
20250409,-583.0905
20250409,-577.6875
20250409,-572.5375
20250410,-573.6141
20250410,-569.5407
20250410,-568.3297
20250410,-566.9525
20250410,-568.0275
20250410,-564.9227
20250410,-565.9444
20250410,-564.838
20250410,-565.8589
20250410,-566.9028
20250410,-567.9107
20250410,-564.4822
20250411,-563.1538
20250411,-564.1797
20250411,-562.4121
20250411,-560.5158
20250411,-561.5416
20250411,-559.6907
20250411,-558.6801
20250411,-557.0712
20250411,-558.0955
20250411,-556.2346
20250411,-550.9681
20250411,-552.0087
20250411,-553.0908
20250411,-551.073
20250411,-552.1154
20250411,-550.6202
20250411,-549.5602
20250414,-550.6341
20250415,-547.8866
20250415,-549.0114
20250415,-550.0752
20250415,-551.1413
20250415,-552.1651
20250415,-549.2834
20250415,-547.5828
20250415,-548.6254
20250415,-545.7535
20250415,-546.7705
20250415,-545.484
20250415,-543.5051
20250416,-544.5701
20250416,-542.9594
20250416,-544.023
20250416,-542.786
20250416,-543.8107
20250416,-544.8312
20250416,-545.9962
20250416,-547.084
20250416,-548.1292
20250417,-549.2227
20250417,-550.2576
20250417,-551.2858
20250417,-552.3528
20250417,-549.816
20250417,-550.8636
20250417,-551.9324
20250417,-552.9643
20250417,-554.2048
20250417,-555.2889
20250417,-556.322
20250417,-555.7107
20250421,-556.7422
20250421,-557.767
20250421,-555.5789
20250421,-556.595
20250421,-557.6721
20250421,-558.7182
20250421,-559.7618
20250421,-560.7999
20250421,-561.8263
20250422,-562.951
20250422,-564.1439
20250422,-560.8413
20250422,-561.9011
20250422,-562.9646
20250422,-563.9995
20250422,-565.1032
20250422,-566.2369
20250422,-567.3295
20250422,-568.3835
20250422,-569.4312
20250422,-570.4981
20250422,-566.6943
20250423,-567.7213
20250423,-568.7541
20250423,-569.778
20250423,-570.7987
20250423,-571.828
20250423,-570.6129
20250424,-571.6918
20250424,-572.9388
20250424,-573.9783
20250424,-575.0229
20250424,-576.057
20250424,-577.0978
20250424,-578.1206
20250424,-579.17
20250424,-580.2367
20250424,-581.3519
20250425,-577.8837
20250425,-574.515
20250425,-572.4456
20250425,-573.4687
20250425,-572.0516
20250425,-573.1037
20250425,-574.2095
20250425,-575.3451
20250425,-573.5524
20250425,-574.5695
20250425,-575.6386
20250425,-575.6063
20250425,-576.6355
20250425,-577.6727
20250425,-578.7098
20250425,-579.7606
20250425,-580.8357
20250425,-577.6941
20250428,-574.3432
20250428,-572.0835
20250428,-568.5524
20250428,-560.5131
20250428,-558.5199
20250428,-556.2525
20250428,-554.6453
20250428,-553.5184
20250428,-552.3395
20250428,-553.4053
20250428,-554.4586
20250428,-555.4851
20250428,-556.5231
20250428,-557.5591
20250428,-558.5863
20250428,-559.6289
20250428,-560.6474
20250428,-561.7531
20250429,-562.8111
20250429,-564.0151
20250429,-565.0596
20250429,-566.1684
20250429,-567.2375
20250429,-568.2941
20250429,-564.7725
20250429,-565.831
20250429,-567.1486
20250429,-568.1758
20250429,-569.3939
20250429,-567.2516
20250429,-568.3517
20250430,-569.3903
20250430,-565.0449
20250430,-562.2972
20250430,-560.2456
20250430,-557.7818
20250430,-555.7913
20250430,-554.1453
20250430,-551.7258
20250430,-549.2005
20250430,-545.6917
20250430,-539.8412
20250430,-540.9123
20250430,-541.9817
20250430,-540.6117
20250430,-541.6482
20250430,-542.691
20250430,-543.7824
20250501,-544.8301
20250501,-542.7054
20250501,-543.7733
20250501,-544.8362
20250501,-545.921
20250501,-547.0439
20250501,-548.2549
20250501,-549.2929
20250501,-550.4452
20250501,-551.4705
20250501,-552.5973
20250502,-553.6331
20250502,-554.6794
20250502,-555.7829
20250502,-556.7966
20250502,-557.9046
20250502,-558.977
20250502,-560.0289
20250505,-561.0916
20250505,-557.3758
20250505,-558.4566
20250505,-559.4878
20250505,-557.631
20250505,-558.6526
20250505,-559.7191
20250505,-560.7678
20250505,-561.8104
20250505,-562.8418
20250505,-563.9348
20250506,-564.9713
20250506,-566.0324
20250506,-567.0865
20250506,-565.7264
20250506,-563.7637
20250506,-562.0241
20250506,-559.7608
20250506,-558.3695
20250506,-556.5832
20250506,-554.9086
20250506,-555.9438
20250506,-554.8237
20250506,-555.8803
20250507,-556.988
20250507,-558.0514
20250507,-559.1346
20250507,-560.2518
20250507,-556.9745
20250507,-558.0109
20250507,-559.1806
20250508,-560.3588
20250508,-561.4567
20250508,-562.5396
20250508,-563.6102
20250508,-564.6812
20250508,-565.7685
20250508,-566.8379
20250508,-567.8854
20250508,-568.9601
20250508,-569.9839
20250508,-571.0316
20250508,-572.1086
20250508,-573.1611
20250508,-574.203
20250508,-570.0303
20250508,-571.1033
20250508,-569.1739
20250509,-570.3052
20250509,-571.3679
20250509,-572.4894
20250509,-573.5692
20250509,-574.605
20250509,-572.3811
20250509,-573.4403
20250509,-574.5227
20250509,-575.7918
20250509,-576.8456
20250509,-577.9429
20250512,-578.9779
20250512,-580.0291
20250512,-575.7177
20250512,-576.7711
20250512,-577.8442
20250512,-578.8977
20250512,-576.3502
20250512,-573.5096
20250512,-574.643
20250513,-575.7261
20250513,-576.9481
20250513,-578.0029
20250513,-579.1407
20250513,-576.6192
20250513,-572.9042
20250513,-573.9282
20250513,-575.1
20250513,-576.1527
20250513,-577.1839
20250513,-578.2466
20250513,-579.2739
20250513,-580.3438
20250513,-579.5085
20250513,-578.5652
20250514,-579.5949
20250514,-574.206
20250514,-575.2486
20250514,-574.5382
20250514,-575.6162
20250514,-576.6472
20250514,-574.4812
20250514,-571.6223
20250515,-570.7594
20250515,-569.4634
20250515,-568.2671
20250515,-569.2907
20250515,-570.3298
20250515,-571.3566
20250515,-572.4069
20250515,-573.4339
20250515,-574.4659
20250515,-575.527
20250515,-576.5747
20250515,-575.9983
20250515,-577.0365
20250516,-575.6843
20250516,-576.7198
20250516,-574.5519
20250516,-575.7
20250516,-575.0775
20250516,-571.5228
20250516,-572.5436
20250516,-573.7054
20250516,-574.7813
20250516,-573.4983
20250519,-574.6695
20250519,-575.7825
20250519,-573.6999
20250519,-574.8025
20250519,-575.8522
20250519,-576.3933
20250519,-577.4715
20250519,-574.9672
20250519,-576.0213
20250519,-577.0582
20250519,-578.2045
20250519,-576.5048
20250519,-577.1766
20250520,-575.5572
20250520,-573.789
20250520,-574.8546
20250520,-575.8883
20250520,-570.6647
20250520,-571.7354
20250520,-572.7569
20250520,-573.8451
20250520,-574.9947
20250520,-576.245
20250520,-577.3682
20250520,-572.6957
20250521,-573.7873
20250521,-569.3736
20250521,-570.4542
20250521,-571.5005
20250521,-572.6079
20250521,-573.7253
20250521,-574.9609
20250521,-576.0124
20250521,-577.0435
20250521,-575.7413
20250521,-577.0062
20250521,-578.0747
20250521,-579.2684
20250521,-580.4212
20250521,-581.5118
20250521,-582.5428
20250522,-583.5952
20250522,-581.0366
20250522,-582.1679
20250522,-583.2624
20250522,-584.335
20250522,-585.4043
20250522,-579.959
20250522,-580.9787
20250522,-582.0059
20250522,-579.2457
20250522,-580.281
20250522,-579.1294
20250522,-580.2467
20250523,-581.2909
20250523,-582.3283
20250523,-583.4038
20250523,-584.541
20250523,-585.6053
20250523,-581.2692
20250523,-579.0748
20250523,-580.1217
20250523,-576.7787
20250523,-577.993
20250523,-576.3397
20250523,-577.5336
20250523,-578.5868
20250523,-579.6372
20250523,-580.7
20250523,-581.7499
20250523,-582.7798
20250523,-583.8554
20250523,-584.8774
20250523,-585.9562
20250527,-587.0157
20250527,-586.4024
20250527,-587.5049
20250527,-588.5965
20250527,-589.7378
20250527,-591.0385
20250527,-592.2891
20250527,-593.3343
20250527,-594.4136
20250528,-591.5268
20250528,-592.6164
20250528,-589.708
20250528,-590.9667
20250528,-592.4616
20250528,-593.7224
20250528,-594.7836
20250528,-595.8821
20250528,-595.9193
20250528,-596.9834
20250528,-597.4493
20250528,-598.5087
20250528,-599.6241
20250529,-600.6745
20250529,-596.5058
20250529,-597.5671
20250529,-596.1108
20250529,-597.2314
20250529,-598.367
20250529,-596.5189
20250529,-597.5737
20250529,-598.6359
20250529,-599.6547
20250529,-600.7194
20250529,-601.8973
20250529,-603.0126
20250530,-604.0842
20250530,-605.1396
20250530,-606.1985
20250530,-607.253
20250530,-608.292
20250530,-609.3418
20250530,-607.7778
20250530,-606.0166
20250530,-607.0761
20250530,-608.1384
20250530,-606.6793
20250530,-607.7334
20250530,-608.8339
20250530,-609.8721
20250530,-608.6008
20250530,-607.2254
20250530,-608.3459
20250530,-609.4632
20250530,-610.53
20250530,-608.7317
20250530,-607.2026
20250530,-605.2046
20250602,-605.2724
20250602,-606.3502
20250602,-605.7863
20250602,-602.3117
20250602,-600.0005
20250602,-598.8926
20250602,-599.9635
20250602,-598.4315
20250602,-599.4575
20250603,-600.5203
20250603,-601.5926
20250603,-602.6467
20250603,-603.7573
20250603,-604.8682
20250603,-605.917
20250604,-607.0285
20250604,-608.0495
20250604,-605.1089
20250604,-606.2331
20250604,-607.2842
20250604,-608.3458
20250604,-609.4043
20250604,-610.5132
20250604,-611.5659
20250604,-612.6261
20250604,-613.8035
20250604,-611.3926
20250604,-610.5462
20250605,-607.6471
20250605,-608.6812
20250605,-609.7581
20250605,-610.7937
20250605,-611.8711
20250605,-613.0499
20250605,-614.0816
20250605,-613.0883
20250605,-614.2069
20250605,-615.2253
20250605,-613.2921
20250605,-614.3589
20250605,-613.3757
20250606,-610.8097
20250606,-606.2991
20250606,-600.4354
20250606,-598.9631
20250606,-599.989
20250606,-601.0728
20250606,-602.104
20250606,-601.0461
20250606,-602.1774
20250606,-603.289
20250606,-604.4692
20250609,-605.5207
20250609,-606.5932
20250609,-603.1718
20250609,-604.2892
20250609,-605.3359
20250609,-606.6848
20250609,-605.5513
20250609,-604.0866
20250609,-600.8169
20250609,-598.0378
20250609,-599.1649
20250609,-600.2217
20250609,-597.7594
20250609,-591.8692
20250610,-592.9245
20250610,-591.0376
20250610,-592.1441
20250610,-588.2867
20250610,-589.4734
20250610,-586.7883
20250610,-584.6278
20250610,-585.6546
20250610,-586.7745
20250610,-587.8842
20250611,-588.9399
20250611,-589.9813
20250611,-588.8422
20250611,-589.8845
20250611,-590.9415
20250611,-591.9741
20250611,-593.0118
20250611,-594.1062
20250611,-595.3384
20250611,-596.368
20250611,-597.4177
20250611,-598.5107
20250611,-599.5682
20250611,-600.601
20250611,-601.6936
20250611,-599.5452
20250612,-600.6747
20250612,-598.8906
20250612,-594.0107
20250612,-592.4202
20250612,-593.4818
20250613,-594.5353
20250613,-595.5798
20250613,-593.2848
20250613,-589.6199
20250613,-590.6335
20250613,-588.5449
20250613,-589.587
20250613,-590.6729
20250613,-591.7361
20250616,-592.9424
20250616,-594.0456
20250616,-591.8333
20250616,-589.5881
20250616,-590.0853
20250616,-591.1437
20250616,-592.276
20250616,-590.6643
20250616,-588.9709
20250617,-590.031
20250617,-587.4248
20250617,-588.4966
20250617,-584.9307
20250617,-586.0127
20250617,-585.0601
20250617,-586.1557
20250617,-587.1739
20250617,-588.2482
20250617,-586.2409
20250617,-584.2744
20250617,-583.1732
20250618,-581.1491
20250618,-582.4497
20250618,-583.6337
20250618,-584.7056
20250618,-585.8195
20250618,-586.9855
20250618,-588.565
20250618,-589.5833
20250620,-588.0297
20250620,-585.297
20250620,-586.368
20250620,-587.4014
20250620,-588.4193
20250623,-589.4538
20250623,-590.4907
20250623,-591.5635
20250623,-592.6213
20250623,-593.7322
20250624,-594.7941
20250624,-595.8572
20250624,-596.8899
20250624,-595.6308
20250624,-596.6868
20250624,-592.6923
20250624,-593.7289
20250624,-591.7264
20250624,-592.9646
20250625,-594.0661
20250625,-595.2253
20250625,-596.4407
20250625,-597.4704
20250625,-598.5785
20250625,-595.5586
20250625,-596.6296
20250625,-597.6655
20250626,-593.9385
20250626,-594.9761
20250626,-593.2783
20250626,-592.0389
20250626,-591.2031
20250626,-592.2935
20250626,-593.3711
20250626,-594.4063
20250626,-583.3761
20250626,-584.8075
20250626,-586.3758
20250627,-587.4421
20250627,-588.503
20250627,-586.5124
20250627,-583.1763
20250627,-584.3177
20250627,-581.7288
20250627,-582.7727
20250627,-583.8232
20250627,-582.018
20250627,-583.1908
20250627,-584.2642
20250630,-582.6524
20250630,-583.7924
20250630,-584.8259
20250630,-583.8642
20250630,-585.013
20250630,-581.7598
20250630,-582.8288
20250630,-583.9981
20250630,-585.1864
20250701,-586.2235
20250701,-583.8754
20250701,-579.7897
20250701,-576.4122
20250701,-572.4101
20250701,-573.7002
20250701,-574.7171
20250701,-566.599
20250701,-567.6897
20250702,-568.7695
20250702,-567.0134
20250702,-568.0758
20250702,-563.0641
20250702,-558.989
20250702,-560.0883
20250702,-558.2924
20250702,-554.3669
20250702,-555.4986
20250702,-547.2643
20250702,-548.3165
20250702,-549.3884
20250702,-550.4121
20250702,-551.4836
20250703,-552.559
20250703,-553.5815
20250703,-554.6751
20250703,-555.8327
20250703,-554.8932
20250703,-556.0864
20250703,-556.1453
20250703,-557.2451
20250703,-558.2874
20250703,-558.2048
20250703,-559.3938
20250707,-555.6082
20250707,-556.675
20250707,-555.1455
20250707,-551.5287
20250707,-549.5269
20250707,-550.7612
20250707,-551.8408
20250707,-552.9057
20250707,-550.9757
20250708,-552.0858
20250708,-553.1137
20250708,-551.8409
20250708,-552.9523
20250708,-554.331
20250708,-555.4132
20250708,-556.5094
20250708,-557.534
20250708,-558.8164
20250709,-555.7517
20250709,-549.6688
20250709,-547.3374
20250709,-548.4443
20250709,-546.6571
20250709,-545.1487
20250709,-546.1786
20250709,-544.962
20250709,-543.924
20250709,-545.0129
20250709,-546.0279
20250709,-544.773
20250709,-545.8688
20250710,-546.9627
20250710,-548.0113
20250710,-549.0299
20250710,-550.0974
20250710,-551.1187
20250711,-548.1215
20250711,-544.7164
20250711,-542.9346
20250711,-544.0327
20250711,-545.1256
20250711,-546.1808
20250711,-547.2174
20250711,-544.4912
20250711,-545.5451
20250711,-546.6464
20250711,-547.6998
20250711,-545.2842
20250711,-546.4279
20250711,-545.5619
20250714,-541.8134
20250714,-535.407
20250714,-532.7113
20250714,-533.8787
20250714,-535.0522
20250714,-536.1906
20250714,-537.2308
20250714,-538.3101
20250714,-539.3763
20250714,-540.4092
20250714,-541.4617
20250714,-542.4931
20250714,-542.0631
20250715,-543.2564
20250715,-544.4249
20250715,-545.4583
20250715,-546.5616
20250715,-547.6401
20250715,-544.0823
20250715,-545.1129
20250715,-546.1712
20250716,-547.2573
20250716,-548.3024
20250716,-549.3611
20250716,-550.3894
20250716,-551.4112
20250716,-552.4283
20250716,-553.4463
20250716,-554.465
20250716,-555.543
20250716,-556.5596
20250717,-557.7329
20250717,-556.0807
20250717,-553.2293
20250717,-554.2614
20250717,-552.0878
20250718,-549.1055
20250718,-550.1583
20250718,-551.2033
20250718,-552.2554
20250718,-550.6093
20250718,-549.2899
20250718,-548.804
20250718,-547.7869
20250721,-545.6492
20250721,-546.6792
20250721,-547.8129
20250721,-548.8948
20250721,-549.9483
20250721,-551.0418
20250721,-549.4751
20250721,-550.5519
20250721,-551.6325
20250721,-552.6991
20250721,-552.4493
20250721,-553.4578
20250721,-554.5675
20250721,-555.8974
20250721,-556.9197
20250721,-557.9888
20250721,-559.0556
20250722,-557.5298
20250722,-556.0694
20250722,-555.5434
20250722,-556.6431
20250722,-557.8962
20250722,-557.7187
20250722,-558.7531
20250722,-557.7521
20250722,-558.7814
20250722,-559.8597
20250722,-560.0628
20250723,-561.2094
20250723,-562.2945
20250723,-563.3564
20250723,-564.4118
20250723,-565.4841
20250723,-563.971
20250723,-565.0451
20250723,-566.0833
20250723,-567.3596
20250723,-568.4835
20250723,-569.5483
20250723,-570.6689
20250724,-571.7891
20250724,-572.8079
20250724,-574.0495
20250724,-575.0977
20250724,-576.1409
20250724,-572.8366
20250724,-571.0967
20250724,-572.164
20250724,-573.3335
20250725,-574.7189
20250725,-575.7647
20250725,-576.856
20250725,-577.8865
20250725,-578.9454
20250725,-579.983
20250725,-581.1156
20250725,-581.1323
20250725,-579.1623
20250725,-580.3364
20250728,-581.4218
20250728,-580.3433
20250728,-581.458
20250728,-579.4485
20250728,-580.5136
20250728,-577.2755
20250728,-578.3345
20250728,-575.475
20250728,-576.639
20250728,-577.8046
20250728,-579.0831
20250729,-580.2772
20250729,-581.3189
20250729,-582.407
20250729,-583.4953
20250729,-580.9061
20250729,-581.9322
20250729,-583.0823
20250729,-579.2207
20250729,-580.3175
20250729,-578.5356
20250729,-579.6064
20250729,-580.8303
20250729,-582.2639
20250729,-583.316
20250729,-581.4611
20250729,-582.5182
20250730,-583.5865
20250730,-582.3611
20250730,-583.3801
20250730,-584.5363
20250730,-585.5658
20250730,-584.003
20250730,-585.111
20250731,-586.2072
20250731,-587.2494
20250731,-588.2854
20250731,-585.8882
20250731,-586.9318
20250731,-588.1598
20250731,-587.0449
20250731,-588.1114
20250731,-589.3971
20250731,-589.0455
20250731,-588.2214
20250731,-589.519
20250801,-590.5591
20250801,-591.6344
20250801,-584.3483
20250801,-585.4145
20250801,-586.5926
20250801,-585.1001
20250801,-586.1163
20250801,-587.1444
20250801,-588.1735
20250801,-589.2374
20250801,-586.8404
20250801,-587.852
20250801,-587.5582
20250801,-588.5824
20250801,-589.6364
20250804,-590.6921
20250804,-591.775
20250804,-592.8376
20250804,-593.8609
20250804,-592.1237
20250804,-593.1582
20250804,-594.1863
20250804,-595.2931
20250804,-593.0617
20250804,-594.139
20250804,-595.3409
20250804,-596.3874
20250805,-597.6901
20250805,-595.6233
20250805,-596.717
20250805,-597.8112
20250805,-598.8708
20250805,-599.9208
20250805,-600.9781
20250805,-597.7683
20250805,-595.843
20250805,-597.0211
20250805,-598.053
20250805,-599.0897
20250805,-600.1581
20250805,-597.4598
20250806,-598.6323
20250806,-599.7465
20250806,-600.8132
20250806,-601.849
20250806,-602.9431
20250806,-600.6941
20250806,-601.7681
20250806,-602.8258
20250806,-603.8584
20250806,-605.0646
20250806,-606.0953
20250806,-607.1989
20250806,-608.217
20250806,-606.0439
20250806,-603.695
20250807,-604.8354
20250807,-603.1649
20250807,-604.2043
20250807,-605.2353
20250807,-606.3002
20250807,-607.3282
20250807,-608.4494
20250807,-607.4725
20250807,-603.4193
20250807,-604.4427
20250807,-605.6414
20250807,-604.2026
20250807,-605.2797
20250808,-606.3181
20250808,-607.3575
20250808,-608.3963
20250808,-609.4412
20250808,-610.5039
20250808,-611.5365
20250808,-610.2936
20250808,-611.3519
20250808,-612.7264
20250811,-613.9502
20250811,-615.2179
20250811,-616.2436
20250811,-617.2601
20250811,-618.4285
20250811,-619.5865
20250811,-620.7245
20250811,-621.7734
20250811,-622.8171
20250812,-623.9018
20250812,-621.6509
20250812,-620.5196
20250812,-621.5379
20250812,-622.5983
20250812,-623.657
20250812,-624.7854
20250812,-622.6387
20250812,-620.607
20250812,-619.1712
20250812,-620.3138
20250813,-617.7281
20250813,-618.7591
20250813,-619.8194
20250813,-617.491
20250813,-618.5234
20250813,-616.259
20250813,-617.3144
20250813,-618.3582
20250813,-619.8984
20250813,-621.1677
20250813,-622.2515
20250813,-623.3707
20250814,-624.6925
20250814,-625.1145
20250814,-626.1859
20250814,-625.1255
20250814,-621.5902
20250814,-622.6988
20250814,-623.7534
20250814,-624.9875
20250814,-626.162
20250815,-623.8487
20250815,-624.9378
20250815,-626.0209
20250815,-624.1902
20250815,-625.2174
20250815,-626.2344
20250815,-624.546
20250815,-625.555
20250815,-625.3416
20250815,-622.6117
20250815,-623.6541
20250818,-621.6139
20250818,-622.68
20250818,-623.7159
20250818,-624.8015
20250818,-625.9492
20250818,-626.9731
20250818,-628.0171
20250818,-629.0444
20250818,-630.1042
20250818,-631.1639
20250818,-631.1015
20250818,-631.2373
20250818,-632.3817
20250819,-633.4949
20250819,-634.5198
20250819,-635.5717
20250819,-636.5816
20250819,-637.6734
20250819,-638.6876
20250819,-636.3898
20250819,-634.0851
20250819,-632.9874
20250819,-631.77
20250819,-630.7467
20250819,-628.2798
20250820,-629.3401
20250820,-623.5551
20250820,-621.174
20250820,-622.2526
20250820,-621.1619
20250820,-622.1973
20250820,-623.2439
20250820,-621.3263
20250821,-618.735
20250821,-617.7652
20250821,-618.806
20250821,-619.8537
20250821,-620.8831
20250821,-621.9169
20250821,-618.9451
20250821,-620.0191
20250821,-617.1938
20250821,-615.5992
20250821,-614.2256
20250821,-615.2628
20250821,-616.2937
20250821,-614.9544
20250821,-615.0436
20250821,-616.1498
20250821,-617.2317
20250821,-618.5847
20250821,-619.9571
20250822,-621.0004
20250822,-622.1277
20250822,-623.237
20250822,-624.3292
20250822,-625.3556
20250822,-626.3786
20250822,-627.4417
20250822,-628.4709
20250822,-629.5555
20250822,-630.628
20250822,-631.9294
20250822,-633.0059
20250822,-630.8132
20250822,-635.8054
20250822,-636.8619
20250822,-637.9168
20250825,-637.5432
20250825,-634.9838
20250825,-636.2911
20250825,-633.293
20250825,-632.2013
20250825,-628.5472
20250825,-629.6774
20250825,-630.7397
20250825,-630.4519
20250826,-631.706
20250826,-632.7856
20250826,-634.0772
20250826,-635.2163
20250826,-633.2137
20250826,-632.0371
20250826,-633.1105
20250826,-634.2197
20250826,-634.0641
20250826,-635.3475
20250826,-636.3838
20250826,-634.4913
20250826,-635.5835
20250826,-636.6905
20250826,-637.732
20250826,-638.9612
20250827,-635.2969
20250827,-636.3667
20250827,-634.312
20250827,-635.4042
20250827,-636.4235
20250827,-637.6589
20250827,-638.6899
20250827,-639.7877
20250827,-640.9891
20250827,-642.0242
20250827,-643.0894
20250827,-644.2215
20250827,-642.6931
20250827,-641.2615
20250827,-642.321
20250827,-643.4057
20250827,-644.4301
20250827,-644.6087
20250827,-645.7419
20250827,-646.8065
20250828,-647.8389
20250828,-648.8687
20250828,-650.0205
20250828,-651.0541
20250828,-652.1597
20250828,-653.2707
20250828,-652.1602
20250828,-653.4993
20250828,-654.5494
20250828,-655.6705
20250828,-655.3911
20250828,-656.5351
20250828,-657.7816
20250829,-656.5117
20250829,-654.8628
20250829,-655.9399
20250829,-656.9692
20250829,-657.9983
20250829,-659.0213
20250829,-660.1932
20250829,-661.2182
20250829,-662.2538
20250829,-661.3201
20250829,-662.448
20250829,-661.2814
20250829,-662.3412
20250829,-663.6566
20250902,-664.7413
20250902,-660.7642
20250902,-657.9646
20250902,-659.0032
20250902,-653.8864
20250902,-654.9175
20250902,-655.9678
20250902,-656.9998
20250902,-658.0333
20250902,-659.0458
20250902,-659.4718
20250903,-660.5931
20250903,-658.5029
20250903,-657.2516
20250903,-658.2716
20250903,-659.3064
20250903,-660.3843
20250903,-661.4489
20250903,-662.5372
20250903,-661.8378
20250903,-662.8758
20250903,-659.8954
20250904,-661.0321
20250904,-662.0697
20250904,-663.197
20250904,-661.3481
20250904,-662.4024
20250904,-663.4194
20250904,-664.4521
20250904,-665.5494
20250904,-666.6044
20250904,-667.7028
20250904,-664.6289
20250904,-662.6934
20250905,-659.1765
20250905,-660.2029
20250905,-661.2546
20250905,-662.3569
20250905,-663.4016
20250905,-664.4477
20250905,-665.4574
20250905,-666.4716
20250905,-667.5033
20250905,-665.6266
20250905,-666.6485
20250905,-667.7353
20250905,-668.7781
20250905,-667.2391
20250905,-668.8672
20250908,-666.4268
20250908,-667.5022
20250908,-668.5307
20250908,-669.7337
20250908,-670.7904
20250908,-671.8431
20250908,-670.5218
20250908,-671.6091
20250908,-672.7268
20250908,-669.5849
20250908,-670.6245
20250908,-671.6684
20250908,-672.7349
20250909,-671.3336
20250909,-672.4209
20250909,-673.4512
20250909,-674.5011
20250909,-675.5174
20250909,-676.5626
20250909,-677.6456
20250909,-678.7332
20250909,-679.7561
20250909,-680.8051
20250909,-681.8395
20250909,-679.3396
20250909,-680.4272
20250909,-681.4635
20250910,-678.8987
20250910,-676.5106
20250910,-677.6818
20250910,-678.7068
20250910,-679.7864
20250910,-680.8839
20250910,-681.9374
20250910,-682.9965
20250910,-684.0152
20250910,-685.0526
20250910,-685.3354
20250910,-686.5231
20250910,-687.5932
20250910,-688.9765
20250911,-690.0145
20250911,-691.0794
20250911,-692.1462
20250911,-693.1769
20250911,-694.2381
20250911,-692.3396
20250911,-693.394
20250911,-694.4873
20250911,-695.5846
20250912,-696.6707
20250912,-697.6986
20250912,-698.734
20250912,-699.8135
20250912,-700.9071
20250912,-702.0786
20250912,-703.1083
20250912,-704.48
20250912,-705.724
20250912,-704.3194
20250915,-703.0277
20250915,-701.1172
20250915,-702.2106
20250915,-703.4066
20250915,-699.9666
20250915,-698.9739
20250915,-699.4104
20250915,-700.4706
20250915,-696.586
20250915,-697.6146
20250915,-698.2913
20250916,-699.37
20250916,-700.4783
20250916,-701.5235
20250916,-702.5726
20250916,-703.6257
20250916,-704.6768
20250916,-705.7086
20250916,-706.7326
20250916,-707.7552
20250917,-708.8285
20250917,-709.8737
20250917,-711.0119
20250917,-712.0836
20250917,-713.175
20250917,-714.2232
20250917,-715.3809
20250917,-716.4583
20250917,-717.4945
20250917,-711.0273
20250917,-712.0566
20250917,-713.187
20250917,-714.4064
20250917,-715.4631
20250918,-716.4961
20250918,-714.6949
20250918,-712.7572
20250918,-713.816
20250918,-714.8567
20250918,-715.885
20250919,-716.9317
20250919,-717.9819
20250919,-716.1643
20250919,-717.2897
20250919,-716.4053
20250919,-717.4331
20250919,-718.5653
20250919,-719.6148
20250919,-720.6673
20250922,-721.7445
20250922,-722.9303
20250922,-723.9783
20250922,-725.0287
20250922,-726.0857
20250922,-727.3072
20250922,-728.3305
20250922,-729.3716
20250922,-730.4387
20250922,-730.4923
20250923,-731.6447
20250923,-732.7059
20250923,-733.757
20250923,-734.807
20250923,-735.8485
20250923,-736.9468
20250923,-738.0332
20250923,-735.9235
20250923,-734.4204
20250923,-733.3275
20250923,-731.1426
20250923,-726.6776
20250923,-721.1905
20250924,-718.1617
20250924,-719.2558
20250924,-720.2906
20250924,-721.417
20250924,-722.4728
20250924,-723.488
20250924,-724.5184
20250924,-721.4976
20250924,-722.6
20250925,-720.5162
20250925,-717.4035
20250925,-716.229
20250925,-717.2637
20250925,-718.2853
20250925,-719.3395
20250925,-720.3732
20250925,-721.5231
20250925,-722.6591
20250925,-723.7476
20250925,-724.8432
20250925,-726.0261
20250925,-713.5423
20250926,-714.5651
20250926,-715.608
20250926,-711.4121
20250926,-708.7593
20250926,-709.2151
20250926,-708.5658
20250926,-709.6367
20250926,-708.3724
20250926,-709.4902
20250926,-710.6797
20250926,-709.2008
20250926,-710.4009
20250926,-711.45
20250929,-712.4932
20250929,-713.625
20250930,-714.7571
20250930,-715.8128
20250930,-712.9558
20250930,-710.9395
20250930,-711.97
20250930,-713.186
20250930,-714.2308
20250930,-713.1917
20251001,-714.2636
20251001,-715.3146
20251001,-716.3464
20251001,-717.3662
20251001,-714.6623
20251001,-711.9348
20251001,-710.2913
20251001,-709.6037
20251001,-710.6924
20251001,-711.7241
20251001,-712.7974
20251001,-711.3443
20251001,-712.3931
20251001,-708.9595
20251002,-710.06
20251002,-706.6033
20251002,-704.7717
20251002,-705.8981
20251002,-707.2891
20251002,-708.3297
20251003,-707.5031
20251003,-708.5462
20251003,-709.6446
20251003,-710.8296
20251003,-711.8827
20251003,-712.9649
20251003,-713.9986
20251003,-715.1122
20251003,-716.1629
20251003,-717.2359
20251003,-718.2692
20251003,-719.3336
20251003,-720.3655
20251003,-721.5661
20251003,-719.5796
20251006,-720.6075
20251006,-721.7146
20251006,-722.8
20251006,-721.0684
20251006,-722.166
20251007,-719.9826
20251007,-721.0127
20251007,-722.052
20251007,-723.0862
20251007,-720.8947
20251007,-719.3011
20251007,-720.3836
20251007,-721.4153
20251007,-722.4322
20251007,-719.6942
20251007,-720.7596
20251007,-721.8588
20251008,-723.1637
20251008,-724.2405
20251008,-724.6173
20251008,-725.7004
20251008,-726.9103
20251008,-727.9643
20251008,-729.0708
20251008,-730.1121
20251009,-731.1689
20251009,-732.3154
20251009,-730.5828
20251009,-728.3037
20251009,-723.8914
20251009,-724.9343
20251009,-725.9651
20251010,-727.018
20251010,-723.8288
20251010,-717.1304
20251010,-718.3916
20251010,-715.4107
20251010,-710.1672
20251010,-709.237
20251010,-707.6322
20251010,-708.6971
20251010,-709.7932
20251010,-710.8985
20251010,-711.9214
20251010,-712.9891
20251010,-714.1292
20251010,-715.1489
20251010,-716.3018
20251010,-712.1023
20251013,-713.1774
20251013,-714.441
20251013,-712.1875
20251013,-713.2312
20251013,-711.2106
20251013,-712.2921
20251013,-712.8641
20251013,-713.8721
20251013,-714.8877
20251013,-715.9245
20251013,-716.9821
20251013,-716.533
20251014,-714.389
20251014,-711.7575
20251014,-709.5195
20251014,-707.7333
20251014,-705.03
20251014,-706.0627
20251014,-703.7219
20251014,-704.862
20251014,-705.8961
20251014,-706.9285
20251015,-707.9523
20251015,-706.4579
20251015,-707.5658
20251015,-705.1997
20251015,-704.0792
20251015,-705.3338
20251015,-703.1591
20251015,-704.2365
20251015,-702.9109
20251015,-704.0703
20251015,-705.1189
20251015,-706.1507
20251016,-705.1072
20251016,-706.1649
20251016,-707.2489
20251016,-708.2849
20251016,-709.3347
20251016,-710.3766
20251016,-711.4376
20251016,-712.5287
20251016,-709.038
20251016,-707.6257
20251016,-708.7127
20251016,-707.6729
20251016,-708.7216
20251016,-709.7888
20251017,-706.0457
20251017,-707.1045
20251017,-708.1443
20251017,-709.1671
20251017,-710.2171
20251017,-711.2442
20251017,-712.2695
20251017,-713.4284
20251017,-714.5201
20251020,-715.7298
20251020,-716.7609
20251020,-717.8039
20251020,-718.8286
20251020,-716.7761
20251020,-717.794
20251020,-717.151
20251020,-718.1754
20251020,-719.2559
20251021,-720.3383
20251021,-721.4518
20251021,-722.5189
20251021,-717.9293
20251021,-716.8136
20251021,-717.9206
20251021,-719.0088
20251021,-714.166
20251021,-715.2401
20251021,-716.2835
20251021,-716.6324
20251021,-717.792
20251021,-718.9466
20251021,-720.1108
20251021,-721.1447
20251022,-722.1848
20251022,-719.6447
20251022,-717.9568
20251022,-715.0875
20251022,-716.1208
20251022,-717.152
20251022,-718.1713
20251022,-717.181
20251022,-714.0535
20251022,-711.8721
20251022,-713.0589
20251022,-714.0898
20251022,-713.0982
20251022,-709.83
20251022,-710.9625
20251022,-712.13
20251022,-713.173
20251022,-714.233
20251022,-715.2731
20251022,-713.1829
20251023,-714.2417
20251023,-715.313
20251023,-716.3646
20251023,-717.3961
20251023,-718.4366
20251023,-719.5632
20251023,-720.6697
20251023,-719.6044
20251023,-719.0043
20251023,-714.6811
20251023,-715.7344
20251023,-717.0103
20251023,-713.4229
20251023,-711.1622
20251023,-708.2851
20251023,-709.3052
20251023,-709.1652
20251024,-710.2257
20251024,-711.2732
20251024,-712.3449
20251024,-707.7615
20251024,-707.2514
20251024,-708.3314
20251024,-709.3913
20251024,-710.4369
20251024,-711.4812
20251027,-712.5103
20251027,-710.5141
20251027,-706.3841
20251027,-701.7652
20251027,-702.9725
20251027,-700.7798
20251028,-701.9609
20251028,-703.0283
20251028,-704.1436
20251028,-701.8519
20251028,-699.7734
20251028,-700.8165
20251028,-701.8778
20251028,-702.8902
20251028,-704.2108
20251028,-705.2914
20251028,-702.9728
20251028,-701.6755
20251029,-702.8513
20251029,-703.9838
20251029,-705.0037
20251029,-706.0509
20251029,-707.0785
20251029,-706.1422
20251029,-705.0292
20251029,-706.3054
20251029,-707.3387
20251029,-708.4439
20251029,-709.5604
20251029,-710.6206
20251030,-708.2233
20251030,-709.3114
20251030,-707.3035
20251030,-708.3426
20251030,-709.3709
20251030,-710.4189
20251030,-708.9126
20251030,-704.3866
20251030,-705.41
20251030,-704.4517
20251030,-701.431
20251030,-700.066
20251030,-695.0485
20251031,-696.2292
20251031,-697.3505
20251031,-698.3962
20251031,-699.462
20251031,-700.6036
20251031,-701.6586
20251031,-702.7967
20251031,-703.8334
20251031,-704.8706
20251031,-705.8811
20251031,-706.3952
20251031,-707.4243
20251031,-708.4886
20251031,-709.6477
20251031,-710.7484
20251031,-711.8863
20251031,-712.9076
20251103,-713.9461
20251103,-712.0597
20251103,-713.1076
20251103,-709.6236
20251103,-710.685
20251103,-711.7174
20251103,-712.7857
20251103,-713.8143
20251103,-714.8488
20251103,-712.8298
20251103,-714.0447
20251103,-715.1435
20251103,-716.1647
20251103,-717.2096
20251103,-716.3309
20251104,-717.4084
20251104,-715.4659
20251104,-716.5052
20251104,-714.8516
20251104,-713.3702
20251105,-707.0233
20251105,-705.2731
20251105,-706.3261
20251105,-707.3941
20251105,-708.4593
20251105,-709.5236
20251105,-710.5413
20251105,-711.6721
20251105,-712.6922
20251105,-713.7319
20251105,-714.7913
20251106,-715.8256
20251106,-716.8513
20251106,-717.961
20251106,-716.4215
20251106,-713.0781
20251106,-714.1347
20251106,-715.1835
20251106,-711.4615
20251106,-712.5701
20251106,-713.585
20251106,-714.603
20251107,-715.7413
20251107,-716.7717
20251107,-715.0093
20251107,-714.7566
20251107,-715.7962
20251107,-716.8647
20251107,-717.9175
20251107,-718.9367
20251110,-719.9767
20251110,-718.2375
20251110,-719.264
20251110,-720.3116
20251110,-721.3375
20251110,-722.3933
20251110,-723.4017
20251110,-721.624
20251110,-718.5875
20251110,-719.8682
20251110,-713.6351
20251111,-714.7431
20251111,-715.8315
20251111,-714.5676
20251111,-715.6262
20251111,-716.6757
20251111,-717.7008
20251111,-718.7278
20251111,-716.464
20251111,-714.3343
20251112,-715.4371
20251112,-716.6091
20251112,-717.6789
20251112,-718.6959
20251112,-719.7139
20251112,-720.7691
20251112,-721.8013
20251112,-722.912
20251112,-723.9634
20251113,-725.0478
20251113,-726.1149
20251113,-727.3101
20251113,-725.7419
20251113,-724.2166
20251113,-725.3463
20251113,-726.3649
20251113,-727.4336
20251113,-723.5259
20251113,-724.5594
20251113,-725.6463
20251114,-726.6716
20251114,-727.722
20251114,-728.9749
20251114,-729.9831
20251114,-730.9925
20251114,-732.0288
20251117,-733.1168
20251117,-729.5105
20251117,-725.9823
20251117,-727.05
20251117,-724.1452
20251117,-725.2068
20251117,-722.3119
20251117,-719.2272
20251117,-717.5674
20251117,-714.6058
20251118,-715.6316
20251118,-714.2793
20251118,-715.3192
20251118,-710.4449
20251118,-711.5796
20251118,-709.6331
20251118,-710.6839
20251118,-710.7097
20251119,-711.8278
20251119,-712.878
20251119,-711.6122
20251119,-710.4757
20251119,-707.5963
20251119,-708.829
20251119,-708.1656
20251119,-709.3818
20251119,-710.6562
20251119,-711.7927
20251120,-712.8303
20251120,-713.8533
20251120,-710.6326
20251120,-711.6715
20251120,-707.7234
20251120,-708.8127
20251120,-709.8304
20251120,-710.8551
20251121,-711.9668
20251121,-712.9815
20251121,-712.0148
20251121,-713.0288
20251121,-711.7501
20251121,-710.463
20251121,-711.5032
20251121,-712.542
20251121,-713.5559
20251121,-714.5733
20251121,-715.6077
20251121,-716.6594
20251124,-715.5607
20251124,-716.591
20251124,-717.6459
20251124,-718.6724
20251124,-719.6901
20251124,-716.4812
20251124,-711.6815
20251124,-707.9038
20251124,-706.5423
20251124,-704.26
20251124,-702.8628
20251124,-701.8032
20251124,-702.8447
20251124,-703.879
20251124,-704.8863
20251125,-702.8651
20251125,-703.8898
20251125,-701.9635
20251125,-700.9519
20251125,-702.0382
20251125,-700.8918
20251125,-701.9048
20251125,-700.6787
20251125,-697.95
20251125,-698.9859
20251125,-700.0359
20251125,-701.09
20251125,-702.1295
20251126,-703.2027
20251126,-704.3025
20251126,-702.2922
20251126,-703.4954
20251126,-702.4841
20251126,-697.8569
20251126,-698.868
20251126,-699.8934
20251126,-700.9579
20251126,-699.7932
20251126,-700.8783
20251128,-701.9765
20251128,-703.3146
20251128,-704.3587
20251128,-705.3829
20251128,-706.4086
20251128,-707.1202
20251128,-708.2489
20251201,-709.3387
20251201,-710.3986
20251201,-711.522
20251201,-710.293
20251201,-707.103
20251201,-706.7643
20251201,-707.8177
20251201,-708.8582
20251201,-709.9418
20251201,-707.0311
20251201,-705.1567
20251201,-706.2013
20251202,-701.3915
20251202,-700.2072
20251202,-701.2397
20251202,-702.2826
20251202,-698.7309
20251202,-697.8544
20251202,-698.9264
20251202,-700.0573
20251202,-701.106
20251202,-702.2642
20251202,-703.4093
20251202,-704.4685
20251202,-705.902
20251203,-703.6875
20251203,-701.1034
20251203,-701.9364
20251203,-702.9895
20251203,-704.0687
20251203,-705.1303
20251203,-706.283
20251203,-707.3094
20251203,-708.5129
20251204,-706.1832
20251204,-707.249
20251204,-708.3074
20251204,-706.3319
20251204,-707.4124
20251204,-704.11
20251204,-702.3309
20251204,-701.2426
20251204,-698.8691
20251204,-700.0415
20251204,-701.074
20251205,-697.5648
20251205,-698.6481
20251205,-699.7916
20251205,-697.3291
20251205,-694.5207
20251205,-689.9628
20251205,-690.9807
20251205,-691.9938
20251208,-689.4709
20251208,-687.4458
20251208,-688.4846
20251208,-689.5287
20251208,-690.561
20251208,-691.6392
20251208,-692.698
20251208,-693.725
20251208,-694.7646
20251209,-695.8191
20251209,-693.6502
20251209,-691.1805
20251209,-692.2073
20251209,-693.2361
20251209,-694.3605
20251209,-695.4368
20251209,-694.368
20251209,-695.4705
20251209,-696.5596
20251210,-697.6411
20251210,-696.7283
20251210,-697.4093
20251210,-698.454
20251210,-699.4832
20251210,-698.3746
20251210,-695.1611
20251210,-696.1975
20251210,-697.2513
20251211,-698.3389
20251211,-699.3818
20251211,-700.5102
20251211,-698.0727
20251211,-699.093
20251211,-700.2398
20251211,-701.3178
20251211,-702.3392
20251211,-698.7014
20251211,-696.0121
20251211,-697.1108
20251211,-698.1251
20251211,-699.1656
20251211,-696.6649
20251212,-697.7945
20251212,-698.8672
20251212,-697.9511
20251212,-698.9882
20251212,-700.0789
20251212,-697.3573
20251212,-698.3825
20251212,-699.4412
20251212,-700.4655
20251212,-701.5372
20251212,-702.7075
20251215,-703.7608
20251215,-704.9394
20251215,-705.9979
20251215,-707.0473
20251215,-706.2516
20251215,-707.3258
20251215,-708.3496
20251215,-709.3674
20251216,-707.5694
20251216,-706.1457
20251216,-707.296
20251216,-706.0683
20251216,-704.7974
20251216,-703.2329
20251216,-701.9662
20251216,-703.037
20251216,-704.082
20251216,-705.1775
20251216,-703.4337
20251216,-704.4761
20251216,-705.4914
20251217,-706.5325
20251217,-707.7562
20251217,-708.7978
20251217,-709.8166
20251217,-710.8387
20251217,-711.8513
20251217,-712.8891
20251217,-713.9521
20251217,-714.9853
20251217,-716.392
20251217,-717.5845
20251218,-718.674
20251218,-715.2458
20251218,-716.2811
20251218,-714.8827
20251218,-712.9373
20251218,-714.0659
20251218,-711.0821
20251218,-712.26
20251219,-713.3714
20251219,-714.4075
20251219,-712.3962
20251219,-708.9744
20251219,-710.0239
20251219,-711.132
20251219,-712.1718
20251219,-713.2962
20251219,-714.3333
20251219,-711.9964
20251222,-713.0323
20251222,-714.1015
20251222,-711.8851
20251222,-712.9754
20251222,-714.4122
20251222,-715.4667
20251222,-713.7433
20251222,-712.9675
20251223,-714.0879
20251223,-715.1915
20251223,-716.2284
20251223,-717.2549
20251223,-718.2991
20251223,-719.3309
20251223,-720.4265
20251223,-718.6697
20251223,-717.1754
20251223,-716.4975
20251224,-717.7086
20251224,-718.8847
20251224,-719.9712
20251224,-721.1688
20251224,-722.2024
20251224,-723.3419
20251224,-724.3928
20251224,-723.6092
20251224,-722.2503
20251226,-720.6169
20251226,-721.7394
20251226,-722.8397
20251226,-723.8593
20251226,-725.1394
20251226,-726.1918
20251226,-727.3689
20251226,-728.4282
20251226,-729.5184
20251226,-730.6366
20251226,-725.9995
20251226,-723.621
20251226,-724.761
20251226,-724.103
20251226,-722.1492
20251226,-722.3814
20251229,-723.476
20251229,-724.6689
20251229,-722.4134
20251229,-723.4562
20251229,-722.8593
20251229,-723.9234
20251229,-725.0118
20251229,-726.1437
20251229,-727.2285
20251230,-728.2939
20251230,-729.3966
20251230,-727.2562
20251230,-728.3967
20251230,-729.4933
20251230,-730.6353
20251230,-731.6878
20251230,-729.955
20251230,-731.0298
20251230,-732.1935
20251230,-733.8263
20251230,-734.9972
20251231,-736.0624
20251231,-737.1293
20251231,-738.3834
20251231,-739.4216
20251231,-740.5238
20251231,-741.6193
20251231,-738.3727
20251231,-739.4001
20251231,-740.4481
20251231,-741.5144
20251231,-742.574
20260102,-740.3056
20260102,-736.7493
20260102,-737.7694
20260102,-732.0451
20260102,-730.3054
20260102,-726.5706
20260102,-724.7751
20260102,-725.8139
20260102,-721.6665
20260102,-719.9186
20260102,-721.1432
20260102,-722.1893
20260102,-721.3933
20260102,-722.4986
20260102,-721.0045
20260102,-722.1292
20260102,-723.1643
20260105,-724.2052
20260105,-725.2491
20260105,-726.2962
20260105,-727.3391
20260105,-728.3634
20260105,-729.3853
20260105,-730.4794
20260105,-731.537
20260105,-732.5943
20260105,-733.7032
20260106,-734.7518
20260106,-735.7771
20260106,-734.3377
20260106,-735.3837
20260106,-736.4481
20260106,-737.522
20260106,-735.9852
20260106,-734.7556
20260106,-733.5703
20260106,-734.6376
20260107,-735.6923
20260107,-734.1038
20260107,-735.1368
20260107,-735.7171
20260107,-729.7013
20260107,-730.9471
20260108,-731.9948
20260108,-733.0233
20260108,-734.077
20260108,-735.1543
20260108,-736.1916
20260108,-731.9961
20260108,-733.0179
20260108,-734.0668
20260108,-731.0293
20260109,-732.2501
20260109,-733.2775
20260109,-734.2938
20260109,-735.3328
20260109,-736.4045
20260109,-737.4484
20260109,-738.5319
20260109,-739.5713
20260109,-739.3474
20260109,-737.2483
20260109,-735.9851
20260109,-734.6912
20260109,-732.5379
20260109,-733.605
20260109,-734.635
20260109,-734.8301
20260112,-732.4178
20260112,-733.4526
20260112,-731.9247
20260112,-731.0318
20260112,-732.136
20260112,-733.2392
20260112,-734.2634
20260112,-735.3467
20260113,-736.4427
20260113,-737.4834
20260113,-733.2298
20260113,-734.278
20260113,-735.3093
20260113,-736.3972
20260113,-737.5004
20260113,-732.6667
20260113,-733.7565
20260113,-731.3934
20260113,-732.4344
20260114,-733.5236
20260114,-734.5976
20260114,-733.0592
20260114,-734.1461
20260114,-735.1868
20260114,-736.2708
20260114,-737.3012
20260114,-738.3317
20260114,-739.3877
20260114,-740.4289
20260114,-741.4946
20260114,-742.6008
20260114,-743.6356
20260114,-744.6622
20260115,-743.6833
20260115,-744.7204
20260115,-743.118
20260115,-744.1422
20260115,-742.6545
20260115,-741.598
20260115,-742.6439
20260115,-743.6764
20260115,-744.698
20260115,-745.822
20260115,-746.8575
20260115,-747.8862
20260115,-748.9076
20260115,-749.9458
20260115,-751.0116
20260115,-752.0498
20260116,-753.1424
20260116,-754.2304
20260116,-755.3055
20260116,-756.342
20260116,-757.4495
20260116,-758.516
20260116,-759.5469
20260116,-760.6261
20260116,-758.2314
20260116,-759.4142
20260120,-760.4695
20260120,-761.5161
20260120,-762.5626
20260120,-763.6032
20260120,-760.0628
20260120,-761.1148
20260120,-762.1381
20260121,-763.2456
20260121,-764.2986
20260121,-765.332
20260122,-762.7426
20260122,-763.8096
20260122,-764.8245
20260122,-761.4873
20260122,-760.0036
20260122,-761.0525
20260122,-762.1147
20260122,-757.5159
20260122,-758.6002
20260123,-756.2805
20260123,-757.3615
20260123,-754.9215
20260123,-756.1465
20260123,-757.1775
20260123,-754.3452
20260123,-755.4063
20260123,-756.5427
20260126,-753.4507
20260126,-754.5593
20260126,-755.5958
20260126,-756.6612
20260126,-755.2463
20260126,-756.294
20260126,-757.3531
20260126,-758.4592
20260126,-759.5047
20260126,-760.5562
20260127,-761.624
20260127,-759.1731
20260127,-760.209
20260127,-761.3271
20260127,-758.7369
20260127,-759.9151
20260128,-761.0414
20260128,-762.0761
20260128,-763.1542
20260128,-764.2153
20260128,-760.6252
20260128,-757.3485
20260128,-758.3771
20260128,-756.922
20260128,-758.0718
20260128,-756.977
20260128,-758.0442
20260128,-759.1371
20260128,-760.202
20260128,-761.2582
20260128,-762.3056
20260129,-763.3517
20260129,-764.4425
20260129,-765.4792
20260129,-766.5404
20260129,-767.5762
20260129,-768.6483
20260130,-767.1036
20260130,-764.9237
20260130,-762.9565
20260130,-763.9882
20260130,-765.0172
20260130,-762.4606
20260130,-763.4752
20260130,-759.391
20260130,-760.5144
20260130,-761.5697
20260130,-762.6032
20260202,-763.6281
20260202,-764.7751
20260202,-765.8827
20260202,-766.9238
20260202,-768.085
20260202,-764.5561
20260202,-765.6065
20260202,-766.6595
20260202,-763.2413
20260202,-764.322
20260202,-765.3644
20260202,-766.4672
20260203,-767.5279
20260203,-766.4302
20260203,-767.4873
20260203,-766.3811
20260203,-767.4219
20260203,-768.468
20260203,-769.4871
20260203,-770.5245
20260203,-771.5388
20260203,-772.5594
20260204,-770.29
20260204,-767.6489
20260204,-768.6846
20260204,-769.7252
20260204,-768.6788
20260204,-769.7058
20260204,-770.7203
20260204,-769.5896
20260205,-767.9508
20260205,-769.0347
20260205,-767.9443
20260205,-765.1474
20260205,-761.1511
20260205,-762.1697
20260205,-763.2141
20260205,-762.3437
20260205,-763.3634
20260205,-764.414
20260205,-765.458
20260205,-766.5331
20260206,-767.5532
20260206,-768.5681
20260206,-769.5808
20260206,-769.2568
20260209,-766.5985
20260209,-767.6376
20260209,-768.6798
20260209,-767.596
20260209,-768.6153
20260209,-769.6558
20260209,-770.8115
20260210,-768.7094
20260210,-768.5868
20260210,-769.615
20260210,-770.6385
20260210,-768.1315
20260210,-766.9852
20260210,-765.891
20260210,-767.0009
20260210,-766.2223
20260210,-762.4368
20260210,-763.494
20260211,-764.58
20260211,-765.6163
20260211,-764.3084
20260211,-765.4156
20260211,-762.9785
20260211,-761.2284
20260211,-762.2691
20260211,-763.3557
20260212,-764.4168
20260212,-765.4423
20260212,-766.4972
20260212,-767.548
20260212,-768.5869
20260212,-769.6049
20260212,-770.6155
20260212,-769.3931
20260213,-770.4741
20260213,-771.5115
20260213,-772.5354
20260213,-773.5691
20260213,-774.6427
20260213,-775.6598
20260213,-776.699
20260213,-775.4758
20260213,-775.3919
20260213,-776.4417
20260213,-777.47
20260217,-778.5066
20260217,-779.5394
20260217,-778.4799
20260217,-779.5315
20260217,-780.5896
20260217,-775.2064
20260217,-776.2754
20260217,-777.2936
20260217,-772.5571
20260217,-771.3629
20260218,-772.429
20260218,-773.4547
20260218,-774.4874
20260218,-773.8086
20260218,-774.8281
20260218,-772.7707
20260218,-773.7782
20260218,-774.7958
20260218,-775.8445
20260218,-776.9643
20260218,-778.007
20260218,-779.0877
20260218,-780.1094
20260218,-781.1253
20260219,-778.2388
20260219,-774.1591
20260219,-771.9523
20260219,-769.0068
20260219,-765.7311
20260219,-760.3446
20260219,-761.3834
20260219,-762.4692
20260219,-763.5229
20260219,-760.8259
20260219,-761.8897
20260219,-762.9846
20260219,-764.0
20260219,-765.0264
20260219,-766.1534
20260219,-767.3289
20260219,-768.4786
20260220,-769.5381
20260220,-770.5726
20260220,-771.6158
20260220,-772.6552
20260220,-773.6925
20260220,-774.7093
20260220,-775.7486
20260220,-774.2071
20260220,-775.2363
20260220,-775.6771
20260220,-776.7024
20260220,-777.7147
20260220,-778.7672
20260220,-779.7856
20260220,-780.8327
20260220,-781.9793
20260220,-780.8325
20260223,-781.9292
20260223,-782.9771
20260223,-778.9118
20260223,-779.961
20260223,-781.0019
20260223,-779.8966
20260223,-780.9315
20260224,-781.975
20260224,-782.6878
20260224,-783.7737
20260224,-784.8254
20260224,-785.8584
20260224,-786.8887
20260224,-787.953
20260224,-786.5165
20260224,-785.0116
20260224,-784.2925
20260225,-785.3686
20260225,-781.6021
20260225,-778.5669
20260225,-775.0544
20260225,-776.1029
20260225,-777.1542
20260225,-778.173
20260225,-779.2552
20260225,-780.303
20260226,-781.3598
20260226,-779.4165
20260226,-780.4425
20260226,-781.4729
20260226,-782.6718
20260226,-778.3284
20260226,-777.1956
20260226,-778.2424
20260226,-779.4254
20260226,-779.4654
20260227,-780.5686
20260227,-781.6068
20260227,-777.8317
20260227,-778.8612
20260227,-779.8973
20260227,-780.916
20260227,-781.9301
20260302,-782.9814
20260302,-784.0284
20260302,-785.0443
20260302,-784.4552
20260302,-785.4801
20260303,-786.5411
20260303,-785.3833
20260303,-786.4165
20260303,-787.4364
20260303,-788.4838
20260303,-789.5007
20260303,-790.5582
20260303,-791.6359
20260303,-792.7304
20260303,-792.926
20260304,-790.2665
20260304,-787.9939
20260304,-784.2746
20260304,-780.8435
20260304,-780.5759
20260304,-777.7083
20260304,-778.7331
20260304,-777.7721
20260304,-778.855
20260304,-779.9101
20260305,-780.9401
20260305,-781.9578
20260305,-783.0851
20260305,-784.1446
20260305,-785.173
20260305,-783.8451
20260305,-784.9332
20260305,-785.1709
20260305,-786.2247
20260305,-787.2567
20260305,-788.2886
20260305,-789.4825
20260306,-790.5133
20260306,-789.6165
20260306,-790.6565
20260306,-791.6886
20260306,-792.7218
20260306,-793.7359
20260306,-794.7785
20260306,-795.8313
20260306,-796.8679
20260309,-794.355
20260309,-795.4004
20260309,-796.4443
20260309,-797.4895
20260309,-795.886
20260309,-796.9521
20260309,-795.1828
20260309,-796.2301
20260309,-797.2675
20260309,-798.292
20260309,-799.3125
20260309,-800.3487
20260309,-801.3716
20260310,-800.1177
20260310,-801.1525
20260310,-802.217
20260310,-803.2778
20260310,-804.3721
20260310,-803.382
20260310,-804.4729
20260310,-805.5332
20260310,-800.7062
20260310,-801.9931
20260311,-799.0622
20260311,-800.1731
20260311,-801.2089
20260311,-798.613
20260311,-795.2513
20260311,-796.3316
20260311,-797.3989
20260311,-798.4253
20260312,-799.456
20260312,-800.4818
20260312,-801.5138
20260312,-800.4865
20260312,-801.5465
20260312,-802.5644
20260312,-803.6748
20260312,-804.7315
20260312,-802.0604
20260312,-803.0843
20260312,-800.8218
20260313,-797.5857
20260313,-795.2774
20260313,-791.9721
20260313,-786.2649
20260313,-787.2989
20260313,-788.3681
20260313,-787.0601
20260313,-788.1325
20260313,-786.0295
20260313,-787.0935
20260313,-788.1732
20260313,-789.2138
20260316,-790.2471
20260316,-791.3176
20260316,-792.3825
20260316,-793.5585
20260316,-794.5998
20260316,-795.6535
20260316,-790.5857
20260316,-791.6436
20260316,-792.667
20260316,-792.2168
20260316,-793.2912
20260316,-790.6688
20260316,-791.8822
20260316,-790.5991
20260316,-789.3101
20260317,-786.4767
20260317,-787.5096
20260317,-788.5865
20260317,-786.9995
20260317,-788.036
20260317,-786.4019
20260317,-787.4622
20260317,-788.559
20260317,-789.6498
20260317,-790.6732
20260317,-791.6936
20260317,-792.7847
20260318,-791.8015
20260318,-792.9384
20260318,-793.9908
20260318,-795.063
20260318,-793.8239
20260318,-792.6286
20260318,-793.6784
20260318,-794.7285
20260318,-788.4746
20260318,-786.9017
20260318,-787.9829
20260318,-789.315
20260319,-790.3864
20260319,-791.4286
20260319,-792.4955
20260319,-793.5262
20260319,-790.9081
20260319,-788.6768
20260319,-789.7219
20260319,-786.9637
20260319,-788.0753
20260319,-789.0878
20260319,-790.2051
20260319,-791.2327
20260319,-792.2732
20260319,-793.328
20260319,-794.3566
20260319,-792.5979
20260320,-790.7366
20260320,-788.8054
20260320,-789.8358
20260320,-790.9531
20260320,-787.6763
20260320,-788.7088
20260320,-789.8072
20260320,-790.8213
20260320,-791.8558
20260320,-792.8812
20260320,-793.8945
20260323,-794.9163
20260323,-793.3185
20260323,-794.3592
20260323,-795.3816
20260323,-796.4278
20260323,-797.4649
20260323,-798.5209
20260323,-799.5863
20260324,-800.5999
20260324,-801.6611
20260324,-799.3898
20260324,-800.454
20260324,-801.5054
20260324,-802.5742
20260324,-803.6082
20260324,-804.7438
20260325,-805.8649
20260325,-806.9483
20260325,-808.0146
20260325,-809.0527
20260326,-806.8499
20260326,-804.8458
20260326,-805.9104
20260326,-806.9416
20260326,-805.8916
20260326,-806.9465
20260326,-807.98
20260326,-809.0175
20260326,-806.7409
20260326,-807.7683
20260326,-806.7045
20260326,-807.7606
20260326,-808.8047
20260327,-809.8543
20260327,-810.8625
20260327,-811.917
20260327,-813.0584
20260327,-810.1649
20260327,-811.2139
20260327,-812.2366
20260327,-813.2959
20260327,-814.3162
20260327,-815.3672
20260327,-816.4553
20260327,-817.4719
20260327,-818.4882
20260327,-818.7476
20260327,-819.7799
20260330,-817.4726
20260330,-816.1145
20260330,-817.1608
20260330,-815.0044
20260330,-816.0939
20260330,-809.2893
20260330,-810.3176
20260331,-811.437
20260331,-809.723
20260331,-810.7577
20260331,-809.6575
20260331,-807.5854
20260331,-808.6239
20260331,-809.6381
20260331,-810.6905
20260331,-811.7669
20260331,-809.2088
20260331,-807.237
20260401,-808.2885
20260401,-805.6924
20260401,-803.3723
20260401,-804.3864
20260401,-802.938
20260401,-802.9374
20260401,-803.9833
20260401,-800.4412
20260401,-800.1164
20260401,-801.1731
20260401,-800.3762
20260401,-800.5836
20260401,-801.6931
20260402,-801.9863
20260402,-800.42
20260402,-801.505
20260402,-799.3628
20260402,-800.3823
20260402,-801.1974
20260402,-802.2181
20260402,-802.8219
20260406,-803.8606
20260406,-804.9076
20260406,-805.9407
20260406,-806.9609
20260406,-807.6141
20260406,-805.2975
20260406,-806.3347
20260406,-807.3694
20260406,-803.5029
20260406,-802.1345
20260407,-803.2278
20260407,-804.3436
20260407,-805.3945
20260407,-806.4938
20260407,-807.5451
20260407,-805.6161
20260407,-803.4931
20260407,-804.5616
20260407,-805.5864
20260407,-806.6055
20260408,-807.6678
20260408,-805.7058
20260408,-806.7842
20260408,-807.8169
20260408,-808.8641
20260408,-810.0533
20260408,-810.1033
20260408,-811.1658
20260408,-812.4673
20260409,-813.5309
20260409,-814.6426
20260409,-814.5237
20260409,-815.6433
20260409,-816.7337
20260410,-817.9348
20260410,-819.0434
20260410,-820.1059
20260410,-821.1308
20260410,-822.1899
20260410,-823.2033
20260410,-822.0357
20260410,-823.0582
20260410,-824.083
20260410,-825.1399
20260410,-826.1584
20260410,-827.1668
20260410,-828.258
20260410,-829.2765
20260410,-830.3107
20260413,-827.7072
20260413,-828.7847
20260413,-829.9783
20260413,-828.9934
20260413,-827.8508
20260413,-825.5868
20260413,-823.8594
20260413,-824.9068
20260413,-825.9511
20260413,-826.9894
20260413,-828.0481
20260413,-826.7854
20260413,-827.8167
20260413,-828.8787
20260413,-829.8984
20260414,-830.9669
20260414,-827.6735
20260414,-828.7126
20260414,-829.8353
20260414,-830.8876
20260414,-831.9778
20260414,-833.13
20260414,-834.2106
20260414,-835.2582
20260414,-836.4601
20260414,-837.7962
20260414,-838.8964
20260415,-836.7414
20260415,-837.7972
20260415,-836.3797
20260415,-837.6213
20260415,-838.6857
20260415,-839.7467
20260415,-840.8907
20260415,-841.9347
20260416,-843.0243
20260416,-844.1416
20260416,-840.3821
20260416,-841.4826
20260416,-842.6294
20260416,-843.7855
20260416,-842.3994
20260416,-843.541
20260416,-844.6155
20260416,-843.2544
20260417,-844.2874
20260417,-845.3262
20260417,-846.436
20260417,-847.4807
20260417,-848.5029
20260417,-849.5313
20260417,-850.5517
20260417,-848.9874
20260417,-850.0792
20260417,-843.379
20260417,-841.5743
20260420,-842.7545
20260420,-842.6775
20260420,-843.9122
20260420,-844.9927
20260420,-846.1491
20260420,-847.1831
20260421,-843.3343
20260421,-844.3727
20260421,-842.4087
20260421,-838.3572
20260421,-837.1655
20260421,-835.7967
20260421,-836.8574
20260421,-835.8389
20260421,-833.2789
20260421,-834.3582
20260421,-833.1443
20260421,-834.2738
20260421,-831.743
20260422,-829.4769
20260422,-830.5223
20260422,-831.5802
20260422,-832.6373
20260422,-833.6788
20260422,-834.7199
20260422,-835.7564
20260422,-834.0226
20260422,-835.1656
20260422,-836.2392
20260422,-837.2918
20260422,-838.3776
20260422,-839.4045
20260422,-840.4583
20260423,-841.5107
20260423,-842.5416
20260423,-843.6279
20260423,-841.416
20260423,-842.5052
20260423,-843.5667
20260423,-844.745
20260423,-845.7963
20260423,-846.9159
20260423,-845.0569
20260423,-842.667
20260423,-841.3507
20260423,-842.448
20260424,-843.5062
20260424,-844.5376
20260424,-843.239
20260424,-841.9622
20260424,-842.9968
20260424,-842.9486
20260424,-844.0205
20260424,-842.8931
20260424,-843.9311
20260424,-845.0617
20260427,-846.0904
20260427,-847.119
20260427,-848.1666
20260427,-849.1951
20260427,-850.2546
20260427,-849.7983
20260427,-846.9049
20260427,-847.9519
20260427,-848.4694
20260427,-849.5897
20260427,-850.6472
20260428,-851.6672
20260428,-848.0138
20260428,-849.0437
20260428,-850.0952
20260428,-848.6991
20260428,-845.7986
20260428,-839.3024
20260428,-840.3984
20260428,-841.4354
20260428,-841.0139
20260429,-842.0406
20260429,-843.0949
20260429,-838.6307
20260429,-839.6559
20260429,-840.7523
20260429,-841.8108
20260429,-842.898
20260429,-843.9598
20260429,-845.0324
20260429,-846.1041
20260429,-847.1351
20260430,-844.7972
20260430,-845.9063
20260430,-846.943
20260430,-847.9551
20260430,-848.9904
20260430,-850.1283
20260430,-851.2013
20260430,-852.2393
20260430,-853.274
20260430,-852.7262
20260430,-853.7555
20260430,-846.3223
20260501,-847.3492
20260501,-845.1538
20260501,-844.0561
20260501,-845.2606
20260501,-846.3839
20260501,-843.5412
20260501,-844.5693
20260501,-845.63
20260501,-846.7429
20260501,-847.7876
20260501,-848.806
20260501,-848.2499
20260504,-846.2581
20260504,-844.3319
20260504,-840.0307
20260504,-841.0739
20260504,-842.0994
20260504,-843.1299
20260504,-844.1597
20260504,-842.7535
20260504,-843.7936
20260504,-844.8243
20260504,-843.2276
20260504,-842.0308
20260505,-843.0522
20260505,-844.1005
20260505,-845.1996
20260505,-843.3431
20260505,-842.0055
20260505,-843.0542
20260505,-844.1189
20260505,-845.1844
20260505,-844.6553
20260505,-845.7061
20260505,-847.0084
20260505,-848.2428
20260506,-849.2792
20260506,-850.2951
20260506,-851.3159
20260506,-852.3394
20260506,-853.4646
20260506,-851.3327
20260506,-846.9914
20260506,-848.0553
20260507,-846.4339
20260507,-847.4616
20260507,-848.5677
20260507,-846.4962
20260507,-845.4405
20260507,-846.5428
20260507,-843.6381
20260507,-844.6646
20260507,-840.7081
20260507,-838.2564
20260507,-836.6952
20260508,-837.8001
20260508,-838.8355
20260508,-837.4941
20260508,-838.5348
20260508,-839.569
20260508,-836.9088
20260508,-838.0286
20260508,-839.0506
20260511,-840.0931
20260511,-841.1263
20260511,-842.2524
20260511,-843.3735
20260512,-842.1559
20260512,-839.3479
20260512,-839.8414
20260512,-834.7105
20260512,-832.1446
20260512,-833.2955
20260512,-834.3295
20260512,-831.6569
20260512,-832.689
20260513,-831.5173
20260513,-832.6336
20260513,-830.8739
20260513,-831.8868
20260513,-830.8927
20260513,-831.9333
20260513,-832.9925
20260513,-831.9064
20260513,-833.0436
20260513,-834.0678
20260514,-830.7796
20260514,-829.1038
20260514,-830.1724
20260514,-826.4431
20260514,-827.486
20260514,-824.4133
20260514,-825.5016
20260514,-826.5324
20260514,-820.7931
20260514,-814.0576
20260514,-815.1686
20260514,-816.3637
20260515,-817.4692
20260515,-814.9382
20260515,-813.3598
20260515,-814.3841
20260515,-812.7517
20260515,-813.7714
20260515,-814.8186
20260515,-815.8737
20260515,-816.9664
20260515,-818.1049
20260515,-819.2791
20260515,-820.3677
20260515,-821.4537
20260518,-820.1563
20260518,-821.2091
20260518,-822.233
20260518,-823.2511
20260518,-824.282
20260518,-825.3357
20260518,-824.3139
20260518,-823.0485
20260518,-824.1279
20260518,-825.1686
20260518,-826.1855
20260518,-827.2554
20260519,-826.2946
20260519,-827.3671
20260519,-828.3889
20260519,-829.4017
20260519,-830.4327
20260519,-829.0532
20260519,-830.1189
20260519,-828.0515
20260520,-829.0848
20260520,-830.1377
20260520,-829.0209
20260520,-830.0461
20260520,-831.1459
20260520,-832.1917
20260520,-833.2339
20260520,-834.2821
20260521,-827.2661
20260521,-828.2748
20260521,-829.3085
20260521,-830.3815
20260521,-831.4003
20260521,-832.4452
20260521,-833.4989
20260521,-834.5248
20260522,-830.3566
20260522,-827.4037
20260522,-823.2291
20260522,-824.3282
20260522,-825.3411
20260522,-826.448
20260522,-823.46
20260522,-819.053
20260522,-816.8727
20260522,-818.2506
20260522,-819.2721
20260526,-820.3728
20260526,-821.4312
20260526,-822.4482
20260526,-820.305
20260526,-820.7955
20260526,-821.9849
20260526,-823.0439
20260526,-820.6194
20260526,-817.8821
20260526,-815.3959
20260527,-816.4229
20260527,-817.4555
20260527,-818.5116
20260527,-819.5463
20260527,-818.3053
20260527,-819.346
20260527,-820.4575
20260527,-815.4795
20260527,-812.7521
20260528,-813.8621
20260528,-810.9981
20260528,-810.0056
20260528,-808.0787
20260528,-805.242
20260528,-806.4886
20260528,-806.0835
20260528,-807.1008
20260528,-808.1437
20260528,-809.1716
20260528,-810.204
20260528,-811.4182
20260529,-812.4501
20260529,-813.6133
20260529,-814.6498
20260529,-813.4303
20260529,-814.5035
20260529,-815.5328
20260601,-816.7107
20260601,-814.2855
20260601,-812.1082
20260601,-813.158
20260601,-810.7156
20260601,-809.9125
20260601,-809.1297
20260601,-806.0486
20260601,-807.0909
20260602,-808.1908
20260602,-809.2405
20260602,-810.3914
20260602,-811.4177
20260602,-812.4332
20260602,-813.5518
20260602,-814.7748
20260602,-815.8398
20260603,-816.8711
20260603,-817.8856
20260603,-818.9608
20260603,-818.0839
20260603,-819.109
20260603,-820.1711
20260603,-821.1924
20260603,-821.2278
20260603,-822.2698
20260604,-823.3212
20260604,-817.5115
20260604,-818.5428
20260604,-819.5921
20260605,-820.6377
20260605,-821.6886
20260605,-822.8573
20260605,-823.9215
20260605,-824.9334
20260605,-826.011
20260608,-824.4854
20260608,-822.2785
20260608,-817.2113
20260608,-818.2434
20260608,-816.6477
20260608,-817.7273
20260608,-818.775
20260608,-820.0083
20260608,-819.5792
20260609,-817.5572
20260609,-816.5894
20260609,-814.1645
20260609,-812.4156
20260609,-813.4946
20260609,-812.2821
20260609,-813.3189
20260609,-814.3528
20260609,-815.3858
20260609,-816.4086
20260610,-812.1713
20260610,-813.3001
20260610,-809.986
20260610,-811.0138
20260610,-808.3326
20260610,-803.8213
20260610,-800.4218
20260610,-801.428
20260610,-802.4605
20260610,-803.4726
20260610,-804.5191
20260610,-803.3187
20260610,-804.36
20260610,-805.4234
20260610,-806.4999
20260611,-807.5523
20260611,-808.5846
20260611,-809.6042
20260611,-806.1632
20260611,-807.2224
20260611,-808.2449
20260611,-809.3093
20260611,-808.2134
20260611,-809.249
20260611,-802.6506
20260611,-803.6684
20260611,-804.6941
20260612,-805.7876
20260612,-803.5221
20260612,-804.5419
20260612,-805.5725
20260612,-806.6116
20260612,-807.7119
20260612,-808.7215
20260612,-808.1285
20260612,-808.8197
20260615,-809.8691
20260615,-810.925
20260615,-811.9712
20260615,-813.0213
20260615,-809.0485
20260615,-810.0864
20260615,-811.1112
20260615,-812.1393
20260615,-813.2268
20260615,-814.3144
20260615,-811.3303
20260615,-812.3526
20260616,-809.3215
20260616,-807.0329
20260616,-808.1763
20260616,-805.083
20260616,-806.153
20260616,-805.0924
20260616,-806.1162
20260616,-807.1356
20260616,-808.1844
20260616,-806.5515
20260616,-807.5666
20260616,-803.418
20260616,-803.3264
20260616,-804.3836
20260617,-800.6698
20260617,-801.689
20260617,-802.7306
20260617,-800.469
20260617,-801.4851
20260617,-799.7251
20260617,-796.1452
20260617,-793.0027
20260617,-790.9577
20260617,-789.6662
20260617,-790.6942
20260617,-791.7532
20260617,-790.2055
20260617,-786.7594
20260617,-787.8834
20260618,-788.9118
20260618,-790.0211
20260618,-791.0583
20260618,-787.6157
20260618,-785.8626
20260618,-786.9689
20260618,-788.0069
20260618,-789.03
20260618,-790.067
20260618,-790.2685
20260622,-787.7962
20260622,-786.5883
20260622,-785.2294
20260622,-784.1594
20260622,-785.1909
20260622,-786.2488
20260622,-787.2979
20260622,-788.3758
20260622,-789.4846
20260622,-788.8418
20260623,-789.8674
20260623,-786.1436
20260623,-787.1724
20260623,-788.3261
20260623,-789.3863
20260623,-790.4631
20260623,-791.4954
20260623,-792.5657
20260623,-792.038
20260623,-793.1115
20260623,-792.0579
20260624,-791.3846
20260624,-792.4124
20260624,-793.4695
20260624,-791.8176
20260624,-790.6624
20260624,-791.7112
20260624,-788.5864
20260624,-789.6298
20260624,-790.7011
20260624,-791.7797
20260624,-792.8225
20260625,-793.9797
20260625,-795.0622
20260625,-792.0558
20260625,-790.9368
20260625,-792.0211
20260625,-791.461
20260625,-792.5116
20260625,-793.5823
20260625,-793.8124
20260626,-794.83
20260626,-793.4937
20260626,-794.527
20260626,-795.5966
20260626,-796.6304
20260626,-797.6461
20260626,-798.743
20260626,-799.798
20260626,-800.9119
20260629,-801.9649
20260629,-803.0474
20260629,-800.3555
20260629,-801.4014
20260629,-798.0752
20260629,-796.8279
20260629,-794.6964
20260629,-795.8033
20260629,-796.8447
20260629,-797.8861
20260630,-798.912
20260630,-799.9405
20260630,-800.9956
20260630,-802.0334
20260630,-799.316
20260630,-800.3538
20260630,-801.3917
20260701,-799.8582
20260701,-797.9898
20260701,-799.0953
20260701,-800.1154
20260701,-801.1717
20260701,-802.2521
20260701,-803.267
20260701,-803.1366
20260701,-804.1523
20260701,-805.1724
20260702,-806.2509
20260702,-807.2926
20260702,-805.3686
20260702,-806.4374
20260702,-804.7946
20260702,-802.5892
20260702,-803.6526
20260702,-804.7008
20260702,-805.7193
20260702,-806.7988
20260706,-807.8558
20260706,-808.8786
20260706,-809.8952
20260706,-807.7929
20260706,-808.8302
20260706,-807.6586
20260707,-808.6977
20260707,-809.7244
20260707,-810.743
20260707,-808.8612
20260707,-809.8914
20260707,-808.4396
20260707,-807.0002
20260707,-808.073
20260707,-809.0896
20260707,-810.2205
20260707,-811.3863
20260707,-812.4271
20260707,-809.12
20260707,-810.164
20260707,-811.264
20260708,-807.5629
20260708,-805.0599
20260708,-806.0791
20260708,-807.0898
20260708,-806.5432
20260708,-807.5848
20260708,-808.617
20260708,-809.7575
20260708,-810.8174
20260708,-809.9331
20260708,-810.9909
20260708,-808.3188
20260708,-809.3692
20260708,-810.4524
20260708,-811.4878
20260709,-812.582
20260709,-813.6271
20260709,-814.6617
20260709,-815.6797
20260709,-816.7041
20260709,-815.6952
20260709,-813.3015
20260709,-811.6125
20260709,-812.8016
20260709,-811.4645
20260709,-812.4813
20260710,-813.6404
20260710,-813.6963
20260710,-814.7997
20260710,-815.8346
20260710,-817.027
20260710,-818.0938
20260710,-819.2405
20260710,-817.7824
20260710,-817.5775
20260710,-817.2006
20260713,-818.2541
20260713,-819.4749
20260713,-820.4993
20260713,-821.5511
20260713,-822.5915
20260713,-823.6625
20260713,-821.4516
20260713,-822.528
20260713,-823.5787
20260713,-820.4416
20260713,-814.774
20260713,-809.3834
20260713,-810.4079
20260714,-808.0893
20260714,-806.1801
20260714,-807.2008
20260714,-808.2196
20260714,-807.2196
20260714,-807.6542
20260714,-808.6976
20260715,-809.7248
20260715,-807.3733
20260715,-802.9165
20260715,-804.0262
20260715,-801.9557
20260715,-802.9745
20260715,-803.9917
20260715,-805.0935
20260715,-806.1109
20260715,-806.0767
20260715,-807.1091
20260715,-803.3816
20260715,-804.4264
20260716,-801.4064
20260716,-802.4288
20260716,-803.4503
20260716,-802.339
20260716,-800.3446
20260716,-796.7112
20260716,-797.7622
20260716,-798.7685
20260716,-796.4766
20260716,-794.0628
20260716,-795.1072
20260717,-793.4765
20260717,-794.5288
20260717,-795.5844
20260717,-793.8118
20260717,-794.8814
20260717,-795.8918
20260717,-796.982
20260717,-798.2216
20260720,-796.1971
20260720,-794.1923
20260720,-795.2264
20260720,-796.2668
20260720,-797.3424
20260720,-798.4575
20260720,-799.5755
20260720,-800.5933
20260720,-801.6403
20260721,-802.6711
20260721,-801.5721
20260721,-802.7354
20260721,-803.7699
20260721,-804.9148
20260721,-805.9673
20260721,-807.0626
20260721,-808.0979
20260721,-804.8749
20260721,-805.9101
20260722,-806.9241
20260722,-807.9933
20260722,-804.8139
20260722,-805.9377
20260722,-807.0197
20260722,-808.0411
20260722,-809.3493
20260723,-807.2902
20260723,-805.6225
20260723,-804.0037
20260723,-803.7268
20260723,-804.8014
20260723,-802.705
20260723,-803.7851
20260723,-804.812
20260724,-805.8435
20260724,-806.9369
20260724,-808.052
20260724,-809.0718
20260724,-807.8692
20260724,-808.8897
20260724,-809.0024
20260724,-810.0584
20260724,-811.1629
20260724,-809.1719
20260727,-810.2969
20260727,-811.3821
20260727,-812.4088
20260727,-813.4728
20260727,-814.5234
20260728,-812.818
20260728,-813.8596
20260728,-814.9129
20260728,-815.9404
20260728,-811.6822
20260728,-812.7162
20260728,-810.6336
20260728,-811.6489
20260728,-810.4729
20260728,-811.5275
20260728,-812.6578
20260728,-813.7004
20260728,-814.715
20260728,-815.7467
20260728,-816.782
20260728,-817.8186
20260728,-818.9928
20260728,-820.0221
20260729,-818.448
20260729,-819.4775
20260729,-820.5004
20260729,-821.5395
20260729,-822.5668
20260729,-823.6094
20260729,-824.635
20260729,-823.3675
20260730,-820.2805
20260730,-817.6983
20260730,-818.7347
20260730,-819.7882
20260730,-820.8192
20260730,-821.8665
20260730,-823.0247
20260731,-824.0705
20260731,-825.084
20260731,-826.2782
20260803,-827.3178
20260803,-828.3642
20260803,-829.475
20260803,-826.977
20260803,-824.9534
20260803,-825.9743
20260803,-826.9912
20260803,-826.0427
20260803,-827.0733
20260803,-824.7381
20260803,-825.8342
20260804,-827.0319
20260804,-824.042
20260804,-821.5818
20260804,-822.695
20260804,-823.7268
20260804,-824.8759
20260804,-825.9503
20260805,-827.0263
20260805,-825.246
20260805,-826.2659
20260805,-827.3952
20260805,-828.5316
20260805,-829.5598
20260805,-827.4138
20260805,-826.0617
20260805,-827.2103
20260805,-820.6537
20260805,-817.6156
20260805,-818.627
20260806,-812.7618
20260806,-813.8981
20260806,-814.9702
20260806,-816.0129
20260807,-815.0734
20260807,-814.1478
20260807,-815.208
20260807,-816.2224
20260807,-817.2698
20260810,-818.3629
20260810,-819.4038
20260810,-817.0442
20260810,-815.6995
20260810,-816.9227
20260810,-817.9361
20260810,-818.946
20260810,-820.0417
20260810,-821.084
20260810,-822.1257
20260810,-820.2665
20260810,-821.3256
20260810,-822.1589
20260810,-823.2098
20260810,-824.354
20260811,-823.4026
20260811,-824.4126
20260811,-825.4727
20260811,-824.4448
20260811,-825.5106
20260811,-826.544
20260811,-825.1493
20260811,-824.2098
20260811,-825.2391
20260811,-826.3389
20260811,-827.6509
20260811,-828.7055
20260812,-829.8407
20260812,-830.9165
20260812,-831.9456
20260812,-833.0396
20260812,-834.1434
20260812,-835.2136
20260812,-836.2323
20260812,-837.338
20260812,-835.7392
20260813,-834.4526
20260813,-829.5307
20260813,-830.5489
20260813,-831.7862
20260813,-829.9011
20260813,-828.0867
20260813,-829.1416
20260813,-830.1788
20260814,-831.3358
20260814,-832.5392
20260814,-831.5596
20260814,-832.5752
20260814,-833.6208
20260814,-832.2468
20260814,-830.6743
20260814,-832.1248
20260814,-833.1686
20260814,-831.5522
20260814,-832.5707
20260814,-830.8356
20260814,-831.8786
20260814,-832.9441
20260817,-831.1251
20260817,-832.1661
20260817,-833.2112
20260817,-834.2481
20260817,-832.2827
20260817,-833.2974
20260817,-833.6017
20260817,-834.7851
20260817,-835.9698
20260817,-837.0382
20260818,-838.0895
20260818,-839.2001
20260818,-835.967
20260818,-837.0563
20260818,-838.1134
20260818,-839.1665
20260818,-840.3524
20260818,-838.093
20260818,-839.263
20260818,-840.3254
20260819,-841.4503
20260819,-842.5298
20260819,-839.3816
20260819,-838.23
20260819,-839.3072
20260819,-839.4016
20260819,-840.4338
20260819,-841.4641
20260819,-842.5199
20260819,-843.6547
20260819,-841.8556
20260820,-839.5017
20260820,-836.6285
20260820,-837.6602
20260820,-836.5663
20260820,-837.6485
20260820,-838.7599
20260821,-839.8304
20260821,-840.9929
20260821,-838.2467
20260821,-836.4816
20260821,-834.8067
20260821,-835.9581
20260821,-837.0014
20260821,-838.0293
20260821,-839.0706
20260821,-840.162
20260821,-841.4267
20260824,-839.6838
20260824,-840.7542
20260824,-841.8137
20260824,-842.8976
20260824,-843.9217
20260824,-844.9589
20260824,-845.9913
20260824,-847.0165
20260824,-848.0641
20260824,-849.1028
20260824,-850.232
20260824,-851.2805
20260824,-852.321
20260824,-853.348
20260824,-854.413
20260824,-855.4568
20260825,-856.5291
20260825,-855.1817
20260825,-854.0928
20260825,-855.1597
20260825,-856.2664
20260825,-857.3356
20260825,-857.4922
20260825,-858.5262
20260826,-859.6624
20260826,-860.7468
20260826,-858.7375
20260826,-859.7613
20260826,-860.8917
20260826,-860.0758
20260826,-855.5456
20260826,-856.5863
20260826,-857.6722
20260826,-858.7129
20260827,-859.8181
20260827,-857.7664
20260827,-858.7847
20260827,-859.8022
20260827,-860.8278
20260827,-857.7983
20260827,-858.9794
20260827,-858.2294
20260827,-859.264
20260828,-857.1171
20260828,-858.1807
20260828,-859.2271
20260828,-860.2811
20260828,-861.3962
20260828,-862.5536
20260828,-863.6228
20260828,-864.6844
20260828,-865.7377
20260828,-866.7454