day,equity,daily_return,exposure_ratio
20120103,98923.75,-0.010763,2.7741
20120104,100583.43,0.016777,4.0000
20120105,99510.61,-0.010666,2.4273
20120106,98427.47,-0.010885,4.0000
20120109,99491.80,0.010813,3.7118
20120110,98702.23,-0.007936,4.0000
20120111,97705.29,-0.010100,4.0000
20120112,97225.27,-0.004913,4.0000
20120113,96147.55,-0.011085,3.9790
20120117,95546.20,-0.006254,4.0000
20120118,91041.63,-0.047146,4.0000
20120119,90297.44,-0.008174,4.0000
20120120,89378.22,-0.010180,4.0000
20120123,88589.93,-0.008820,4.0000
20120124,88994.69,0.004569,4.0000
20120125,88049.02,-0.010626,2.3454
20120126,87077.86,-0.011030,3.8790
20120127,87748.91,0.007706,3.6276
20120130,86791.68,-0.010909,3.3950
20120131,86208.20,-0.006723,4.0000
20120201,85517.02,-0.008018,4.0000
20120202,84834.30,-0.007983,4.0000
20120203,84834.30,0.000000,0.0000
20120206,84051.32,-0.009230,4.0000
20120207,83144.76,-0.010786,2.9976
20120208,82490.48,-0.007869,4.0000
20120209,81739.35,-0.009106,4.0000
20120210,80848.67,-0.010897,3.4378
20120213,80166.70,-0.008435,4.0000
20120214,80166.70,0.000000,0.0000
20120215,79500.76,-0.008307,4.0000
20120216,78930.36,-0.007175,4.0000
20120217,78075.27,-0.010833,3.2317
20120221,77546.20,-0.006776,4.0000
20120222,76703.24,-0.010870,4.0000
20120223,75962.95,-0.009651,4.0000
20120224,75474.00,-0.006437,4.0000
20120227,74795.44,-0.008991,4.0000
20120228,74795.44,0.000000,0.0000
20120229,74366.32,-0.005737,4.0000
20120301,73570.15,-0.010706,4.0000
20120302,73016.99,-0.007519,4.0000
20120305,72507.34,-0.006980,4.0000
20120306,72507.34,0.000000,0.0000
20120307,71994.72,-0.007070,4.0000
20120308,71994.72,0.000000,0.0000
20120309,71611.12,-0.005328,4.0000
20120312,71196.42,-0.005791,4.0000
20120313,70485.25,-0.009989,4.0000
20120314,69710.06,-0.010998,3.9879
20120315,68950.70,-0.010893,3.5645
20120316,68192.23,-0.011000,3.9906
20120319,68192.23,0.000000,0.0000
20120320,67442.11,-0.011000,3.9912
20120321,67026.93,-0.006156,4.0000
20120322,66291.58,-0.010971,3.8950
20120323,66278.15,-0.000203,4.0000
20120326,65910.61,-0.005545,4.0000
20120327,65587.30,-0.004905,4.0000
20120328,65112.70,-0.007236,4.0000
20120329,64637.33,-0.007301,4.0000
20120330,66032.01,0.021577,4.0000
20120402,65508.83,-0.007923,4.0000
20120403,64996.88,-0.007815,4.0000
20120404,65866.59,0.013381,3.8218
20120405,67458.03,0.024162,4.0000
20120409,66731.53,-0.010770,3.0921
20120410,66015.04,-0.010737,2.9698
20120411,65301.63,-0.010807,3.2196
20120412,65301.63,0.000000,0.0000
20120413,64586.89,-0.010945,3.7816
20120416,67829.47,0.050205,3.7581
20120417,67829.47,0.000000,0.0000
20120418,67829.47,0.000000,0.0000
20120419,67243.42,-0.008640,4.0000
20120420,66525.64,-0.010674,2.6777
20120423,65819.99,-0.010607,2.3842
20120424,65096.60,-0.010990,3.9089
20120425,66032.21,0.014373,3.4067
20120426,65309.70,-0.010942,3.7671
20120427,64809.46,-0.007659,4.0000
20120430,64255.62,-0.008546,4.0000
20120501,64505.99,0.003896,3.3957
20120502,63834.26,-0.010413,4.0000
20120503,66260.09,0.038002,4.0000
20120504,66260.09,0.000000,0.0000
20120507,66868.39,0.009180,2.7289
20120508,66140.76,-0.010881,3.4608
20120509,65423.57,-0.010844,3.2930
20120510,66290.77,0.013255,3.4564
20120511,66597.35,0.004625,4.0000
20120514,65875.91,-0.010833,3.2477
20120515,65202.19,-0.010227,4.0000
20120516,64492.74,-0.010881,4.0000
20120517,64492.74,0.000000,0.0000
20120518,63788.56,-0.010919,3.5014
20120521,63107.21,-0.010681,2.5889
20120522,62572.58,-0.008472,4.0000
20120523,61897.69,-0.010786,2.9971
20120524,62595.32,0.011271,2.5366
20120525,61904.41,-0.011038,3.9857
20120529,61246.07,-0.010635,2.4350
20120530,60591.52,-0.010687,2.6296
20120531,60154.22,-0.007217,4.0000
20120601,59529.41,-0.010387,1.4736
20120604,58906.51,-0.010464,1.7587
20120605,59741.09,0.014168,3.1021
20120606,62081.14,0.039170,2.9939
20120607,64947.49,0.046171,4.0000
20120608,64241.45,-0.010871,3.3294
20120611,66731.98,0.038768,2.0592
20120612,66006.59,-0.010870,3.3420
20120613,65282.04,-0.010977,3.7440
20120614,64580.25,-0.010750,2.8656
20120615,66636.07,0.031833,4.0000
20120618,66636.07,0.000000,0.0000
20120619,67540.46,0.013572,4.0000
20120620,66816.00,-0.010726,2.8364
20120621,66816.00,0.000000,0.0000
20120622,66082.42,-0.010979,3.7881
20120625,67313.84,0.018635,2.4426
20120626,66827.57,-0.007224,4.0000
20120627,66221.57,-0.009068,4.0000
20120628,65934.04,-0.004342,1.3300
20120629,65234.22,-0.010614,2.3747
20120702,64534.53,-0.010726,2.8295
20120703,64041.49,-0.007640,4.0000
20120705,63344.51,-0.010883,3.4789
20120706,65060.58,0.027091,4.0000
20120709,64362.85,-0.010724,2.8353
20120710,63664.90,-0.010844,3.3124
20120711,62965.74,-0.010982,3.7961
20120712,62350.54,-0.009770,4.0000
20120713,64248.26,0.030436,3.1974
20120716,63548.12,-0.010897,4.0000
20120717,63117.97,-0.006769,4.0000
20120718,65139.99,0.032036,2.6919
20120719,64436.61,-0.010798,3.1466
20120720,66393.47,0.030369,3.1427
20120723,65697.35,-0.010485,1.8641
20120724,67415.53,0.026153,3.4062
20120725,66704.41,-0.010548,2.1175
20120726,65993.11,-0.010663,2.5850
20120727,65277.25,-0.010848,4.0000
20120730,64585.53,-0.010597,2.3599
20120731,63888.13,-0.010798,3.1485
20120801,65799.28,0.029914,4.0000
20120802,65106.09,-0.010535,2.0957
20120803,64393.99,-0.010938,3.7009
20120806,64393.99,0.000000,0.0000
20120807,63916.24,-0.007419,4.0000
20120808,63518.55,-0.006222,4.0000
20120809,62896.90,-0.009787,4.0000
20120810,62506.27,-0.006211,4.0000
20120813,61969.30,-0.008591,4.0000
20120814,61292.25,-0.010926,4.0000
20120815,61312.69,0.000334,3.4154
20120816,60827.99,-0.007905,4.0000
20120817,60164.94,-0.010900,3.6409
20120820,60164.94,0.000000,0.0000
20120821,59505.94,-0.010953,3.8873
20120822,58860.06,-0.010854,3.4500
20120823,58258.88,-0.010214,4.0000
20120824,57781.72,-0.008190,4.0000
20120827,57195.13,-0.010152,4.0000
20120828,56679.99,-0.009007,4.0000
20120829,56187.68,-0.008686,4.0000
20120830,55575.21,-0.010901,3.6393
20120831,54969.37,-0.010901,3.6481
20120904,54409.21,-0.010191,4.0000
20120905,53982.31,-0.007846,4.0000
20120906,55312.52,0.024641,2.2396
20120907,54783.16,-0.009570,4.0000
20120910,54783.16,0.000000,0.0000
20120911,54260.56,-0.009539,4.0000
20120912,53901.56,-0.006616,4.0000
20120913,53544.27,-0.006629,4.0000
20120914,54359.32,0.015222,4.0000
20120917,53879.13,-0.008834,3.5554
20120918,54235.51,0.006614,4.0000
20120919,53640.97,-0.010962,3.9620
20120920,53205.61,-0.008116,4.0000
20120921,52951.77,-0.004771,4.0000
20120924,52951.77,0.000000,0.0000
20120925,52515.02,-0.008248,4.0000
20120926,52106.16,-0.007785,4.0000
20120927,51728.73,-0.007243,4.0000
20120928,51728.73,0.000000,0.0000
20121001,51088.28,-0.012381,3.5076
20121002,51088.28,0.000000,0.0000
20121003,50632.68,-0.008918,4.0000
20121004,50328.64,-0.006005,4.0000
20121005,49941.90,-0.007684,4.0000
20121008,49409.70,-0.010656,2.6610
20121009,48884.45,-0.010630,2.5455
20121010,48553.93,-0.006761,4.0000
20121011,48111.17,-0.009119,4.0000
20121012,47726.88,-0.007987,4.0000
20121015,47261.77,-0.009745,4.0000
20121016,46943.36,-0.006737,4.0000
20121017,46489.68,-0.009664,4.0000
20121018,46178.76,-0.006688,4.0000
20121019,48342.89,0.046864,2.4212
20121022,47816.54,-0.010888,3.5270
20121023,47397.96,-0.008754,4.0000
20121024,46957.05,-0.009302,4.0000
20121025,46957.05,0.000000,0.0000
20121026,46443.52,-0.010936,3.6856
20121031,46443.52,0.000000,0.0000
20121101,46443.52,0.000000,0.0000
20121102,48491.37,0.044093,3.3577
20121105,47972.61,-0.010698,2.7618
20121106,47445.15,-0.010995,3.9358
20121107,46934.36,-0.010766,3.0097
20121108,46421.31,-0.010931,3.6542
20121109,46651.20,0.004952,3.5919
20121112,46204.74,-0.009570,4.0000
20121113,46204.74,0.000000,0.0000
20121114,45817.70,-0.008377,4.0000
20121115,45398.88,-0.009141,4.0000
20121116,44921.61,-0.010513,1.9541
20121119,46994.85,0.046152,4.0000
20121120,46478.67,-0.010984,3.8215
20121121,45973.04,-0.010879,3.4312
20121123,47152.62,0.025658,3.8725
20121126,46794.12,-0.007603,4.0000
20121127,46411.48,-0.008177,4.0000
20121128,46086.87,-0.006994,4.0000
20121129,45596.22,-0.010646,2.5750
20121130,45200.41,-0.008681,4.0000
20121203,46624.60,0.031508,4.0000
20121204,46120.95,-0.010802,3.1718
20121205,47386.48,0.027440,3.9254
20121206,48380.43,0.020975,2.6281
20121207,50172.22,0.037035,4.0000
20121210,50573.08,0.007990,3.3053
20121211,51192.37,0.012245,3.2602
20121212,52234.74,0.020362,4.0000
20121213,51677.26,-0.010673,2.6752
20121214,51121.12,-0.010762,2.9881
20121217,53414.92,0.044870,4.0000
20121218,52831.29,-0.010926,3.6691
20121219,52503.65,-0.006202,4.0000
20121220,51928.91,-0.010947,4.0000
20121221,51928.91,0.000000,0.0000
20121224,51536.51,-0.007556,4.0000
20121226,52954.68,0.027518,4.0000
20121227,52382.92,-0.010797,3.1174
20121228,51810.42,-0.010929,3.6329
20121231,54631.52,0.054451,2.6997
20130102,54056.46,-0.010526,2.1158
20130103,53467.48,-0.010896,3.5893
20130104,53713.17,0.004595,4.0000
20130107,53132.77,-0.010806,3.2064
20130108,52739.88,-0.007394,4.0000
20130109,52255.32,-0.009188,4.0000
20130110,52255.32,0.000000,0.0000
20130111,51839.46,-0.007958,4.0000
20130114,51488.52,-0.006770,4.0000
20130115,50951.85,-0.010423,4.0000
20130116,50697.12,-0.004999,4.0000
20130117,50324.98,-0.007340,4.0000
20130118,49781.10,-0.010807,3.2455
20130122,49781.10,0.000000,0.0000
20130123,49475.84,-0.006132,4.0000
20130124,48943.21,-0.010766,3.0717
20130125,48464.02,-0.009791,4.0000
20130128,48049.70,-0.008549,4.0000
20130129,47522.83,-0.010965,4.0000
20130130,47001.30,-0.010974,3.9093
20130131,46710.88,-0.006179,4.0000
20130201,46423.52,-0.006152,4.0000
20130204,46027.42,-0.008532,4.0000
20130205,46027.42,0.000000,0.0000
20130206,45689.03,-0.007352,4.0000
20130207,45353.40,-0.007346,4.0000
20130208,46013.49,0.014554,4.0000
20130211,45705.79,-0.006687,4.0000
20130212,45399.84,-0.006694,4.0000
20130213,45084.28,-0.006951,4.0000
20130214,45660.76,0.012787,4.0000
20130215,45660.76,0.000000,0.0000
20130219,46268.82,0.013317,4.0000
20130220,46268.82,0.000000,0.0000
20130221,45982.73,-0.006183,4.0000
20130222,45671.15,-0.006776,4.0000
20130225,45171.15,-0.010948,3.8324
20130226,44754.53,-0.009223,4.0000
20130227,44754.53,0.000000,0.0000
20130228,44399.73,-0.007928,4.0000
20130301,43913.79,-0.010945,3.7761
20130304,43513.00,-0.009127,4.0000
20130305,44754.54,0.028533,4.0000
20130306,45282.45,0.011796,3.9304
20130307,44942.86,-0.007499,4.0000
20130308,45194.06,0.005589,4.0000
20130311,44867.97,-0.007215,4.0000
20130312,44675.23,-0.004296,4.0000
20130313,44187.01,-0.010928,3.7736
20130314,43908.11,-0.006312,4.0000
20130315,44238.84,0.007532,4.0000
20130318,44238.84,0.000000,0.0000
20130319,43896.76,-0.007732,4.0000
20130320,43841.00,-0.001270,3.6750
20130321,43445.86,-0.009013,4.0000
20130322,44098.06,0.015012,4.0000
20130325,43766.79,-0.007512,4.0000
20130326,43766.79,0.000000,0.0000
20130327,43766.79,0.000000,0.0000
20130328,43451.65,-0.007200,4.0000
20130401,43451.65,0.000000,0.0000
20130402,43643.78,0.004422,4.0000
20130403,43306.11,-0.007737,4.0000
20130404,43068.67,-0.005483,4.0000
20130405,43068.67,0.000000,0.0000
20130408,42780.66,-0.006687,4.0000
20130409,43258.75,0.011175,4.0000
20130410,45293.29,0.047032,3.5081
20130411,45010.34,-0.006247,4.0000
20130412,44614.17,-0.008802,3.6357
20130415,44270.60,-0.007701,4.0000
20130416,44029.59,-0.005444,4.0000
20130417,43686.73,-0.007787,4.0000
20130418,45138.24,0.033225,2.5510
20130419,46332.65,0.026461,2.8485
20130422,46654.58,0.006948,2.3101
20130423,46146.23,-0.010896,4.0000
20130424,45651.81,-0.010714,2.9301
20130425,45596.29,-0.001216,3.5429
20130426,45271.34,-0.007127,4.0000
20130429,46038.29,0.016941,4.0000
20130430,45558.98,-0.010411,4.0000
20130501,45136.46,-0.009274,4.0000
20130502,46622.35,0.032920,3.7761
20130503,46714.41,0.001975,4.0000
20130506,46728.19,0.000295,3.8655
20130507,46728.19,0.000000,0.0000
20130508,46224.79,-0.010773,4.0000
20130509,45806.34,-0.009053,4.0000
20130510,46218.29,0.008993,3.3526
20130513,45801.62,-0.009015,4.0000
20130514,46289.82,0.010659,4.0000
20130515,45795.75,-0.010674,2.8597
20130516,45411.87,-0.008382,4.0000
20130517,45799.94,0.008546,3.9553
20130520,45343.64,-0.009963,4.0000
20130521,44916.71,-0.009415,4.0000
20130522,46284.89,0.030460,4.0000
20130523,46607.82,0.006977,2.1691
20130524,46100.90,-0.010876,3.7037
20130528,46586.58,0.010535,4.0000
20130529,46092.43,-0.010607,4.0000
20130530,46605.80,0.011138,4.0000
20130531,46098.76,-0.010879,3.7369
20130603,45759.53,-0.007359,4.0000
20130604,45259.58,-0.010926,3.9292
20130605,44769.29,-0.010833,3.5134
20130606,44284.43,-0.010830,3.4878
20130607,43834.07,-0.010170,4.0000
20130610,43355.12,-0.010926,3.9161
20130611,42881.59,-0.010922,3.8725
20130612,45572.33,0.062748,4.0000
20130613,45074.74,-0.010919,3.8324
20130614,45783.86,0.015732,4.0000
20130617,45320.90,-0.010112,4.0000
20130618,45895.04,0.012668,3.3718
20130619,45895.04,0.000000,0.0000
20130620,45551.65,-0.007482,4.0000
20130621,45551.65,0.000000,0.0000
20130624,45067.14,-0.010636,2.6091
20130625,44672.98,-0.008746,4.0000
20130626,44372.85,-0.006718,4.0000
20130627,44063.65,-0.006968,4.0000
20130628,43656.42,-0.009242,4.0000
20130701,43183.67,-0.010829,3.4725
20130702,42764.12,-0.009716,4.0000
20130703,43781.17,0.023783,4.0000
20130705,43317.06,-0.010601,2.5169
20130708,43853.02,0.012373,4.0000
20130709,43384.86,-0.010676,4.0000
20130710,44180.32,0.018335,4.0000
20130711,45546.30,0.030918,4.0000
20130712,45340.02,-0.004529,4.0000
20130715,44990.58,-0.007707,4.0000
20130716,44668.34,-0.007162,4.0000
20130717,44348.57,-0.007159,4.0000
20130718,44077.99,-0.006101,4.0000
20130719,43910.75,-0.003794,3.7752
20130722,43910.75,0.000000,0.0000
20130723,45213.45,0.029667,4.0000
20130724,46119.29,0.020035,4.0000
20130725,45687.40,-0.009365,4.0000
20130726,45310.13,-0.008258,4.0000
20130729,44985.11,-0.007173,4.0000
20130730,44734.44,-0.005572,4.0000
20130731,44247.30,-0.010889,3.8441
20130801,43982.06,-0.005995,4.0000
20130802,43982.06,0.000000,0.0000
20130805,43982.06,0.000000,0.0000
20130806,43718.35,-0.005996,4.0000
20130807,43431.25,-0.006567,4.0000
20130808,43011.63,-0.009662,4.0000
20130809,42641.13,-0.008614,4.0000
20130812,43456.54,0.019123,4.0000
20130813,43127.67,-0.007568,4.0000
20130814,43127.67,0.000000,0.0000
20130815,43517.73,0.009044,3.1886
20130816,43206.01,-0.007163,4.0000
20130819,42737.13,-0.010852,4.0000
20130820,42929.11,0.004492,4.0000
20130821,42468.13,-0.010738,3.1830
20130822,43038.57,0.013432,4.0000
20130823,42597.21,-0.010255,4.0000
20130826,42318.72,-0.006538,4.0000
20130827,41867.73,-0.010657,2.8414
20130828,42062.12,0.004643,3.0420
20130829,42465.90,0.009600,2.3812
20130830,43394.33,0.021863,4.0000
20130903,42936.33,-0.010554,2.4052
20130904,42574.59,-0.008425,4.0000
20130905,42496.23,-0.001841,4.0000
20130906,42064.78,-0.010153,4.0000
20130909,42768.89,0.016739,3.5568
20130910,42472.00,-0.006942,4.0000
20130911,42023.53,-0.010559,4.0000
20130912,41774.75,-0.005920,4.0000
20130913,41548.41,-0.005418,4.0000
20130916,43059.40,0.036367,4.0000
20130917,43554.00,0.011486,4.0000
20130918,43554.00,0.000000,0.0000
20130919,43554.00,0.000000,0.0000
20130920,43178.76,-0.008616,4.0000
20130923,42838.90,-0.007871,4.0000
20130924,42522.16,-0.007394,4.0000
20130925,42064.96,-0.010752,3.3066
20130926,41690.69,-0.008898,4.0000
20130927,41690.69,0.000000,0.0000
20130930,42247.17,0.013348,2.2524
20131001,42849.91,0.014267,2.3826
20131002,42404.99,-0.010383,4.0000
20131003,42094.31,-0.007326,4.0000
20131004,42977.60,0.020983,3.3162
20131007,42746.96,-0.005366,4.0000
20131008,45820.28,0.071896,4.0000
20131009,46495.17,0.014729,4.0000
20131010,47476.88,0.021114,3.0274
20131011,49058.62,0.033316,4.0000
20131014,51225.71,0.044173,3.9860
20131015,50670.05,-0.010847,4.0000
20131016,50121.54,-0.010825,3.6731
20131017,51933.95,0.036160,4.0000
20131018,51509.70,-0.008169,4.0000
20131021,50994.02,-0.010011,4.0000
20131022,50558.86,-0.008533,4.0000
20131023,50100.15,-0.009073,4.0000
20131024,49767.18,-0.006646,4.0000
20131025,49271.25,-0.009965,4.0000
20131028,48874.59,-0.008050,4.0000
20131029,48553.75,-0.006565,4.0000
20131030,49237.99,0.014092,4.0000
20131031,48793.51,-0.009027,4.0000
20131101,48425.16,-0.007549,4.0000
20131104,48491.50,0.001370,4.0000
20131105,47964.05,-0.010877,3.9598
20131106,48102.78,0.002892,2.8820
20131107,47762.58,-0.007072,4.0000
20131108,49039.98,0.026745,3.7553
20131111,48506.61,-0.010876,3.9483
20131112,49033.65,0.010865,4.0000
20131113,52240.01,0.065391,4.0000
20131114,52240.01,0.000000,0.0000
20131115,51798.74,-0.008447,4.0000
20131118,51338.31,-0.008889,4.0000
20131119,50853.37,-0.009446,4.0000
20131120,50324.23,-0.010405,4.0000
20131121,51105.31,0.015521,3.9933
20131122,50649.71,-0.008915,4.0000
20131125,50220.30,-0.008478,4.0000
20131126,49894.13,-0.006495,4.0000
20131127,50582.80,0.013803,4.0000
20131129,50707.80,0.002471,4.0000
20131202,50442.87,-0.005225,4.0000
20131203,50095.86,-0.006879,4.0000
20131204,49726.31,-0.007377,4.0000
20131205,49268.45,-0.009208,4.0000
20131206,48908.27,-0.007311,4.0000
20131209,48596.87,-0.006367,4.0000
20131210,48354.87,-0.004980,4.0000
20131211,48092.19,-0.005432,4.0000
20131212,47605.54,-0.010119,4.0000
20131213,48483.24,0.018437,4.0000
20131216,48035.83,-0.009228,4.0000
20131217,47681.71,-0.007372,4.0000
20131218,47681.71,0.000000,0.0000
20131219,47488.00,-0.004063,4.0000
20131220,48710.21,0.025737,4.0000
20131223,48357.93,-0.007232,4.0000
20131224,48103.42,-0.005263,4.0000
20131226,47889.38,-0.004450,4.0000
20131227,48396.73,0.010594,4.0000
20131230,48069.75,-0.006756,4.0000
20131231,48678.31,0.012660,4.0000
20140102,49062.35,0.007889,4.0000
20140103,50082.05,0.020784,4.0000
20140106,50574.32,0.009829,4.0000
20140107,50574.32,0.000000,0.0000
20140108,50139.42,-0.008599,4.0000
20140109,51245.32,0.022056,4.0000
20140110,50992.77,-0.004928,4.0000
20140113,50461.59,-0.010417,4.0000
20140114,53151.80,0.053312,4.0000
20140115,53700.41,0.010322,4.0000
20140116,53293.12,-0.007584,4.0000
20140117,52984.21,-0.005796,4.0000
20140121,52654.54,-0.006222,4.0000
20140122,52398.67,-0.004859,4.0000
20140123,51909.44,-0.009337,2.7665
20140124,51467.65,-0.008511,4.0000
20140127,53207.93,0.033813,4.0000
20140128,52641.67,-0.010642,2.9678
20140129,52078.99,-0.010689,3.1743
20140130,51553.76,-0.010085,4.0000
20140131,52232.82,0.013172,2.6106
20140203,51669.76,-0.010780,3.6185
20140204,51202.04,-0.009052,4.0000
20140205,50651.83,-0.010746,3.4280
20140206,51435.65,0.015475,2.6761
20140207,50906.35,-0.010290,4.0000
20140210,51726.65,0.016114,3.9969
20140211,53305.62,0.030525,4.0000
20140212,52832.36,-0.008878,4.0000
20140213,55041.09,0.041806,3.4212
20140214,54455.10,-0.010647,4.0000
20140218,53928.18,-0.009676,4.0000
20140219,53454.51,-0.008783,4.0000
20140220,53630.78,0.003298,3.2240
20140221,54254.15,0.011623,4.0000
20140224,54787.70,0.009834,4.0000
20140225,54404.67,-0.006991,4.0000
20140226,53928.61,-0.008750,4.0000
20140227,53597.81,-0.006134,4.0000
20140228,53235.20,-0.006765,4.0000
20140303,52671.26,-0.010593,2.8088
20140304,52210.27,-0.008752,4.0000
20140305,51892.66,-0.006083,4.0000
20140306,52420.13,0.010165,4.0000
20140307,53001.93,0.011099,2.3380
20140310,52490.02,-0.009658,4.0000
20140311,52147.10,-0.006533,4.0000
20140312,51584.17,-0.010795,3.7552
20140313,54885.89,0.064006,4.0000
20140314,54302.33,-0.010632,2.9863
20140317,54501.97,0.003676,4.0000
20140318,56462.83,0.035978,4.0000
20140319,56118.03,-0.006107,4.0000
20140320,56663.98,0.009729,3.4756
20140321,60351.49,0.065077,4.0000
20140324,62407.99,0.034076,3.4425
20140325,61744.52,-0.010631,2.9769
20140326,64317.89,0.041678,2.6207
20140327,63634.10,-0.010631,2.9333
20140328,63487.01,-0.002311,3.4980
20140331,62814.76,-0.010589,2.7612
20140401,64308.98,0.023788,2.6885
20140402,63616.91,-0.010762,3.5897
20140403,62932.30,-0.010761,3.5874
20140404,66580.78,0.057975,1.9818
20140407,65884.72,-0.010454,2.1069
20140408,65190.79,-0.010532,2.4653
20140409,64484.44,-0.010835,3.8701
20140410,69236.56,0.073694,2.6631
20140411,68510.43,-0.010488,2.2243
20140414,67808.47,-0.010246,4.0000
20140415,67147.10,-0.009754,4.0000
20140416,66497.93,-0.009668,4.0000
20140417,65792.87,-0.010603,2.7770
20140421,65792.87,0.000000,0.0000
20140422,66584.63,0.012034,4.0000
20140423,68222.34,0.024596,3.8180
20140424,68633.86,0.006032,2.3819
20140425,70268.80,0.023821,3.0095
20140428,69508.74,-0.010816,3.7814
20140429,68770.21,-0.010625,2.9119
20140430,68148.55,-0.009040,4.0000
20140501,67415.68,-0.010754,3.5103
20140502,67983.58,0.008424,2.9872
20140505,67263.84,-0.010587,2.7225
20140506,66688.26,-0.008557,4.0000
20140507,65983.48,-0.010568,2.6494
20140508,65983.48,0.000000,0.0000
20140509,65286.21,-0.010567,2.6208
20140512,64756.23,-0.008118,4.0000
20140513,64072.74,-0.010555,4.0000
20140514,63496.97,-0.008986,4.0000
20140515,62897.53,-0.009440,4.0000
20140516,62269.12,-0.009991,4.0000
20140519,63621.72,0.021722,2.7487
20140520,62993.70,-0.009871,4.0000
20140521,64627.75,0.025940,4.0000
20140522,64046.46,-0.008995,4.0000
20140523,63565.70,-0.007506,4.0000
20140527,65230.41,0.026189,4.0000
20140528,64718.82,-0.007843,4.0000
20140529,64297.70,-0.006507,4.0000
20140530,63653.80,-0.010014,4.0000
20140602,63881.71,0.003581,4.0000
20140603,64251.63,0.005791,4.0000
20140604,65526.93,0.019848,4.0000
20140605,64874.05,-0.009964,4.0000
20140606,64275.08,-0.009233,4.0000
20140609,63724.33,-0.008569,4.0000
20140610,63206.50,-0.008126,4.0000
20140611,62801.26,-0.006411,4.0000
20140612,64202.66,0.022315,4.0000
20140613,63706.17,-0.007733,4.0000
20140616,63239.92,-0.007319,4.0000
20140617,63239.92,0.000000,0.0000
20140618,62833.86,-0.006421,4.0000
20140619,62500.31,-0.005308,4.0000
20140620,62180.83,-0.005112,4.0000
20140623,61782.02,-0.006414,4.0000
20140624,61360.25,-0.006827,4.0000
20140625,63059.80,0.027698,4.0000
20140626,62590.83,-0.007437,4.0000
20140627,63425.26,0.013331,4.0000
20140630,63644.97,0.003464,4.0000
20140701,65294.15,0.025912,4.0000
20140702,64857.47,-0.006688,4.0000
20140703,64574.24,-0.004367,4.0000
20140707,64211.44,-0.005618,4.0000
20140708,66401.71,0.034110,4.0000
20140709,65689.51,-0.010726,4.0000
20140710,67904.56,0.033720,4.0000
20140711,68450.35,0.008038,4.0000
20140714,68152.17,-0.004356,4.0000
20140715,67813.89,-0.004964,4.0000
20140716,67310.14,-0.007428,4.0000
20140717,66778.46,-0.007899,4.0000
20140718,66105.41,-0.010079,4.0000
20140721,65859.84,-0.003715,4.0000
20140722,65397.70,-0.007017,4.0000
20140723,64887.35,-0.007804,4.0000
20140724,64436.25,-0.006952,4.0000
20140725,63850.35,-0.009093,4.0000
20140728,63323.62,-0.008250,4.0000
20140729,62867.50,-0.007203,4.0000
20140730,62455.27,-0.006557,4.0000
20140731,65033.04,0.041274,4.0000
20140801,64406.10,-0.009640,4.0000
20140804,63839.11,-0.008803,4.0000
20140805,63839.11,0.000000,0.0000
20140806,64846.05,0.015773,4.0000
20140807,64330.35,-0.007953,4.0000
20140808,63869.68,-0.007161,4.0000
20140811,63497.05,-0.005834,4.0000
20140812,63020.46,-0.007506,4.0000
20140813,62654.71,-0.005804,4.0000
20140814,62241.52,-0.006595,4.0000
20140815,62241.52,0.000000,0.0000
20140818,61835.19,-0.006528,4.0000
20140819,61508.96,-0.005276,4.0000
20140820,61223.62,-0.004639,4.0000
20140821,60902.10,-0.005252,4.0000
20140822,60508.46,-0.006463,4.0000
20140825,60265.37,-0.004017,4.0000
20140826,59999.03,-0.004420,4.0000
20140827,59999.03,0.000000,0.0000
20140828,59636.20,-0.006047,4.0000
20140829,59325.01,-0.005218,4.0000
20140902,58969.19,-0.005998,4.0000
20140903,60617.11,0.027945,4.0000
20140904,61079.94,0.007635,4.0000
20140905,60637.84,-0.007238,4.0000
20140908,60153.09,-0.007994,4.0000
20140909,59550.73,-0.010014,4.0000
20140910,58976.52,-0.009642,4.0000
20140911,58432.79,-0.009219,4.0000
20140912,59135.56,0.012027,4.0000
20140915,60522.26,0.023450,3.1032
20140916,62890.74,0.039134,3.6874
20140917,62335.03,-0.008836,4.0000
20140918,63158.37,0.013208,4.0000
20140919,63901.50,0.011766,4.0000
20140922,65325.71,0.022288,4.0000
20140923,65150.36,-0.002684,3.8032
20140924,64466.99,-0.010489,4.0000
20140925,68772.86,0.066792,4.0000
20140926,68101.30,-0.009765,4.0000
20140929,70301.10,0.032302,4.0000
20140930,70301.10,0.000000,0.0000
20141001,70301.10,0.000000,0.0000
20141002,69869.19,-0.006144,4.0000
20141003,69254.77,-0.008794,4.0000
20141006,68724.56,-0.007656,4.0000
20141007,68007.78,-0.010430,2.1122
20141008,67281.51,-0.010679,3.3296
20141009,66572.21,-0.010542,4.0000
20141010,65871.79,-0.010521,2.5474
20141013,65178.44,-0.010526,2.5602
20141014,64483.09,-0.010668,3.2391
20141015,63807.73,-0.010473,2.2690
20141016,64549.99,0.011633,1.3814
20141017,63872.45,-0.010496,2.3842
20141020,66982.41,0.048690,3.4559
20141021,66284.49,-0.010419,4.0000
20141022,65573.18,-0.010731,3.5934
20141023,64953.87,-0.009445,4.0000
20141024,64252.89,-0.010792,3.9258
20141027,63748.80,-0.007845,4.0000
20141028,65905.78,0.033836,4.0000
20141029,65351.92,-0.008404,4.0000
20141030,64653.47,-0.010688,3.4366
20141031,64673.09,0.000303,3.1683
20141103,64850.47,0.002743,4.0000
20141104,64151.81,-0.010773,3.9005
20141105,65112.65,0.014978,3.9115
20141106,64508.79,-0.009274,4.0000
20141107,64467.85,-0.000635,3.1731
20141110,64009.81,-0.007105,4.0000
20141111,64009.81,0.000000,0.0000
20141112,64987.28,0.015271,4.0000
20141113,64631.70,-0.005471,4.0000
20141114,64101.89,-0.008197,4.0000
20141117,63602.20,-0.007795,4.0000
20141118,64908.09,0.020532,4.0000
20141119,65105.92,0.003048,3.9684
20141120,65105.92,0.000000,0.0000
20141121,66671.08,0.024040,4.0000
20141124,67768.89,0.016466,4.0000
20141125,67121.07,-0.009559,4.0000
20141126,66721.61,-0.005951,4.0000
20141128,66894.94,0.002598,4.0000
20141201,66894.94,0.000000,0.0000
20141202,66894.94,0.000000,0.0000
20141203,66358.24,-0.008023,4.0000
20141204,65851.77,-0.007632,4.0000
20141205,65308.49,-0.008250,4.0000
20141208,64610.86,-0.010682,3.5029
20141209,63920.27,-0.010688,3.5084
20141210,63234.42,-0.010730,3.7421
20141211,62599.35,-0.010043,4.0000
20141212,61954.57,-0.010300,1.5309
20141215,61290.13,-0.010725,3.6887
20141216,60650.22,-0.010441,2.2205
20141217,60650.22,0.000000,0.0000
20141218,60012.90,-0.010508,2.5728
20141219,60012.90,0.000000,0.0000
20141222,60517.10,0.008402,4.0000
20141223,61624.59,0.018301,4.0000
20141224,61268.53,-0.005778,4.0000
20141226,62109.16,0.013720,4.0000
20141229,61835.00,-0.004414,4.0000
20141230,61266.91,-0.009187,4.0000
20141231,60737.83,-0.008636,4.0000
20150102,60093.02,-0.010616,3.1477
20150105,59576.39,-0.008597,4.0000
20150106,59576.39,0.000000,0.0000
20150107,59576.39,0.000000,0.0000
20150108,61857.97,0.038297,4.0000
20150109,61196.01,-0.010701,3.5590
20150112,63583.86,0.039020,3.7985
20150113,62922.28,-0.010405,2.0596
20150114,62269.72,-0.010371,1.8680
20150115,63945.77,0.026916,1.9432
20150116,63283.78,-0.010352,1.7668
20150120,62612.37,-0.010610,3.0778
20150121,61948.06,-0.010610,3.0600
20150122,61304.41,-0.010390,1.9687
20150123,61304.41,0.000000,0.0000
20150126,60662.28,-0.010474,2.4104
20150127,60028.96,-0.010440,2.2183
20150128,62368.86,0.038980,2.2563
20150129,61717.33,-0.010446,2.2320
20150130,61081.01,-0.010310,1.5748
20150202,60445.08,-0.010411,2.0610
20150203,59809.31,-0.010518,2.6303
20150204,59174.49,-0.010614,3.1013
20150205,59174.49,0.000000,0.0000
20150206,58547.29,-0.010599,3.0438
20150209,57924.26,-0.010642,3.2601
20150210,57451.42,-0.008163,4.0000
20150211,56988.08,-0.008065,4.0000
20150212,56988.08,0.000000,0.0000
20150213,56578.42,-0.007188,4.0000
20150217,56087.86,-0.008670,4.0000
20150218,55790.95,-0.005294,4.0000
20150219,56780.49,0.017737,4.0000
20150220,58107.15,0.023365,4.0000
20150223,57652.51,-0.007824,4.0000
20150224,57180.19,-0.008193,4.0000
20150225,57081.85,-0.001720,4.0000
20150226,56471.47,-0.010693,3.5968
20150227,56053.00,-0.007410,4.0000
20150302,57306.91,0.022370,4.0000
20150303,56882.88,-0.007399,4.0000
20150304,56375.20,-0.008925,4.0000
20150305,56018.65,-0.006324,4.0000
20150306,55643.03,-0.006705,4.0000
20150309,55045.44,-0.010740,3.8262
20150310,55045.44,0.000000,0.0000
20150311,54626.47,-0.007611,4.0000
20150312,55639.74,0.018549,3.6228
20150313,55915.42,0.004955,3.5105
20150316,55915.42,0.000000,0.0000
20150317,55513.58,-0.007187,4.0000
20150318,55135.40,-0.006812,4.0000
20150319,54602.07,-0.009673,4.0000
20150320,54327.56,-0.005027,4.0000
20150323,54083.95,-0.004484,4.0000
20150324,53600.80,-0.008933,4.0000
20150325,58621.23,0.093663,4.0000
20150326,58621.23,0.000000,0.0000
20150327,58000.72,-0.010585,3.0074
20150330,58526.93,0.009072,3.6626
20150331,58039.51,-0.008328,4.0000
20150401,58637.97,0.010311,3.8941
20150402,58637.97,0.000000,0.0000
20150406,60823.44,0.037270,3.0746
20150407,60185.98,-0.010480,2.4807
20150408,60865.95,0.011298,2.8655
20150409,60233.60,-0.010389,2.0184
20150410,60925.57,0.011488,4.0000
20150413,60271.23,-0.010740,3.8489
20150414,59626.96,-0.010689,3.5796
20150415,59068.34,-0.009369,4.0000
20150416,58538.45,-0.008971,4.0000
20150417,57915.36,-0.010644,3.3329
20150420,59779.26,0.032183,4.0000
20150421,60007.76,0.003822,4.0000
20150422,59516.10,-0.008193,4.0000
20150423,60829.34,0.022065,4.0000
20150424,61001.03,0.002823,4.0000
20150427,61988.03,0.016180,4.0000
20150428,61443.25,-0.008789,4.0000
20150429,60794.13,-0.010564,2.9592
20150430,60151.05,-0.010578,3.0197
20150501,61478.91,0.022076,3.3772
20150504,60821.36,-0.010696,3.6429
20150505,60171.65,-0.010682,3.5625
20150506,60171.65,0.000000,0.0000
20150507,59533.37,-0.010608,3.1306
20150508,59547.40,0.000236,3.0967
20150511,58923.12,-0.010484,2.5280
20150512,58299.00,-0.010592,3.0590
20150513,57697.93,-0.010310,1.6215
20150514,57120.96,-0.010000,4.0000
20150515,57120.96,0.000000,0.0000
20150518,58243.95,0.019660,4.0000
20150519,58243.95,0.000000,0.0000
20150520,57631.75,-0.010511,2.6674
20150521,57631.75,0.000000,0.0000
20150522,57273.17,-0.006222,4.0000
20150526,58871.76,0.027912,3.5391
20150527,58871.76,0.000000,0.0000
20150528,58294.11,-0.009812,4.0000
20150529,58294.11,0.000000,0.0000
20150601,58374.15,0.001373,4.0000
20150602,57772.60,-0.010305,4.0000
20150603,57168.47,-0.010457,2.3912
20150604,56555.73,-0.010718,3.7675
20150605,55968.26,-0.010388,2.0164
20150608,57490.76,0.027203,3.6246
20150609,57232.12,-0.004499,4.0000
20150610,59169.47,0.033851,4.0000
20150611,58535.12,-0.010721,3.7824
20150612,57912.24,-0.010641,3.3529
20150615,57304.14,-0.010500,2.5871
20150616,56855.99,-0.007821,4.0000
20150617,56456.30,-0.007030,4.0000
20150618,57902.71,0.025620,3.3166
20150619,59031.25,0.019490,4.0000
20150622,58398.23,-0.010723,3.8089
20150623,58182.69,-0.003691,4.0000
20150624,57736.78,-0.007664,4.0000
20150625,57272.50,-0.008041,4.0000
20150626,56662.98,-0.010643,4.0000
20150629,56059.63,-0.010648,3.3729
20150630,55492.07,-0.010124,4.0000
20150701,55492.07,0.000000,0.0000
20150702,55817.15,0.005858,4.0000
20150706,55817.15,0.000000,0.0000
20150707,55229.29,-0.010532,2.7501
20150708,54646.90,-0.010545,2.8259
20150709,54095.32,-0.010094,4.0000
20150710,53689.00,-0.007511,4.0000
20150713,55206.38,0.028262,4.0000
20150714,56147.93,0.017055,4.0000
20150715,55615.62,-0.009481,4.0000
20150716,55150.70,-0.008360,4.0000
20150717,54793.58,-0.006475,4.0000
20150720,54306.02,-0.008898,4.0000
20150721,53861.95,-0.008177,4.0000
20150722,53754.91,-0.001987,1.9908
20150723,53197.61,-0.010367,4.0000
20150724,52640.54,-0.010472,2.4911
20150727,52139.97,-0.009509,4.0000
20150728,51593.08,-0.010489,2.5581
20150729,51070.81,-0.010123,4.0000
20150730,52129.21,0.020724,4.0000
20150731,52536.59,0.007815,3.8527
20150803,52536.59,0.000000,0.0000
20150804,51979.56,-0.010603,3.1706
20150805,51979.56,0.000000,0.0000
20150806,54694.46,0.052230,3.4923
20150807,54120.82,-0.010488,2.5495
20150810,54387.15,0.004921,3.0836
20150811,53812.39,-0.010568,2.9932
20150812,53249.28,-0.010464,2.4161
20150813,52691.94,-0.010467,2.4596
20150814,52130.56,-0.010654,3.4344
20150817,52130.56,0.000000,0.0000
20150818,51600.46,-0.010169,4.0000
20150819,51053.69,-0.010596,4.0000
20150820,54408.81,0.065717,3.8922
20150821,57031.73,0.048208,2.0184
20150824,57031.73,0.000000,0.0000
20150825,56446.99,-0.010253,1.2679
20150826,58008.53,0.027664,1.8106
20150827,57397.23,-0.010538,2.7429
20150828,56803.16,-0.010350,1.8032
20150831,56210.38,-0.010436,2.2410
20150901,55634.29,-0.010249,1.2649
20150902,55049.74,-0.010507,2.5606
20150903,54465.20,-0.010618,3.1483
20150904,53891.62,-0.010531,2.6907
20150908,53317.27,-0.010657,3.3633
20150909,57639.41,0.081065,4.0000
20150910,58634.16,0.017258,2.1669
20150911,58010.37,-0.010639,3.2565
20150914,58745.51,0.012673,3.1960
20150915,58123.10,-0.010595,3.0459
20150916,58727.44,0.010398,3.2769
20150917,58197.84,-0.009018,4.0000
20150918,57592.00,-0.010410,2.1120
20150921,57053.57,-0.009349,4.0000
20150922,56460.92,-0.010388,4.0000
20150923,55856.58,-0.010704,3.5849
20150924,56458.21,0.010771,3.3337
20150925,58935.25,0.043874,2.7501
20150928,60936.13,0.033951,1.7575
20150929,60304.57,-0.010364,1.8155
20150930,59666.94,-0.010573,2.8885
20151001,59041.57,-0.010481,2.4190
20151002,58421.50,-0.010502,2.5139
20151005,57838.27,-0.009983,4.0000
20151006,57233.56,-0.010455,2.3418
20151007,56631.83,-0.010514,2.6290
20151008,56022.53,-0.010759,3.8824
20151009,55423.24,-0.010697,3.5821
20151012,54879.49,-0.009811,4.0000
20151013,54463.77,-0.007575,4.0000
20151014,54009.30,-0.008344,4.0000
20151015,53671.62,-0.006252,4.0000
20151016,53096.52,-0.010715,3.7019
20151019,52680.76,-0.007830,4.0000
20151020,52308.35,-0.007069,4.0000
20151021,51842.43,-0.008907,4.0000
20151022,51289.21,-0.010671,3.4864
20151023,50750.42,-0.010505,2.6648
20151026,50240.40,-0.010050,4.0000
20151027,50684.38,0.008837,3.8729
20151028,50153.58,-0.010473,2.5015
20151029,49741.90,-0.008208,4.0000
20151030,49300.11,-0.008882,4.0000
20151102,48912.98,-0.007852,4.0000
20151103,48912.98,0.000000,0.0000
20151104,49247.37,0.006836,4.0000
20151105,48900.24,-0.007049,4.0000
20151106,48503.05,-0.008123,4.0000
20151109,49283.57,0.016092,3.5505
20151110,48860.83,-0.008578,4.0000
20151111,48382.03,-0.009799,4.0000
20151112,47866.16,-0.010662,3.5019
20151113,47485.02,-0.007962,4.0000
20151116,49364.40,0.039578,2.8836
20151117,49005.94,-0.007262,4.0000
20151118,49005.94,0.000000,0.0000
20151119,48587.79,-0.008533,4.0000
20151120,48587.79,0.000000,0.0000
20151123,48294.01,-0.006046,4.0000
20151124,47775.70,-0.010732,3.9013
20151125,47502.93,-0.005709,4.0000
20151127,47215.52,-0.006050,4.0000
20151130,47920.40,0.014929,4.0000
20151201,47647.38,-0.005697,4.0000
20151202,48767.79,0.023515,4.0000
20151203,50991.44,0.045597,2.6545
20151204,50991.44,0.000000,0.0000
20151207,51349.84,0.007029,3.2686
20151208,50855.81,-0.009621,4.0000
20151209,50321.99,-0.010497,2.6387
20151210,49790.63,-0.010559,2.9592
20151211,49269.34,-0.010470,2.4901
20151214,48751.40,-0.010512,2.7015
20151215,48239.31,-0.010504,2.6778
20151216,49307.49,0.022143,4.0000
20151217,52514.99,0.065051,4.0000
20151218,52514.99,0.000000,0.0000
20151221,52481.78,-0.000633,3.1629
20151222,51922.37,-0.010659,3.4670
20151223,51922.37,0.000000,0.0000
20151224,51503.34,-0.008070,4.0000
20151228,51150.19,-0.006857,4.0000
20151229,52769.72,0.031662,4.0000
20151230,54042.38,0.024117,4.0000
20151231,53470.10,-0.010589,3.1163
20160104,52908.14,-0.010510,2.6536
20160105,53764.50,0.016186,3.1292
20160106,54513.08,0.013923,3.0721
20160107,56030.70,0.027840,3.6380
20160108,55451.84,-0.010331,1.7104
20160111,55451.84,0.000000,0.0000
20160112,54866.61,-0.010554,2.8500
20160113,62530.40,0.139680,3.7721
20160114,61868.95,-0.010578,2.9151
20160115,61232.55,-0.010286,1.4446
20160119,62713.75,0.024190,2.6825
20160120,62062.34,-0.010387,1.9393
20160121,61426.49,-0.010245,1.2241
20160122,63286.29,0.030277,4.0000
20160125,62624.79,-0.010452,4.0000
20160126,61963.65,-0.010557,2.8287
20160127,61357.65,-0.009780,4.0000
20160128,61356.83,-0.000013,3.3974
20160129,66040.42,0.076334,4.0000
20160201,65349.02,-0.010469,4.0000
20160202,69187.59,0.058739,3.9831
20160203,71641.29,0.035465,4.0000
20160204,70888.77,-0.010504,2.5304
20160205,74599.55,0.052346,1.9765
20160208,73806.23,-0.010634,3.1036
20160209,75481.72,0.022701,2.8131
20160210,74692.98,-0.010449,2.2094
20160211,73920.43,-0.010343,1.6845
20160212,73153.62,-0.010373,1.8360
20160216,72478.39,-0.009230,4.0000
20160217,71698.05,-0.010767,3.8608
20160218,73337.67,0.022868,2.2741
20160219,72564.49,-0.010543,2.7345
20160222,74316.31,0.024141,4.0000
20160223,73678.52,-0.008582,4.0000
20160224,72896.98,-0.010608,3.0353
20160225,72342.91,-0.007601,4.0000
20160226,73935.34,0.022012,3.5832
20160229,73139.37,-0.010766,3.8989
20160301,72352.90,-0.010753,3.8223
20160302,71693.11,-0.009119,4.0000
20160303,71227.86,-0.006489,4.0000
20160304,70484.42,-0.010437,2.2389
20160307,69931.05,-0.007851,4.0000
20160308,69176.87,-0.010785,3.9960
20160309,68591.38,-0.008464,4.0000
20160310,67876.50,-0.010422,2.1723
20160311,67161.01,-0.010541,2.7733
20160314,68144.02,0.014637,4.0000
20160315,67555.74,-0.008633,4.0000
20160316,70126.42,0.038053,4.0000
20160317,69379.86,-0.010646,3.3513
20160318,68742.52,-0.009186,4.0000
20160321,68098.68,-0.009366,4.0000
20160322,69873.18,0.026058,4.0000
20160323,71114.73,0.017769,4.0000
20160324,71114.73,0.000000,0.0000
20160328,71442.38,0.004607,3.5673
20160329,71442.38,0.000000,0.0000
20160330,70966.97,-0.006655,4.0000
20160331,70443.23,-0.007380,4.0000
20160401,69919.11,-0.007440,4.0000
20160404,69406.22,-0.007336,4.0000
20160405,68994.23,-0.005936,4.0000
20160406,72538.68,0.051373,4.0000
20160407,71937.52,-0.008287,4.0000
20160408,71309.35,-0.008732,4.0000
20160411,70553.65,-0.010597,3.1151
20160412,69806.13,-0.010595,3.0911
20160413,69806.13,0.000000,0.0000
20160414,69728.67,-0.001110,1.0979
20160415,69244.82,-0.006939,4.0000
20160418,71170.86,0.027815,4.0000
20160419,72118.80,0.013319,2.9133
20160420,71381.47,-0.010224,4.0000
20160421,70937.37,-0.006221,4.0000
20160422,70196.51,-0.010444,2.3266
20160425,69495.35,-0.009988,4.0000
20160426,68801.88,-0.009979,4.0000
20160427,68079.13,-0.010505,2.6224
20160428,67594.18,-0.007123,4.0000
20160429,66876.11,-0.010623,3.2186
20160502,66171.15,-0.010541,2.7753
20160503,65469.97,-0.010596,4.0000
20160504,64795.98,-0.010295,4.0000
20160505,64229.61,-0.008741,4.0000
20160506,63538.75,-0.010756,3.8736
20160509,63550.23,0.000181,3.7225
20160510,63164.76,-0.006066,4.0000
20160511,63164.76,0.000000,0.0000
20160512,64561.40,0.022111,4.0000
20160513,63874.34,-0.010642,3.3096
20160516,66335.20,0.038527,4.0000
20160517,66335.20,0.000000,0.0000
20160518,65678.47,-0.009900,4.0000
20160519,64991.63,-0.010458,4.0000
20160520,66264.86,0.019591,4.0000
20160523,65556.70,-0.010687,3.5510
20160524,68759.72,0.048859,4.0000
20160525,69360.76,0.008741,4.0000
20160526,68671.97,-0.009931,4.0000
20160527,69517.88,0.012318,4.0000
20160531,69134.10,-0.005521,4.0000
20160601,68752.37,-0.005522,4.0000
20160602,68272.27,-0.006983,4.0000
20160603,68564.62,0.004282,4.0000
20160606,68161.06,-0.005886,4.0000
20160607,67810.19,-0.005148,4.0000
20160608,67510.05,-0.004426,4.0000
20160609,67062.67,-0.006627,4.0000
20160610,66591.92,-0.007020,4.0000
20160613,65925.36,-0.010010,4.0000
20160614,65235.04,-0.010471,2.4541
20160615,64700.16,-0.008199,4.0000
20160616,64261.76,-0.006776,4.0000
20160617,63589.55,-0.010461,2.3764
20160620,63067.35,-0.008212,4.0000
20160621,62494.68,-0.009080,4.0000
20160622,62118.97,-0.006012,4.0000
20160623,61493.34,-0.010071,4.0000
20160624,60861.19,-0.010280,1.4410
20160627,62372.26,0.024828,2.7876
20160628,64611.91,0.035908,4.0000
20160629,66374.37,0.027278,3.7878
20160630,65698.93,-0.010176,4.0000
20160701,66622.75,0.014061,4.0000
20160705,66693.43,0.001061,4.0000
20160706,65984.73,-0.010626,3.2279
20160707,65421.62,-0.008534,4.0000
20160708,64795.54,-0.009570,4.0000
20160711,64743.71,-0.000800,4.0000
20160712,64321.00,-0.006529,4.0000
20160713,63638.99,-0.010603,3.1739
20160714,63314.99,-0.005091,4.0000
20160715,63314.99,0.000000,0.0000
20160718,63314.99,0.000000,0.0000
20160719,62858.56,-0.007209,4.0000
20160720,62430.19,-0.006815,4.0000
20160721,62027.89,-0.006444,4.0000
20160722,61363.70,-0.010708,3.7510
20160725,61363.70,0.000000,0.0000
20160726,61056.08,-0.005013,4.0000
20160727,60666.25,-0.006385,4.0000
20160728,60126.97,-0.008889,4.0000
20160729,59641.29,-0.008078,4.0000
20160801,59324.42,-0.005313,4.0000
20160802,60118.42,0.013384,3.7041
20160803,60118.42,0.000000,0.0000
20160804,59736.43,-0.006354,4.0000
20160805,60509.81,0.012947,4.0000
20160808,60585.85,0.001257,4.0000
20160809,60599.58,0.000227,4.0000
20160810,61111.07,0.008440,4.0000
20160811,60561.80,-0.008988,4.0000
20160812,60860.03,0.004924,4.0000
20160815,61350.19,0.008054,4.0000
20160816,61865.93,0.008407,4.0000
20160817,61265.89,-0.009699,4.0000
20160818,60799.27,-0.007616,4.0000
20160819,60292.93,-0.008328,4.0000
20160822,59811.36,-0.007987,4.0000
20160823,60129.31,0.005316,4.0000
20160824,59753.95,-0.006242,4.0000
20160825,59295.35,-0.007675,4.0000
20160826,58740.70,-0.009354,4.0000
20160829,58633.45,-0.001826,4.0000
20160830,58007.62,-0.010674,3.6385
20160831,57522.16,-0.008369,4.0000
20160901,57022.76,-0.008682,4.0000
20160902,56665.82,-0.006260,4.0000
20160906,56214.03,-0.007973,4.0000
20160907,55920.96,-0.005213,4.0000
20160908,56104.99,0.003291,4.0000
20160909,55674.58,-0.007671,4.0000
20160912,57569.47,0.034035,1.8994
20160913,57042.77,-0.009149,4.0000
20160914,57115.50,0.001275,2.8478
20160915,59205.73,0.036597,3.0460
20160916,58576.01,-0.010636,3.4254
20160919,58170.99,-0.006914,4.0000
20160920,57707.89,-0.007961,4.0000
20160921,57287.98,-0.007277,4.0000
20160922,57608.29,0.005591,4.0000
20160923,58532.07,0.016036,4.0000
20160926,58016.73,-0.008804,4.0000
20160927,60203.94,0.037700,4.0000
20160928,59810.46,-0.006536,4.0000
20160929,59520.27,-0.004852,4.0000
20160930,59974.00,0.007623,3.9901
20161003,59974.00,0.000000,0.0000
20161004,59583.38,-0.006513,4.0000
20161005,59595.91,0.000210,4.0000
20161006,59145.99,-0.007550,4.0000
20161007,59425.50,0.004726,3.3722
20161010,59437.79,0.000207,4.0000
20161011,62229.98,0.046977,4.0000
20161012,61579.86,-0.010447,2.4068
20161013,61107.53,-0.007670,4.0000
20161014,60560.63,-0.008950,4.0000
20161017,60222.36,-0.005586,4.0000
20161018,59747.62,-0.007883,4.0000
20161019,59747.62,0.000000,0.0000
20161020,59393.36,-0.005929,4.0000
20161021,58757.90,-0.010699,3.7717
20161024,58432.57,-0.005537,4.0000
20161025,58053.19,-0.006493,4.0000
20161026,57751.65,-0.005194,4.0000
20161027,59591.19,0.031853,4.0000
20161028,59533.92,-0.000961,2.5912
20161031,60277.73,0.012494,4.0000
20161101,62124.99,0.030646,4.0000
20161102,61689.24,-0.007014,4.0000
20161103,61034.62,-0.010612,3.2811
20161104,60606.48,-0.007015,2.1449
20161107,60606.48,0.000000,0.0000
20161108,60265.73,-0.005622,4.0000
20161109,60516.12,0.004155,0.8289
20161110,59882.77,-0.010466,4.0000
20161111,59258.72,-0.010421,2.2477
20161114,59916.79,0.011105,1.8890
20161115,59916.79,0.000000,0.0000
20161116,61894.45,0.033007,4.0000
20161117,62907.41,0.016366,2.7112
20161118,62907.41,0.000000,0.0000
20161121,64566.33,0.026371,4.0000
20161122,64078.94,-0.007549,4.0000
20161123,63753.92,-0.005072,3.0972
20161125,63207.56,-0.008570,4.0000
20161128,62837.74,-0.005851,4.0000
20161129,62406.49,-0.006863,4.0000
20161130,65052.95,0.042407,3.8707
20161201,67525.36,0.038006,2.9143
20161202,66812.97,-0.010550,2.9556
20161205,66113.53,-0.010469,2.5102
20161206,65412.74,-0.010600,3.2232
20161207,64844.97,-0.008680,4.0000
20161208,64844.97,0.000000,0.0000
20161209,65380.40,0.008257,4.0000
20161212,64711.49,-0.010231,4.0000
20161213,66695.08,0.030653,4.0000
20161214,66045.67,-0.009737,4.0000
20161215,65349.04,-0.010548,2.9991
20161216,64797.89,-0.008434,4.0000
20161219,64399.38,-0.006150,4.0000
20161220,63878.05,-0.008095,4.0000
20161221,63403.47,-0.007429,4.0000
20161222,63562.96,0.002515,3.9798
20161223,63131.09,-0.006794,4.0000
20161227,63645.97,0.008156,4.0000
20161228,63645.97,0.000000,0.0000
20161229,63192.15,-0.007130,4.0000
20161230,65180.87,0.031471,3.4977
20170103,64517.49,-0.010178,4.0000
20170104,64551.96,0.000534,2.4725
20170105,65405.61,0.013224,3.7393
20170106,64715.59,-0.010550,3.0014
20170109,64218.87,-0.007675,4.0000
20170110,64356.19,0.002138,4.0000
20170111,63843.39,-0.007968,4.0000
20170112,63322.47,-0.008159,4.0000
20170113,63518.82,0.003101,4.0000
20170117,63115.94,-0.006343,4.0000
20170118,62530.59,-0.009274,4.0000
20170119,62196.67,-0.005340,4.0000
20170120,61624.07,-0.009206,4.0000
20170123,60966.47,-0.010671,3.7123
20170124,60543.29,-0.006941,4.0000
20170125,60543.29,0.000000,0.0000
20170126,60543.29,0.000000,0.0000
20170127,60302.17,-0.003983,4.0000
20170130,60755.34,0.007515,4.0000
20170131,60257.04,-0.008202,4.0000
20170201,59882.59,-0.006214,4.0000
20170202,59248.50,-0.010589,3.2649
20170203,58917.55,-0.005586,4.0000
20170206,58645.16,-0.004623,4.0000
20170207,58839.96,0.003322,4.0000
20170208,58493.95,-0.005880,4.0000
20170209,58853.22,0.006142,4.0000
20170210,58898.59,0.000771,4.0000
20170213,59312.14,0.007021,4.0000
20170214,58893.79,-0.007053,4.0000
20170215,60165.76,0.021598,4.0000
20170216,59690.31,-0.007902,4.0000
20170217,59690.31,0.000000,0.0000
20170221,60303.16,0.010267,4.0000
20170222,60088.43,-0.003561,4.0000
20170223,60924.53,0.013914,4.0000
20170224,60924.53,0.000000,0.0000
20170227,60556.70,-0.006038,4.0000
20170228,61084.56,0.008717,4.0000
20170301,60643.09,-0.007227,4.0000
20170302,61408.05,0.012614,4.0000
20170303,61058.38,-0.005694,4.0000
20170306,61046.90,-0.000188,4.0000
20170307,60624.28,-0.006923,4.0000
20170308,60624.28,0.000000,0.0000
20170309,59999.35,-0.010308,4.0000
20170310,59658.95,-0.005674,4.0000
20170313,59357.84,-0.005047,4.0000
20170314,59093.21,-0.004458,4.0000
20170315,58704.08,-0.006585,4.0000
20170316,58704.08,0.000000,0.0000
20170317,58371.89,-0.005659,4.0000
20170320,58067.80,-0.005210,4.0000
20170321,57828.34,-0.004124,4.0000
20170322,57284.31,-0.009408,4.0000
20170323,56781.13,-0.008784,4.0000
20170324,56336.99,-0.007822,4.0000
20170327,57873.99,0.027282,3.5280
20170328,57447.63,-0.007367,4.0000
20170329,57139.74,-0.005360,4.0000
20170330,56800.53,-0.005936,4.0000
20170331,56800.53,0.000000,0.0000
20170403,56395.43,-0.007132,4.0000
20170404,56008.82,-0.006855,4.0000
20170405,56978.10,0.017306,4.0000
20170406,56638.96,-0.005952,4.0000
20170407,56198.42,-0.007778,4.0000
20170410,55745.69,-0.008056,4.0000
20170411,55169.31,-0.010340,4.0000
20170412,54772.02,-0.007201,4.0000
20170413,54410.50,-0.006600,4.0000
20170417,55205.53,0.014612,4.0000
20170418,54690.38,-0.009332,4.0000
20170419,54290.50,-0.007312,4.0000
20170420,53918.53,-0.006852,4.0000
20170421,53451.97,-0.008653,4.0000
20170424,53121.69,-0.006179,4.0000
20170425,53899.93,0.014650,4.0000
20170426,53899.93,0.000000,0.0000
20170427,53649.44,-0.004647,4.0000
20170428,53898.13,0.004635,4.0000
20170501,54786.35,0.016480,4.0000
20170502,54471.01,-0.005756,4.0000
20170503,54363.78,-0.001969,4.0000
20170504,53915.08,-0.008254,4.0000
20170505,53699.14,-0.004005,4.0000
20170508,53359.91,-0.006317,4.0000
20170509,53564.37,0.003832,4.0000
20170510,53273.54,-0.005430,4.0000
20170511,53092.06,-0.003407,4.0000
20170512,52758.37,-0.006285,4.0000
20170515,53141.95,0.007271,4.0000
20170516,52839.86,-0.005685,4.0000
20170517,52416.62,-0.008010,4.0000
20170518,53437.11,0.019469,2.9406
20170519,53270.41,-0.003120,4.0000
20170522,54064.30,0.014903,3.8767
20170523,54067.67,0.000062,4.0000
20170524,53776.19,-0.005391,4.0000
20170525,53379.96,-0.007368,4.0000
20170526,52942.94,-0.008187,4.0000
20170530,52975.53,0.000615,4.0000
20170531,53621.08,0.012186,4.0000
20170601,53320.87,-0.005599,4.0000
20170602,52963.76,-0.006697,4.0000
20170605,52963.76,0.000000,0.0000
20170606,53365.40,0.007583,4.0000
20170607,53099.41,-0.004984,4.0000
20170608,53012.53,-0.001636,4.0000
20170609,52682.13,-0.006233,4.0000
20170612,52138.16,-0.010325,1.8820
20170613,51595.64,-0.010406,4.0000
20170614,52933.45,0.025929,4.0000
20170615,52370.02,-0.010644,4.0000
20170616,51819.36,-0.010515,2.9808
20170619,51819.36,0.000000,0.0000
20170620,51265.98,-0.010679,3.9547
20170621,50858.50,-0.007949,4.0000
20170622,50412.91,-0.008761,4.0000
20170623,50062.47,-0.006951,4.0000
20170626,49600.10,-0.009236,4.0000
20170627,50796.15,0.024114,2.3483
20170628,50796.15,0.000000,0.0000
20170629,52139.25,0.026441,2.7572
20170630,51643.64,-0.009506,4.0000
20170703,51643.64,0.000000,0.0000
20170705,51134.06,-0.009867,4.0000
20170706,50594.86,-0.010545,3.1525
20170707,51603.01,0.019926,4.0000
20170710,51058.04,-0.010561,3.2582
20170711,50692.27,-0.007164,4.0000
20170712,50692.27,0.000000,0.0000
20170713,50213.10,-0.009453,4.0000
20170714,49704.01,-0.010138,4.0000
20170717,49412.85,-0.005858,4.0000
20170718,48888.37,-0.010614,3.5948
20170719,49230.25,0.006993,4.0000
20170720,49272.79,0.000864,4.0000
20170721,48919.42,-0.007172,4.0000
20170724,48622.47,-0.006070,4.0000
20170725,48246.85,-0.007725,4.0000
20170726,47995.05,-0.005219,4.0000
20170727,47693.11,-0.006291,4.0000
20170728,47693.11,0.000000,0.0000
20170731,47403.94,-0.006063,4.0000
20170801,47150.06,-0.005356,3.0861
20170802,47569.85,0.008903,4.0000
20170803,48209.25,0.013441,4.0000
20170804,47807.68,-0.008330,4.0000
20170807,47529.98,-0.005809,4.0000
20170808,47254.56,-0.005794,4.0000
20170809,46750.06,-0.010676,3.9906
20170810,46750.06,0.000000,0.0000
20170811,47265.38,0.011023,3.0497
20170814,47820.50,0.011745,4.0000
20170815,47820.50,0.000000,0.0000
20170816,47490.41,-0.006903,4.0000
20170817,47175.06,-0.006640,4.0000
20170818,46736.55,-0.009296,4.0000
20170821,46316.28,-0.008992,4.0000
20170822,47831.49,0.032714,4.0000
20170823,47831.49,0.000000,0.0000
20170824,47595.66,-0.004930,4.0000
20170825,47303.93,-0.006129,4.0000
20170828,46913.33,-0.008257,4.0000
20170829,48049.03,0.024209,2.5555
20170830,47674.56,-0.007793,4.0000
20170831,48713.01,0.021782,4.0000
20170901,48713.01,0.000000,0.0000
20170905,48246.52,-0.009576,4.0000
20170906,47731.58,-0.010673,3.9774
20170907,47377.73,-0.007413,4.0000
20170908,48502.22,0.023735,4.0000
20170911,48863.31,0.007445,4.0000
20170912,48570.45,-0.005993,4.0000
20170913,48251.74,-0.006562,4.0000
20170914,47802.32,-0.009314,4.0000
20170915,48197.13,0.008259,4.0000
20170918,48409.94,0.004415,4.0000
20170919,48409.94,0.000000,0.0000
20170920,48650.59,0.004971,4.0000
20170921,49360.88,0.014600,4.0000
20170922,48843.51,-0.010481,4.0000
20170925,48491.30,-0.007211,4.0000
20170926,47980.21,-0.010540,4.0000
20170927,47595.71,-0.008014,4.0000
20170928,47188.29,-0.008560,4.0000
20170929,46850.85,-0.007151,4.0000
20171002,46582.10,-0.005736,4.0000
20171003,46314.50,-0.005745,4.0000
20171004,46105.34,-0.004516,4.0000
20171005,45617.84,-0.010574,3.4189
20171006,46101.92,0.010612,4.0000
20171009,45890.26,-0.004591,4.0000
20171010,46139.15,0.005424,4.0000
20171011,45814.29,-0.007041,4.0000
20171012,45529.98,-0.006206,4.0000
20171013,45290.07,-0.005269,4.0000
20171016,45083.43,-0.004563,4.0000
20171017,44901.82,-0.004028,4.0000
20171018,45143.01,0.005372,4.0000
20171019,44663.90,-0.010613,3.6527
20171020,44411.99,-0.005640,4.0000
20171023,45709.44,0.029214,4.0000
20171024,45437.88,-0.005941,4.0000
20171025,45020.91,-0.009177,4.0000
20171026,44543.21,-0.010611,3.6453
20171027,44543.21,0.000000,0.0000
20171030,44119.28,-0.009517,4.0000
20171031,43828.28,-0.006596,4.0000
20171101,43598.19,-0.005250,4.0000
20171102,43252.79,-0.007922,4.0000
20171103,42808.80,-0.010265,4.0000
20171106,43096.84,0.006728,3.9830
20171107,42737.65,-0.008334,4.0000
20171108,43269.56,0.012446,4.0000
20171109,42941.80,-0.007575,4.0000
20171110,42650.12,-0.006793,4.0000
20171113,43216.74,0.013285,4.0000
20171114,42990.66,-0.005231,4.0000
20171115,42651.59,-0.007887,4.0000
20171116,43471.40,0.019221,3.7925
20171117,43471.40,0.000000,0.0000
20171120,43244.53,-0.005219,4.0000
20171121,44081.92,0.019364,4.0000
20171122,43944.80,-0.003111,4.0000
20171124,43944.80,0.000000,0.0000
20171127,43729.44,-0.004901,4.0000
20171128,43729.44,0.000000,0.0000
20171129,45734.51,0.045852,3.4239
20171130,45248.48,-0.010627,3.8167
20171201,44780.36,-0.010346,2.1059
20171204,46801.42,0.045133,2.9798
20171205,46679.52,-0.002604,1.7281
20171206,47199.11,0.011131,2.3306
20171207,47392.83,0.004104,3.1690
20171208,46889.81,-0.010614,3.7424
20171211,47620.74,0.015588,3.5635
20171212,47313.47,-0.006452,4.0000
20171213,46973.31,-0.007190,4.0000
20171214,46599.44,-0.007959,4.0000
20171215,46252.05,-0.007455,4.0000
20171218,45875.75,-0.008136,4.0000
20171219,46465.26,0.012850,4.0000
20171220,47086.46,0.013369,4.0000
20171221,46738.83,-0.007383,4.0000
20171222,46487.26,-0.005382,4.0000
20171226,46152.76,-0.007196,4.0000
20171227,45868.50,-0.006159,4.0000
20171228,46013.09,0.003152,4.0000
20171229,47022.17,0.021930,4.0000
20180102,47022.17,0.000000,0.0000
20180103,48250.54,0.026123,4.0000
20180104,47791.88,-0.009506,4.0000
20180105,47337.59,-0.009506,4.0000
20180108,47684.98,0.007339,4.0000
20180109,47424.15,-0.005470,4.0000
20180110,46924.39,-0.010538,3.3338
20180111,46678.84,-0.005233,4.0000
20180112,47956.06,0.027362,4.0000
20180116,47445.93,-0.010637,3.9837
20180117,46946.65,-0.010523,3.2455
20180118,46595.58,-0.007478,4.0000
20180119,46390.05,-0.004411,4.0000
20180122,46390.05,0.000000,0.0000
20180123,47122.38,0.015786,4.0000
20180124,46741.68,-0.008079,4.0000
20180125,47643.67,0.019297,4.0000
20180126,47643.67,0.000000,0.0000
20180129,47141.80,-0.010534,3.3542
20180130,46653.69,-0.010354,2.2308
20180131,46275.94,-0.008097,4.0000
20180201,45794.00,-0.010414,2.6084
20180202,45308.68,-0.010598,3.7499
20180205,44843.41,-0.010269,1.6747
20180206,45670.42,0.018442,0.6241
20180207,46216.53,0.011958,1.9516
20180208,51325.06,0.110535,2.6434
20180209,50796.11,-0.010306,1.8711
20180212,50271.50,-0.010328,2.0156
20180213,51105.78,0.016595,2.3107
20180214,52194.81,0.021309,1.0662
20180215,51651.20,-0.010415,2.5700
20180216,51101.80,-0.010637,3.9749
20180220,51405.80,0.005949,2.9105
20180221,50867.19,-0.010478,2.9886
20180222,50333.81,-0.010486,3.0378
20180223,49801.80,-0.010570,3.5634
20180226,50906.83,0.022188,3.6256
20180227,50365.51,-0.010634,3.9833
20180228,49973.57,-0.007782,4.0000
20180301,49454.10,-0.010395,2.4805
20180302,50781.59,0.026843,1.7085
20180305,52636.65,0.036530,3.0326
20180306,52195.39,-0.008383,4.0000
20180307,51652.21,-0.010407,2.5543
20180308,51148.58,-0.009750,4.0000
20180309,50772.44,-0.007354,4.0000
20180312,50439.03,-0.006567,4.0000
20180313,50041.35,-0.007884,4.0000
20180314,50552.03,0.010205,3.4023
20180315,50039.92,-0.010130,4.0000
20180316,49569.55,-0.009400,4.0000
20180319,50892.69,0.026692,3.0288
20180320,50353.78,-0.010589,4.0000
20180321,49904.50,-0.008923,4.0000
20180322,49377.76,-0.010555,3.4594
20180323,49377.76,0.000000,0.0000
20180326,48858.46,-0.010517,3.2037
20180327,52751.01,0.079670,2.2388
20180328,52209.70,-0.010262,1.6122
20180329,51668.47,-0.010366,2.2370
20180402,51129.73,-0.010427,2.6296
20180403,50597.75,-0.010404,2.4613
20180404,52396.76,0.035555,1.2467
20180405,51851.64,-0.010404,2.5007
20180406,51319.09,-0.010271,1.6693
20180409,50774.83,-0.010605,3.7160
20180410,50249.82,-0.010340,2.0849
20180411,49730.26,-0.010340,2.1004
20180412,50188.14,0.009207,3.3249
20180413,49803.82,-0.007658,4.0000
20180416,49309.50,-0.009925,4.0000
20180417,49309.50,0.000000,0.0000
20180418,48861.20,-0.009091,4.0000
20180419,48449.93,-0.008417,4.0000
20180420,49809.40,0.028059,2.8458
20180423,49341.21,-0.009400,4.0000
20180424,48816.64,-0.010631,3.9012
20180425,48358.61,-0.009383,4.0000
20180426,47850.57,-0.010506,3.1097
20180427,49004.80,0.024122,2.4572
20180430,50673.88,0.034060,3.9001
20180501,50136.18,-0.010611,3.7743
20180502,49609.75,-0.010500,3.0894
20180503,49084.99,-0.010578,3.5559
20180504,52947.92,0.078699,3.7010
20180507,53165.75,0.004114,3.8184
20180508,52739.20,-0.008023,4.0000
20180509,52203.15,-0.010164,4.0000
20180510,52203.15,0.000000,0.0000
20180511,51767.30,-0.008349,4.0000
20180514,51384.88,-0.007387,4.0000
20180515,51307.39,-0.001508,2.4435
20180516,50973.67,-0.006504,4.0000
20180517,50552.94,-0.008254,4.0000
20180518,50077.83,-0.009398,4.0000
20180521,49555.24,-0.010436,2.7445
20180522,49269.77,-0.005761,4.0000
20180523,52118.64,0.057822,4.0000
20180524,51647.04,-0.009049,4.0000
20180525,51647.04,0.000000,0.0000
20180529,51308.70,-0.006551,2.6057
20180530,50952.72,-0.006938,4.0000
20180531,50469.32,-0.009487,4.0000
20180601,52375.47,0.037769,4.0000
20180604,53214.98,0.016029,4.0000
20180605,52715.95,-0.009377,4.0000
20180606,52451.21,-0.005022,4.0000
20180607,53446.35,0.018973,3.5985
20180608,52879.16,-0.010612,3.8763
20180611,52455.30,-0.008016,4.0000
20180612,52018.73,-0.008323,4.0000
20180613,51711.44,-0.005907,4.0000
20180614,52308.39,0.011544,3.5563
20180615,51757.32,-0.010535,3.4095
20180618,51212.71,-0.010522,3.3176
20180619,50681.01,-0.010382,2.4383
20180620,50319.87,-0.007126,4.0000
20180621,52376.93,0.040880,4.0000
20180622,53095.40,0.013717,3.4715
20180625,53095.40,0.000000,0.0000
20180626,52542.11,-0.010421,2.6521
20180627,52086.03,-0.008680,4.0000
20180628,51553.63,-0.010221,4.0000
20180629,51022.02,-0.010312,4.0000
20180702,51022.02,0.000000,0.0000
20180703,52966.37,0.038108,3.1592
20180705,52542.65,-0.008000,4.0000
20180706,52542.65,0.000000,0.0000
20180709,52130.89,-0.007837,4.0000
20180710,51582.78,-0.010514,4.0000
20180711,51546.15,-0.000710,2.7670
20180712,53751.47,0.042783,4.0000
20180713,53349.57,-0.007477,4.0000
20180716,52885.87,-0.008692,4.0000
20180717,55365.12,0.046879,3.3690
20180718,55652.70,0.005194,4.0000
20180719,55064.33,-0.010572,3.6824
20180720,54560.10,-0.009157,4.0000
20180723,54034.32,-0.009637,4.0000
20180724,53776.97,-0.004763,4.0000
20180725,56113.42,0.043447,3.8617
20180726,55526.42,-0.010461,2.9741
20180727,59442.50,0.070526,4.0000
20180730,60986.61,0.025977,2.5049
20180731,60356.43,-0.010333,2.1326
20180801,59730.56,-0.010370,2.3695
20180802,63861.95,0.069167,3.7692
20180803,63188.81,-0.010541,3.4651
20180806,64583.25,0.022068,4.0000
20180807,63949.65,-0.009811,4.0000
20180808,63949.65,0.000000,0.0000
20180809,63462.27,-0.007621,4.0000
20180810,62808.49,-0.010302,4.0000
20180813,62245.12,-0.008970,4.0000
20180814,61685.80,-0.008986,4.0000
20180815,62527.89,0.013651,4.0000
20180816,62035.27,-0.007878,4.0000
20180817,61378.28,-0.010591,3.7814
20180820,61656.68,0.004536,4.0000
20180821,61375.26,-0.004564,4.0000
20180822,60726.31,-0.010574,3.6966
20180823,60085.49,-0.010553,3.5677
20180824,61062.37,0.016258,4.0000
20180827,61877.88,0.013355,4.0000
20180828,61480.39,-0.006424,4.0000
20180829,63663.39,0.035507,4.0000
20180830,63162.37,-0.007870,4.0000
20180831,62493.38,-0.010592,3.8588
20180904,61999.72,-0.007899,4.0000
20180905,64147.73,0.034645,4.0000
20180906,66056.87,0.029762,3.8315
20180907,66405.94,0.005284,3.4928
20180910,66215.81,-0.002863,2.5819
20180911,66215.81,0.000000,0.0000
20180912,66034.49,-0.002738,3.6632
20180913,66357.00,0.004884,3.5530
20180914,66552.29,0.002943,3.1303
20180917,69547.02,0.044998,4.0000
20180918,69702.54,0.002236,1.6041
20180919,69702.54,0.000000,0.0000
20180920,68977.35,-0.010404,2.6090
20180921,68430.05,-0.007934,4.0000
20180924,68430.05,0.000000,0.0000
20180925,67710.95,-0.010509,3.2853
20180926,67003.22,-0.010452,2.9404
20180927,67737.89,0.010965,4.0000
20180928,67187.37,-0.008127,4.0000
20181001,66481.02,-0.010513,3.3507
20181002,65928.14,-0.008316,4.0000
20181003,65310.60,-0.009367,4.0000
20181004,67104.53,0.027468,2.4334
20181005,68609.89,0.022433,2.6415
20181008,67901.16,-0.010330,2.1079
20181009,67826.98,-0.001092,2.0460
20181010,74447.00,0.097602,2.7906
20181011,73686.24,-0.010219,1.3900
20181012,72928.48,-0.010284,1.7917
20181015,72177.88,-0.010292,1.8463
20181016,71417.08,-0.010541,3.4255
20181017,71363.52,-0.000750,1.7616
20181018,73226.28,0.026102,1.9155
20181019,72459.23,-0.010475,3.0289
20181022,71703.00,-0.010437,2.7823
20181023,70964.84,-0.010295,1.8656
20181024,78508.95,0.106308,2.5124
20181025,77693.20,-0.010391,2.4403
20181026,76898.14,-0.010233,1.4634
20181029,76104.09,-0.010326,2.0404
20181030,77228.38,0.014773,1.0611
20181031,78028.31,0.010358,3.1491
20181101,77212.77,-0.010452,2.8545
20181102,76417.06,-0.010305,1.9367
20181105,76137.64,-0.003657,1.5655
20181106,75360.48,-0.010207,1.3122
20181107,78703.05,0.044354,2.6250
20181108,77888.53,-0.010349,2.2127
20181109,77888.53,0.000000,0.0000
20181112,79630.84,0.022369,1.3263
20181113,78817.34,-0.010216,1.3611
20181114,77997.42,-0.010403,2.5172
20181115,77191.25,-0.010336,2.0974
20181116,76388.46,-0.010400,2.4904
20181119,80706.28,0.056524,2.2869
20181120,79882.64,-0.010205,1.2674
20181121,79059.46,-0.010305,1.8911
20181123,78362.22,-0.008819,1.6569
20181126,77528.75,-0.010636,3.9196
20181127,76714.13,-0.010507,3.1465
20181128,75911.73,-0.010460,2.8505
20181129,75118.41,-0.010451,2.8177
20181130,74338.21,-0.010386,2.4132
20181203,74602.35,0.003553,2.3093
20181204,73820.92,-0.010475,2.9898
20181206,73060.39,-0.010302,1.8804
20181207,72292.18,-0.010515,3.2209
20181210,71554.47,-0.010205,1.2718
20181211,73282.45,0.024149,2.5943
20181212,72504.96,-0.010609,3.7942
20181213,71750.06,-0.010412,2.5611
20181214,70997.98,-0.010482,2.9786
20181217,70262.52,-0.010359,2.2015
20181218,69527.55,-0.010460,2.8151
20181219,68811.57,-0.010298,1.8339
20181220,68110.26,-0.010192,1.1719
20181221,67411.51,-0.010259,1.5766
20181224,66724.88,-0.010186,1.1105
20181226,66045.65,-0.010180,1.0731
20181227,65367.67,-0.010265,1.5859
20181228,64698.95,-0.010230,1.3853
20181231,64028.32,-0.010366,2.2273
20190102,66191.02,0.033777,1.6677
20190103,66191.02,0.000000,0.0000
20190104,66191.02,0.000000,0.0000
20190107,65504.37,-0.010374,2.2886
20190108,64818.76,-0.010467,2.8783
20190109,64140.77,-0.010460,2.8213
20190110,63467.08,-0.010503,3.0852
20190111,62878.46,-0.009274,4.0000
20190114,62225.55,-0.010384,2.3477
20190115,64443.48,0.035643,2.9364
20190116,63766.27,-0.010509,3.1583
20190117,65831.89,0.032394,3.3781
20190118,65137.71,-0.010545,3.3817
20190122,67885.04,0.042177,4.0000
20190123,67231.32,-0.009630,4.0000
20190124,66518.58,-0.010601,3.7317
20190125,66518.58,0.000000,0.0000
20190128,65828.61,-0.010373,2.2995
20190129,68167.25,0.035526,4.0000
20190130,67446.68,-0.010571,3.5494
20190131,66731.91,-0.010598,3.7269
20190201,66152.93,-0.008676,4.0000
20190204,68249.66,0.031695,3.3124
20190205,68816.81,0.008310,2.3765
20190206,68816.81,0.000000,0.0000
20190207,68087.21,-0.010602,3.7730
20190208,67375.39,-0.010455,2.8510
20190211,66662.82,-0.010576,3.6293
20190212,66662.82,0.000000,0.0000
20190213,65956.60,-0.010594,3.7615
20190214,65956.60,0.000000,0.0000
20190215,65263.26,-0.010512,3.2318
20190219,65699.56,0.006685,3.3243
20190220,65114.49,-0.008905,4.0000
20190221,64424.64,-0.010594,3.7662
20190222,63963.94,-0.007151,4.0000
20190225,63546.06,-0.006533,4.0000
20190226,63546.06,0.000000,0.0000
20190227,62875.73,-0.010549,3.4863
20190228,62227.53,-0.010309,4.0000
20190301,61648.99,-0.009297,4.0000
20190304,61192.62,-0.007403,4.0000
20190305,60567.38,-0.010217,4.0000
20190306,61824.48,0.020755,4.0000
20190307,63806.81,0.032064,4.0000
20190308,63136.07,-0.010512,3.2135
20190311,65480.92,0.037140,2.8400
20190312,64829.08,-0.009955,4.0000
20190313,64829.08,0.000000,0.0000
20190314,64175.97,-0.010074,4.0000
20190315,63820.53,-0.005538,4.0000
20190318,63143.59,-0.010607,3.8965
20190319,62628.75,-0.008153,4.0000
20190320,62074.03,-0.008857,4.0000
20190321,66101.92,0.064888,4.0000
20190322,65401.97,-0.010589,3.8089
20190325,65401.97,0.000000,0.0000
20190326,64739.25,-0.010133,4.0000
20190327,64739.25,0.000000,0.0000
20190328,64068.97,-0.010354,2.2566
20190329,63560.62,-0.007934,4.0000
20190401,63090.11,-0.007403,4.0000
20190402,62609.59,-0.007616,4.0000
20190403,62122.56,-0.007779,4.0000
20190404,61627.48,-0.007969,4.0000
20190405,61217.36,-0.006655,4.0000
20190408,60596.02,-0.010150,4.0000
20190409,60218.67,-0.006227,4.0000
20190410,60218.67,0.000000,0.0000
20190411,60651.19,0.007183,4.0000
20190412,60328.22,-0.005325,4.0000
20190415,59968.72,-0.005959,4.0000
20190416,59608.98,-0.005999,4.0000
20190417,60152.37,0.009116,4.0000
20190418,59516.85,-0.010565,3.6762
20190422,61011.43,0.025112,4.0000
20190423,61011.43,0.000000,0.0000
20190424,60538.73,-0.007748,4.0000
20190425,60920.21,0.006301,3.9814
20190426,60282.44,-0.010469,3.0635
20190429,59842.73,-0.007294,4.0000
20190430,59219.19,-0.010420,2.7549
20190501,58910.81,-0.005207,4.0000
20190502,59333.54,0.007176,3.6347
20190503,58885.07,-0.007559,4.0000
20190506,59855.55,0.016481,1.5550
20190507,59228.22,-0.010481,3.1466
20190508,58617.49,-0.010312,2.0168
20190509,59117.73,0.008534,2.5635
20190510,58495.90,-0.010519,3.3526
20190513,57893.66,-0.010295,1.9091
20190514,57280.16,-0.010597,3.8443
20190515,59921.07,0.046105,2.7351
20190516,61704.15,0.029757,3.7563
20190517,61061.73,-0.010411,2.6696
20190520,60414.50,-0.010600,3.8505
20190521,59776.23,-0.010565,3.6500
20190522,59149.44,-0.010486,3.1371
20190523,59483.08,0.005641,3.9607
20190524,58855.55,-0.010550,3.5380
20190528,58243.34,-0.010402,2.5867
20190529,57628.53,-0.010556,3.5389
20190530,57024.18,-0.010487,3.1185
20190531,56418.11,-0.010628,3.9869
20190603,56418.11,0.000000,0.0000
20190604,59109.64,0.047707,3.2693
20190605,58997.08,-0.001904,3.9356
20190606,58373.65,-0.010567,3.6107
20190607,61437.50,0.052487,4.0000
20190610,61432.77,-0.000077,2.1329
20190611,61432.77,0.000000,0.0000
20190612,61479.88,0.000767,2.2029
20190613,60947.71,-0.008656,4.0000
20190614,60430.54,-0.008485,4.0000
20190617,61002.08,0.009458,4.0000
20190618,61002.08,0.000000,0.0000
20190619,60482.17,-0.008523,4.0000
20190620,60797.45,0.005213,3.1584
20190621,60797.45,0.000000,0.0000
20190624,60361.53,-0.007170,4.0000
20190625,64016.27,0.060548,4.0000
20190626,63343.32,-0.010512,3.3415
20190627,62691.25,-0.010294,4.0000
20190628,62691.25,0.000000,0.0000
20190701,62100.14,-0.009429,4.0000
20190702,61570.41,-0.008530,4.0000
20190703,61223.44,-0.005635,4.0000
20190705,61997.26,0.012639,4.0000
20190708,61345.30,-0.010516,4.0000
20190709,62858.69,0.024670,3.2625
20190710,62205.96,-0.010384,2.5339
20190711,61705.08,-0.008052,4.0000
20190712,61246.29,-0.007435,4.0000
20190715,60792.46,-0.007410,4.0000
20190716,60355.36,-0.007190,4.0000
20190717,60007.40,-0.005765,4.0000
20190718,59374.92,-0.010540,3.5556
20190719,62349.27,0.050094,4.0000
20190722,63287.38,0.015046,4.0000
20190723,62863.46,-0.006698,4.0000
20190724,65035.69,0.034555,4.0000
20190725,66202.96,0.017948,4.0000
20190726,66287.84,0.001282,2.7503
20190729,66302.52,0.000222,3.8977
20190730,66662.72,0.005433,3.8748
20190731,65959.02,-0.010556,3.6611
20190801,65282.56,-0.010256,1.6902
20190802,64603.50,-0.010402,2.6172
20190805,66838.54,0.034596,2.9108
20190806,66150.46,-0.010295,1.9128
20190807,65469.91,-0.010288,1.8469
20190808,64785.46,-0.010454,2.9423
20190809,64100.18,-0.010578,3.7761
20190812,63438.08,-0.010329,2.1291
20190813,68945.96,0.086823,4.0000
20190814,68233.34,-0.010336,2.1908
20190815,68233.34,0.000000,0.0000
20190816,69069.04,0.012248,3.0862
20190819,68456.66,-0.008866,4.0000
20190820,67741.69,-0.010444,2.8899
20190821,67083.24,-0.009720,4.0000
20190822,66462.72,-0.009250,4.0000
20190823,65798.49,-0.009994,4.0000
20190826,65106.38,-0.010519,3.3526
20190827,66639.41,0.023546,4.0000
20190828,65953.26,-0.010296,1.9113
20190829,65270.86,-0.010347,2.2701
20190830,66700.16,0.021898,4.0000
20190903,65997.74,-0.010531,3.4631
20190904,65550.95,-0.006770,4.0000
20190905,66839.95,0.019664,3.9018
20190906,66138.42,-0.010496,3.2506
20190909,67119.61,0.014835,4.0000
20190910,66416.93,-0.010469,3.0638
20190911,66416.93,0.000000,0.0000
20190912,65724.91,-0.010419,2.7745
20190913,65036.63,-0.010472,3.0997
20190916,64349.77,-0.010561,3.6945
20190917,63854.75,-0.007693,4.0000
20190918,63364.41,-0.007679,4.0000
20190919,62700.81,-0.010473,3.1239
20190920,62312.56,-0.006192,4.0000
20190923,61654.55,-0.010560,3.6624
20190924,65812.28,0.067436,4.0000
20190925,65129.73,-0.010371,4.0000
20190926,64447.43,-0.010476,3.1081
20190927,66985.42,0.039381,3.5123
20190930,66375.80,-0.009101,4.0000
20191001,65683.74,-0.010426,2.7999
20191002,64998.38,-0.010434,2.8149
20191003,64326.35,-0.010339,2.2059
20191004,65506.86,0.018352,2.6845
20191007,64815.41,-0.010555,3.6369
20191008,64134.59,-0.010504,3.2919
20191009,63457.74,-0.010554,3.5981
20191010,64826.11,0.021564,3.9184
20191011,64353.70,-0.007287,4.0000
20191014,64015.90,-0.005249,3.4849
20191015,65667.85,0.025805,3.5626
20191016,65152.60,-0.007846,4.0000
20191017,64681.40,-0.007232,4.0000
20191018,64108.52,-0.008857,4.0000
20191021,63564.35,-0.008488,4.0000
20191022,63094.99,-0.007384,4.0000
20191023,62504.48,-0.009359,4.0000
20191024,61872.50,-0.010111,4.0000
20191025,64003.61,0.034444,3.4006
20191028,64607.73,0.009439,3.7920
20191029,64607.73,0.000000,0.0000
20191030,64041.84,-0.008759,4.0000
20191031,64017.92,-0.000373,3.7914
20191101,63396.68,-0.009704,4.0000
20191104,62925.24,-0.007436,4.0000
20191105,62434.62,-0.007797,4.0000
20191106,62109.26,-0.005211,4.0000
20191107,61700.35,-0.006584,4.0000
20191108,61268.94,-0.006992,4.0000
20191111,62019.49,0.012250,4.0000
20191112,61600.32,-0.006759,4.0000
20191113,61918.62,0.005167,4.0000
20191114,61421.88,-0.008022,4.0000
20191115,60813.78,-0.009900,4.0000
20191118,60199.47,-0.010101,4.0000
20191119,60340.64,0.002345,4.0000
20191120,59924.36,-0.006899,4.0000
20191121,59330.19,-0.009915,4.0000
20191122,59318.00,-0.000205,4.0000
20191125,60149.17,0.014012,3.1506
20191126,59653.01,-0.008249,4.0000
20191127,59325.84,-0.005485,4.0000
20191129,59081.96,-0.004111,4.0000
20191202,61136.42,0.034773,4.0000
20191203,60501.87,-0.010379,2.5370
20191204,60501.87,0.000000,0.0000
20191205,60240.64,-0.004318,3.4910
20191206,60699.07,0.007610,4.0000
20191209,60271.48,-0.007044,4.0000
20191210,59809.26,-0.007669,4.0000
20191211,59433.14,-0.006289,4.0000
20191212,58815.85,-0.010386,4.0000
20191213,58815.85,0.000000,0.0000
20191216,59106.67,0.004945,4.0000
20191217,59059.38,-0.000800,4.0000
20191218,58685.66,-0.006328,4.0000
20191219,59560.49,0.014907,4.0000
20191220,59129.94,-0.007229,4.0000
20191223,58758.70,-0.006278,4.0000
20191224,58622.90,-0.002311,4.0000
20191226,60088.20,0.024995,4.0000
20191227,60814.16,0.012082,4.0000
20191230,61549.46,0.012091,3.2701
20191231,61897.90,0.005661,2.4624
20200102,61245.47,-0.010540,3.6947
20200103,61044.84,-0.003276,1.6240
20200106,62648.08,0.026263,2.3648
20200107,62648.08,0.000000,0.0000
20200108,63539.76,0.014233,2.7281
20200109,63037.01,-0.007912,4.0000
20200110,62374.73,-0.010506,3.4694
20200113,63869.84,0.023970,4.0000
20200114,63274.14,-0.009327,4.0000
20200115,62609.16,-0.010510,3.5136
20200116,61977.11,-0.010095,4.0000
20200117,61324.07,-0.010537,3.6976
20200121,60747.53,-0.009402,4.0000
20200122,60959.20,0.003484,4.0000
20200123,60329.09,-0.010337,2.3167
20200124,63150.90,0.046774,4.0000
20200127,63032.39,-0.001877,2.1148
20200128,62368.56,-0.010532,3.6445
20200129,61960.38,-0.006545,4.0000
20200130,61323.41,-0.010280,1.9379
20200131,63394.25,0.033769,2.1557
20200203,64506.18,0.017540,2.6698
20200204,63836.90,-0.010375,2.5913
20200205,64823.20,0.015450,2.9688
20200206,64148.40,-0.010410,2.8429
20200207,64148.40,0.000000,0.0000
20200210,65919.84,0.027615,2.4320
20200211,65215.75,-0.010681,3.2840
20200212,64561.19,-0.010037,4.0000
20200213,64974.07,0.006395,2.4732
20200214,64289.62,-0.010534,3.7539
20200218,64689.00,0.006212,2.6062
20200219,65208.35,0.008028,3.8534
20200220,64631.08,-0.008853,4.0000
20200221,67089.60,0.038039,3.0557
20200224,66702.83,-0.005765,0.8597
20200225,70059.45,0.050322,1.5784
20200226,69343.69,-0.010216,1.4907
20200227,68633.63,-0.010240,1.6178
20200228,69445.36,0.011827,0.5207
20200302,68738.56,-0.010178,1.1944
20200303,68036.26,-0.010217,1.4758
20200304,67336.72,-0.010282,1.9279
20200305,66649.35,-0.010208,1.4241
20200306,65973.15,-0.010146,0.9874
20200309,65688.39,-0.004316,1.2539
20200310,65017.86,-0.010208,1.3778
20200311,64356.18,-0.010177,1.1870
20200312,63705.74,-0.010107,0.6986
20200313,63060.64,-0.010126,0.8149
20200316,62300.81,-0.012049,4.0000
20200317,63703.81,0.022520,0.8288
20200318,63063.33,-0.010054,0.3510
20200319,62427.22,-0.010087,0.5441
20200320,61791.93,-0.010176,1.1286
20200323,61168.07,-0.010096,0.5974
20200324,60547.63,-0.010143,0.9284
20200325,59936.56,-0.010092,0.6072
20200326,61397.65,0.024377,0.7508
20200327,60765.70,-0.010293,1.9154
20200330,60146.22,-0.010195,1.2777
20200331,60146.22,0.000000,0.0000
20200401,59528.11,-0.010277,1.8056
20200402,58925.82,-0.010118,0.7687
20200403,58324.38,-0.010207,1.3514
20200406,57726.88,-0.010244,1.5938
20200407,60157.80,0.042111,1.6374
20200408,59537.73,-0.010307,2.0523
20200409,59630.26,0.001554,1.4891
20200413,59007.29,-0.010447,2.9897
20200414,60775.63,0.029968,1.5382
20200415,60144.05,-0.010392,2.6578
20200416,59519.74,-0.010380,2.5748
20200417,59467.13,-0.000884,1.5218
20200420,58853.39,-0.010321,2.1924
20200421,61598.39,0.046641,1.8737
20200422,60960.77,-0.010351,2.3668
20200423,60338.44,-0.010209,1.4271
20200424,59716.65,-0.010305,2.0617
20200427,59092.56,-0.010451,3.0719
20200428,61487.71,0.040532,1.8936
20200429,60845.86,-0.010439,2.9898
20200430,60680.10,-0.002724,1.9003
20200501,60060.68,-0.010208,1.4275
20200504,62171.52,0.035145,2.3527
20200505,61532.91,-0.010272,1.8707
20200506,60898.56,-0.010309,2.1320
20200507,60266.05,-0.010386,2.6712
20200508,59644.85,-0.010308,2.1163
20200511,61446.81,0.030211,2.6760
20200512,64059.59,0.042521,2.0127
20200513,63406.90,-0.010189,1.2931
20200514,62752.97,-0.010313,2.1575
20200515,62106.61,-0.010300,2.0688
20200518,61457.87,-0.010446,3.0810
20200519,60823.62,-0.010320,2.2322
20200520,61813.26,0.016271,3.2742
20200521,64160.64,0.037975,4.0000
20200522,63490.26,-0.010449,3.1105
20200526,65666.02,0.034269,2.3415
20200527,64988.64,-0.010316,2.1867
20200528,64872.53,-0.001787,2.6337
20200529,64203.28,-0.010316,2.2150
20200601,64825.85,0.009697,2.1388
20200602,64152.48,-0.010387,2.7061
20200603,63487.12,-0.010372,2.6189
20200604,62816.31,-0.010566,3.9858
20200605,64780.78,0.031273,2.4808
20200608,64121.80,-0.010172,4.0000
20200609,65935.47,0.028285,3.4252
20200610,65243.78,-0.010490,3.4736
20200611,64571.79,-0.010300,2.1132
20200612,63900.76,-0.010392,2.7720
20200615,63900.76,0.000000,0.0000
20200616,63235.42,-0.010412,2.9136
20200617,62574.75,-0.010448,3.1675
20200618,61919.36,-0.010474,3.3668
20200619,61316.45,-0.009737,4.0000
20200622,60773.99,-0.008847,4.0000
20200623,60132.35,-0.010558,3.9664
20200624,59500.92,-0.010501,3.5775
20200625,58879.51,-0.010444,3.1559
20200626,61859.49,0.050612,2.5401
20200629,61220.43,-0.010331,2.3266
20200630,63343.01,0.034671,2.3328
20200701,64141.49,0.012606,1.8774
20200702,63473.92,-0.010408,2.9328
20200706,65803.12,0.036695,4.0000
20200707,65127.61,-0.010266,1.9246
20200708,64453.39,-0.010352,2.5480
20200709,63774.14,-0.010539,3.9068
20200710,63121.35,-0.010236,1.6975
20200713,62463.74,-0.010418,3.0517
20200714,61831.13,-0.010128,0.9280
20200715,61192.21,-0.010333,2.4022
20200716,60563.35,-0.010277,1.9862
20200717,60019.73,-0.008976,4.0000
20200720,64335.27,0.071902,3.1160
20200721,66629.97,0.035668,2.8251
20200722,65945.52,-0.010272,1.9852
20200723,65265.10,-0.010318,2.2980
20200724,64597.57,-0.010228,1.6265
20200727,63934.48,-0.010265,1.9161
20200728,63277.66,-0.010273,1.9637
20200729,62615.68,-0.010461,3.3359
20200730,61975.56,-0.010223,1.6158
20200731,61380.86,-0.009596,1.4541
20200803,61574.27,0.003151,2.5208
20200804,60927.29,-0.010507,3.7068
20200805,60294.65,-0.010384,2.7916
20200806,59722.05,-0.009497,4.0000
20200807,59097.14,-0.010464,3.3866
20200810,59848.10,0.012707,3.8903
20200811,59233.58,-0.010268,1.9449
20200812,60937.18,0.028761,2.3014
20200813,60304.82,-0.010377,2.7688
20200814,59675.21,-0.010441,3.2149
20200817,59131.55,-0.009110,4.0000
20200818,58614.45,-0.008745,4.0000
20200819,58002.82,-0.010435,3.2061
20200820,60378.77,0.040963,2.8216
20200821,59838.20,-0.008953,4.0000
20200824,59362.85,-0.007944,4.0000
20200825,60998.73,0.027557,3.1187
20200826,60580.69,-0.006853,4.0000
20200827,59962.54,-0.010204,1.5092
20200828,59463.86,-0.008316,4.0000
20200831,58844.30,-0.010419,3.1166
20200901,58243.47,-0.010210,1.5654
20200902,57642.10,-0.010325,2.4358
20200903,61188.86,0.061531,1.8685
20200904,60570.68,-0.010103,0.7702
20200908,59954.78,-0.010168,1.2413
20200909,59338.69,-0.010276,2.0146
20200910,58731.01,-0.010241,1.7852
20200911,59318.61,0.010005,1.1557
20200914,58705.85,-0.010330,2.4095
20200915,58144.43,-0.009563,4.0000
20200916,57590.43,-0.009528,4.0000
20200917,57000.39,-0.010245,1.7962
20200918,58670.21,0.029295,2.0099
20200921,58071.62,-0.010203,1.4771
20200922,57470.37,-0.010354,2.5712
20200923,60811.21,0.058132,2.2463
20200924,60190.86,-0.010201,1.4479
20200925,59570.98,-0.010299,2.1612
20200928,58952.32,-0.010385,2.8198
20200929,58338.35,-0.010415,3.0544
20200930,57738.45,-0.010283,2.0879
20201001,57133.88,-0.010471,3.4844
20201002,56551.90,-0.010186,1.3762
20201005,59179.21,0.046458,3.8589
20201006,58559.98,-0.010464,3.4242
20201007,57953.85,-0.010351,2.5874
20201008,58139.83,0.003209,3.8691
20201009,60014.94,0.032252,4.0000
20201012,59390.60,-0.010403,2.9891
20201013,58784.36,-0.010208,1.5422
20201014,60048.84,0.021510,2.9160
20201015,59436.56,-0.010196,1.4661
20201016,61062.66,0.027359,3.2725
20201019,60535.03,-0.008641,4.0000
20201020,59909.95,-0.010326,2.4221
20201021,59289.09,-0.010363,2.6962
20201022,59289.09,0.000000,0.0000
20201023,58678.21,-0.010303,2.2360
20201026,58074.92,-0.010281,2.0873
20201027,57478.24,-0.010274,2.0148
20201028,59496.66,0.035116,1.8138
20201029,58884.05,-0.010297,2.1810
20201030,58884.05,0.000000,0.0000
20201102,59369.32,0.008241,2.4927
20201103,58757.33,-0.010308,2.2439
20201104,59553.67,0.013553,1.7920
20201105,59553.67,0.000000,0.0000
20201106,58945.84,-0.010206,1.5294
20201109,58348.59,-0.010132,0.9797
20201110,58348.59,0.000000,0.0000
20201111,57738.91,-0.010449,3.3354
20201112,57142.59,-0.010328,2.4474
20201113,56544.88,-0.010460,3.4117
20201116,56544.88,0.000000,0.0000
20201117,56053.09,-0.008697,4.0000
20201118,55530.99,-0.009314,4.0000
20201119,54950.47,-0.010454,3.3651
20201120,54446.78,-0.009166,4.0000
20201123,53881.42,-0.010384,4.0000
20201124,53356.80,-0.009737,4.0000
20201125,52845.17,-0.009589,4.0000
20201127,52924.01,0.001492,3.1796
20201130,52924.01,0.000000,0.0000
20201201,52376.11,-0.010353,2.6394
20201202,51833.53,-0.010359,2.6893
20201203,51291.14,-0.010464,3.5030
20201204,50831.37,-0.008964,4.0000
20201207,51474.48,0.012652,4.0000
20201208,50936.72,-0.010447,3.3617
20201209,50405.49,-0.010429,3.2310
20201210,50405.49,0.000000,0.0000
20201211,49887.28,-0.010281,2.0977
20201214,49874.34,-0.000259,3.7958
20201215,49355.72,-0.010399,2.9964
20201216,48836.54,-0.010519,3.9087
20201217,48836.54,0.000000,0.0000
20201218,49532.92,0.014259,3.6130
20201221,49025.83,-0.010237,1.7996
20201222,48513.51,-0.010450,3.3921
20201223,48008.40,-0.010412,3.1028
20201224,48210.54,0.004210,3.9974
20201228,47704.51,-0.010496,3.7479
20201229,47205.81,-0.010454,3.4523
20201230,47442.61,0.005016,3.0393
20201231,47101.91,-0.007181,4.0000
20210104,49200.65,0.044557,2.8526
20210105,50153.57,0.019368,2.6428
20210106,50153.57,0.000000,0.0000
20210107,51555.52,0.027953,2.4897
20210108,51023.72,-0.010315,2.4047
20210111,50494.55,-0.010371,2.8095
20210112,49967.84,-0.010431,3.2791
20210113,49464.53,-0.010073,4.0000
20210114,48945.98,-0.010483,3.6819
20210115,48440.09,-0.010336,2.5563
20210119,49029.29,0.012164,3.0256
20210120,48561.77,-0.009536,4.0000
20210121,48058.97,-0.010354,2.6951
20210122,47554.15,-0.010504,3.8650
20210125,47059.24,-0.010407,3.1334
20210126,46702.63,-0.007578,4.0000
20210127,47146.24,0.009499,0.9721
20210128,46653.28,-0.010456,3.4840
20210129,46168.34,-0.010395,3.0148
20210201,45692.48,-0.010307,2.3453
20210202,46561.56,0.019020,3.9646
20210203,47038.70,0.010247,1.7391
20210204,46555.53,-0.010272,2.0728
20210205,46066.71,-0.010500,3.8288
20210208,45584.30,-0.010472,3.6194
20210209,45635.35,0.001120,4.0000
20210210,46492.50,0.018783,3.5837
20210211,46172.05,-0.006892,4.0000
20210212,45724.74,-0.009688,4.0000
20210216,45246.97,-0.010449,3.4696
20210217,44776.75,-0.010392,3.0075
20210218,44329.07,-0.009998,4.0000
20210219,45244.62,0.020654,3.5120
20210222,44778.69,-0.010298,2.2737
20210223,44320.47,-0.010233,1.7616
20210224,45600.45,0.028880,2.2342
20210225,45133.72,-0.010235,1.8029
20210226,44670.15,-0.010271,2.0683
20210301,44205.10,-0.010411,3.1189
20210302,45614.60,0.031885,2.2865
20210303,45614.60,0.000000,0.0000
20210304,45150.88,-0.010166,1.2633
20210305,44690.66,-0.010193,1.4464
20210308,44236.92,-0.010153,1.1445
20210309,43780.04,-0.010328,2.4840
20210310,43329.94,-0.010281,2.1249
20210311,43586.99,0.005932,2.0309
20210312,43135.72,-0.010353,2.6705
20210315,42690.03,-0.010332,2.5135
20210316,42249.55,-0.010318,2.4335
20210317,41811.11,-0.010377,2.8603
20210318,41811.11,0.000000,0.0000
20210319,41383.14,-0.010236,1.7948
20210322,41979.80,0.014418,2.2750
20210323,41544.70,-0.010365,2.7669
20210324,44225.05,0.064517,3.4471
20210325,43769.78,-0.010294,2.2332
20210326,43315.51,-0.010379,2.8762
20210329,42862.64,-0.010455,3.4641
20210330,42421.94,-0.010282,2.1258
20210331,43733.74,0.030923,4.0000
20210401,44101.38,0.008406,3.5102
20210405,43640.86,-0.010442,4.0000
20210406,43304.66,-0.007704,4.0000
20210407,43304.66,0.000000,0.0000
20210408,42887.39,-0.009636,4.0000
20210409,42585.46,-0.007040,4.0000
20210412,42312.95,-0.006399,4.0000
20210413,43333.93,0.024129,4.0000
20210414,44584.86,0.028867,2.9706
20210415,44121.27,-0.010398,3.0835
20210416,43668.04,-0.010272,2.0968
20210419,43217.77,-0.010311,2.4147
20210420,42766.51,-0.010442,3.3991
20210421,42369.47,-0.009284,4.0000
20210422,41937.28,-0.010201,4.0000
20210423,43025.43,0.025947,3.4242
20210426,42696.86,-0.007637,4.0000
20210427,43388.43,0.016197,4.0000
20210428,42936.09,-0.010425,3.2775
20210429,43434.07,0.011598,2.9095
20210430,42978.93,-0.010479,3.7027
20210503,42604.27,-0.008717,4.0000
20210504,43042.13,0.010277,1.8213
20210505,43042.13,0.000000,0.0000
20210506,42598.65,-0.010304,2.3175
20210507,41651.50,-0.022234,2.1865
20210510,42533.99,0.021188,1.4110
20210511,42533.99,0.000000,0.0000
20210512,42098.03,-0.010250,1.9121
20210513,41661.84,-0.010361,2.7628
20210514,41228.34,-0.010405,3.1022
20210517,40803.75,-0.010299,2.2736
20210518,40379.52,-0.010397,3.0265
20210519,41489.59,0.027491,1.9020
20210520,42778.13,0.031057,2.7035
20210521,44214.22,0.033571,3.7370
20210524,43756.05,-0.010363,2.7910
20210525,44110.72,0.008106,3.3268
20210526,43700.16,-0.009308,4.0000
20210527,43242.40,-0.010475,3.6460
20210528,42953.95,-0.006671,4.0000
20210601,44035.27,0.025174,4.0000
20210602,43574.28,-0.010469,3.6152
20210603,43218.23,-0.008171,4.0000
20210604,44353.53,0.026269,3.1303
20210607,44016.47,-0.007599,4.0000
20210608,43747.21,-0.006117,4.0000
20210609,43406.68,-0.007784,4.0000
20210610,44000.84,0.013688,2.2344
20210611,43644.55,-0.008097,4.0000
20210614,43644.55,0.000000,0.0000
20210615,43911.64,0.006120,2.7565
20210616,43543.93,-0.008374,4.0000
20210617,45068.69,0.035017,2.8566
20210618,44607.59,-0.010231,1.8000
20210621,44151.24,-0.010230,1.7722
20210622,45149.85,0.022618,3.0952
20210623,44679.02,-0.010428,3.3352
20210624,44311.69,-0.008222,4.0000
20210625,43971.06,-0.007687,4.0000
20210628,44470.10,0.011349,2.5790
20210629,44470.10,0.000000,0.0000
20210630,44003.29,-0.010497,3.8688
20210701,43545.36,-0.010407,3.1815
20210702,44369.35,0.018923,4.0000
20210706,43910.07,-0.010351,4.0000
20210707,44035.19,0.002850,2.4643
20210708,43580.38,-0.010328,2.5729
20210709,44481.12,0.020668,3.6221
20210712,44366.93,-0.002567,4.0000
20210713,43964.56,-0.009069,4.0000
20210714,43504.32,-0.010468,3.6853
20210715,43755.80,0.005781,2.0940
20210716,43298.95,-0.010441,3.4641
20210719,42853.77,-0.010281,2.1856
20210720,42412.25,-0.010303,2.3539
20210721,43592.97,0.027839,4.0000
20210722,44216.86,0.014312,4.0000
20210723,43756.74,-0.010406,3.1781
20210726,43756.74,0.000000,0.0000
20210727,44865.17,0.025332,3.4746
20210728,44396.14,-0.010454,3.5574
20210729,44431.25,0.000791,3.3407
20210730,44701.79,0.006089,2.8494
20210802,44289.72,-0.009218,4.0000
20210803,43827.84,-0.010429,3.3550
20210804,43414.85,-0.009423,4.0000
20210805,43414.85,0.000000,0.0000
20210806,42960.31,-0.010470,3.7039
20210809,42660.56,-0.006977,4.0000
20210810,42251.43,-0.009590,4.0000
20210811,42251.43,0.000000,0.0000
20210812,41870.34,-0.009020,4.0000
20210813,41554.21,-0.007550,4.0000
20210816,41232.13,-0.007751,4.0000
20210817,40804.39,-0.010374,2.9280
20210818,40379.51,-0.010413,3.2486
20210819,41010.85,0.015635,2.3381
20210820,41933.55,0.022499,4.0000
20210823,43506.02,0.037499,4.0000
20210824,43107.77,-0.009154,4.0000
20210825,42795.23,-0.007250,4.0000
20210826,42477.68,-0.007420,4.0000
20210827,42044.31,-0.010202,4.0000
20210830,43150.76,0.026316,3.9859
20210831,42885.60,-0.006145,2.3150
20210901,42438.30,-0.010430,3.4160
20210902,42169.05,-0.006344,4.0000
20210903,42460.91,0.006921,2.7618
20210907,42016.80,-0.010459,4.0000
20210908,42043.94,0.000646,3.8553
20210909,41715.00,-0.007824,4.0000
20210910,41715.00,0.000000,0.0000
20210913,42638.35,0.022135,4.0000
20210914,43601.72,0.022594,3.6383
20210915,43150.62,-0.010346,2.7225
20210916,43400.75,0.005797,2.7202
20210917,44364.68,0.022210,3.0308
20210920,43913.15,-0.010178,1.4051
20210921,43461.91,-0.010276,2.1587
20210922,43009.58,-0.010408,3.1932
20210923,42560.91,-0.010432,3.3913
20210924,43549.71,0.023233,4.0000
20210927,43101.69,-0.010288,2.2558
20210928,42655.63,-0.010349,2.7312
20210929,42213.54,-0.010364,2.8619
20210930,41777.95,-0.010319,2.5057
20211001,41348.51,-0.010279,2.1725
20211004,43058.32,0.041351,3.0037
20211005,42614.04,-0.010318,2.4895
20211006,42172.97,-0.010350,2.7412
20211007,41890.69,-0.006693,1.9003
20211008,42200.39,0.007393,1.9886
20211011,41766.40,-0.010284,2.2311
20211012,41766.40,0.000000,0.0000
20211013,41332.98,-0.010377,2.9608
20211014,40940.11,-0.009505,4.0000
20211015,40515.81,-0.010364,2.8513
20211018,40143.49,-0.009190,4.0000
20211019,39775.64,-0.009163,4.0000
20211020,39532.02,-0.006125,4.0000
20211021,40618.74,0.027490,4.0000
20211022,40240.94,-0.009301,4.0000
20211025,40888.18,0.016084,3.7717
20211026,40464.52,-0.010361,2.8707
20211027,40078.98,-0.009528,4.0000
20211028,39706.56,-0.009292,4.0000
20211029,41534.89,0.046046,4.0000
20211101,41101.20,-0.010442,4.0000
20211102,41819.46,0.017475,4.0000
20211103,41383.29,-0.010430,3.4116
20211104,41383.29,0.000000,0.0000
20211105,40965.86,-0.010087,4.0000
20211108,40537.30,-0.010461,3.6968
20211109,41944.35,0.034710,4.0000
20211110,42311.43,0.008751,2.3566
20211111,42826.14,0.012165,4.0000
20211112,42483.15,-0.008009,4.0000
20211115,42093.13,-0.009181,4.0000
20211116,42859.73,0.018212,2.9401
20211117,42505.97,-0.008254,4.0000
20211118,42063.20,-0.010417,3.3221
20211119,42063.20,0.000000,0.0000
20211122,41623.25,-0.010459,3.6948
20211123,41193.45,-0.010326,2.5948
20211124,40770.12,-0.010277,2.1982
20211126,40349.62,-0.010314,2.5151
20211129,39933.19,-0.010321,2.5513
20211130,39516.83,-0.010426,3.4170
20211201,39110.47,-0.010283,2.2555
20211202,38710.19,-0.010234,1.8711
20211203,38710.19,0.000000,0.0000
20211206,38317.52,-0.010144,1.1309
20211207,39744.50,0.037241,3.7909
20211208,39337.05,-0.010252,2.0015
20211209,38929.58,-0.010358,2.8755
20211210,38527.81,-0.010320,2.5692
20211213,39752.18,0.031779,2.7472
20211214,39344.42,-0.010258,2.0570
20211215,38938.57,-0.010315,2.4982
20211216,42114.57,0.081565,3.2025
20211217,41685.19,-0.010196,1.5604
20211220,41255.41,-0.010310,2.4463
20211221,42714.38,0.035364,3.2394
20211222,42714.38,0.000000,0.0000
20211223,43409.62,0.016276,3.6952
20211227,44257.48,0.019532,2.2978
20211228,44774.65,0.011685,3.1014
20211229,44309.22,-0.010395,3.1724
20211230,43847.15,-0.010428,3.4368
20211231,43392.05,-0.010379,3.0446
20220103,42945.54,-0.010290,2.3297
20220104,44841.49,0.044148,3.7846
20220105,44384.30,-0.010196,1.5523
20220106,43933.48,-0.010157,1.2547
20220107,43484.88,-0.010211,1.6649
20220110,43042.36,-0.010176,1.3829
20220111,42600.19,-0.010273,2.1500
20220112,42161.42,-0.010300,2.3928
20220113,41762.82,-0.009454,4.0000
20220114,42467.18,0.016866,1.9648
20220118,42032.32,-0.010240,1.8850
20220119,41598.88,-0.010312,2.4506
20220120,41169.85,-0.010314,2.4783
20220121,40751.27,-0.010167,1.3156
20220124,40335.23,-0.010209,1.6147
20220125,39923.00,-0.010220,1.7178
20220126,39515.70,-0.010202,1.5644
20220127,39110.53,-0.010253,1.9608
20220128,38714.19,-0.010134,1.0275
20220131,39943.50,0.031754,1.2630
20220201,39535.54,-0.010214,1.6655
20220202,39403.48,-0.003340,1.8242
20220203,38998.62,-0.010275,2.1583
20220204,38602.13,-0.010167,1.2912
20220207,39305.54,0.018222,2.6191
20220208,38901.13,-0.010289,2.2443
20220209,38497.02,-0.010388,3.0340
20220210,38099.99,-0.010313,2.4609
20220211,37705.82,-0.010346,2.7130
20220214,37320.29,-0.010225,1.7523
20220215,36936.09,-0.010295,2.3042
20220216,36552.34,-0.010390,3.0275
20220217,36168.14,-0.010511,3.9900
20220218,35796.93,-0.010264,2.0362
20220222,35429.24,-0.010272,2.1055
20220223,35061.98,-0.010366,2.8406
20220224,36640.08,0.045009,0.7935
20220225,36265.65,-0.010219,1.6856
20220228,35894.25,-0.010241,1.8759
20220301,35525.65,-0.010269,2.0961
20220302,35160.75,-0.010271,2.0924
20220303,36893.60,0.049284,2.6726
20220304,36511.07,-0.010368,2.8559
20220307,38962.95,0.067154,1.9092
20220308,38565.05,-0.010212,1.6117
20220309,38170.00,-0.010244,1.8634
20220310,37780.09,-0.010215,1.6433
20220311,40015.14,0.059160,2.2460
20220314,39604.84,-0.010254,1.9280
20220315,41281.14,0.042326,2.2978
20220316,40852.31,-0.010388,2.9922
20220317,42151.46,0.031801,1.9466
20220318,42151.46,0.000000,0.0000
20220321,41714.14,-0.010375,2.9253
20220322,43235.07,0.036461,2.4333
20220323,42788.43,-0.010330,2.5665
20220324,42341.23,-0.010452,3.5103
20220325,41900.51,-0.010409,3.1890
20220328,41469.78,-0.010280,2.1992
20220329,41543.05,0.001767,1.7430
20220330,41188.75,-0.008529,4.0000
20220331,40764.16,-0.010308,2.4129
20220401,40936.60,0.004230,3.0813
20220404,43524.82,0.063225,3.9226
20220405,43524.82,0.000000,0.0000
20220406,43073.99,-0.010358,2.7858
20220407,42633.73,-0.010221,1.7314
20220408,42196.70,-0.010251,1.9430
20220411,41762.65,-0.010286,2.2113
20220412,41333.27,-0.010281,2.1726
20220413,41333.27,0.000000,0.0000
20220414,40899.23,-0.010501,3.8964
20220418,40481.44,-0.010215,1.6684
20220419,42053.83,0.038842,1.9232
20220420,43349.28,0.030805,2.1834
20220421,42908.20,-0.010175,1.3673
20220422,42908.20,0.000000,0.0000
20220425,42466.79,-0.010287,2.2040
20220426,44279.43,0.042684,1.6021
20220427,43829.65,-0.010158,1.2096
20220428,44753.98,0.021089,1.5650
20220429,44300.40,-0.010135,1.0386
20220502,43847.95,-0.010213,1.6076
20220503,43399.87,-0.010219,1.6570
20220504,42950.47,-0.010355,2.6932
20220505,45246.65,0.053461,1.7365
20220506,44787.26,-0.010153,1.1485
20220509,44330.28,-0.010203,1.5388
20220510,45080.21,0.016917,1.6696
20220511,44624.11,-0.010117,0.8709
20220512,44172.73,-0.010115,0.8466
20220513,43721.53,-0.010214,1.5933
20220516,43275.19,-0.010209,1.5561
20220517,42831.02,-0.010264,1.9938
20220518,42387.95,-0.010345,2.5980
20220519,41955.15,-0.010211,1.5743
20220520,43006.51,0.025059,1.9628
20220523,42564.53,-0.010277,2.0497
20220524,42565.22,0.000016,1.8314
20220525,43303.47,0.017344,1.3512
20220526,44760.76,0.033653,1.3988
20220527,46127.58,0.030536,1.8205
20220531,45659.17,-0.010155,1.1593
20220601,45191.30,-0.010247,1.8787
20220602,47244.54,0.045435,1.5420
20220603,46761.73,-0.010219,1.6667
20220606,46278.47,-0.010335,2.5227
20220607,47690.99,0.030522,1.7087
20220608,47748.85,0.001213,2.0936
20220609,47261.39,-0.010209,1.5833
20220610,47823.62,0.011896,1.0397
20220613,47337.05,-0.010174,1.2938
20220614,46851.14,-0.010265,1.9398
20220615,46369.05,-0.010290,2.1424
20220616,47042.35,0.014520,1.5345
20220617,46564.62,-0.010155,1.1447
20220621,46986.42,0.009058,2.1241
20220622,47165.76,0.003817,1.4259
20220623,46682.92,-0.010237,1.7437
20220624,48263.43,0.033856,1.7024
20220627,48577.69,0.006511,1.1959
20220628,48085.62,-0.010130,0.9758
20220629,47597.94,-0.010142,1.0383
20220630,47113.18,-0.010185,1.3516
20220701,46632.66,-0.010199,1.4589
20220705,46632.66,0.000000,0.0000
20220706,46157.01,-0.010200,1.4928
20220707,46990.02,0.018047,1.5513
20220708,46507.84,-0.010261,1.9546
20220711,47553.81,0.022490,2.3178
20220712,47065.29,-0.010273,2.0388
20220713,47695.25,0.013385,1.1874
20220714,47210.75,-0.010158,1.1594
20220715,46725.01,-0.010289,2.1575
20220718,46246.74,-0.010236,1.7701
20220719,45767.38,-0.010365,2.7138
20220720,47306.06,0.033619,2.5850
20220721,46821.82,-0.010236,1.7685
20220722,46334.76,-0.010402,3.0241
20220725,46917.48,0.012576,3.2421
20220726,47763.59,0.018034,1.8935
20220727,47763.59,0.000000,0.0000
20220728,48412.53,0.013586,2.0922
20220729,47911.94,-0.010340,2.5645
20220801,47911.94,0.000000,0.0000
20220802,47420.63,-0.010254,1.9380
20220803,48840.65,0.029945,1.8668
20220804,48334.35,-0.010366,2.8062
20220805,47839.24,-0.010243,1.8624
20220808,47351.56,-0.010194,1.4918
20220809,47373.58,0.000465,1.7036
20220810,46886.70,-0.010277,2.1112
20220811,46400.77,-0.010364,2.7802
20220812,45918.98,-0.010383,2.9246
20220815,46487.96,0.012391,2.0270
20220816,46024.65,-0.009966,4.0000
20220817,45580.22,-0.009656,4.0000
20220818,45111.16,-0.010291,2.2213
20220819,46500.74,0.030804,3.3854
20220822,47458.80,0.020603,2.2968
20220823,46968.52,-0.010331,2.5186
20220824,46483.03,-0.010336,2.5428
20220825,45998.45,-0.010425,3.2193
20220826,45519.58,-0.010410,3.1363
20220829,45056.09,-0.010182,1.3809
20220830,46705.93,0.036617,2.5030
20220831,46227.22,-0.010250,1.8676
20220901,45750.71,-0.010308,2.2942
20220902,45285.43,-0.010170,1.2668
20220906,45743.94,0.010125,1.6951
20220907,45271.11,-0.010336,2.5190
20220908,44805.28,-0.010290,2.1575
20220909,44343.56,-0.010305,2.3032
20220912,43883.37,-0.010378,2.8620
20220913,43883.37,0.000000,0.0000
20220914,43435.46,-0.010207,1.5355
20220915,42984.17,-0.010390,2.9178
20220916,42543.64,-0.010249,1.8364
20220919,43405.95,0.020269,1.7344
20220920,42953.13,-0.010432,3.2177
20220921,42505.37,-0.010424,3.1459
20220922,42067.21,-0.010308,2.2851
20220923,42067.21,0.000000,0.0000
20220926,41639.43,-0.010169,1.2489
20220927,41213.78,-0.010222,1.6450
20220928,41213.78,0.000000,0.0000
20220929,42616.64,0.034039,2.9055
20220930,42181.45,-0.010212,1.5551
20221003,41750.11,-0.010226,1.6374
20221004,42383.63,0.015174,2.2455
20221005,43019.91,0.015012,1.8302
20221006,42580.01,-0.010226,1.6741
20221007,44135.18,0.036524,2.1113
20221010,44542.48,0.009228,1.4745
20221011,44084.50,-0.010282,2.0366
20221012,44084.50,0.000000,0.0000
20221013,48209.26,0.093565,1.8319
20221014,49876.84,0.034590,1.0786
20221017,50339.95,0.009285,1.9061
20221018,51903.77,0.031065,2.0625
20221019,51374.29,-0.010201,1.4778
20221020,50847.43,-0.010255,1.8718
20221021,50847.43,0.000000,0.0000
20221024,50328.26,-0.010210,1.5341
20221025,51544.75,0.024171,1.9943
20221026,51180.47,-0.007067,1.8499
20221027,51180.47,0.000000,0.0000
20221028,52574.12,0.027230,1.1216
20221031,52606.44,0.000615,1.6378
20221101,52606.44,0.000000,0.0000
20221102,52068.82,-0.010220,1.6025
20221103,51534.57,-0.010260,1.8771
20221104,51011.69,-0.010146,1.0528
20221107,50491.42,-0.010199,1.4371
20221108,49972.24,-0.010283,2.0507
20221109,49457.29,-0.010305,2.2091
20221110,48950.75,-0.010242,1.7682
20221111,48448.80,-0.010254,1.8669
20221114,47948.43,-0.010328,2.4207
20221115,47948.43,0.000000,0.0000
20221116,47062.55,-0.018476,2.6552
20221117,48332.49,0.026984,2.5662
20221118,48627.82,0.006111,1.4529
20221121,48129.15,-0.010255,1.8758
20221122,47629.21,-0.010387,2.8528
20221123,47128.53,-0.010512,3.8033
20221125,47128.53,0.000000,0.0000
20221128,46645.07,-0.010258,1.9223
20221129,46154.41,-0.010519,3.8248
20221130,45678.68,-0.010307,2.2752
20221201,45206.93,-0.010328,2.4530
20221202,45797.68,0.013068,1.6408
20221205,45320.05,-0.010429,3.2020
20221206,47792.93,0.054565,3.1553
20221207,47303.26,-0.010246,1.8194
20221208,46817.57,-0.010268,1.9654
20221209,46817.57,0.000000,0.0000
20221212,46325.49,-0.010511,3.7795
20221213,45853.27,-0.010194,1.4385
20221214,45382.28,-0.010272,2.0258
20221215,46269.55,0.019551,1.3718
20221216,45793.14,-0.010296,2.1848
20221219,46399.24,0.013236,1.5491
20221220,45920.05,-0.010327,2.3772
20221221,45445.46,-0.010335,2.4372
20221222,45953.63,0.011182,1.5521
20221223,45484.27,-0.010214,1.5439
20221227,46387.28,0.019853,2.4235
20221228,45917.40,-0.010130,0.9477
20221229,46847.02,0.020245,1.8881
20221230,46367.55,-0.010235,1.7105
20230103,47197.42,0.017898,1.5767
20230104,46716.64,-0.010187,1.3468
20230105,46239.55,-0.010212,1.5309
20230106,45768.57,-0.010186,1.3547
20230109,45295.56,-0.010335,2.4561
20230110,44836.33,-0.010138,1.0200
20230111,44836.33,0.000000,0.0000
20230112,44379.15,-0.010196,1.4361
20230113,43917.55,-0.010401,2.9572
20230117,43461.08,-0.010394,2.8956
20230118,43011.98,-0.010333,2.4724
20230119,42568.01,-0.010322,2.3744
20230120,42125.75,-0.010389,2.8506
20230123,42125.75,0.000000,0.0000
20230124,41689.39,-0.010358,2.6682
20230125,41260.36,-0.010291,2.1426
20230126,40835.09,-0.010307,2.2954
20230127,41782.42,0.023199,2.2738
20230130,41350.29,-0.010342,2.5444
20230131,42127.06,0.018785,1.8954
20230201,41692.39,-0.010318,2.3642
20230202,41263.08,-0.010297,2.2526
20230203,41180.32,-0.002006,1.5322
20230206,40756.90,-0.010282,2.1305
20230207,40295.25,-0.011327,4.0000
20230208,41435.79,0.028305,2.5635
20230209,43502.54,0.049878,2.5211
20230210,43053.84,-0.010314,2.3668
20230213,42607.45,-0.010368,2.7546
20230214,42607.45,0.000000,0.0000
20230215,42168.41,-0.010304,2.3013
20230216,41727.14,-0.010464,3.5059
20230217,41294.67,-0.010364,2.7433
20230221,40860.70,-0.010509,3.8195
20230222,40435.12,-0.010415,3.1116
20230223,40644.95,0.005189,3.5831
20230224,40223.62,-0.010366,2.7349
20230227,39831.07,-0.009759,4.0000
20230228,39831.07,0.000000,0.0000
20230301,39416.93,-0.010397,2.9544
20230302,41243.81,0.046348,3.0813
20230303,41243.81,0.000000,0.0000
20230306,40814.47,-0.010410,3.0851
20230307,40412.45,-0.009850,4.0000
20230308,39990.86,-0.010432,3.2248
20230309,39578.01,-0.010324,2.4326
20230310,39172.80,-0.010238,1.7670
20230313,39881.29,0.018086,1.8648
20230314,39462.81,-0.010493,3.6899
20230315,39059.03,-0.010232,1.7420
20230316,38653.47,-0.010383,2.8595
20230317,38251.66,-0.010395,2.9726
20230320,37857.60,-0.010302,2.2618
20230321,37462.95,-0.010425,3.2145
20230322,37113.61,-0.009325,4.0000
20230323,36726.13,-0.010440,3.3377
20230324,36348.43,-0.010284,2.1397
20230327,35967.76,-0.010473,3.5687
20230328,35887.50,-0.002231,2.2718
20230329,35510.04,-0.010518,3.9279
20230330,35137.20,-0.010500,3.7846
20230331,36429.78,0.036787,2.8237
20230403,36051.12,-0.010394,3.0091
20230404,35761.10,-0.008045,4.0000
20230405,35457.79,-0.008482,4.0000
20230406,35090.23,-0.010366,2.7679
20230410,34721.37,-0.010512,3.8749
20230411,35114.68,0.011328,3.3656
20230412,36449.79,0.038021,2.8542
20230413,37805.88,0.037204,3.2472
20230414,37466.66,-0.008973,4.0000
20230417,37073.62,-0.010490,3.7401
20230418,36784.61,-0.007795,4.0000
20230419,37254.54,0.012775,2.9889
20230420,36866.99,-0.010403,3.0689
20230421,36483.98,-0.010389,4.0000
20230424,36103.12,-0.010439,3.3460
20230425,35753.20,-0.009692,4.0000
20230426,35382.24,-0.010376,2.8378
20230427,35382.24,0.000000,0.0000
20230428,35014.20,-0.010402,3.0532
20230501,34790.76,-0.006381,4.0000
20230502,34495.32,-0.008492,4.0000
20230503,34262.92,-0.006737,4.0000
20230504,33905.73,-0.010425,3.2207
20230505,33550.41,-0.010480,3.6584
20230508,33336.18,-0.006385,4.0000
20230509,33135.83,-0.006010,4.0000
20230510,32793.51,-0.010331,2.5371
20230511,32455.25,-0.010315,2.3993
20230512,32455.25,0.000000,0.0000
20230515,32229.57,-0.006953,4.0000
20230516,32279.54,0.001550,3.5055
20230517,32052.98,-0.007019,4.0000
20230518,33962.45,0.059572,4.0000
20230519,33770.35,-0.005656,4.0000
20230522,33886.64,0.003443,3.2945
20230523,33533.49,-0.010422,3.2577
20230524,33183.89,-0.010425,3.2755
20230525,32844.47,-0.010228,1.7544
20230526,35491.86,0.080604,4.0000
20230530,35124.93,-0.010338,2.6453
20230531,34757.77,-0.010453,3.5279
20230601,34401.47,-0.010251,4.0000
20230602,34049.22,-0.010239,1.8763
20230605,33692.86,-0.010466,3.6432
20230606,33342.69,-0.010393,3.0569
20230607,33001.62,-0.010229,1.7984
20230608,32657.66,-0.010423,3.2767
20230609,32326.47,-0.010141,4.0000
20230612,31987.26,-0.010493,3.8420
20230613,31662.64,-0.010148,4.0000
20230614,31343.85,-0.010068,4.0000
20230615,31343.85,0.000000,0.0000
20230616,31831.17,0.015547,1.9248
20230620,31504.04,-0.010277,2.1851
20230621,32439.35,0.029689,3.5228
20230622,33659.52,0.037614,2.9007
20230623,33310.14,-0.010380,2.9864
20230626,32961.75,-0.010459,3.6052
20230627,32616.48,-0.010475,3.7241
20230628,33097.60,0.014751,3.4162
20230629,32756.51,-0.010306,2.4061
20230630,33232.23,0.014523,4.0000
20230703,32983.19,-0.007494,4.0000
20230705,33077.69,0.002865,3.0252
20230706,32736.45,-0.010316,2.4752
20230707,32394.46,-0.010447,3.5032
20230710,32394.46,0.000000,0.0000
20230711,32107.39,-0.008862,4.0000
20230712,31826.73,-0.008741,4.0000
20230713,32557.83,0.022971,3.3997
20230714,32218.89,-0.010411,3.2596
20230717,31880.56,-0.010501,3.9737
20230718,31548.14,-0.010427,3.3762
20230719,31221.78,-0.010345,2.7300
20230720,30898.47,-0.010355,2.8261
20230721,30579.87,-0.010311,2.4704
20230724,30579.87,0.000000,0.0000
20230725,30866.14,0.009361,4.0000
20230726,30548.99,-0.010275,2.1666
20230727,30229.06,-0.010473,3.7573
20230728,30947.11,0.023754,4.0000
20230731,30818.19,-0.004166,3.2817
20230801,30509.17,-0.010027,4.0000
20230802,31497.19,0.032384,3.3232
20230803,31772.48,0.008740,3.5599
20230804,31444.81,-0.010313,2.4810
20230807,31120.26,-0.010321,2.5273
20230808,31098.70,-0.000693,4.0000
20230809,32352.50,0.040317,4.0000
20230810,32018.38,-0.010328,2.5892
20230811,31698.10,-0.010003,4.0000
20230814,31698.10,0.000000,0.0000
20230815,31393.37,-0.009614,4.0000
20230816,32249.96,0.027286,3.7781
20230817,33727.96,0.045830,3.5746
20230818,33378.84,-0.010351,2.7503
20230821,33030.66,-0.010431,3.3827
20230822,33900.01,0.026320,4.0000
20230823,35266.92,0.040322,3.8594
20230824,36884.49,0.045867,1.7845
20230825,36499.20,-0.010446,3.5030
20230828,36121.58,-0.010346,2.7284
20230829,38210.97,0.057843,2.9499
20230830,37854.89,-0.009319,4.0000
20230831,37706.67,-0.003915,2.3686
20230901,38493.83,0.020876,3.7681
20230905,38094.66,-0.010370,4.0000
20230906,37703.89,-0.010258,4.0000
20230907,37703.89,0.000000,0.0000
20230908,37317.85,-0.010239,1.8909
20230911,37541.82,0.006002,4.0000
20230912,37148.19,-0.010485,3.8398
20230913,36765.21,-0.010310,2.4506
20230914,36383.52,-0.010382,3.0075
20230915,37656.69,0.034993,3.0066
20230918,37644.24,-0.000331,2.2642
20230919,37644.24,0.000000,0.0000
20230920,39412.41,0.046971,3.3110
20230921,38999.50,-0.010477,3.7413
20230922,38681.50,-0.008154,4.0000
20230925,38681.50,0.000000,0.0000
20230926,39633.81,0.024619,4.0000
20230927,39218.98,-0.010467,3.6516
20230928,38812.28,-0.010370,2.8929
20230929,38480.98,-0.008536,4.0000
20231002,38953.77,0.012286,2.4026
20231003,38547.73,-0.010424,4.0000
20231004,38148.90,-0.010346,2.7134
20231005,37800.54,-0.009132,4.0000
20231006,39560.87,0.046569,2.2457
20231009,39149.64,-0.010395,3.0844
20231010,39625.53,0.012156,4.0000
20231011,39215.35,-0.010351,2.7762
20231012,38930.50,-0.007264,4.0000
20231013,40977.29,0.052575,3.9510
20231016,41323.16,0.008441,2.2907
20231017,40977.72,-0.008359,4.0000
20231018,40556.77,-0.010273,2.1518
20231019,40134.78,-0.010405,4.0000
20231020,41204.99,0.026666,2.7221
20231023,40779.14,-0.010335,2.6013
20231024,40356.80,-0.010357,2.7984
20231025,41295.03,0.023248,1.8057
20231026,41295.03,0.000000,0.0000
20231027,40865.47,-0.010402,3.1313
20231030,40444.83,-0.010293,2.2863
20231031,40026.87,-0.010334,2.5885
20231101,42139.12,0.052771,4.0000
20231102,41717.94,-0.009995,4.0000
20231103,42647.82,0.022290,3.7428
20231106,42218.84,-0.010058,4.0000
20231107,41781.46,-0.010360,2.8253
20231108,41358.95,-0.010112,4.0000
20231109,40924.66,-0.010500,3.9380
20231110,40924.66,0.000000,0.0000
20231113,40578.65,-0.008455,4.0000
20231114,40934.43,0.008768,3.4985
20231115,40584.81,-0.008541,4.0000
20231116,40248.06,-0.008297,4.0000
20231117,40007.06,-0.005988,4.0000
20231120,40736.53,0.018234,2.3586
20231121,40615.78,-0.002964,4.0000
20231122,40199.19,-0.010257,2.0557
20231124,40199.19,0.000000,0.0000
20231127,39781.57,-0.010389,3.0824
20231128,39400.28,-0.009585,4.0000
20231129,38987.78,-0.010470,3.7521
20231130,38987.78,0.000000,0.0000
20231201,38582.55,-0.010394,3.1207
20231204,38208.28,-0.009700,4.0000
20231205,38208.28,0.000000,0.0000
20231206,38992.20,0.020517,2.2350
20231207,38589.72,-0.010322,2.5691
20231208,39409.50,0.021244,3.3623
20231211,39926.21,0.013111,2.3006
20231212,39507.44,-0.010489,3.8902
20231213,39108.93,-0.010087,4.0000
20231214,38700.68,-0.010439,3.5297
20231215,38297.01,-0.010430,3.4598
20231218,38852.69,0.014510,4.0000
20231219,39109.63,0.006613,3.8680
20231220,38852.47,-0.006575,4.0000
20231221,38800.95,-0.001326,2.4417
20231222,38526.93,-0.007062,4.0000
20231226,38904.08,0.009789,4.0000
20231227,38598.94,-0.007843,4.0000
20231228,38884.74,0.007404,4.0000
20231229,38884.74,0.000000,0.0000
20240102,39744.57,0.022112,3.7483
20240103,39328.40,-0.010471,3.7765
20240104,38917.95,-0.010436,3.4948
20240105,38513.07,-0.010403,3.2315
20240108,40714.74,0.057167,3.7633
20240109,41637.99,0.022676,3.3860
20240110,41267.04,-0.008909,4.0000
20240111,40852.14,-0.010054,4.0000
20240112,40839.40,-0.000312,4.0000
20240116,40473.18,-0.008967,4.0000
20240117,40058.55,-0.010245,1.9539
20240118,39641.62,-0.010408,3.2908
20240119,39641.62,0.000000,0.0000
20240122,39227.35,-0.010450,3.6522
20240123,38823.45,-0.010296,2.3874
20240124,38453.79,-0.009522,4.0000
20240125,38053.16,-0.010419,3.3831
20240126,37711.02,-0.008991,4.0000
20240129,37446.37,-0.007018,4.0000
20240130,37446.37,0.000000,0.0000
20240131,37057.71,-0.010379,3.0723
20240201,36688.29,-0.009969,4.0000
20240202,38018.49,0.036257,3.1132
20240205,37736.69,-0.007412,4.0000
20240206,38183.19,0.011832,3.7213
20240207,37854.00,-0.008621,4.0000
20240208,37600.98,-0.006684,4.0000
20240209,37343.51,-0.006847,4.0000
20240212,36955.35,-0.010394,4.0000
20240213,36570.60,-0.010411,3.3232
20240214,36259.68,-0.008502,4.0000
20240215,35973.00,-0.007906,4.0000
20240216,37040.43,0.029673,3.9600
20240220,37040.43,0.000000,0.0000
20240221,36653.62,-0.010443,3.5941
20240222,36653.62,0.000000,0.0000
20240223,36278.22,-0.010242,4.0000
20240226,35920.70,-0.009855,4.0000
20240227,35655.28,-0.007389,4.0000
20240228,35293.10,-0.010158,4.0000
20240229,34923.71,-0.010466,3.8056
20240301,36157.54,0.035329,3.4621
20240304,35779.31,-0.010461,3.7532
20240305,36574.79,0.022233,2.9227
20240306,36272.84,-0.008256,4.0000
20240307,36027.54,-0.006763,4.0000
20240308,35652.69,-0.010405,3.3137
20240311,35286.78,-0.010263,2.1325
20240312,34923.57,-0.010293,2.3785
20240313,35309.03,0.011037,3.8931
20240314,35682.22,0.010569,3.6892
20240315,34870.83,-0.022739,3.6291
20240318,34507.47,-0.010420,3.4310
20240319,34147.16,-0.010441,3.5805
20240320,33880.44,-0.007811,4.0000
20240321,33571.98,-0.009104,4.0000
20240322,33354.92,-0.006465,4.0000
20240325,33520.48,0.004964,4.0000
20240326,33213.12,-0.009169,4.0000
20240327,33250.27,0.001119,3.1921
20240328,32902.47,-0.010460,3.7464
20240401,32562.81,-0.010323,2.6489
20240402,32314.42,-0.007628,4.0000
20240403,32958.57,0.019934,4.0000
20240404,32772.83,-0.005636,4.0000
20240405,32430.09,-0.010458,3.7185
20240408,32091.32,-0.010446,3.6274
20240409,32005.41,-0.002677,3.4961
20240410,31670.97,-0.010449,3.6668
20240411,32944.39,0.040208,3.6286
20240412,32599.38,-0.010473,3.8620
20240415,34361.43,0.054052,2.5398
20240416,34043.98,-0.009239,4.0000
20240417,36067.73,0.059445,4.0000
20240418,35692.91,-0.010392,3.1677
20240419,35320.72,-0.010427,3.4450
20240422,34960.19,-0.010207,4.0000
20240423,33648.65,-0.037515,3.4400
20240424,33320.45,-0.009754,4.0000
20240425,33320.45,0.000000,0.0000
20240426,33784.99,0.013941,2.5171
20240429,33784.99,0.000000,0.0000
20240430,33510.68,-0.008119,4.0000
20240501,33161.34,-0.010425,3.4270
20240502,32817.38,-0.010372,3.0044
20240503,32474.38,-0.010452,3.6629
20240506,32474.38,0.000000,0.0000
20240507,32177.24,-0.009150,4.0000
20240508,32674.11,0.015442,4.0000
20240509,32428.13,-0.007528,4.0000
20240510,32091.42,-0.010383,3.1360
20240513,32042.18,-0.001534,4.0000
20240514,32840.75,0.024922,4.0000
20240515,33934.79,0.033314,4.0000
20240516,33773.12,-0.004764,4.0000
20240517,33572.64,-0.005936,4.0000
20240520,34014.08,0.013149,3.4061
20240521,34634.59,0.018243,4.0000
20240522,34443.32,-0.005523,4.0000
20240523,36002.11,0.045257,3.6867
20240524,35654.13,-0.009665,4.0000
20240528,35364.40,-0.008126,4.0000
20240529,35370.20,0.000164,4.0000
20240530,36093.22,0.020442,3.4277
20240531,35869.09,-0.006210,4.0000
20240603,35591.32,-0.007744,4.0000
20240604,35222.83,-0.010353,2.8852
20240605,34963.54,-0.007361,4.0000
20240606,35056.20,0.002650,4.0000
20240607,35056.20,0.000000,0.0000
20240610,35725.36,0.019088,4.0000
20240611,35410.54,-0.008812,4.0000
20240612,35675.53,0.007483,2.9606
20240613,35506.38,-0.004741,4.0000
20240614,36213.98,0.019929,4.0000
20240617,35927.90,-0.007900,4.0000
20240618,35675.07,-0.007037,4.0000
20240620,36661.32,0.027645,3.5456
20240621,36354.78,-0.008362,4.0000
20240624,35976.20,-0.010413,3.4284
20240625,35759.79,-0.006015,4.0000
20240626,35503.87,-0.007157,4.0000
20240627,35135.98,-0.010362,3.0048
20240628,34865.64,-0.007694,4.0000
20240701,34503.01,-0.010401,3.3079
20240702,35674.14,0.033943,3.1735
20240703,36578.06,0.025338,3.6419
20240705,36284.59,-0.008023,4.0000
20240708,36051.33,-0.006429,4.0000
20240709,35728.26,-0.008961,4.0000
20240710,35482.05,-0.006891,4.0000
20240711,38424.54,0.082929,4.0000
20240712,38065.79,-0.009336,4.0000
20240715,37744.56,-0.008439,4.0000
20240716,37417.41,-0.008667,4.0000
20240717,37135.80,-0.007526,4.0000
20240718,38367.25,0.033161,3.4143
20240719,37971.02,-0.010327,2.7155
20240722,37579.56,-0.010310,2.5527
20240723,37208.05,-0.009886,4.0000
20240724,39060.26,0.049780,2.6138
20240725,38659.58,-0.010258,2.1122
20240726,38261.30,-0.010302,2.4738
20240729,37866.29,-0.010324,2.6577
20240730,40337.74,0.065268,4.0000
20240731,40337.74,0.000000,0.0000
20240801,39915.11,-0.010477,3.9481
20240802,39507.93,-0.010201,1.6360
20240805,40103.73,0.015081,0.8772
20240806,40097.85,-0.000147,1.7012
20240807,39686.00,-0.010271,2.2244
20240808,39276.30,-0.010323,2.6270
20240809,38868.15,-0.010392,3.2128
20240812,38537.90,-0.008496,4.0000
20240813,39649.46,0.028843,2.5888
20240814,39239.92,-0.010329,2.6960
20240815,40559.90,0.033639,3.3870
20240816,41198.00,0.015732,3.6739
20240819,40918.50,-0.006784,4.0000
20240820,40489.83,-0.010476,3.9531
20240821,40224.80,-0.006545,4.0000
20240822,40224.80,0.000000,0.0000
20240823,39806.45,-0.010400,3.3014
20240826,39806.45,0.000000,0.0000
20240827,39414.34,-0.009851,4.0000
20240828,39414.34,0.000000,0.0000
20240829,39012.01,-0.010208,1.7245
20240830,38606.59,-0.010392,3.2301
20240903,40499.24,0.049024,2.4334
20240904,40081.14,-0.010324,2.6668
20240905,39665.75,-0.010364,2.9980
20240906,41712.54,0.051601,2.3008
20240909,41280.00,-0.010370,3.0365
20240910,41446.46,0.004033,2.4672
20240911,41016.89,-0.010365,2.9847
20240912,40593.47,-0.010323,2.6705
20240913,41174.42,0.014311,3.7960
20240916,40752.95,-0.010236,1.9400
20240917,40328.71,-0.010410,3.3792
20240918,39908.19,-0.010427,4.0000
20240919,39581.36,-0.008189,4.0000
20240920,39212.31,-0.009324,4.0000
20240923,38802.02,-0.010463,3.8300
20240924,38395.82,-0.010469,3.8742
20240925,37995.33,-0.010430,3.5775
20240926,38522.73,0.013881,2.7964
20240927,39371.77,0.022040,4.0000
20240930,38963.99,-0.010357,2.9729
20241001,39630.40,0.017103,1.9431
20241002,39897.03,0.006728,3.5415
20241003,39486.72,-0.010284,2.3620
20241004,39073.12,-0.010474,3.9269
20241007,38694.87,-0.009681,4.0000
20241008,38414.37,-0.007249,4.0000
20241009,38106.67,-0.008010,4.0000
20241010,38383.09,0.007254,4.0000
20241011,39105.94,0.018833,4.0000
20241014,38737.69,-0.009417,4.0000
20241015,38414.67,-0.008339,4.0000
20241016,38014.57,-0.010415,3.4394
20241017,38392.04,0.009930,1.9375
20241018,38102.89,-0.007532,4.0000
20241021,37770.17,-0.008732,4.0000
20241022,37770.17,0.000000,0.0000
20241023,39021.96,0.033142,3.6530
20241024,38617.20,-0.010373,3.0874
20241025,38214.37,-0.010431,3.5987
20241028,38596.77,0.010007,3.2489
20241029,38200.34,-0.010271,2.2456
20241030,37800.72,-0.010461,3.8336
20241031,38554.69,0.019946,1.7307
20241101,38615.71,0.001583,2.6345
20241104,38219.97,-0.010248,2.0475
20241105,38920.41,0.018326,2.9666
20241106,38518.71,-0.010321,2.6862
20241107,39742.77,0.031778,4.0000
20241108,39709.12,-0.000847,4.0000
20241111,39979.77,0.006816,4.0000
20241112,39639.06,-0.008522,4.0000
20241113,39398.51,-0.006069,4.0000
20241114,39114.18,-0.007217,4.0000
20241115,40917.62,0.046107,4.0000
20241118,40588.56,-0.008042,4.0000
20241119,42214.20,0.040052,4.0000
20241120,41838.00,-0.008912,4.0000
20241121,41684.63,-0.003666,1.6629
20241122,41248.27,-0.010468,3.9158
20241125,41711.37,0.011227,3.1563
20241126,41276.40,-0.010428,3.5856
20241127,41563.25,0.006949,2.9610
20241129,41563.25,0.000000,0.0000
20241202,41964.02,0.009642,2.1817
20241203,42648.94,0.016322,3.8949
20241204,42319.43,-0.007726,4.0000
20241205,42036.70,-0.006681,4.0000
20241206,42979.40,0.022425,4.0000
20241209,43617.52,0.014847,3.4239
20241210,44330.31,0.016342,4.0000
20241211,45724.76,0.031456,4.0000
20241212,45341.28,-0.008387,4.0000
20241213,45059.14,-0.006223,4.0000
20241216,46438.73,0.030617,4.0000
20241217,45967.68,-0.010143,4.0000
20241218,45493.04,-0.010325,2.7323
20241219,47446.75,0.042945,3.6594
20241220,47055.06,-0.008255,4.0000
20241223,46566.07,-0.010392,3.2956
20241224,48227.21,0.035673,4.0000
20241226,47882.43,-0.007149,4.0000
20241227,48218.80,0.007025,2.3377
20241230,47720.84,-0.010327,2.7311
20241231,47720.84,0.000000,0.0000
20250102,47232.26,-0.010238,1.9849
20250103,46745.82,-0.010299,2.5104
20250106,46259.94,-0.010394,3.3196
20250107,49183.60,0.063201,3.5622
20250108,48670.81,-0.010426,3.5769
20250110,49232.28,0.011536,2.5467
20250113,49232.28,0.000000,0.0000
20250114,48720.86,-0.010388,3.2306
20250115,49546.11,0.016938,3.3778
20250116,50343.75,0.016099,2.2750
20250117,49828.21,-0.010240,2.0079
20250121,49472.50,-0.007139,4.0000
20250122,49520.75,0.000975,2.6662
20250123,50760.79,0.025041,4.0000
20250124,50326.15,-0.008563,4.0000
20250127,49815.25,-0.010152,1.2795
20250128,49301.25,-0.010318,2.6540
20250129,49286.43,-0.000301,2.8899
20250130,48786.98,-0.010134,4.0000
20250131,48281.86,-0.010354,2.9813
20250203,47783.49,-0.010322,2.7057
20250204,49313.30,0.032015,3.4951
20250205,48792.96,-0.010552,4.0000
20250206,48371.95,-0.008628,4.0000
20250207,47873.17,-0.010311,2.6286
20250210,47873.17,0.000000,0.0000
20250211,47898.78,0.000535,2.7027
20250212,49499.93,0.033428,3.6039
20250213,48990.10,-0.010299,2.5294
20250214,48571.36,-0.008548,4.0000
20250218,48388.27,-0.003770,4.0000
20250219,48018.35,-0.007645,4.0000
20250220,48205.33,0.003894,4.0000
20250221,52080.98,0.080399,3.9672
20250224,54336.94,0.043316,3.0638
20250225,55868.92,0.028194,3.3578
20250226,55318.06,-0.009860,4.0000
20250227,54804.78,-0.009279,4.0000
20250228,54804.78,0.000000,0.0000
20250303,54804.78,0.000000,0.0000
20250304,54243.80,-0.010236,1.9537
20250305,53680.99,-0.010375,3.1156
20250306,53127.22,-0.010316,2.6174
20250307,52579.61,-0.010307,2.5608
20250310,54085.47,0.028639,1.7701
20250311,54085.47,0.000000,0.0000
20250312,53532.13,-0.010231,1.9180
20250313,55621.61,0.039032,2.9713
20250314,55051.57,-0.010249,2.0625
20250317,54483.99,-0.010310,2.5751
20250318,55505.00,0.018740,2.8482
20250319,54924.50,-0.010459,4.0000
20250320,54964.92,0.000736,1.6850
20250321,54400.54,-0.010268,2.2039
20250324,54400.54,0.000000,0.0000
20250325,53989.88,-0.007549,4.0000
20250326,57144.84,0.058436,4.0000
20250327,56558.76,-0.010256,2.1119
20250328,59253.43,0.047644,2.5456
20250331,58653.19,-0.010130,1.0592
20250401,58050.67,-0.010273,2.2363
20250402,59858.74,0.031146,1.8833
20250403,59250.97,-0.010153,1.2679
20250404,59250.97,0.000000,0.0000
20250407,58649.31,-0.010155,1.2322
20250408,58048.87,-0.010238,1.9454
20250409,64893.37,0.117909,1.0802
20250410,64893.37,0.000000,0.0000
20250411,64233.12,-0.010174,1.4331
20250414,66002.46,0.027546,2.2922
20250415,65322.15,-0.010307,2.5328
20250416,64652.14,-0.010257,2.1117
20250417,63991.09,-0.010225,1.8276
20250421,63991.09,0.000000,0.0000
20250422,63325.31,-0.010404,3.2816
20250423,62531.50,-0.012536,2.7375
20250424,67030.63,0.071950,3.3239
20250425,66339.32,-0.010313,2.5886
20250428,65657.61,-0.010276,2.2701
20250429,67446.10,0.027240,3.1269
20250430,66749.98,-0.010321,2.6348
20250501,66061.84,-0.010309,2.5527
20250502,65376.31,-0.010377,3.1187
20250505,64752.94,-0.009535,4.0000
20250506,64082.09,-0.010360,2.9897
20250507,63413.95,-0.010426,3.5207
20250508,62755.23,-0.010388,3.2081
20250509,62250.19,-0.008048,4.0000
20250512,61614.79,-0.010207,1.7203
20250513,63680.24,0.033522,3.1272
20250514,63024.39,-0.010299,2.5159
20250515,62366.45,-0.010439,3.6912
20250516,61713.05,-0.010477,3.9895
20250519,64149.93,0.039487,3.3031
20250520,63733.56,-0.006491,4.0000
20250521,63073.14,-0.010362,3.0444
20250522,62426.52,-0.010252,2.0990
20250523,62727.08,0.004815,2.0645
20250527,62074.71,-0.010400,3.3425
20250528,61611.87,-0.007456,4.0000
20250529,62579.45,0.015705,2.0855
20250530,61928.99,-0.010394,3.2961
20250602,61297.46,-0.010198,1.6666
20250603,60664.03,-0.010334,2.7928
20250604,60179.63,-0.007985,4.0000
20250605,59558.20,-0.010326,2.7364
20250606,58938.82,-0.010400,4.0000
20250609,58490.98,-0.007598,4.0000
20250610,57950.37,-0.009243,4.0000
20250611,57346.84,-0.010415,3.4842
20250612,57964.71,0.010774,4.0000
20250613,57372.14,-0.010223,1.8843
20250616,57832.97,0.008032,2.5563
20250617,57227.45,-0.010470,3.9667
20250618,56634.25,-0.010366,3.0672
20250620,56043.80,-0.010426,3.5926
20250623,55470.50,-0.010229,1.9181
20250624,56319.57,0.015307,4.0000
20250625,55919.73,-0.007100,4.0000
20250626,55375.99,-0.009724,4.0000
20250627,54923.34,-0.008174,4.0000
20250630,54349.00,-0.010457,3.8589
20250701,54044.35,-0.005605,4.0000
20250702,55484.70,0.026651,4.0000
20250703,56096.58,0.011028,4.0000
20250707,56191.20,0.001687,3.0101
20250708,55714.93,-0.008476,4.0000
20250709,55179.05,-0.009618,4.0000
20250710,55211.81,0.000594,3.3360
20250711,54705.59,-0.009169,4.0000
20250714,54133.04,-0.010466,3.9383
20250715,55033.30,0.016630,3.6918
20250716,54461.74,-0.010386,3.2596
20250717,54461.74,0.000000,0.0000
20250718,54836.63,0.006884,4.0000
20250721,55174.39,0.006159,4.0000
20250722,55601.07,0.007733,3.3328
20250723,55026.42,-0.010335,2.8359
20250724,54459.71,-0.010299,4.0000
20250725,54142.58,-0.005823,4.0000
20250728,53775.46,-0.006781,4.0000
20250729,53345.00,-0.008005,4.0000
20250730,52922.33,-0.007923,4.0000
20250731,54495.62,0.029728,2.3771
20250801,55151.95,0.012044,2.4041
20250804,56738.58,0.028768,4.0000
20250805,58348.47,0.028374,4.0000
20250806,57742.52,-0.010385,3.2773
20250807,57232.34,-0.008836,4.0000
20250808,58512.82,0.022373,4.0000
20250811,58898.44,0.006590,4.0000
20250812,58287.11,-0.010379,3.2424
20250813,57870.59,-0.007146,4.0000
20250814,57990.96,0.002080,3.7194
20250815,58382.36,0.006749,3.8102
20250818,57858.66,-0.008970,4.0000
20250819,58893.03,0.017878,2.2183
20250820,59153.44,0.004422,3.2259
20250821,58540.49,-0.010362,3.0650
20250822,58540.49,0.000000,0.0000
20250825,58540.49,0.000000,0.0000
20250826,58022.07,-0.008856,4.0000
20250827,57630.88,-0.006742,4.0000
20250828,57717.84,0.001509,2.0985
20250829,59208.06,0.025819,4.0000
20250902,59208.06,0.000000,0.0000
20250903,58588.58,-0.010463,3.9269
20250904,57982.32,-0.010348,2.9686
20250905,59432.34,0.025008,4.0000
20250908,58908.79,-0.008809,4.0000
20250909,58967.24,0.000992,4.0000
20250910,59407.80,0.007471,3.3875
20250911,59065.20,-0.005767,4.0000
20250912,58658.24,-0.006890,4.0000
20250915,59546.73,0.015147,4.0000
20250916,59776.82,0.003864,4.0000
20250917,59283.48,-0.008253,4.0000
20250918,58718.58,-0.009529,4.0000
20250919,58301.53,-0.007102,4.0000
20250922,59610.05,0.022444,4.0000
20250923,61091.50,0.024852,4.0000
20250924,61804.51,0.011671,3.4381
20250925,61158.12,-0.010459,3.9144
20250926,60529.91,-0.010272,2.3357
20250929,60096.19,-0.007165,4.0000
20250930,59471.77,-0.010390,3.3351
20251001,58858.80,-0.010307,2.6388
20251002,58858.35,-0.000008,4.0000
20251003,58415.89,-0.007517,4.0000
20251006,57806.48,-0.010432,3.7022
20251007,57483.26,-0.005591,4.0000
20251008,59237.15,0.030511,4.0000
20251009,59193.64,-0.000735,4.0000
20251010,58659.07,-0.009031,4.0000
20251013,58053.02,-0.010332,2.8344
20251014,57452.60,-0.010343,2.9236
20251015,56895.59,-0.009695,4.0000
20251016,56301.42,-0.010443,3.8136
20251017,55720.96,-0.010310,2.6638
20251020,56320.64,0.010762,2.8655
20251021,55840.09,-0.008532,4.0000
20251022,55263.73,-0.010322,2.7534
20251023,57051.64,0.032352,4.0000
20251024,57136.99,0.001496,3.8991
20251027,58019.14,0.015439,4.0000
20251028,58531.34,0.008828,4.0000
20251029,58234.33,-0.005074,4.0000
20251030,57631.52,-0.010352,3.0250
20251031,58929.74,0.022526,4.0000
20251103,59907.53,0.016593,4.0000
20251104,60424.07,0.008622,2.6858
20251105,59796.73,-0.010382,3.2812
20251106,63244.27,0.057654,4.0000
20251107,62583.84,-0.010443,3.7904
20251110,61931.10,-0.010430,3.7095
20251111,61494.89,-0.007044,4.0000
20251112,61769.04,0.004458,2.4005
20251113,64384.36,0.042340,3.3464
20251114,64384.36,0.000000,0.0000
20251117,63727.69,-0.010199,1.7193
20251118,63727.69,0.000000,0.0000
20251119,63067.90,-0.010353,3.0364
20251120,62417.08,-0.010319,2.7348
20251121,61778.48,-0.010231,1.9853
20251124,62686.93,0.014705,1.4688
20251125,62032.13,-0.010446,3.8126
20251126,61383.34,-0.010459,3.9560
20251128,60908.52,-0.007735,4.0000
20251201,60272.65,-0.010440,3.7913
20251202,59707.61,-0.009375,4.0000
20251203,59089.04,-0.010360,3.0903
20251204,58816.88,-0.004606,1.6690
20251205,58210.83,-0.010304,2.6304
20251208,58210.83,0.000000,0.0000
20251209,57589.45,-0.010675,3.1677
20251210,57058.84,-0.009214,4.0000
20251211,56468.69,-0.010343,2.9441
20251212,55890.46,-0.010240,4.0000
20251215,57207.36,0.023562,2.6310
20251216,56619.90,-0.010269,2.3199
20251217,61013.58,0.077600,4.0000
20251218,60378.81,-0.010404,3.4595
20251219,61043.76,0.011013,2.4367
20251222,61040.28,-0.000057,2.5462
20251223,60411.78,-0.010296,2.5618
20251224,60809.58,0.006585,4.0000
20251226,60332.89,-0.007839,4.0000
20251229,59715.02,-0.010241,4.0000
20251230,59251.79,-0.007757,4.0000
20251231,60999.78,0.029501,4.0000
20260102,60367.07,-0.010372,3.1970
20260105,59744.10,-0.010320,2.7433
20260106,59289.85,-0.007603,4.0000
20260107,59337.45,0.000803,4.0000
20260108,59382.50,0.000759,2.2887
20260109,58762.42,-0.010442,3.7977
20260112,59178.93,0.007088,2.1991
20260113,58619.18,-0.009459,4.0000
20260114,58018.68,-0.010244,2.1118
20260115,57412.17,-0.010454,3.9033
20260116,58719.26,0.022767,4.0000
20260120,58117.12,-0.010254,2.1965
20260121,57513.16,-0.010392,3.3594
20260122,57479.75,-0.000581,3.6363
20260123,56880.18,-0.010431,3.7031
20260126,57360.48,0.008444,3.5004
20260127,56810.50,-0.009588,4.0000
20260128,56263.89,-0.009622,4.0000
20260129,56759.29,0.008805,2.8024
20260130,56175.58,-0.010284,2.4591
20260202,56943.29,0.013666,1.9603
20260203,56359.05,-0.010260,2.2333
20260204,57171.66,0.014418,1.5913
20260205,56589.90,-0.010176,1.5146
20260206,57371.70,0.013815,1.3317
20260209,57371.70,0.000000,0.0000
20260210,56771.84,-0.010456,3.9108
20260211,57251.43,0.008448,2.5507
20260212,56673.70,-0.010091,4.0000
20260213,56092.23,-0.010260,2.2190
20260217,55521.05,-0.010183,1.5772
20260218,55521.05,0.000000,0.0000
20260219,54942.63,-0.010418,3.5946
20260220,55895.56,0.017344,1.7368
20260223,55895.56,0.000000,0.0000
20260224,55322.77,-0.010247,2.1128
20260225,56177.18,0.015444,2.8634
20260226,57227.33,0.018694,2.8121
20260227,56638.78,-0.010284,2.4497
20260302,57027.67,0.006866,1.0167
20260303,56442.96,-0.010253,2.1590
20260304,55866.31,-0.010216,1.8672
20260305,55293.13,-0.010260,2.2422
20260306,54720.36,-0.010359,3.0846
20260309,57162.23,0.044625,2.3865
20260310,56572.64,-0.010314,2.7100
20260311,55982.17,-0.010437,3.7665
20260312,55403.90,-0.010329,2.8355
20260313,54825.64,-0.010437,3.7570
20260316,54258.87,-0.010338,2.9047
20260317,53702.17,-0.010260,2.2403
20260318,53170.69,-0.009897,4.0000
20260319,52624.25,-0.010277,2.3589
20260320,53940.02,0.025003,2.2913
20260323,53382.50,-0.010336,2.8619
20260324,52831.99,-0.010313,2.6790
20260325,52342.31,-0.009269,4.0000
20260326,51797.59,-0.010407,3.4619
20260327,52952.94,0.022305,2.1721
20260330,55020.46,0.039044,2.8639
20260331,54451.62,-0.010339,2.8864
20260401,54606.03,0.002836,1.9853
20260402,58244.94,0.066639,4.0000
20260406,57647.41,-0.010259,2.2228
20260407,57055.51,-0.010267,2.2757
20260408,57262.50,0.003628,2.0999
20260409,56669.76,-0.010351,3.0063
20260410,56103.22,-0.009997,4.0000
20260413,58761.97,0.047390,4.0000
20260414,60795.94,0.034614,3.3046
20260415,60321.55,-0.007803,4.0000
20260416,59697.62,-0.010343,2.9596
20260417,59697.62,0.000000,0.0000
20260420,59697.62,0.000000,0.0000
20260421,59993.02,0.004948,2.0476
20260422,59370.33,-0.010379,3.2779
20260423,59646.91,0.004659,4.0000
20260424,59023.63,-0.010449,3.9112
20260427,58406.97,-0.010448,3.8813
20260428,57803.42,-0.010334,2.8857
20260429,57204.94,-0.010354,3.0605
20260430,56620.63,-0.010214,1.8533
20260501,57001.79,0.006732,2.1283
20260504,56430.69,-0.010019,4.0000
20260505,57236.46,0.014279,4.0000
20260506,58541.24,0.022796,2.5073
20260507,58118.23,-0.007226,4.0000
20260508,60037.00,0.033015,2.6199
20260511,59993.93,-0.000717,1.8772
20260512,59369.86,-0.010402,3.5138
20260513,58749.31,-0.010452,3.9545
20260514,59535.38,0.013380,3.0864
20260515,58920.66,-0.010325,2.8422
20260518,60144.22,0.020766,3.4788
20260519,59529.74,-0.010217,1.9063
20260520,58911.84,-0.010380,3.3355
20260521,58302.39,-0.010345,3.0341
20260522,57701.19,-0.010312,2.7474
20260526,57103.72,-0.010354,3.1059
20260527,57490.85,0.006779,3.2738
20260528,56897.73,-0.010317,2.7775
20260529,56392.26,-0.008884,4.0000
20260601,55811.34,-0.010301,2.6644
20260602,55233.90,-0.010346,3.0413
20260603,55683.47,0.008139,3.1295
20260604,55113.60,-0.010234,2.0698
20260605,55113.60,0.000000,0.0000
20260608,54551.67,-0.010196,1.7100
20260609,57075.99,0.046274,2.6761
20260610,56494.54,-0.010187,1.6292
20260611,55915.01,-0.010258,2.2495
20260612,55346.24,-0.010172,1.5007
20260615,56401.13,0.019060,3.3710
20260616,59721.78,0.058875,4.0000
20260617,59105.90,-0.010312,2.7405
20260618,58499.17,-0.010265,2.3255
20260622,58861.77,0.006198,2.0206
20260623,58260.56,-0.010214,1.8862
20260624,57668.46,-0.010163,1.4394
20260625,58703.71,0.017952,1.9270
20260626,58703.71,0.000000,0.0000
20260629,58107.42,-0.010158,1.3918
20260630,59353.12,0.021438,1.9442
20260701,58746.64,-0.010218,1.9090
20260702,58144.15,-0.010256,2.2569
20260706,58171.72,0.000474,1.8464
20260707,58527.96,0.006124,1.6951
20260708,57927.24,-0.010264,2.3207
20260709,57330.72,-0.010298,2.6231
20260710,56739.75,-0.010308,2.7153
20260713,56154.33,-0.010318,2.7783
20260714,55577.95,-0.010264,2.3097
20260715,57093.22,0.027264,4.0000
20260716,58255.43,0.020356,2.8789
20260717,57660.07,-0.010220,1.9117
20260720,57066.54,-0.010294,2.5802
20260721,56479.13,-0.010293,2.5610
20260722,56390.96,-0.001561,3.9178
20260723,55810.42,-0.010295,2.5874
20260724,55235.43,-0.010303,2.6526
20260727,56448.74,0.021966,2.1678
20260728,55869.86,-0.010255,2.2126
20260729,55299.18,-0.010214,1.8772
20260730,55299.18,0.000000,0.0000
20260731,54735.67,-0.010190,1.6719
20260803,54735.67,0.000000,0.0000
20260804,56214.20,0.027012,1.6398
20260805,55628.11,-0.010426,3.7527
20260806,56106.03,0.008591,2.2095
20260807,55530.22,-0.010263,2.3181
20260810,54957.14,-0.010320,2.8019
20260811,55365.84,0.007437,2.5441
20260812,55446.33,0.001454,2.3648
20260813,57028.10,0.028528,3.5203
20260814,56509.08,-0.009101,4.0000
20260817,55918.96,-0.010443,3.8880
20260818,56105.19,0.003330,2.3550
20260819,56827.54,0.012875,3.1109
20260820,56239.78,-0.010343,3.0155
20260821,55661.69,-0.010279,2.4389
20260824,55599.51,-0.001117,1.8285
20260825,55025.05,-0.010332,2.9214
20260826,54458.15,-0.010303,2.6620
20260827,53900.07,-0.010248,2.1662
20260828,53337.63,-0.010435,3.8083
