day,cum_net_r
20230911,-1.0
20230911,-2.0
20230911,0.5565
20230911,-0.4435
20230911,-1.4435
20230911,-2.4435
20230911,-1.3899
20230911,-1.7998
20230911,2.5038
20230912,1.5038
20230912,0.5038
20230912,1.4522
20230912,0.4522
20230912,-0.5478
20230912,-1.5478
20230912,-2.5478
20230912,-3.5478
20230912,-2.3478
20230912,-2.7847
20230912,-1.7645
20230912,-2.7645
20230913,-3.7645
20230913,-4.7645
20230913,-0.5145
20230913,-1.5145
20230913,-2.5145
20230913,-3.5145
20230913,1.378
20230913,22.078
20230913,20.9138
20230913,21.2281
20230913,20.2281
20230914,21.9424
20230914,20.9424
20230914,19.9424
20230914,18.9424
20230914,17.9424
20230914,16.9424
20230914,15.9424
20230914,14.9424
20230914,13.9424
20230914,12.9424
20230914,11.9424
20230915,10.9424
20230915,9.9183
20230915,8.9183
20230915,7.9183
20230915,10.111
20230915,11.082
20230915,10.082
20230918,9.082
20230918,8.082
20230918,7.082
20230918,7.6704
20230918,6.6704
20230918,5.6704
20230918,6.5815
20230918,5.7407
20230919,4.7407
20230919,3.7407
20230919,7.6142
20230919,6.6142
20230919,7.6359
20230919,6.6359
20230919,8.2675
20230919,7.2675
20230920,6.2675
20230920,5.2675
20230920,4.2675
20230920,3.2675
20230920,2.2675
20230920,1.2675
20230920,0.2675
20230920,-0.7325
20230921,-1.747
20230921,-2.747
20230921,-3.747
20230921,-2.9172
20230921,-3.9172
20230921,-4.9172
20230921,-5.9172
20230922,-6.9172
20230922,-7.9172
20230922,-8.9172
20230922,-5.869
20230922,-3.6716
20230922,-4.6716
20230922,-5.6716
20230922,-6.6716
20230922,-7.6716
20230925,-8.6716
20230925,-9.6716
20230925,-10.6716
20230925,-2.8881
20230925,-3.8881
20230925,-4.8881
20230925,-4.965
20230925,-5.3106
20230925,-6.3106
20230925,-7.3106
20230925,-8.3106
20230925,-9.3106
20230925,-7.4388
20230925,-8.4388
20230925,-9.4388
20230925,-10.4388
20230925,-6.7596
20230925,-7.7596
20230925,-8.7596
20230926,-9.7596
20230926,-10.8154
20230926,-11.8154
20230926,-9.6411
20230926,-3.8277
20230926,-1.8375
20230926,-2.8375
20230927,-3.8375
20230927,-4.8375
20230927,-5.8489
20230927,-6.8489
20230927,-7.8489
20230927,-8.8489
20230927,-9.8489
20230927,-4.971
20230928,-5.971
20230928,-6.971
20230928,-7.971
20230928,-8.971
20230928,-9.971
20230928,-10.971
20230928,-11.971
20230928,-11.3571
20230928,-11.1939
20230928,-12.1939
20230928,-13.1939
20230928,-14.1939
20230928,-15.1939
20230928,-16.1939
20230928,-17.1939
20230929,-14.0606
20230929,-15.0606
20230929,-16.0606
20230929,-12.8984
20230929,-10.2628
20230929,-11.2628
20230929,-12.2628
20230929,-9.7934
20230929,-10.9267
20230929,-11.9267
20230929,-12.9267
20230929,-13.1346
20230929,-13.2967
20230929,-12.9909
20231002,-13.9909
20231002,-14.9909
20231002,-12.821
20231002,-10.1727
20231002,-11.1727
20231002,-12.1727
20231002,-13.1727
20231002,-13.6241
20231003,-12.021
20231003,-13.021
20231003,-14.021
20231003,-15.021
20231003,-12.6764
20231003,-13.6764
20231004,-14.6764
20231004,-15.6764
20231004,-16.6764
20231004,-17.6764
20231004,-12.7462
20231004,-13.7462
20231004,-14.8399
20231004,-15.8399
20231004,-16.8399
20231004,-17.8399
20231005,-18.8399
20231005,-19.8399
20231005,-20.8399
20231005,-21.8399
20231005,-22.8399
20231005,-19.6581
20231005,-17.5922
20231005,-18.5922
20231005,-15.6614
20231005,-16.6614
20231005,-16.7257
20231005,-17.7257
20231005,-18.7257
20231005,-16.3532
20231006,-17.3532
20231006,-18.3532
20231006,-19.3532
20231006,-20.3532
20231006,-21.3532
20231006,-22.3532
20231009,-23.3532
20231009,-20.8747
20231009,-21.8747
20231009,-22.8747
20231009,-23.8747
20231009,-21.2419
20231009,-20.8164
20231009,-21.8164
20231009,-22.8164
20231009,-22.394
20231010,-23.394
20231010,-19.7823
20231010,-14.7823
20231010,-11.8581
20231010,-12.8581
20231010,-13.8581
20231010,-11.1431
20231010,-12.1431
20231010,-9.8998
20231010,-10.8998
20231010,-11.3997
20231011,-12.3997
20231011,-13.3997
20231011,-14.3997
20231011,-11.6367
20231011,-10.1349
20231011,-11.1349
20231011,-12.1349
20231011,-13.1349
20231011,-14.1349
20231011,-15.1349
20231011,-16.1349
20231011,-17.1349
20231011,-12.2728
20231011,-9.7728
20231011,-9.0365
20231011,-6.5527
20231011,-7.5527
20231012,-8.5527
20231012,-9.5527
20231012,-10.5527
20231012,-8.5303
20231012,-6.9977
20231012,-7.9977
20231012,-5.6386
20231012,-6.6386
20231012,-7.6386
20231012,-8.6386
20231012,-9.6386
20231012,-6.1798
20231013,-7.1798
20231013,-8.1798
20231013,-9.1798
20231013,-10.1798
20231013,-11.1798
20231013,-12.1798
20231013,-13.1798
20231013,-14.2961
20231013,-15.3304
20231013,-14.3166
20231013,-15.3166
20231013,-14.2588
20231013,-15.2588
20231016,-16.2588
20231016,-16.5718
20231016,-17.5718
20231016,-18.5718
20231016,-18.8026
20231016,-19.48
20231016,-19.6965
20231016,-20.6965
20231016,-19.8505
20231016,-20.8505
20231016,-18.2062
20231017,-19.2062
20231017,-20.2062
20231017,-19.2857
20231017,-17.5798
20231017,-18.5798
20231017,-19.5798
20231017,-20.5798
20231017,-20.8771
20231017,-21.8771
20231017,-22.8771
20231018,-21.3529
20231018,-22.3529
20231018,-23.3529
20231018,-24.3529
20231018,-25.3529
20231018,-26.3529
20231018,-27.3529
20231018,-28.3529
20231018,-29.3529
20231018,-30.3529
20231018,-31.3529
20231018,-32.3529
20231018,-33.3529
20231018,-34.3529
20231018,-35.3529
20231018,-36.3529
20231018,-37.3529
20231018,-38.3529
20231018,-39.3529
20231018,-40.3529
20231018,-41.3529
20231018,-42.3529
20231018,-43.3529
20231018,-44.3529
20231018,-45.3529
20231018,-44.5424
20231018,-45.5424
20231018,-46.5424
20231018,-47.5424
20231018,-48.5424
20231018,-49.5424
20231018,-50.5424
20231019,-45.9316
20231019,-46.9316
20231019,-44.9195
20231019,-43.3908
20231019,-44.3908
20231019,-41.9496
20231019,-39.8246
20231019,-40.8246
20231019,-40.293
20231019,-41.293
20231019,-42.293
20231019,-33.0787
20231019,-26.388
20231019,-27.388
20231019,-15.2033
20231019,-11.8527
20231019,-11.2426
20231019,-12.4998
20231019,-13.4998
20231019,-14.4998
20231019,-15.4998
20231019,-16.6409
20231020,-14.3998
20231020,-12.7816
20231020,-13.7816
20231020,-14.7816
20231020,-15.7816
20231020,-16.7816
20231020,-17.7816
20231020,-18.7816
20231020,-19.7816
20231020,-18.4033
20231023,-19.4033
20231023,-13.9588
20231023,-11.5736
20231023,-12.5736
20231023,-13.5736
20231023,-14.5736
20231023,-15.5736
20231023,-13.9841
20231023,6.2659
20231023,5.2659
20231024,8.2052
20231024,7.2052
20231024,9.0936
20231024,12.33
20231024,11.33
20231024,17.936
20231024,16.936
20231024,15.936
20231024,14.936
20231024,18.8772
20231025,17.8772
20231025,16.8772
20231025,15.8772
20231025,14.8772
20231025,13.8772
20231025,12.8772
20231025,11.8772
20231025,12.8341
20231025,13.2861
20231026,14.9528
20231026,18.1987
20231026,17.1987
20231026,16.1987
20231026,17.86
20231026,21.1814
20231026,22.7951
20231026,21.7951
20231026,21.2422
20231027,20.2422
20231027,19.2422
20231027,18.2422
20231027,17.2422
20231027,21.9055
20231027,20.9055
20231027,19.9055
20231027,18.9055
20231027,21.8677
20231030,20.8677
20231030,19.8677
20231030,18.8677
20231030,17.8677
20231030,16.8677
20231030,15.8677
20231030,16.3397
20231030,17.1776
20231030,16.1776
20231031,15.1776
20231031,18.8552
20231031,17.8552
20231031,16.8552
20231031,15.8552
20231031,14.8552
20231031,13.8552
20231031,12.8552
20231031,11.8552
20231031,10.8552
20231031,9.8552
20231101,8.8552
20231101,7.8552
20231101,11.338
20231101,13.2317
20231101,12.2317
20231101,11.2317
20231101,10.2317
20231101,9.2317
20231101,8.2317
20231101,11.3071
20231101,9.9868
20231101,11.9039
20231101,10.9039
20231101,9.9039
20231101,8.9039
20231101,7.9039
20231101,9.9762
20231101,8.8773
20231101,7.8773
20231101,6.8773
20231101,5.8773
20231102,4.8773
20231102,3.8773
20231102,2.8773
20231102,4.0143
20231102,3.0143
20231102,2.0143
20231103,1.0143
20231106,1.227
20231106,0.227
20231106,2.3699
20231106,1.3699
20231106,0.3699
20231107,2.5304
20231107,1.5304
20231107,6.9451
20231107,5.9451
20231107,4.9451
20231107,3.9026
20231107,2.9026
20231107,3.4485
20231107,2.4485
20231107,1.4485
20231107,0.4485
20231107,1.1152
20231108,0.1152
20231108,-0.8848
20231108,3.6407
20231108,5.8407
20231108,4.8407
20231108,3.8407
20231108,2.8407
20231108,5.1753
20231108,8.8165
20231108,8.3939
20231109,7.3939
20231109,6.3939
20231109,5.3939
20231109,12.5826
20231109,11.5826
20231109,14.5534
20231109,17.3976
20231109,16.3976
20231109,15.3976
20231109,17.075
20231109,16.075
20231109,15.075
20231109,19.1917
20231109,18.1917
20231109,17.8357
20231109,16.8357
20231109,15.8357
20231109,15.6501
20231110,14.6501
20231110,13.6501
20231110,12.6501
20231110,11.6501
20231110,10.6501
20231110,12.867
20231110,11.867
20231110,10.867
20231110,12.0799
20231110,13.6451
20231113,12.6451
20231113,11.6451
20231113,10.6451
20231113,9.6451
20231113,8.6451
20231113,9.1905
20231113,8.1905
20231113,10.8334
20231114,9.8334
20231114,11.8344
20231114,15.2568
20231114,14.1165
20231114,13.1165
20231114,13.0605
20231115,12.0605
20231115,11.0529
20231115,10.0529
20231115,9.0529
20231115,11.2581
20231115,11.8329
20231115,11.8122
20231115,10.8122
20231115,9.8122
20231115,10.6093
20231116,12.4759
20231116,11.4759
20231116,11.8056
20231116,10.8056
20231116,9.8056
20231116,8.8056
20231116,16.2118
20231116,15.2118
20231116,16.4787
20231116,18.7094
20231116,17.7094
20231116,16.7094
20231117,15.7094
20231117,14.7094
20231117,14.2742
20231117,13.2742
20231117,12.2742
20231117,11.2742
20231117,13.505
20231117,13.995
20231117,14.095
20231117,17.7333
20231117,16.7333
20231117,15.7333
20231117,15.4596
20231120,14.4596
20231120,13.4596
20231120,12.4596
20231120,11.4596
20231120,10.4596
20231120,9.4596
20231120,8.4596
20231120,7.4596
20231120,7.8162
20231120,6.8162
20231120,5.8162
20231120,4.8162
20231120,3.8162
20231120,2.8162
20231121,1.8162
20231121,0.5662
20231121,-0.4338
20231121,-1.4338
20231121,-2.4338
20231121,-2.5433
20231121,-0.9672
20231121,-1.9672
20231122,1.684
20231122,0.614
20231122,0.064
20231122,-0.936
20231124,-1.936
20231124,1.201
20231124,0.1692
20231127,-0.8308
20231127,-1.8308
20231127,-2.8308
20231127,-3.8308
20231127,-4.8308
20231127,-5.8308
20231127,-6.8308
20231127,-7.8308
20231127,-8.8308
20231127,-9.8308
20231127,-10.8308
20231127,-8.7767
20231127,-9.7767
20231127,-10.7767
20231127,-11.7767
20231127,-11.2572
20231127,-6.9382
20231127,-6.9018
20231127,-2.4776
20231127,-2.0821
20231127,-1.4779
20231127,-0.0484
20231127,1.9117
20231128,3.7069
20231128,6.4409
20231128,7.9955
20231128,6.9955
20231128,5.9955
20231128,10.8289
20231128,9.8289
20231128,8.8289
20231128,11.686
20231128,11.0024
20231128,10.0024
20231128,12.7781
20231128,11.7781
20231128,10.7781
20231128,9.7781
20231128,10.8581
20231128,14.4735
20231129,17.7315
20231129,20.469
20231129,19.469
20231129,18.469
20231129,17.469
20231129,16.469
20231129,19.0599
20231129,22.8599
20231129,24.2014
20231130,23.2014
20231130,25.0996
20231130,27.9966
20231130,26.9966
20231130,25.9966
20231130,28.612
20231130,30.4526
20231130,30.8296
20231130,29.8296
20231201,31.4201
20231201,30.4201
20231201,29.4201
20231201,31.2606
20231201,30.2606
20231201,31.743
20231201,30.743
20231201,35.2913
20231201,34.2913
20231204,33.2913
20231204,32.2913
20231204,31.2913
20231204,30.2913
20231205,29.2913
20231205,28.2913
20231205,27.2913
20231205,26.2913
20231205,25.2913
20231205,24.2913
20231205,23.2913
20231205,22.2913
20231205,22.4653
20231205,21.4653
20231205,20.4653
20231206,22.4618
20231206,23.9967
20231206,22.9967
20231206,21.9967
20231206,20.9967
20231206,19.9967
20231206,18.9967
20231206,17.9967
20231206,19.4301
20231207,18.4301
20231207,17.4301
20231207,16.4301
20231207,15.4301
20231207,14.4301
20231207,13.4301
20231207,12.4301
20231207,11.4301
20231207,11.9142
20231208,10.9142
20231208,9.9142
20231208,11.865
20231208,14.0125
20231208,13.0125
20231208,12.0125
20231208,11.0125
20231208,10.0125
20231208,9.0125
20231208,10.6279
20231208,9.6279
20231208,8.6279
20231208,7.6279
20231211,6.6279
20231211,8.2279
20231211,7.2279
20231211,10.5544
20231211,9.5544
20231211,8.5544
20231211,7.5544
20231211,7.5645
20231211,6.5645
20231211,6.4996
20231212,6.0112
20231212,7.0241
20231212,6.0241
20231212,7.2337
20231212,6.2337
20231213,5.2337
20231213,4.2337
20231213,11.6337
20231213,10.6337
20231213,12.9156
20231213,11.9156
20231213,10.9156
20231213,9.8862
20231213,11.5528
20231213,10.5528
20231213,9.5528
20231213,8.5528
20231214,7.5528
20231214,6.5528
20231214,5.5528
20231214,4.5528
20231214,4.3419
20231214,6.6519
20231214,6.026
20231214,6.6478
20231215,6.1712
20231215,5.1712
20231215,7.1982
20231215,11.0181
20231215,10.0181
20231215,9.0181
20231215,9.7088
20231215,11.2633
20231215,10.2633
20231215,9.2633
20231215,8.2633
20231218,7.2633
20231218,7.5457
20231218,9.2908
20231218,12.2263
20231218,11.2263
20231218,10.2263
20231218,9.2263
20231218,9.216
20231219,8.216
20231219,7.216
20231219,6.216
20231219,8.1653
20231219,7.1653
20231219,6.1653
20231219,7.887
20231219,6.887
20231219,5.887
20231219,4.887
20231219,3.887
20231219,6.6509
20231220,5.6509
20231220,9.9527
20231220,8.9527
20231220,7.9527
20231220,9.4722
20231220,8.4722
20231220,7.4722
20231220,6.4722
20231220,5.4722
20231220,4.4722
20231220,8.132
20231221,7.132
20231221,6.132
20231221,8.2492
20231221,7.2492
20231221,6.2492
20231221,5.2492
20231221,4.2492
20231221,3.2492
20231221,5.3976
20231221,9.5195
20231221,8.5195
20231221,17.8474
20231221,16.8474
20231221,17.3967
20231221,16.3967
20231221,17.7195
20231221,22.3311
20231221,21.3311
20231222,26.5119
20231222,28.1559
20231222,27.1559
20231222,26.1559
20231222,28.9794
20231222,32.3794
20231222,31.3794
20231226,30.3794
20231226,29.3794
20231226,28.3794
20231226,27.3794
20231226,26.3794
20231226,25.3794
20231226,27.185
20231226,29.9484
20231226,28.9484
20231227,27.9484
20231227,26.9484
20231227,25.9484
20231227,24.9484
20231227,23.9484
20231227,22.9484
20231227,23.1428
20231228,26.3333
20231228,28.8155
20231228,28.5924
20231228,27.5924
20231228,26.5924
20231228,25.5924
20231228,24.5924
20231228,23.5924
20231228,25.52
20231228,26.6543
20231228,25.6543
20231228,24.6543
20231229,28.3439
20231229,32.4986
20231229,31.4986
20231229,30.4986
20240102,29.4986
20240102,28.4986
20240102,28.2048
20240103,28.0147
20240103,27.0147
20240103,29.1904
20240103,33.9928
20240103,32.9928
20240103,31.9928
20240103,30.9928
20240103,32.7208
20240104,31.6439
20240104,30.6439
20240104,29.6439
20240104,32.9328
20240104,31.9328
20240104,36.5128
20240104,37.0698
20240104,39.807
20240104,38.807
20240104,37.807
20240104,36.807
20240104,36.4431
20240105,39.0233
20240105,42.3763
20240105,44.0938
20240105,43.0938
20240105,45.2752
20240105,44.2752
20240105,43.2752
20240105,45.253
20240108,48.3783
20240108,47.3783
20240108,51.7333
20240108,50.7333
20240108,49.7333
20240109,48.7333
20240109,47.7333
20240109,46.7333
20240109,45.7333
20240109,45.5807
20240109,45.3874
20240109,44.3874
20240110,45.2142
20240110,44.2142
20240110,43.2142
20240110,42.2142
20240110,41.2142
20240110,40.2142
20240110,39.2142
20240110,38.2142
20240110,37.2142
20240110,40.7026
20240110,39.7026
20240110,38.7026
20240111,37.7026
20240111,40.3519
20240111,42.3424
20240111,41.3424
20240111,40.3424
20240111,42.6721
20240111,44.8641
20240111,46.4243
20240111,45.4243
20240111,47.5856
20240111,50.1889
20240112,49.1889
20240112,52.0905
20240112,52.345
20240112,51.345
20240112,50.345
20240112,51.8802
20240112,55.617
20240112,54.617
20240116,53.617
20240116,52.617
20240116,53.8322
20240116,52.8322
20240116,51.8322
20240117,53.3685
20240117,56.1106
20240117,59.0996
20240117,58.0996
20240117,58.7941
20240117,59.5578
20240117,58.5578
20240117,57.5578
20240117,56.5578
20240117,55.5578
20240118,54.5578
20240118,53.5578
20240118,52.5578
20240118,51.5578
20240118,50.5578
20240118,51.2548
20240118,51.1455
20240118,50.1455
20240118,49.1455
20240118,48.1455
20240118,47.1455
20240119,46.1455
20240119,47.6525
20240119,49.5097
20240119,48.5097
20240119,60.5811
20240119,59.5811
20240119,58.5811
20240122,62.2127
20240122,63.8413
20240122,67.0833
20240122,69.2401
20240122,68.2401
20240122,67.2401
20240122,66.2401
20240123,65.2401
20240123,64.2401
20240123,63.2401
20240123,62.2401
20240123,61.2401
20240123,62.8536
20240123,68.187
20240123,67.187
20240124,66.187
20240124,65.187
20240124,65.9551
20240125,64.9551
20240125,67.1708
20240125,69.2807
20240125,71.2858
20240125,70.2858
20240125,73.0594
20240125,72.0594
20240125,71.0594
20240125,70.0594
20240125,72.6599
20240125,71.6599
20240125,70.6599
20240125,74.2885
20240126,73.2885
20240126,72.2885
20240126,71.2885
20240126,70.2885
20240126,78.7249
20240126,81.7692
20240126,80.7692
20240126,79.7692
20240126,78.7692
20240126,77.7692
20240126,76.7692
20240129,80.3026
20240129,81.8158
20240129,80.8158
20240129,79.8158
20240129,78.6619
20240129,77.6619
20240129,76.6619
20240129,75.6619
20240129,74.6619
20240129,73.6619
20240129,72.6619
20240129,71.6619
20240129,70.6619
20240129,69.6619
20240130,72.7832
20240130,74.5794
20240130,73.5794
20240130,72.5794
20240130,71.5794
20240130,71.5355
20240131,70.4815
20240131,69.4815
20240131,68.4815
20240131,67.4815
20240131,69.192
20240131,68.192
20240131,67.192
20240131,66.192
20240201,65.192
20240201,64.192
20240201,63.192
20240201,62.192
20240201,61.192
20240201,60.192
20240201,59.192
20240201,61.3224
20240201,60.3224
20240201,59.3224
20240201,58.3224
20240201,57.3224
20240202,56.3224
20240202,55.3224
20240202,54.3224
20240202,54.8203
20240202,53.8203
20240202,52.8203
20240202,51.8203
20240202,50.8203
20240202,49.8203
20240202,48.8203
20240202,48.7193
20240202,47.7193
20240202,46.7193
20240205,48.8149
20240205,47.7137
20240205,46.7137
20240205,45.7137
20240205,44.7137
20240206,43.7137
20240206,42.7137
20240206,42.9176
20240206,41.9176
20240206,44.2686
20240206,46.2061
20240206,46.8529
20240207,45.8529
20240207,44.8529
20240207,46.426
20240207,45.426
20240207,44.426
20240207,44.2766
20240207,43.2766
20240207,42.2766
20240207,43.1362
20240207,47.4455
20240208,46.4455
20240208,45.4455
20240208,44.4455
20240208,44.8986
20240208,43.8986
20240208,42.8986
20240208,44.9755
20240208,43.9755
20240209,44.2047
20240209,43.2047
20240209,42.2047
20240209,41.2047
20240209,40.2047
20240212,39.0871
20240212,40.1757
20240212,41.8103
20240213,45.2161
20240213,44.2161
20240213,43.2161
20240213,42.2161
20240213,41.2161
20240214,40.2161
20240214,42.1573
20240214,41.1573
20240214,40.1573
20240214,39.1573
20240214,38.1573
20240214,40.2673
20240214,39.2673
20240214,38.2673
20240214,37.2673
20240214,36.2673
20240214,35.2673
20240214,34.2673
20240214,33.2673
20240214,32.2673
20240214,34.1572
20240215,33.1572
20240215,32.1572
20240215,34.1647
20240215,36.2754
20240215,35.2754
20240215,34.2754
20240215,33.2754
20240215,32.2754
20240215,31.2754
20240216,30.2754
20240216,29.2754
20240216,28.2754
20240216,27.2754
20240216,44.9421
20240216,43.9421
20240216,42.9421
20240216,41.9421
20240216,40.9421
20240216,39.9421
20240216,38.9421
20240216,37.9421
20240216,36.9421
20240216,38.33
20240220,41.1921
20240220,40.1682
20240220,39.1682
20240220,38.1682
20240220,41.4651
20240220,40.4651
20240221,39.4651
20240221,43.6258
20240221,42.6258
20240221,41.6258
20240221,40.6258
20240221,39.6258
20240221,38.6258
20240221,37.6258
20240221,36.6258
20240221,35.6258
20240221,34.6258
20240221,33.6258
20240221,32.6258
20240221,31.6258
20240221,30.6258
20240222,30.8419
20240222,29.8419
20240222,28.8419
20240222,27.8419
20240222,27.5983
20240222,26.5983
20240222,25.5983
20240222,26.4838
20240223,28.7219
20240223,27.7219
20240223,26.7219
20240223,25.7219
20240223,25.8028
20240223,24.7654
20240223,23.7654
20240223,22.7654
20240223,27.8987
20240223,31.6014
20240223,31.7195
20240223,31.7665
20240226,30.7665
20240226,29.7665
20240226,28.3493
20240226,27.3493
20240226,29.1493
20240226,28.1493
20240226,29.2671
20240226,29.2226
20240226,30.7472
20240226,29.7472
20240226,31.7551
20240227,30.7551
20240227,29.7551
20240227,34.1096
20240227,34.1382
20240227,33.1382
20240227,32.1382
20240227,31.1382
20240227,30.1382
20240227,29.1382
20240227,29.4965
20240227,28.4965
20240227,32.868
20240228,31.868
20240228,30.868
20240228,33.4292
20240228,31.8458
20240228,32.1786
20240228,31.1786
20240228,30.1786
20240228,29.1786
20240228,28.1786
20240228,27.1786
20240228,27.5829
20240229,36.1384
20240229,35.1384
20240229,36.6637
20240229,40.4079
20240229,39.4079
20240229,38.4079
20240229,37.4079
20240229,36.4079
20240229,35.4079
20240229,34.4079
20240229,33.4079
20240301,35.8657
20240301,39.7078
20240301,38.7078
20240301,37.7078
20240301,36.7078
20240301,35.7078
20240301,34.7078
20240301,33.7078
20240301,32.7078
20240304,31.7078
20240304,30.7078
20240304,34.0642
20240304,33.0642
20240304,32.0642
20240304,31.0642
20240304,31.1608
20240304,30.1608
20240305,29.1608
20240305,28.1608
20240305,27.022
20240305,26.022
20240305,25.022
20240305,23.9567
20240305,22.9567
20240305,21.9567
20240305,20.9567
20240305,19.9567
20240305,18.9567
20240306,21.1146
20240306,20.1146
20240306,19.1146
20240306,18.1146
20240306,17.1146
20240306,19.6436
20240306,18.6436
20240306,17.6436
20240306,19.4106
20240306,18.4106
20240306,17.4106
20240306,18.0257
20240306,17.0257
20240306,16.0257
20240307,15.0257
20240307,14.3974
20240307,13.3974
20240307,12.3974
20240307,11.3974
20240307,10.3974
20240307,11.7422
20240307,10.7422
20240307,9.7422
20240307,8.7422
20240307,7.7422
20240307,6.7422
20240307,7.7422
20240308,9.373
20240308,11.1605
20240308,10.1605
20240308,9.1605
20240308,12.6049
20240308,13.8997
20240308,12.8997
20240311,11.8997
20240311,10.8997
20240311,9.8997
20240311,8.8997
20240311,7.8997
20240311,12.2186
20240312,14.3514
20240312,13.3514
20240312,12.3514
20240312,12.0142
20240312,11.0142
20240312,10.0142
20240312,9.0142
20240312,8.0142
20240312,7.0142
20240312,6.0142
20240312,5.8879
20240312,4.8879
20240312,6.5364
20240312,6.6739
20240312,5.6739
20240312,4.6739
20240313,3.6739
20240313,2.6739
20240313,1.6739
20240313,4.4517
20240313,3.4517
20240313,5.5485
20240313,4.5485
20240314,3.5485
20240314,2.5485
20240314,4.353
20240314,3.353
20240314,2.353
20240314,1.2883
20240314,0.2883
20240314,-0.7117
20240315,-1.7117
20240315,-2.7117
20240315,-3.7117
20240315,-4.7117
20240315,-6.2196
20240315,-4.588
20240315,-5.588
20240315,-2.4452
20240315,-3.4452
20240315,-4.4452
20240318,-5.4452
20240318,-6.4452
20240318,-7.4679
20240318,-8.4679
20240318,-9.4679
20240318,-5.8224
20240318,-3.5466
20240318,-4.5466
20240318,-1.1047
20240318,0.4445
20240318,0.3889
20240318,-0.6111
20240318,-1.6111
20240318,-2.6111
20240318,-2.0174
20240319,-3.0174
20240319,-4.0174
20240319,-1.5147
20240319,0.5037
20240319,-0.4963
20240320,-1.4963
20240320,-2.4963
20240320,0.1044
20240320,-0.8956
20240320,-1.8956
20240320,-2.9335
20240320,-3.9335
20240320,-4.9335
20240320,-5.9335
20240320,-6.9335
20240320,-7.9335
20240320,-8.9335
20240320,-4.2561
20240320,-5.2561
20240320,-6.2561
20240320,-7.2561
20240321,-8.2561
20240321,-9.2561
20240321,-10.2561
20240321,-11.2561
20240321,-6.0583
20240321,-2.7318
20240321,-0.6006
20240321,-1.6006
20240321,2.2668
20240321,1.2668
20240322,0.2668
20240322,-0.7332
20240322,-1.7332
20240322,0.1055
20240322,-0.8945
20240322,-1.8945
20240322,-2.8945
20240322,-3.8945
20240322,-4.8945
20240322,-4.7836
20240325,-5.7836
20240325,-0.702
20240325,0.938
20240325,2.7826
20240325,1.7826
20240325,0.7826
20240325,-0.5767
20240326,-1.5767
20240326,-2.5767
20240326,-3.5767
20240326,-4.5767
20240326,-5.5767
20240326,-6.5767
20240326,-7.5767
20240326,-8.5767
20240326,-9.5767
20240326,-10.5767
20240326,-11.5767
20240326,-12.5767
20240327,-13.5767
20240327,-14.5767
20240327,-15.5767
20240327,-16.5767
20240327,-17.5767
20240327,-15.1719
20240327,-16.1719
20240327,-17.1719
20240327,-18.1719
20240327,-19.1719
20240327,-20.1719
20240327,-21.1719
20240328,-18.7236
20240328,-17.8244
20240328,-18.8244
20240328,-19.8244
20240328,-20.8244
20240328,-21.8244
20240328,-22.8244
20240328,-23.8244
20240328,-24.8244
20240328,-25.8244
20240328,-26.8244
20240328,-27.8244
20240328,-28.8244
20240401,-29.8244
20240401,-25.6865
20240401,-26.6865
20240401,-27.6865
20240401,-28.6865
20240401,-29.6865
20240401,-30.3718
20240401,-31.3718
20240401,-30.3298
20240401,-31.3298
20240402,-32.3298
20240402,-33.5884
20240402,-34.5884
20240402,-31.287
20240403,-32.287
20240403,-31.5849
20240403,-32.5849
20240403,-33.5849
20240403,-34.5849
20240403,-32.4031
20240403,-33.4031
20240403,-34.4031
20240403,-28.6809
20240403,-24.8512
20240403,-25.8782
20240404,-26.8782
20240404,-27.8782
20240404,-28.8782
20240404,-29.8782
20240404,-26.7154
20240404,-23.5477
20240404,-24.5477
20240404,-21.9994
20240405,-22.9994
20240405,-23.9994
20240405,-24.9994
20240405,-25.9994
20240405,-24.862
20240405,-25.862
20240405,-26.862
20240405,-24.6825
20240405,-24.4401
20240405,-24.7719
20240405,-23.7572
20240408,-20.5424
20240408,-21.5424
20240408,-19.0024
20240408,-20.0024
20240408,-19.3054
20240408,-11.5299
20240408,-10.0623
20240408,-11.0623
20240408,-12.0623
20240408,-11.4446
20240408,-12.4446
20240409,-13.4446
20240409,-14.4446
20240409,-13.2386
20240409,-14.2386
20240409,-11.4967
20240409,-12.4967
20240409,-13.4967
20240409,-14.4967
20240409,-15.4967
20240409,-6.6283
20240409,-7.6283
20240410,-8.6283
20240410,-6.9685
20240410,-7.9685
20240410,-8.9685
20240410,-9.9685
20240410,-10.9685
20240410,-11.9685
20240410,-8.7778
20240410,-5.3304
20240410,-6.3304
20240410,-7.3304
20240410,-8.3304
20240410,-9.3304
20240410,-10.3304
20240411,-11.3304
20240411,-12.3304
20240411,-10.0474
20240411,-2.5474
20240411,-0.991
20240411,2.6751
20240411,1.6751
20240411,0.6751
20240411,-0.3249
20240412,4.2229
20240412,3.2229
20240412,2.1541
20240412,1.1541
20240412,0.1541
20240412,-0.8459
20240412,-1.8459
20240412,-2.3837
20240412,-0.4645
20240412,-1.4645
20240415,0.4531
20240415,-0.5469
20240415,-1.5469
20240415,0.2603
20240415,-0.7397
20240415,-1.7397
20240415,1.9837
20240415,0.9837
20240415,-0.0163
20240415,-1.0163
20240416,3.8766
20240416,5.4799
20240416,10.2629
20240416,9.2629
20240416,8.2629
20240416,7.2629
20240416,6.2629
20240416,7.9295
20240416,9.7212
20240416,8.7212
20240416,8.919
20240416,10.6739
20240416,13.2739
20240417,12.2739
20240417,11.2739
20240417,10.2739
20240417,9.2739
20240417,8.2739
20240417,7.2739
20240417,10.8775
20240417,10.8795
20240417,9.8795
20240417,8.8795
20240417,9.1941
20240417,8.1941
20240417,7.1941
20240417,6.1941
20240417,5.1941
20240417,4.1941
20240417,3.1941
20240418,7.8617
20240418,10.5877
20240418,9.3434
20240418,12.2878
20240418,17.5758
20240418,20.1329
20240418,21.6861
20240418,20.6861
20240418,19.6861
20240418,18.6861
20240418,17.6861
20240418,19.4962
20240418,18.4962
20240418,17.4962
20240418,19.377
20240419,22.3892
20240419,21.3892
20240419,20.3892
20240419,19.3892
20240419,18.3892
20240419,17.3892
20240419,16.3892
20240422,15.3641
20240422,14.3641
20240422,13.3641
20240422,12.3641
20240422,13.3846
20240422,12.3846
20240423,11.3846
20240423,10.3846
20240423,9.3846
20240423,11.4323
20240423,10.4323
20240423,9.4323
20240423,8.4323
20240423,7.4323
20240423,6.4323
20240423,5.4323
20240423,4.4323
20240423,3.4323
20240424,2.4323
20240424,6.6576
20240424,7.7536
20240424,8.1603
20240424,7.1603
20240425,6.1603
20240425,5.1603
20240425,4.1603
20240425,6.6172
20240425,8.6607
20240425,10.2694
20240425,9.2694
20240425,11.454
20240425,10.454
20240425,9.454
20240425,8.454
20240425,7.454
20240425,6.454
20240426,5.454
20240426,4.454
20240426,6.4121
20240426,20.2375
20240426,19.2375
20240426,20.0905
20240426,20.4464
20240429,19.4464
20240429,18.4464
20240429,19.6326
20240429,21.5771
20240429,20.5771
20240429,19.5771
20240429,18.5771
20240429,17.5771
20240429,16.5771
20240429,15.5771
20240430,14.4624
20240430,13.4624
20240430,12.4624
20240430,11.4624
20240430,12.3236
20240430,11.3236
20240501,10.3236
20240501,12.4659
20240501,15.4993
20240501,23.9362
20240501,22.9362
20240501,21.9362
20240501,20.9362
20240501,19.888
20240501,18.888
20240502,20.9482
20240502,19.9031
20240502,18.9031
20240502,17.9031
20240502,16.9031
20240502,15.9031
20240502,14.9031
20240502,13.9031
20240503,12.9031
20240503,15.8063
20240503,14.8063
20240503,13.8063
20240506,12.8063
20240506,11.8063
20240506,14.4883
20240506,13.4883
20240506,12.4883
20240506,11.4883
20240506,10.4883
20240506,10.8371
20240507,9.8371
20240507,8.8371
20240507,10.6704
20240507,12.7104
20240507,11.7104
20240507,17.4122
20240507,16.4122
20240507,15.4122
20240507,15.5603
20240507,18.0061
20240507,17.0061
20240507,19.7956
20240507,18.7956
20240507,19.3563
20240508,18.3563
20240508,17.3563
20240508,16.2897
20240508,15.2897
20240508,14.2897
20240508,13.6179
20240508,16.0346
20240508,16.2218
20240509,15.2218
20240509,14.2218
20240509,13.2218
20240509,12.2218
20240509,11.2218
20240509,10.2218
20240509,11.3907
20240509,12.8753
20240509,11.8753
20240510,13.7133
20240510,16.499
20240510,15.499
20240510,14.499
20240510,13.499
20240510,12.499
20240510,15.0747
20240510,14.0747
20240510,13.0747
20240510,12.0747
20240510,11.0747
20240513,9.8414
20240513,12.0414
20240513,14.7356
20240513,13.7356
20240513,14.8814
20240513,13.8814
20240513,12.8814
20240514,16.6742
20240514,18.6451
20240514,21.029
20240514,20.029
20240514,19.029
20240514,22.429
20240514,21.429
20240514,22.4123
20240515,21.4123
20240515,20.4123
20240515,19.4123
20240515,20.2487
20240515,20.1025
20240515,19.1025
20240516,18.1025
20240516,20.3316
20240516,23.5005
20240516,22.5005
20240516,21.5005
20240516,23.7505
20240516,22.7505
20240516,21.7505
20240517,20.7505
20240517,19.7505
20240517,18.7505
20240517,17.7285
20240517,23.9925
20240517,22.9925
20240517,21.9925
20240517,20.9925
20240517,23.7449
20240517,22.7449
20240517,21.7449
20240517,20.7449
20240520,19.7449
20240520,18.7449
20240520,17.4734
20240520,19.7391
20240520,18.7391
20240520,17.7391
20240520,18.1806
20240520,17.1806
20240521,19.184
20240521,18.184
20240521,23.0951
20240521,22.0951
20240521,21.0951
20240521,20.0951
20240521,19.0951
20240521,18.0951
20240521,30.4285
20240521,29.4285
20240522,29.2706
20240522,28.2706
20240522,27.2706
20240522,30.8989
20240522,29.8989
20240522,28.8989
20240522,27.8989
20240522,26.8989
20240522,25.8989
20240522,24.8989
20240522,23.8989
20240522,22.8989
20240522,24.6381
20240523,23.6381
20240523,22.5948
20240523,21.5947
20240523,24.326
20240523,23.326
20240524,22.326
20240524,21.326
20240524,26.8006
20240524,28.9768
20240524,27.9768
20240524,26.9768
20240524,32.3565
20240524,31.3565
20240524,30.3565
20240524,29.3565
20240528,31.8563
20240528,30.8563
20240528,29.8563
20240528,28.8563
20240528,27.8563
20240528,26.8563
20240528,25.8563
20240528,24.8563
20240528,26.355
20240528,25.355
20240528,24.355
20240529,27.195
20240529,26.195
20240529,29.9252
20240529,31.8524
20240529,30.8524
20240529,29.8524
20240529,28.8524
20240529,27.8524
20240530,26.8029
20240530,25.8029
20240530,24.8029
20240530,23.8029
20240530,25.8498
20240530,28.619
20240530,27.619
20240530,29.332
20240530,39.7336
20240531,38.7336
20240531,37.7336
20240531,39.2727
20240531,46.1976
20240603,45.1976
20240603,47.3868
20240603,46.3868
20240603,48.9895
20240603,47.9895
20240603,46.9895
20240603,47.3452
20240604,49.5015
20240604,48.5015
20240604,52.9278
20240604,54.4061
20240604,53.4061
20240604,52.4061
20240604,52.7169
20240604,51.7169
20240605,50.7169
20240605,49.7169
20240605,48.7169
20240605,47.7169
20240605,46.7169
20240606,48.6853
20240606,50.2134
20240606,49.2134
20240606,48.2134
20240606,49.7716
20240606,48.7716
20240606,47.7716
20240606,46.7716
20240606,45.7716
20240606,44.7716
20240606,46.1468
20240607,45.1468
20240607,44.1468
20240607,43.1468
20240607,42.1468
20240607,43.4936
20240607,46.2077
20240607,45.2077
20240607,44.2077
20240607,43.2077
20240607,42.2077
20240607,44.8261
20240607,46.4707
20240610,45.4707
20240610,44.4707
20240610,46.7412
20240610,48.6176
20240610,47.5899
20240610,50.1664
20240610,51.2201
20240610,50.2201
20240610,55.0201
20240610,60.0368
20240610,62.7368
20240610,61.6351
20240610,60.6351
20240610,59.6012
20240611,58.4247
20240611,60.5124
20240611,59.5124
20240611,58.5124
20240611,59.7705
20240611,61.5596
20240611,60.5596
20240611,59.5596
20240611,58.5596
20240612,65.4174
20240612,64.4174
20240612,66.2031
20240612,65.2031
20240612,64.2031
20240612,63.2031
20240612,62.2031
20240612,62.0994
20240612,61.0994
20240613,60.0994
20240613,59.0994
20240613,58.0994
20240613,57.0994
20240613,56.0994
20240613,55.0994
20240613,54.0994
20240613,57.6188
20240613,56.6188
20240613,55.6188
20240613,57.7424
20240613,56.7424
20240613,55.7424
20240613,54.7424
20240613,60.3368
20240613,59.3368
20240614,58.3368
20240614,57.3368
20240614,61.1167
20240614,60.1167
20240614,59.1167
20240614,58.1167
20240614,62.4886
20240614,61.4886
20240617,66.7325
20240617,65.7325
20240617,64.7325
20240617,63.7325
20240617,62.7325
20240617,61.7325
20240617,60.7325
20240617,59.7325
20240617,58.7325
20240617,57.7325
20240618,60.0459
20240618,59.0459
20240618,58.0459
20240618,57.0459
20240618,56.0459
20240618,55.0459
20240618,54.0459
20240618,54.2032
20240618,54.2415
20240618,55.7642
20240618,58.2537
20240618,57.2537
20240620,56.2537
20240620,59.3031
20240620,61.0111
20240620,60.0111
20240620,59.0111
20240620,58.0111
20240620,57.0111
20240621,56.0111
20240621,55.0111
20240621,58.7753
20240621,57.7753
20240621,56.7753
20240621,56.7129
20240621,55.7129
20240624,54.5892
20240624,60.4503
20240624,59.4503
20240624,58.4503
20240624,57.4503
20240624,56.4503
20240625,59.538
20240625,58.538
20240625,57.538
20240625,59.509
20240625,58.509
20240625,57.509
20240625,56.509
20240625,58.1297
20240625,57.1297
20240625,58.0297
20240625,57.0297
20240625,61.9174
20240625,60.9174
20240626,59.9174
20240626,61.6646
20240626,60.6646
20240626,59.6646
20240626,58.6646
20240626,57.6646
20240626,56.6646
20240626,55.6646
20240626,54.6646
20240626,54.8638
20240626,53.8638
20240627,56.027
20240627,55.027
20240627,54.027
20240627,53.027
20240627,52.027
20240627,54.227
20240627,53.227
20240627,52.227
20240627,51.227
20240627,50.227
20240627,49.227
20240627,49.6534
20240628,51.4859
20240628,50.4859
20240628,49.4729
20240628,51.1689
20240628,50.1689
20240628,49.1689
20240628,48.1689
20240628,47.1237
20240628,50.3342
20240628,49.3342
20240628,48.3342
20240628,47.3342
20240628,47.6598
20240628,46.6598
20240628,48.6342
20240628,51.4245
20240701,50.4245
20240701,49.4245
20240701,48.4245
20240701,49.4301
20240701,48.4301
20240701,47.43
20240701,54.1443
20240701,53.1443
20240701,52.1443
20240701,51.1443
20240701,50.8167
20240701,49.8167
20240701,48.8167
20240701,49.9706
20240702,48.9706
20240702,47.9706
20240702,46.9706
20240702,45.8744
20240702,47.8446
20240702,46.8446
20240702,50.7678
20240702,49.7678
20240702,48.7678
20240702,47.7678
20240702,46.7678
20240702,47.4407
20240702,46.6457
20240702,47.7257
20240703,50.4676
20240703,50.6695
20240705,49.6695
20240705,48.6695
20240705,48.9454
20240705,47.9454
20240705,46.9454
20240705,49.558
20240705,49.0949
20240705,48.0949
20240705,47.0949
20240705,47.7838
20240705,51.506
20240708,50.506
20240708,49.506
20240708,48.506
20240708,47.506
20240708,46.506
20240708,45.506
20240708,44.506
20240708,43.506
20240708,42.506
20240708,41.506
20240708,40.506
20240708,39.506
20240708,40.851
20240708,40.4769
20240709,39.4769
20240709,38.4769
20240709,37.4769
20240709,36.4769
20240709,35.4769
20240709,34.4769
20240709,33.4769
20240709,41.1435
20240709,40.1435
20240709,40.8054
20240709,39.8054
20240709,38.8054
20240710,37.8054
20240710,36.8054
20240710,35.8054
20240710,34.8054
20240710,33.8054
20240710,32.8054
20240710,31.8054
20240710,30.8054
20240710,29.8054
20240710,28.8054
20240711,27.8054
20240711,28.1036
20240711,27.1036
20240711,26.1036
20240711,25.1036
20240711,24.1036
20240711,23.1036
20240712,22.1036
20240712,23.3258
20240712,22.3258
20240712,21.3258
20240712,20.3258
20240712,25.7258
20240712,24.7258
20240712,35.9577
20240712,37.0688
20240715,36.0688
20240715,50.8015
20240715,49.8015
20240715,52.6702
20240715,53.9702
20240715,56.3766
20240715,55.3766
20240715,54.3766
20240715,53.3766
20240715,52.3766
20240715,52.7424
20240715,51.7424
20240715,50.7424
20240715,49.7424
20240716,48.7424
20240716,47.7424
20240716,46.7424
20240716,45.7424
20240716,44.7424
20240716,43.7424
20240716,43.2979
20240716,42.2979
20240716,41.2297
20240717,40.2255
20240717,39.2255
20240717,40.2505
20240717,39.2505
20240717,38.2505
20240718,37.2505
20240718,38.8392
20240718,41.7957
20240718,40.7957
20240718,39.7957
20240718,42.7369
20240718,41.7369
20240719,40.7369
20240719,39.7369
20240719,38.7369
20240719,37.7369
20240719,41.4563
20240719,40.4563
20240719,39.4563
20240719,38.4563
20240719,37.5439
20240719,36.5439
20240719,35.5439
20240719,34.5439
20240719,33.5439
20240722,32.5439
20240722,31.5439
20240722,34.6689
20240722,33.6689
20240722,35.3167
20240722,34.3167
20240722,34.3265
20240722,33.3265
20240722,32.3265
20240722,31.3265
20240722,30.3265
20240722,29.3265
20240722,28.3265
20240722,27.3265
20240722,26.3265
20240723,28.034
20240723,27.034
20240723,27.0745
20240723,26.0745
20240723,25.0745
20240723,29.3282
20240723,28.3282
20240723,27.3282
20240723,26.3282
20240723,25.3282
20240723,26.6166
20240723,25.6166
20240723,27.55
20240723,26.55
20240723,32.832
20240723,31.832
20240723,30.832
20240724,29.832
20240724,28.832
20240724,32.2325
20240724,31.2325
20240725,34.0358
20240725,33.0358
20240725,32.0358
20240725,37.3063
20240725,39.4782
20240725,38.4782
20240726,37.4782
20240726,41.4991
20240726,40.4991
20240726,39.4991
20240726,38.4991
20240726,37.4991
20240726,36.4991
20240726,38.5772
20240726,42.8272
20240726,44.5246
20240726,46.3294
20240726,48.2574
20240726,50.1211
20240729,52.343
20240729,51.343
20240729,53.5689
20240729,52.5689
20240730,51.5689
20240730,50.5689
20240730,49.5689
20240730,48.5362
20240730,47.5106
20240730,49.1084
20240730,49.0567
20240730,48.0567
20240731,47.0567
20240731,46.0567
20240731,45.0567
20240731,44.0171
20240731,43.0171
20240731,42.0171
20240731,41.0171
20240731,40.0171
20240731,39.0171
20240731,38.0171
20240731,36.9674
20240731,35.9674
20240731,37.8464
20240731,41.7912
20240731,40.7912
20240731,39.7912
20240731,38.7912
20240731,37.7912
20240801,36.7912
20240801,35.7912
20240802,39.604
20240802,38.604
20240802,37.604
20240802,38.0706
20240802,37.0706
20240802,36.0706
20240802,37.7801
20240805,40.7022
20240805,39.7022
20240805,38.7022
20240805,39.9879
20240805,40.5276
20240805,40.095
20240806,39.095
20240806,38.095
20240806,37.095
20240806,36.095
20240806,35.095
20240807,34.095
20240807,33.095
20240807,32.0624
20240807,31.0624
20240807,30.0624
20240807,29.0596
20240808,28.0596
20240808,27.0596
20240808,26.0596
20240808,25.0596
20240808,24.0596
20240808,32.6439
20240808,37.3362
20240809,36.3362
20240809,35.3362
20240809,34.3362
20240809,33.3362
20240809,32.3362
20240809,31.3362
20240809,30.3362
20240809,29.3362
20240809,28.3362
20240809,29.1203
20240809,30.8223
20240809,32.8236
20240809,33.9831
20240809,32.9831
20240812,31.9831
20240812,32.8467
20240812,34.5756
20240812,37.4987
20240812,39.4176
20240812,41.9439
20240812,40.9439
20240812,41.7992
20240813,40.7992
20240813,39.7962
20240813,41.4366
20240813,40.4366
20240813,39.4366
20240813,38.4366
20240814,42.2602
20240814,41.2602
20240814,40.2602
20240814,39.2602
20240814,38.2602
20240814,37.2602
20240814,36.0804
20240814,36.5213
20240814,35.5213
20240814,34.9213
20240814,34.3856
20240815,33.3856
20240815,32.3856
20240815,31.3856
20240815,30.3856
20240815,29.3589
20240815,31.8506
20240815,30.8506
20240816,30.7833
20240816,29.7833
20240816,28.7833
20240816,27.7833
20240816,26.7833
20240816,25.7833
20240816,25.8277
20240816,24.8277
20240816,25.4238
20240816,24.4238
20240816,25.4099
20240816,24.4099
20240819,23.4099
20240819,22.4099
20240819,25.3841
20240819,27.0262
20240819,26.0262
20240819,28.2818
20240819,27.2818
20240819,26.2818
20240819,25.2818
20240819,24.2818
20240819,26.4251
20240819,29.6642
20240819,28.6642
20240819,27.6642
20240819,27.6071
20240819,30.5777
20240819,29.5777
20240820,28.5777
20240820,27.5777
20240820,26.5777
20240820,25.5777
20240820,28.127
20240820,30.343
20240820,29.343
20240820,31.343
20240820,33.5712
20240820,32.5712
20240820,31.5712
20240821,30.5712
20240821,29.5712
20240821,28.5712
20240821,27.5712
20240821,26.5712
20240821,25.5712
20240821,27.0904
20240821,26.0904
20240821,24.9811
20240821,23.9811
20240821,22.9811
20240821,21.9811
20240821,20.9811
20240821,19.9811
20240821,18.9811
20240821,17.9811
20240821,16.9811
20240822,18.8103
20240822,17.8103
20240822,16.6819
20240822,15.6819
20240822,26.8434
20240822,25.8434
20240822,24.8434
20240822,23.8434
20240822,22.8434
20240822,21.8434
20240822,20.8434
20240822,19.8434
20240822,18.8434
20240822,17.8434
20240822,16.8434
20240822,15.8434
20240822,14.8434
20240822,13.8434
20240822,13.4923
20240822,13.7136
20240822,13.8271
20240823,12.8271
20240823,11.8271
20240823,11.6552
20240823,13.9638
20240823,12.9638
20240823,18.8527
20240823,17.8527
20240823,16.8527
20240823,15.8527
20240823,18.7119
20240823,17.7119
20240826,16.7119
20240826,15.7119
20240826,19.169
20240826,18.169
20240826,17.169
20240826,16.169
20240826,18.2315
20240826,20.2871
20240826,19.2871
20240826,18.2871
20240827,20.0824
20240827,19.0824
20240827,18.0824
20240827,17.0824
20240827,16.0824
20240827,15.0824
20240828,18.3321
20240828,17.8157
20240828,17.6668
20240828,18.1328
20240829,18.0599
20240829,17.0599
20240829,18.542
20240829,17.542
20240829,17.7086
20240829,18.2403
20240830,22.5831
20240830,21.5831
20240830,20.5831
20240830,19.5831
20240830,18.5831
20240830,17.5831
20240830,16.5831
20240830,15.5831
20240830,14.5831
20240830,13.5623
20240830,15.3956
20240830,16.8748
20240830,15.8123
20240830,19.7485
20240830,24.166
20240830,23.0454
20240903,22.0454
20240903,21.0454
20240903,23.6818
20240903,22.4468
20240903,21.4468
20240903,20.4468
20240903,19.4468
20240904,18.4468
20240904,17.4468
20240904,16.4468
20240904,15.4468
20240904,14.4468
20240904,13.4468
20240904,12.4468
20240904,13.3631
20240904,13.918
20240904,12.918
20240904,11.918
20240905,10.918
20240905,9.918
20240905,8.7596
20240905,10.4913
20240905,9.4913
20240905,8.4913
20240905,7.4913
20240905,6.4913
20240905,8.0985
20240905,7.0985
20240905,6.0985
20240905,6.4666
20240905,5.4666
20240906,8.0095
20240906,7.0095
20240906,6.0095
20240906,5.0095
20240906,4.0095
20240906,3.0095
20240906,2.0095
20240906,1.0095
20240906,2.858
20240909,1.6746
20240909,0.6746
20240909,5.3091
20240909,8.3091
20240909,8.0351
20240909,8.0673
20240909,7.0673
20240910,8.6955
20240910,7.6955
20240910,6.6955
20240910,8.6247
20240910,7.6247
20240910,6.6247
20240910,9.1982
20240910,11.5982
20240910,12.522
20240910,11.4863
20240910,10.4863
20240910,9.4863
20240911,12.4453
20240911,13.9607
20240911,17.2739
20240911,16.2739
20240911,15.2739
20240911,18.6489
20240911,20.2318
20240911,19.2318
20240911,21.2728
20240911,20.2728
20240911,19.2728
20240911,18.2728
20240911,17.2728
20240912,16.2728
20240912,15.2728
20240912,14.2483
20240912,16.3197
20240912,15.3197
20240912,14.3197
20240912,13.3197
20240912,15.8197
20240912,16.163
20240912,16.4385
20240912,15.4385
20240912,17.262
20240912,18.3208
20240912,18.4991
20240912,18.1991
20240912,17.1167
20240912,16.1167
20240912,15.1167
20240913,14.1167
20240913,13.1167
20240913,12.1167
20240913,11.1167
20240913,10.0693
20240913,9.0693
20240913,12.6026
20240913,11.6026
20240913,10.6026
20240913,12.6825
20240916,11.6825
20240916,10.6825
20240916,9.6825
20240916,8.6825
20240916,7.6825
20240916,6.6825
20240916,5.6825
20240916,4.6825
20240916,5.4444
20240916,5.7836
20240917,4.7836
20240917,3.7836
20240917,2.7836
20240917,4.4419
20240917,6.2154
20240917,5.2154
20240917,10.9442
20240917,13.0495
20240917,17.0214
20240917,16.0214
20240917,15.0214
20240917,14.0214
20240917,13.0214
20240917,12.0214
20240917,12.2352
20240917,11.2352
20240917,10.2352
20240917,11.5757
20240918,13.3992
20240918,19.1089
20240918,18.1089
20240918,17.1089
20240918,30.058
20240918,29.058
20240918,28.058
20240918,29.7476
20240918,28.7476
20240918,27.7476
20240918,26.7476
20240918,25.7476
20240918,24.7476
20240918,23.7476
20240918,22.7476
20240918,21.7476
20240918,20.7476
20240918,19.7476
20240918,24.3462
20240918,23.3462
20240918,27.3096
20240918,31.4378
20240918,33.9559
20240918,35.2439
20240918,39.4921
20240919,38.4921
20240919,37.4921
20240919,36.4921
20240919,35.4921
20240919,40.4921
20240919,39.4921
20240919,42.1739
20240919,43.5072
20240919,42.5072
20240919,43.3918
20240919,46.3342
20240920,45.3342
20240920,49.3234
20240920,48.3234
20240920,47.3234
20240920,46.3234
20240920,48.6377
20240920,51.3623
20240920,57.4384
20240923,56.4384
20240923,55.4384
20240923,54.4384
20240923,53.4384
20240923,54.0066
20240923,53.0066
20240923,52.0066
20240923,51.6022
20240924,50.6022
20240924,51.9868
20240924,50.9868
20240924,49.9868
20240924,49.9115
20240924,48.9115
20240925,47.9115
20240925,46.9115
20240925,48.6588
20240925,47.6588
20240925,46.6588
20240925,45.6588
20240925,45.0909
20240925,44.0909
20240926,43.0909
20240926,45.6419
20240926,44.6419
20240926,43.6419
20240926,42.6419
20240926,43.2598
20240926,42.2598
20240927,41.2598
20240927,40.2598
20240927,39.2598
20240927,38.2598
20240927,37.2598
20240927,36.2598
20240927,36.4669
20240930,35.4669
20240930,43.8786
20240930,42.8786
20240930,41.8786
20240930,40.8786
20240930,39.8786
20240930,38.8786
20240930,41.0944
20240930,40.0944
20240930,39.0944
20240930,38.0944
20240930,37.0944
20240930,36.0944
20240930,35.0944
20240930,34.0944
20240930,33.0944
20241001,32.0944
20241001,31.0944
20241001,30.0944
20241001,31.215
20241001,30.215
20241002,31.3111
20241002,30.3111
20241002,29.3111
20241002,31.2462
20241002,30.2462
20241002,32.84
20241002,31.84
20241002,31.9281
20241002,35.7052
20241002,36.2768
20241002,35.9874
20241002,34.9874
20241002,33.9874
20241002,33.5009
20241002,32.5009
20241002,31.5009
20241003,32.0533
20241003,31.0533
20241003,30.0533
20241003,30.7777
20241003,33.1111
20241003,34.3078
20241003,39.0856
20241003,38.0699
20241003,37.0699
20241003,36.0699
20241003,41.0462
20241003,41.0421
20241003,40.0421
20241003,41.2881
20241003,44.8481
20241003,46.2997
20241003,47.1733
20241004,49.0582
20241004,47.5045
20241004,46.5045
20241004,45.5045
20241004,44.5045
20241004,43.5045
20241004,42.5045
20241004,41.5045
20241004,40.5045
20241004,39.4824
20241004,38.4824
20241004,34.7373
20241004,33.7373
20241004,32.7373
20241004,31.7373
20241004,30.7373
20241004,29.7373
20241004,30.2998
20241004,29.2998
20241004,28.2998
20241004,27.2353
20241007,28.7373
20241007,30.751
20241007,29.751
20241007,28.751
20241007,27.751
20241007,26.751
20241007,25.751
20241008,24.751
20241008,23.751
20241008,27.1243
20241008,26.1243
20241008,27.7848
20241008,26.7848
20241008,25.7848
20241008,24.7848
20241008,23.7848
20241008,22.7848
20241008,23.4812
20241009,22.4812
20241009,21.4812
20241009,23.4843
20241009,22.4843
20241009,21.4843
20241009,20.4843
20241009,20.3009
20241009,19.2624
20241010,18.2624
20241010,17.2624
20241010,16.2624
20241010,21.4113
20241010,20.4113
20241010,19.9163
20241010,20.9191
20241010,19.9191
20241010,18.9191
20241010,17.9191
20241010,16.9191
20241010,16.3318
20241010,15.3318
20241010,14.3318
20241011,13.3318
20241011,12.3318
20241011,11.3318
20241011,10.3318
20241014,9.3318
20241014,16.9634
20241014,15.9634
20241014,16.2148
20241014,15.2148
20241014,16.002
20241014,15.002
20241014,14.002
20241014,14.0575
20241015,13.7947
20241015,12.7947
20241015,11.7947
20241015,10.6268
20241015,9.6268
20241015,11.3706
20241015,12.5741
20241015,11.5741
20241015,10.5741
20241015,9.5741
20241015,8.5741
20241016,7.5741
20241016,6.5741
20241016,5.5741
20241016,5.6873
20241016,4.6873
20241016,3.6873
20241016,7.296
20241016,6.296
20241016,5.296
20241016,4.296
20241016,3.296
20241016,2.296
20241016,1.296
20241016,0.296
20241016,1.0806
20241017,0.0806
20241017,-0.9194
20241017,-1.9194
20241017,-2.9194
20241017,-3.9194
20241017,-2.3828
20241017,-3.3828
20241017,-4.3828
20241017,-5.3828
20241017,-6.3828
20241017,-4.9525
20241017,-5.9525
20241017,-6.9525
20241017,-3.1747
20241018,-4.1747
20241018,-3.9068
20241018,-4.0318
20241018,-4.2287
20241018,-5.2287
20241018,-6.2287
20241018,-7.2287
20241018,-8.2287
20241018,-9.2287
20241018,-10.2287
20241018,-11.2287
20241018,-12.2287
20241018,-11.5176
20241021,-12.5176
20241021,-13.5176
20241021,-14.5176
20241021,-15.5176
20241021,-16.5176
20241021,-17.0502
20241021,-14.6313
20241021,-12.9413
20241021,-13.9413
20241021,-14.9413
20241021,-15.9413
20241022,-16.9413
20241022,-17.9413
20241022,-18.9413
20241022,-19.9413
20241022,-20.9413
20241022,-21.9413
20241022,-21.1977
20241022,-19.8483
20241022,-20.8483
20241023,-21.8483
20241023,-19.4197
20241023,-20.4197
20241023,-18.753
20241023,-19.753
20241023,-16.7511
20241023,-17.7511
20241023,-16.6568
20241024,-17.6568
20241024,-18.6568
20241024,-19.6568
20241024,-16.7593
20241024,-17.7593
20241024,-15.6564
20241024,-16.6564
20241024,-17.7067
20241025,-13.382
20241025,-13.3592
20241025,-14.3592
20241028,-15.3592
20241028,-16.3592
20241028,-17.3592
20241028,-18.3592
20241028,-19.3592
20241028,-20.3592
20241028,-21.3592
20241029,-22.3592
20241029,-23.3592
20241029,-24.3592
20241029,-25.3592
20241029,-26.3592
20241029,-25.8343
20241029,-26.8343
20241029,-27.8343
20241029,-28.8343
20241029,-28.5897
20241030,-24.9675
20241030,-22.4644
20241030,-23.4644
20241030,-22.3493
20241030,-14.7832
20241030,-12.9707
20241030,-9.0835
20241030,-10.0897
20241030,-11.0897
20241030,-12.0897
20241030,-13.0897
20241030,-14.0897
20241030,-14.0847
20241031,-15.0847
20241031,-15.1295
20241031,-16.1295
20241031,-17.1295
20241101,-17.2164
20241101,-15.8182
20241101,-13.7788
20241101,-12.227
20241101,-6.5468
20241101,-4.5345
20241101,-4.1657
20241101,-5.176
20241101,-6.176
20241101,-2.2593
20241101,-3.2593
20241101,-1.5472
20241104,-2.5472
20241104,-3.5472
20241104,-3.5294
20241104,-4.5294
20241104,-2.247
20241104,-0.9888
20241104,1.3216
20241105,0.3216
20241105,-0.6784
20241105,-0.5148
20241105,-1.5148
20241105,2.3776
20241105,1.3776
20241105,3.855
20241105,3.7627
20241105,2.7627
20241106,1.7627
20241106,0.7627
20241106,3.1295
20241106,11.2026
20241106,10.2026
20241106,9.2026
20241106,8.2026
20241106,7.2026
20241107,6.2026
20241107,5.2026
20241107,4.7401
20241107,3.7401
20241107,6.9506
20241108,5.9506
20241108,7.8136
20241108,6.8136
20241108,5.8136
20241108,6.392
20241108,5.392
20241111,4.392
20241111,9.8681
20241111,8.8681
20241111,7.8681
20241111,11.2784
20241111,10.2784
20241112,13.6469
20241112,12.6469
20241112,14.0365
20241113,13.0365
20241113,12.0365
20241113,11.0365
20241113,10.0365
20241113,9.0365
20241113,8.0365
20241113,8.9565
20241113,10.8704
20241113,9.8704
20241113,8.8704
20241113,16.6568
20241114,15.6568
20241114,18.7576
20241114,17.7576
20241114,19.729
20241114,18.729
20241114,17.729
20241114,16.5882
20241114,15.5882
20241114,15.8761
20241114,14.8761
20241114,13.8761
20241114,12.8761
20241114,11.8761
20241114,10.8761
20241114,19.5904
20241114,18.5904
20241114,17.5904
20241114,16.5904
20241115,15.5904
20241115,14.5904
20241118,13.5904
20241118,12.5904
20241118,11.5904
20241118,10.5904
20241118,10.8307
20241118,9.8307
20241118,9.84
20241118,8.84
20241118,8.7805
20241118,7.7805
20241118,7.0437
20241119,6.0437
20241119,5.0094
20241119,4.0094
20241119,3.0094
20241119,2.0094
20241119,1.0094
20241119,0.0094
20241119,-0.9978
20241119,-1.9978
20241119,2.8292
20241119,1.8292
20241119,0.8292
20241119,2.2616
20241120,1.2616
20241120,5.3241
20241120,4.3241
20241120,3.3241
20241120,2.3241
20241120,6.7741
20241120,7.8934
20241120,6.8934
20241120,5.8934
20241120,9.6681
20241120,8.6681
20241120,7.6681
20241121,6.6681
20241121,5.6681
20241121,4.6681
20241121,5.7
20241121,9.5561
20241121,8.5561
20241122,7.5561
20241122,6.5561
20241122,11.9561
20241122,10.9561
20241122,9.9468
20241122,9.9705
20241122,8.9705
20241122,7.9705
20241122,6.9705
20241122,5.9705
20241122,4.9705
20241122,3.9705
20241122,2.9705
20241122,2.9705
20241125,5.2154
20241125,4.2154
20241125,3.2154
20241125,2.2154
20241125,3.3159
20241125,2.3159
20241125,1.3159
20241125,0.3159
20241125,-0.6841
20241125,-1.6841
20241125,-2.6841
20241125,-3.6841
20241125,-4.2709
20241125,-5.2709
20241126,-2.9384
20241126,-3.9384
20241126,-5.0019
20241126,-1.7233
20241126,-2.7233
20241126,8.272
20241126,7.272
20241126,6.272
20241126,5.272
20241126,5.272
20241126,4.272
20241127,3.272
20241127,8.9387
20241127,11.4942
20241127,12.0307
20241127,11.0307
20241129,10.0307
20241129,11.2695
20241129,12.8283
20241129,12.8244
20241202,11.8244
20241202,10.8244
20241202,9.8244
20241202,12.2759
20241202,15.1528
20241202,20.1528
20241203,19.1528
20241203,18.1528
20241203,17.1528
20241203,16.5073
20241203,15.5073
20241203,14.5073
20241203,13.5073
20241203,12.5073
20241203,11.5073
20241203,10.5073
20241203,9.5073
20241203,8.5073
20241203,7.5073
20241204,9.253
20241204,8.253
20241204,7.253
20241204,6.253
20241204,8.8272
20241204,7.8272
20241204,6.8272
20241204,5.8272
20241204,4.8272
20241204,5.7729
20241204,4.7729
20241204,3.7729
20241205,2.7729
20241205,1.7729
20241205,0.5865
20241205,3.7116
20241205,2.7116
20241206,1.7116
20241206,3.0655
20241206,5.1711
20241206,4.1711
20241206,3.1711
20241206,2.0711
20241206,1.0711
20241206,0.0711
20241206,2.0732
20241206,1.0732
20241209,3.4755
20241209,6.2795
20241209,5.2795
20241209,4.2795
20241209,3.2795
20241209,2.2795
20241209,1.2795
20241209,3.5341
20241210,9.4614
20241210,8.4614
20241210,10.5314
20241210,9.5314
20241210,8.5314
20241210,7.5314
20241210,6.5314
20241210,5.5314
20241210,4.5314
20241210,3.5314
20241210,8.2968
20241211,7.4785
20241211,6.4785
20241211,5.4785
20241211,6.5837
20241211,5.5837
20241211,7.2761
20241211,20.6011
20241211,21.52
20241212,20.52
20241212,19.52
20241212,18.52
20241212,20.1533
20241212,21.9951
20241212,23.6336
20241212,22.6336
20241212,22.8703
20241212,22.6026
20241212,21.6026
20241212,22.834
20241212,21.834
20241212,20.834
20241212,19.834
20241212,20.1215
20241213,19.1215
20241213,18.1215
20241213,17.1215
20241213,16.1215
20241213,19.1917
20241213,18.1917
20241213,17.1917
20241213,16.1917
20241213,15.1917
20241213,16.3917
20241213,15.3917
20241213,14.3761
20241216,13.3761
20241216,12.3761
20241216,13.7362
20241216,12.7362
20241216,14.8384
20241216,13.6315
20241216,12.6315
20241216,11.6315
20241216,10.6315
20241216,9.6315
20241217,14.1125
20241217,13.1125
20241217,12.1125
20241217,11.1125
20241217,10.1125
20241217,9.1125
20241217,12.8389
20241217,15.1056
20241217,14.1056
20241217,13.1056
20241217,12.1056
20241217,11.1056
20241217,14.4748
20241217,13.6681
20241217,12.6681
20241218,11.6681
20241218,10.6681
20241218,15.0274
20241218,19.214
20241218,18.214
20241218,24.6686
20241218,23.6686
20241218,22.6686
20241218,26.9326
20241218,25.9326
20241219,24.9326
20241219,23.9326
20241219,22.9326
20241219,21.9326
20241219,20.9326
20241219,19.9326
20241219,18.9067
20241219,17.9067
20241219,16.9067
20241219,15.9067
20241220,14.9067
20241220,16.5307
20241220,15.5307
20241220,14.5307
20241223,16.2088
20241223,19.3899
20241223,18.3899
20241223,20.0891
20241223,21.5972
20241223,22.6545
20241223,24.7356
20241223,23.7356
20241223,22.7356
20241223,21.7356
20241224,20.7356
20241224,19.7356
20241224,18.7356
20241224,17.7773
20241226,16.7773
20241226,17.8464
20241226,16.8464
20241226,20.7695
20241226,19.7695
20241226,19.6001
20241226,19.5477
20241226,19.7882
20241226,18.7882
20241226,17.7882
20241226,18.0603
20241226,17.8632
20241226,17.2972
20241226,16.2972
20241226,15.2972
20241226,14.2972
20241227,16.4083
20241227,17.3894
20241227,16.3894
20241227,15.3894
20241227,14.3894
20241227,16.6428
20241227,20.0714
20241227,19.0714
20241227,18.0714
20241230,21.4403
20241230,24.8235
20241230,23.8235
20241230,26.1477
20241230,26.1111
20241230,30.0907
20241230,31.8072
20241230,33.5764
20241230,32.5764
20241230,31.5764
20241230,31.8838
20241230,30.8838
20241231,29.8838
20241231,28.8838
20241231,27.8838
20241231,29.9872
20241231,28.9872
20241231,27.9872
20241231,26.9872
20241231,25.9872
20241231,24.9872
20241231,23.9872
20241231,24.1122
20241231,23.1122
20241231,22.1715
20241231,21.1715
20241231,21.5488
20241231,20.5488
20241231,22.5899
20241231,21.5899
20250102,23.8504
20250102,26.7207
20250102,25.7207
20250102,28.0238
20250102,27.0238
20250102,28.6839
20250102,30.0497
20250102,33.3164
20250102,34.8954
20250102,33.8954
20250103,32.8259
20250103,34.7358
20250103,33.7358
20250103,32.7358
20250103,31.7358
20250103,30.7358
20250103,29.7358
20250103,28.7358
20250103,27.7358
20250106,26.7358
20250106,25.7358
20250106,27.8177
20250106,26.8177
20250106,26.9076
20250106,25.9076
20250106,26.1382
20250106,26.0482
20250106,25.0482
20250107,24.0482
20250107,23.0482
20250107,25.0754
20250107,25.8936
20250107,24.8936
20250107,23.8936
20250107,22.8936
20250107,21.8936
20250107,20.8936
20250107,19.8936
20250108,18.5896
20250108,17.5896
20250108,16.5896
20250108,20.8833
20250108,22.8333
20250108,21.8333
20250108,23.4402
20250108,22.4402
20250108,22.0443
20250108,22.4453
20250108,21.4453
20250108,20.9939
20250110,19.9939
20250110,20.112
20250110,19.112
20250110,20.1794
20250110,19.1794
20250110,18.0248
20250110,17.0248
20250110,16.0248
20250110,15.0248
20250110,15.5136
20250113,18.6585
20250113,17.6585
20250113,17.3195
20250113,18.1791
20250113,19.817
20250113,18.817
20250113,22.844
20250113,21.844
20250113,23.3715
20250114,22.3715
20250114,21.3715
20250114,22.8789
20250114,21.8789
20250114,20.8784
20250115,19.8784
20250115,18.8784
20250115,17.8784
20250115,16.8784
20250115,15.8784
20250115,14.8784
20250116,13.8784
20250116,12.8784
20250116,11.8784
20250116,13.451
20250116,14.8015
20250116,16.9251
20250116,16.5688
20250116,15.5688
20250116,17.879
20250116,16.7496
20250117,15.7496
20250117,14.7496
20250117,23.8598
20250117,22.8598
20250117,21.8598
20250117,20.8598
20250117,19.8598
20250121,18.8598
20250121,19.6717
20250121,23.382
20250121,22.382
20250121,29.382
20250121,31.1721
20250122,30.1721
20250122,31.1032
20250122,30.1032
20250122,29.1032
20250122,28.1032
20250122,30.8081
20250122,32.3503
20250123,31.3503
20250123,30.3503
20250123,29.3503
20250123,30.2839
20250123,29.2839
20250123,33.4067
20250123,32.3014
20250123,31.3014
20250123,30.3014
20250123,29.3014
20250123,28.3014
20250124,30.4921
20250124,29.4921
20250124,28.4921
20250124,27.4921
20250124,26.4921
20250124,25.4921
20250124,24.4921
20250124,23.4921
20250124,26.0482
20250124,27.7405
20250127,26.7405
20250127,25.5782
20250127,24.5782
20250127,23.5782
20250127,22.5782
20250127,24.1833
20250127,23.1833
20250127,22.1833
20250127,21.1833
20250127,20.1833
20250128,22.7083
20250128,23.4922
20250128,22.4922
20250128,21.4922
20250128,20.4922
20250128,19.4922
20250128,18.4922
20250128,21.8083
20250128,20.8083
20250128,19.8083
20250128,21.0369
20250128,20.0369
20250128,18.7906
20250129,21.5457
20250129,20.5457
20250129,19.5457
20250129,21.2296
20250129,20.2296
20250129,19.2296
20250129,18.2296
20250129,17.1719
20250129,16.1719
20250129,15.1719
20250129,15.1755
20250129,16.4007
20250129,18.6866
20250129,18.6866
20250129,21.9808
20250129,20.9808
20250129,23.0699
20250129,22.0699
20250129,21.0699
20250129,19.9136
20250129,20.7303
20250129,22.4281
20250130,21.4281
20250130,20.4281
20250130,19.4281
20250130,18.4281
20250130,18.3912
20250130,17.3912
20250130,16.3912
20250131,15.3912
20250131,14.3912
20250204,13.3912
20250204,12.3912
20250204,11.3912
20250204,11.3803
20250204,10.3803
20250204,9.3803
20250204,8.3803
20250204,7.3803
20250204,6.3656
20250204,5.3656
20250204,8.577
20250204,15.0744
20250204,14.7787
20250205,13.7787
20250205,12.7787
20250205,11.7787
20250205,10.7787
20250205,9.7787
20250205,8.7787
20250205,7.7787
20250205,6.7787
20250205,5.7787
20250205,4.7787
20250205,3.7787
20250205,5.1676
20250206,4.1676
20250206,3.1676
20250206,2.1676
20250206,1.1676
20250206,0.1676
20250206,-0.8324
20250206,9.7231
20250206,12.0561
20250206,11.0561
20250206,10.0561
20250207,9.0561
20250207,8.0561
20250207,7.0561
20250207,6.0561
20250207,5.0561
20250207,4.0561
20250207,6.5049
20250210,8.1922
20250210,7.1922
20250210,8.5922
20250210,7.5922
20250211,10.5922
20250211,9.5922
20250211,8.5922
20250211,7.5922
20250211,6.5922
20250211,9.0978
20250211,9.2228
20250211,8.2228
20250211,7.2228
20250211,8.6718
20250212,12.3163
20250212,11.2706
20250212,10.2706
20250212,10.2068
20250212,9.2068
20250212,8.2068
20250212,7.2068
20250212,6.2068
20250212,5.2068
20250213,4.2068
20250213,3.2068
20250213,2.2068
20250213,1.2068
20250213,4.4415
20250213,6.291
20250213,5.291
20250213,4.291
20250213,3.291
20250213,2.291
20250214,1.291
20250214,3.8701
20250214,2.8701
20250214,1.8701
20250214,1.6585
20250218,0.6585
20250218,-0.3415
20250218,1.3308
20250218,0.3308
20250218,-0.6692
20250218,-1.6692
20250218,-2.6692
20250218,-3.6692
20250218,-4.6692
20250218,-5.6692
20250218,-4.9358
20250219,-2.5706
20250219,-3.6395
20250219,-4.6395
20250219,-5.6395
20250219,-6.6395
20250219,-3.1975
20250219,-4.1975
20250219,-2.3972
20250219,-2.5022
20250219,0.2834
20250219,0.1925
20250219,-0.8075
20250219,-1.8075
20250220,-2.8075
20250220,-0.4177
20250220,-0.3705
20250220,-1.3705
20250220,-2.3705
20250220,-1.8902
20250220,-2.8902
20250221,1.244
20250221,0.244
20250221,-0.756
20250221,-1.756
20250221,-2.756
20250224,-3.756
20250224,-4.756
20250224,-5.756
20250224,-6.5067
20250224,-4.3727
20250224,-5.3727
20250224,-3.7727
20250224,-4.7727
20250224,-5.7727
20250224,-6.7727
20250224,-4.9009
20250225,-3.1956
20250225,-3.7462
20250225,-4.3892
20250225,-4.4259
20250225,-4.2007
20250225,-5.2007
20250225,-6.2007
20250225,-7.2007
20250225,-8.2007
20250225,-9.2007
20250225,-10.2007
20250225,-9.04
20250225,-6.6135
20250226,-4.8684
20250226,-5.8684
20250226,-6.8684
20250226,-7.8684
20250226,-5.7159
20250226,-6.7159
20250226,-2.4622
20250226,-3.4622
20250226,-2.8189
20250226,-3.8189
20250226,-4.8189
20250227,-5.8189
20250227,-1.7295
20250227,-0.1929
20250227,-1.1929
20250227,-2.1929
20250227,-3.1929
20250227,-1.3677
20250228,-2.3677
20250228,-0.8558
20250228,0.7842
20250228,-0.2158
20250228,2.4485
20250228,2.8213
20250228,4.4342
20250228,3.4342
20250228,2.4342
20250228,6.5206
20250228,9.8616
20250228,12.8166
20250228,14.9456
20250228,18.4132
20250228,20.9075
20250228,24.2233
20250228,23.2233
20250228,22.1093
20250228,21.1093
20250303,28.8522
20250303,33.4128
20250303,35.2128
20250303,38.5024
20250303,37.5024
20250303,36.5024
20250304,37.6274
20250304,39.2672
20250304,38.2672
20250304,37.2672
20250304,44.6908
20250304,43.6908
20250305,45.5948
20250305,44.5948
20250305,43.5948
20250305,42.5948
20250305,41.5948
20250305,43.7667
20250305,46.3096
20250305,50.1917
20250305,52.3917
20250305,51.3917
20250305,50.3917
20250305,52.2722
20250305,51.2116
20250305,50.2116
20250305,49.2116
20250305,48.2116
20250305,55.0222
20250305,54.0222
20250305,52.8376
20250306,54.6187
20250306,56.5627
20250306,57.1505
20250306,59.0365
20250306,58.0365
20250306,58.289
20250306,57.1843
20250306,59.7614
20250306,58.7614
20250306,57.7614
20250306,56.7614
20250306,60.3832
20250306,59.3832
20250306,59.4767
20250306,59.986
20250306,61.0346
20250307,60.0346
20250307,59.0346
20250307,58.0346
20250307,57.0346
20250307,56.0346
20250307,55.0346
20250307,57.4956
20250307,56.4956
20250307,55.4956
20250307,54.4956
20250307,56.2337
20250307,56.5194
20250307,55.5194
20250310,54.5194
20250310,53.5194
20250310,52.5194
20250310,51.5194
20250310,50.5194
20250310,49.5194
20250311,48.5194
20250311,47.5194
20250311,46.5194
20250311,45.5194
20250311,46.6171
20250311,45.9679
20250312,44.9679
20250312,43.9679
20250312,42.9679
20250312,43.7895
20250312,45.6409
20250312,44.6409
20250312,43.6409
20250312,46.7456
20250312,45.7456
20250312,44.7456
20250312,43.7456
20250312,42.7456
20250312,45.7293
20250312,44.7293
20250313,51.6769
20250313,50.6769
20250313,52.3168
20250313,51.3168
20250313,59.1258
20250313,67.9849
20250313,66.9849
20250313,65.9849
20250313,64.9849
20250313,63.9849
20250313,65.3525
20250313,64.3525
20250314,63.3525
20250314,62.3525
20250314,61.3525
20250314,60.3525
20250314,59.3525
20250314,58.3525
20250314,61.825
20250314,60.825
20250314,59.825
20250314,58.9444
20250314,57.9444
20250314,57.5522
20250314,56.5522
20250317,55.5522
20250318,55.8599
20250318,55.9122
20250318,57.5438
20250318,56.5438
20250318,58.5272
20250318,57.5272
20250318,56.5272
20250318,55.5272
20250318,55.2327
20250319,54.2327
20250319,53.2327
20250319,52.2327
20250319,51.2327
20250319,50.2327
20250319,49.2327
20250319,48.2327
20250320,47.2327
20250320,51.623
20250320,52.3193
20250320,51.3193
20250320,52.0336
20250320,52.8137
20250320,51.8137
20250320,50.8137
20250320,49.8137
20250321,48.8137
20250321,47.8137
20250321,46.8137
20250321,45.8137
20250321,50.1622
20250321,52.8027
20250321,51.8027
20250321,50.8027
20250321,49.8027
20250321,48.8027
20250321,47.8027
20250321,48.7057
20250321,48.1447
20250324,47.1447
20250324,46.1447
20250324,45.1447
20250324,44.1447
20250324,43.1447
20250324,50.1447
20250324,49.1447
20250324,48.1447
20250325,55.3031
20250325,54.3031
20250325,53.3031
20250325,52.2955
20250325,51.2955
20250325,50.2955
20250325,49.2955
20250325,48.2955
20250326,47.2955
20250326,46.2955
20250326,45.2955
20250326,44.2955
20250326,43.2955
20250327,42.2955
20250327,44.9482
20250327,43.9482
20250327,42.9482
20250327,41.9482
20250327,40.9482
20250327,39.9482
20250327,40.315
20250327,39.315
20250327,40.9124
20250327,39.9124
20250328,38.9124
20250328,37.9124
20250328,36.9124
20250328,38.063
20250328,41.7524
20250331,44.1842
20250331,43.1842
20250331,42.1842
20250331,41.1842
20250331,40.1842
20250331,39.1842
20250331,38.1842
20250331,37.1842
20250331,36.1842
20250401,35.1842
20250401,35.3322
20250401,34.3322
20250401,36.92
20250401,48.0634
20250401,47.0634
20250401,52.6971
20250402,51.6971
20250402,50.683
20250402,49.683
20250402,48.683
20250402,47.9372
20250402,46.9372
20250402,46.193
20250402,45.193
20250402,44.193
20250402,43.3371
20250402,42.3371
20250403,41.3371
20250403,40.3371
20250403,39.3371
20250403,38.3371
20250403,39.5945
20250403,38.5945
20250404,37.5945
20250404,36.5945
20250404,35.5945
20250404,35.0801
20250404,34.0801
20250404,33.0801
20250404,32.0801
20250407,31.0801
20250407,30.0801
20250407,29.0801
20250407,30.4597
20250408,33.6513
20250408,36.9441
20250409,35.9441
20250409,34.9441
20250409,33.9441
20250410,32.9441
20250410,31.9441
20250410,30.9441
20250410,34.13
20250411,33.13
20250411,37.5158
20250411,36.5158
20250411,35.5158
20250411,34.5158
20250411,33.5158
20250411,32.5158
20250414,35.4285
20250414,34.4285
20250414,36.4995
20250415,38.2366
20250415,41.4923
20250415,40.4923
20250415,42.1279
20250415,44.3789
20250415,43.3789
20250415,45.5946
20250415,47.9424
20250415,46.9424
20250415,48.9644
20250415,47.9644
20250415,51.0288
20250415,50.0288
20250416,49.0288
20250416,48.0288
20250416,47.0288
20250416,46.0288
20250416,45.0288
20250416,44.0288
20250416,43.0288
20250417,42.0288
20250417,44.6036
20250417,43.6036
20250417,46.9529
20250417,45.9529
20250417,44.9529
20250421,43.9529
20250421,42.9529
20250421,41.9529
20250421,40.9529
20250421,39.9529
20250421,38.9529
20250421,37.9529
20250421,36.9529
20250421,40.7548
20250422,39.7548
20250422,39.8312
20250423,38.8312
20250423,37.8312
20250423,36.8312
20250423,38.3312
20250423,37.3312
20250423,39.2627
20250424,41.0053
20250425,40.0053
20250425,39.0053
20250425,38.0053
20250425,37.0053
20250425,36.0053
20250425,35.0053
20250425,34.0053
20250425,33.0053
20250425,32.5804
20250425,31.5804
20250425,30.5804
20250425,31.9354
20250428,33.7818
20250428,32.7818
20250428,34.6817
20250428,38.4317
20250428,40.0169
20250428,39.0169
20250428,38.0169
20250428,38.8434
20250428,40.3682
20250428,42.011
20250428,43.5436
20250429,42.5436
20250429,41.5436
20250429,40.5436
20250429,39.5436
20250429,42.5436
20250429,41.3542
20250429,40.3542
20250429,39.3542
20250429,38.3542
20250429,37.3542
20250429,36.3542
20250429,35.3542
20250429,34.3542
20250429,33.3542
20250429,32.3542
20250429,31.3542
20250429,32.0409
20250430,39.9974
20250430,38.9974
20250430,37.9974
20250430,36.9974
20250430,35.9974
20250430,34.9974
20250430,41.0563
20250430,40.0563
20250430,39.0563
20250430,38.0563
20250430,37.0563
20250430,36.0563
20250430,38.1132
20250430,37.1132
20250430,38.9969
20250501,37.9969
20250501,36.9969
20250501,35.9667
20250501,34.9667
20250501,33.9667
20250501,32.9667
20250501,31.9667
20250501,30.9667
20250502,29.9667
20250502,32.834
20250502,32.5965
20250502,32.9765
20250502,31.9765
20250502,30.9765
20250502,29.9765
20250505,28.9765
20250505,32.6186
20250505,31.6186
20250505,34.7558
20250505,33.7558
20250505,32.7558
20250505,34.341
20250506,33.341
20250506,32.341
20250506,31.341
20250506,30.341
20250506,29.3361
20250506,30.9345
20250506,29.8292
20250506,28.8292
20250506,30.8156
20250506,32.1152
20250506,34.0963
20250506,36.3574
20250506,37.0749
20250506,40.2053
20250506,41.7192
20250506,42.2961
20250507,41.2961
20250507,40.2961
20250507,44.5612
20250507,43.5612
20250507,42.5612
20250507,41.5612
20250507,40.5612
20250507,39.5612
20250507,46.9754
20250507,50.3799
20250507,49.3799
20250507,48.3799
20250507,47.3799
20250507,46.3799
20250507,45.3799
20250507,44.3799
20250507,45.9022
20250507,48.197
20250507,47.197
20250507,46.197
20250507,50.0481
20250508,49.0481
20250508,48.0481
20250508,47.0481
20250508,48.7981
20250508,52.3189
20250508,51.3189
20250508,53.0166
20250508,52.0166
20250508,51.0166
20250509,53.2807
20250509,52.2807
20250509,51.2807
20250509,54.1033
20250509,53.1033
20250509,54.5818
20250509,53.5818
20250509,53.923
20250509,52.923
20250512,56.4169
20250512,55.4169
20250512,54.4169
20250512,53.4169
20250512,52.4169
20250513,51.4169
20250513,50.4169
20250513,49.4169
20250514,48.4169
20250514,47.4169
20250514,46.4169
20250514,45.4169
20250514,44.3729
20250514,43.3729
20250514,42.2819
20250514,41.2819
20250514,40.2819
20250514,40.0652
20250515,39.0652
20250515,41.4726
20250515,40.4726
20250515,39.4726
20250515,38.4726
20250515,40.1534
20250515,41.8233
20250515,41.4777
20250515,40.4777
20250515,39.4777
20250516,38.4777
20250516,42.17
20250516,42.3749
20250516,41.3749
20250516,40.3749
20250516,39.3749
20250516,39.8543
20250516,40.4657
20250519,39.4657
20250519,38.4657
20250520,37.4657
20250520,36.4657
20250520,35.4657
20250520,37.9381
20250520,36.9381
20250520,35.9381
20250520,34.9381
20250520,33.9381
20250520,32.9381
20250521,31.9381
20250521,30.8196
20250521,32.4835
20250521,31.4835
20250521,30.4835
20250522,29.4835
20250522,32.9744
20250522,33.0156
20250522,32.0156
20250522,31.0156
20250522,30.0156
20250522,29.0156
20250522,28.0156
20250522,27.0156
20250522,30.7713
20250523,29.7713
20250523,28.7713
20250523,27.7713
20250523,29.8338
20250527,28.8338
20250527,27.8338
20250527,26.8338
20250527,27.0762
20250528,26.0762
20250528,28.0526
20250528,27.0526
20250528,26.0526
20250528,25.0526
20250528,27.0026
20250528,31.6126
20250528,30.6126
20250528,29.6126
20250528,30.519
20250528,29.519
20250528,33.577
20250528,32.577
20250529,31.577
20250529,30.5144
20250529,29.5144
20250529,28.5144
20250529,27.5144
20250529,26.5144
20250529,25.5144
20250529,24.5144
20250529,23.5144
20250530,29.5803
20250530,28.5803
20250530,27.5803
20250530,29.3981
20250530,28.3981
20250530,27.3981
20250602,38.0888
20250602,37.0888
20250602,36.0888
20250602,35.0888
20250602,34.0888
20250602,33.0888
20250602,38.389
20250603,37.389
20250603,36.389
20250603,39.8155
20250603,38.8155
20250603,40.0763
20250603,39.8549
20250603,38.8549
20250604,40.8736
20250604,39.8736
20250604,38.8264
20250604,37.8264
20250604,34.493
20250604,39.1107
20250604,38.1107
20250604,37.1107
20250604,36.1107
20250604,35.1107
20250604,34.1107
20250604,37.9679
20250604,36.9679
20250604,37.5456
20250605,39.3076
20250605,38.3076
20250605,37.3076
20250605,37.3537
20250605,36.3537
20250605,35.3537
20250605,37.2394
20250605,39.2266
20250605,41.0363
20250605,43.3345
20250605,44.9599
20250605,43.9599
20250605,42.9599
20250605,44.571
20250605,43.571
20250605,45.1338
20250605,45.5014
20250606,44.5014
20250606,46.7984
20250606,45.7984
20250606,50.1061
20250606,49.1061
20250606,48.1061
20250606,47.1061
20250606,46.1061
20250609,48.6081
20250609,47.6081
20250609,46.6081
20250609,47.3204
20250609,51.6588
20250609,50.6588
20250609,49.6588
20250609,48.6588
20250609,51.9146
20250609,52.7679
20250610,56.0537
20250610,55.0537
20250610,62.1376
20250610,62.711
20250610,61.711
20250610,60.711
20250610,59.711
20250610,58.711
20250610,57.711
20250610,61.7804
20250610,60.7804
20250610,59.7804
20250610,58.7804
20250611,63.6027
20250611,65.8802
20250611,69.5468
20250611,76.7208
20250611,75.7208
20250611,74.7162
20250611,76.7523
20250611,79.2523
20250611,78.2523
20250611,81.5607
20250611,80.5607
20250611,79.5607
20250612,78.5607
20250612,78.3639
20250612,77.3639
20250612,76.3639
20250612,77.9676
20250612,77.9885
20250612,80.3392
20250612,79.3392
20250612,78.3392
20250613,79.8694
20250613,78.8694
20250613,77.8694
20250613,76.8694
20250613,75.8694
20250613,74.8694
20250613,76.6477
20250613,80.0322
20250613,77.675
20250613,76.675
20250613,75.675
20250616,76.4199
20250616,75.4199
20250616,74.4199
20250616,74.7123
20250616,75.5348
20250616,76.3741
20250617,75.3741
20250617,78.531
20250617,77.531
20250617,76.531
20250617,75.531
20250617,74.531
20250617,85.6759
20250617,84.6759
20250617,86.198
20250618,88.501
20250618,87.501
20250618,86.501
20250618,85.501
20250618,84.501
20250618,83.501
20250618,82.501
20250618,81.501
20250618,80.501
20250618,79.501
20250618,79.3659
20250618,81.4234
20250618,83.4
20250618,82.4
20250618,84.78
20250618,83.78
20250618,85.6994
20250618,87.3432
20250618,90.2555
20250618,89.2555
20250620,88.2555
20250620,87.2555
20250620,86.2555
20250620,85.0369
20250620,84.0369
20250620,83.0369
20250620,86.5983
20250620,87.1374
20250620,86.1374
20250623,88.365
20250623,93.1468
20250623,96.5266
20250623,95.5266
20250623,94.5266
20250623,93.5266
20250623,93.756
20250624,92.756
20250624,91.756
20250624,94.0567
20250624,93.0567
20250624,92.0567
20250624,91.0567
20250624,90.0567
20250624,92.5271
20250625,94.0791
20250625,93.0791
20250625,96.0424
20250625,97.5908
20250625,96.5908
20250626,95.5908
20250626,94.5443
20250626,95.2167
20250626,94.2167
20250626,93.2167
20250626,94.8794
20250627,96.3981
20250627,95.3981
20250627,98.5644
20250627,102.5274
20250627,101.5274
20250627,100.5274
20250630,99.5274
20250630,98.5274
20250630,97.5274
20250630,99.8604
20250630,98.8604
20250630,103.9734
20250701,105.8041
20250701,104.8041
20250701,103.8041
20250701,102.8041
20250701,103.7179
20250701,104.5929
20250701,103.5929
20250701,102.5929
20250701,102.3195
20250701,103.5757
20250701,102.5757
20250701,101.5757
20250701,100.5757
20250701,99.5757
20250701,98.5757
20250701,99.7998
20250701,101.162
20250702,100.162
20250702,99.162
20250702,98.162
20250702,97.162
20250702,97.554
20250702,97.4129
20250702,96.4129
20250702,95.4129
20250702,96.7248
20250702,97.0782
20250703,98.8646
20250703,97.8646
20250703,96.8646
20250703,99.9266
20250703,98.9266
20250703,97.9266
20250703,99.3722
20250703,100.6799
20250707,102.2451
20250707,101.2451
20250707,105.2119
20250707,104.2119
20250707,103.2119
20250707,102.2119
20250707,101.2119
20250707,100.9862
20250707,99.9862
20250707,98.9862
20250707,97.9862
20250707,96.9862
20250707,97.9728
20250708,96.9728
20250708,94.4602
20250708,93.4602
20250708,92.4602
20250708,91.4602
20250708,92.1586
20250708,91.5062
20250708,90.5062
20250708,89.5062
20250709,88.5062
20250709,87.5062
20250709,86.5062
20250709,88.5497
20250709,87.5497
20250709,86.5497
20250709,88.5546
20250709,88.731
20250709,87.731
20250709,88.4669
20250709,89.8358
20250709,88.8358
20250710,89.3954
20250710,88.3954
20250710,87.3954
20250710,89.6704
20250710,88.8541
20250710,87.8541
20250710,89.7642
20250710,88.7642
20250710,87.7642
20250710,86.7642
20250710,85.7642
20250711,84.7642
20250711,83.7642
20250711,90.9676
20250711,89.9676
20250711,88.9676
20250711,87.9676
20250711,86.9676
20250711,85.9676
20250711,84.9676
20250711,83.9676
20250711,82.9676
20250711,83.8919
20250711,82.8919
20250711,81.8919
20250711,82.4912
20250714,81.4912
20250714,80.4912
20250714,79.4912
20250714,78.4912
20250714,77.4912
20250714,77.7152
20250714,80.2942
20250715,79.2942
20250715,78.2942
20250715,77.2942
20250715,76.2942
20250715,75.2942
20250715,74.2942
20250715,73.2942
20250715,72.2942
20250715,71.2942
20250715,70.2942
20250715,69.2942
20250715,74.2942
20250715,73.2942
20250715,72.2942
20250715,71.2942
20250715,72.5202
20250716,71.5202
20250716,72.4472
20250716,73.1061
20250716,74.6549
20250716,73.6549
20250716,75.9593
20250716,74.9593
20250716,75.4664
20250716,74.4664
20250717,73.4664
20250717,72.4664
20250717,71.4664
20250717,70.4664
20250717,69.4664
20250717,68.4664
20250717,67.4664
20250717,66.4664
20250717,65.4664
20250717,64.4664
20250717,63.4664
20250717,62.4664
20250717,61.4664
20250717,60.4664
20250718,59.4664
20250718,58.4664
20250718,57.4664
20250718,56.4664
20250718,55.4664
20250718,54.4664
20250718,55.2073
20250721,54.2073
20250721,56.3462
20250721,55.3462
20250721,54.3462
20250721,56.0605
20250721,55.0605
20250721,54.0605
20250721,53.0605
20250721,54.9517
20250721,66.0142
20250721,69.6518
20250722,71.8492
20250722,70.8492
20250722,69.8492
20250722,82.2492
20250722,84.5558
20250722,86.5349
20250722,88.1713
20250722,87.1713
20250722,86.1713
20250722,85.1713
20250722,85.245
20250722,84.245
20250723,83.245
20250723,86.6406
20250723,85.6406
20250723,84.6406
20250723,85.3798
20250723,84.3798
20250723,83.3798
20250723,82.3798
20250723,81.3798
20250723,80.3798
20250723,79.3798
20250723,82.9506
20250723,81.9506
20250724,80.9506
20250724,87.6435
20250724,86.6435
20250724,85.6435
20250724,84.6435
20250724,83.6435
20250724,82.6435
20250724,81.6435
20250724,80.6435
20250724,79.6435
20250724,78.6435
20250724,77.6435
20250724,76.6435
20250725,75.6435
20250725,80.2002
20250725,79.2002
20250725,78.2002
20250725,77.2002
20250725,76.2002
20250725,75.2002
20250725,76.3615
20250728,78.034
20250728,77.034
20250728,76.034
20250728,75.034
20250728,76.6934
20250728,75.6934
20250728,74.6934
20250728,76.7101
20250728,75.7101
20250729,74.7101
20250729,73.7101
20250729,72.7101
20250729,71.7101
20250729,70.7101
20250729,69.7101
20250730,72.7101
20250730,71.7101
20250730,70.5637
20250730,69.5637
20250730,68.5637
20250730,67.5637
20250730,66.5637
20250730,65.5637
20250730,64.5637
20250730,63.5637
20250730,62.5637
20250730,61.5637
20250730,60.5637
20250730,59.5637
20250730,58.5637
20250730,57.5637
20250730,57.0545
20250731,56.0545
20250731,55.0545
20250731,54.0545
20250731,53.0545
20250731,52.0544
20250731,51.0544
20250731,54.4798
20250731,53.4798
20250731,52.4798
20250731,51.4798
20250801,50.4798
20250801,49.4798
20250801,50.1739
20250801,49.1739
20250801,49.3702
20250804,48.3702
20250804,47.3702
20250804,46.3702
20250804,45.3702
20250804,46.3702
20250805,48.0867
20250805,49.8554
20250805,48.8554
20250805,47.8554
20250805,49.3909
20250805,48.3909
20250805,48.3855
20250806,47.3855
20250806,49.2534
20250806,48.2534
20250806,48.9756
20250806,47.9756
20250806,52.6631
20250806,54.4365
20250806,53.4365
20250806,52.4365
20250807,51.4365
20250807,50.4365
20250807,49.4365
20250807,48.4365
20250807,50.1895
20250807,56.381
20250807,55.381
20250807,54.381
20250807,57.4126
20250808,56.4126
20250808,55.4126
20250808,54.4126
20250808,53.4126
20250808,52.4126
20250808,54.2746
20250808,53.2746
20250808,52.2746
20250808,51.2746
20250808,50.2746
20250808,49.2746
20250808,56.0572
20250811,55.0572
20250811,54.0572
20250811,56.0286
20250811,55.0286
20250811,54.0286
20250811,53.0286
20250811,52.0286
20250811,58.3357
20250811,59.118
20250811,58.118
20250811,57.118
20250811,61.3428
20250811,62.3793
20250812,61.3793
20250812,60.3793
20250812,59.3793
20250812,59.9173
20250812,58.9173
20250813,57.9173
20250813,56.9173
20250813,55.9173
20250813,54.9173
20250813,53.9173
20250814,52.9173
20250814,51.9173
20250814,50.9173
20250814,50.4219
20250814,49.4219
20250814,48.4219
20250814,47.4219
20250814,48.2811
20250814,58.4698
20250814,57.4698
20250815,56.4698
20250815,56.927
20250815,59.156
20250815,58.156
20250815,57.156
20250815,58.203
20250815,59.9106
20250815,60.6102
20250818,59.6102
20250818,58.6102
20250818,57.5667
20250818,60.2167
20250818,59.2167
20250818,58.2167
20250818,57.2167
20250818,58.9802
20250818,60.7917
20250818,61.698
20250818,60.698
20250818,60.1446
20250818,59.1446
20250818,62.059
20250818,63.9035
20250819,62.9035
20250819,61.9035
20250819,65.5392
20250819,64.5392
20250819,63.5392
20250819,62.5392
20250819,61.5392
20250819,60.5392
20250819,60.5993
20250820,62.2762
20250820,61.2762
20250820,64.557
20250820,63.557
20250821,62.557
20250821,61.557
20250821,63.1309
20250821,66.1079
20250821,65.1079
20250821,64.1079
20250821,63.1079
20250821,62.1079
20250821,61.1079
20250821,60.1079
20250821,59.1079
20250821,60.0855
20250821,62.1043
20250821,63.8662
20250821,62.8662
20250821,61.8662
20250821,60.8662
20250821,59.8662
20250821,58.8662
20250821,57.8662
20250821,59.4059
20250822,58.4059
20250822,60.0547
20250822,59.0547
20250825,58.0547
20250825,57.0547
20250825,56.0547
20250825,60.291
20250825,59.291
20250825,58.291
20250825,62.5868
20250825,61.5868
20250825,60.5868
20250825,59.5868
20250826,58.5868
20250826,57.5868
20250826,56.5868
20250826,55.5868
20250827,54.5868
20250827,53.5868
20250827,52.5868
20250827,51.5868
20250827,50.5868
20250827,49.5868
20250827,48.5868
20250827,47.5868
20250827,46.5868
20250827,45.5868
20250827,44.5868
20250827,43.5868
20250827,42.5868
20250827,48.5868
20250827,47.5868
20250827,46.5868
20250827,48.2362
20250827,48.7386
20250827,47.7386
20250827,48.3053
20250828,50.5755
20250828,52.7022
20250828,51.7022
20250828,54.2144
20250828,53.2144
20250828,52.2144
20250828,51.2144
20250828,50.2144
20250828,49.2144
20250828,48.2144
20250828,47.1635
20250828,48.5523
20250828,47.5523
20250829,46.5523
20250829,45.5523
20250829,44.5523
20250829,43.5523
20250829,47.9482
20250829,46.9482
20250829,45.9482
20250829,48.6384
20250902,51.7098
20250902,50.7098
20250902,49.7098
20250902,48.6929
20250902,47.6929
20250902,46.6929
20250903,45.6929
20250903,52.8724
20250903,56.2277
20250903,55.2277
20250903,58.9573
20250903,57.9573
20250903,56.9573
20250903,58.4777
20250903,60.099
20250903,59.099
20250903,58.099
20250903,57.099
20250903,56.099
20250903,55.099
20250903,54.099
20250903,53.099
20250904,52.099
20250904,51.099
20250904,50.099
20250904,49.099
20250904,48.099
20250904,47.099
20250904,46.099
20250904,45.099
20250904,44.099
20250904,43.7699
20250904,42.7699
20250904,43.2998
20250904,42.2998
20250904,41.2998
20250905,40.2998
20250905,45.8248
20250905,44.8248
20250905,43.8248
20250905,51.2864
20250905,50.2864
20250905,49.6437
20250908,48.6437
20250908,52.2931
20250908,54.1463
20250908,53.1463
20250908,52.1463
20250908,51.1463
20250908,50.1463
20250908,49.1458
20250908,48.1458
20250908,49.6732
20250908,51.8341
20250908,50.8341
20250908,49.8341
20250909,48.8341
20250909,47.8341
20250909,48.9932
20250909,47.9932
20250909,46.9932
20250909,45.9175
20250909,44.9175
20250909,43.9175
20250909,48.48
20250910,50.0697
20250910,49.0697
20250910,48.0697
20250910,47.0697
20250910,46.0697
20250910,45.0697
20250910,44.0697
20250910,44.8025
20250910,47.096
20250910,46.096
20250911,45.096
20250911,44.096
20250911,43.096
20250911,42.096
20250911,48.6696
20250911,50.7798
20250911,49.7798
20250911,49.1235
20250911,48.1235
20250911,47.1235
20250911,48.4641
20250911,47.4641
20250912,49.4032
20250912,48.4032
20250912,47.4032
20250912,46.4032
20250912,49.7461
20250912,48.7461
20250912,47.7461
20250912,46.6927
20250915,45.6927
20250915,47.6959
20250915,47.987
20250915,46.987
20250915,45.987
20250915,44.987
20250915,43.987
20250915,46.6891
20250915,45.6891
20250915,50.8429
20250915,49.8429
20250916,48.8429
20250916,47.8429
20250916,51.8644
20250916,50.8644
20250916,51.2563
20250916,49.9085
20250916,51.3188
20250917,50.3188
20250917,49.3188
20250917,48.3188
20250917,47.3188
20250917,46.3188
20250917,45.3188
20250917,44.3188
20250917,43.3188
20250917,42.3188
20250917,41.3188
20250917,40.3188
20250917,39.3188
20250917,38.3188
20250917,37.3188
20250917,36.3188
20250917,35.3188
20250917,34.3188
20250917,33.3188
20250917,35.2843
20250917,35.593
20250917,35.2198
20250918,34.2198
20250918,36.0905
20250918,35.0905
20250918,37.2668
20250918,38.1223
20250918,37.1223
20250918,36.1223
20250918,35.1223
20250918,34.8249
20250918,33.8249
20250918,32.8249
20250918,31.8249
20250918,30.8249
20250918,29.8249
20250918,28.8249
20250919,31.6144
20250919,30.6144
20250919,29.6144
20250919,28.6144
20250919,27.6144
20250919,30.5929
20250919,29.5929
20250919,28.5929
20250919,36.2136
20250919,43.7791
20250919,42.7791
20250919,41.7791
20250919,44.7791
20250919,43.7791
20250919,46.9431
20250922,52.4137
20250922,51.4137
20250922,50.4137
20250922,49.4137
20250922,51.596
20250922,50.596
20250922,49.596
20250922,48.9007
20250923,50.8754
20250923,49.8754
20250923,48.8754
20250923,51.6189
20250923,50.6189
20250923,49.6189
20250923,48.6189
20250923,47.6189
20250923,46.6189
20250924,47.2395
20250924,46.2395
20250924,45.2395
20250924,44.2395
20250924,51.6754
20250924,50.6754
20250924,49.6754
20250925,51.271
20250925,50.271
20250925,53.5363
20250925,60.1999
20250925,61.2369
20250925,63.7197
20250925,64.191
20250925,63.191
20250925,65.0678
20250925,65.398
20250925,65.8234
20250926,68.8494
20250926,71.47
20250926,70.47
20250926,69.2603
20250926,68.2322
20250926,67.2322
20250926,68.1409
20250926,67.1409
20250926,66.1409
20250926,67.4826
20250926,69.1492
20250929,71.9907
20250929,70.9907
20250929,72.7532
20250929,71.7532
20250929,70.7532
20250929,70.171
20250930,69.171
20250930,68.171
20250930,70.1795
20250930,73.3404
20250930,80.012
20250930,79.012
20250930,78.012
20250930,77.7086
20250930,79.355
20250930,79.9962
20251001,78.9962
20251001,77.9962
20251001,76.9962
20251001,75.9962
20251001,78.9372
20251001,82.0685
20251001,81.0685
20251001,80.0685
20251001,79.0685
20251001,81.6985
20251001,80.6985
20251002,79.6985
20251002,78.6985
20251002,77.6985
20251002,76.6985
20251002,75.6985
20251002,86.5267
20251002,88.0164
20251002,87.0164
20251002,85.9702
20251002,88.8932
20251002,87.8932
20251003,86.8932
20251003,88.4859
20251003,89.0557
20251003,90.7727
20251003,89.7727
20251003,90.9974
20251003,89.9974
20251006,92.6669
20251006,91.6669
20251006,93.3193
20251006,94.2039
20251006,94.8717
20251006,96.7147
20251006,95.7147
20251006,99.9677
20251006,98.9677
20251007,97.9677
20251007,96.9677
20251007,95.9677
20251007,94.9677
20251007,96.2455
20251007,95.2455
20251007,95.6168
20251008,97.1081
20251008,96.1081
20251008,95.1081
20251008,94.1081
20251008,96.9881
20251008,99.1159
20251008,98.1159
20251008,100.3308
20251008,99.3308
20251008,101.8308
20251009,100.8308
20251009,99.8308
20251009,98.8308
20251009,97.8308
20251009,100.976
20251009,103.0787
20251009,102.0787
20251009,101.0787
20251009,100.0787
20251009,99.0787
20251009,98.0787
20251009,97.0787
20251009,96.0787
20251009,95.0787
20251009,94.0787
20251010,93.0787
20251010,92.0787
20251010,94.5248
20251010,93.5248
20251013,96.2141
20251013,95.2141
20251013,94.2141
20251013,93.2141
20251013,92.2141
20251013,91.2141
20251013,90.2141
20251013,89.2141
20251013,88.5329
20251013,88.8121
20251014,87.8121
20251014,87.9081
20251014,86.9081
20251014,85.9081
20251014,84.7543
20251014,86.3992
20251014,85.3992
20251014,84.3992
20251014,88.866
20251014,87.866
20251014,96.1994
20251014,95.1994
20251014,94.1994
20251015,93.1994
20251015,92.1994
20251015,91.1994
20251015,92.8943
20251015,91.8943
20251015,93.7754
20251015,92.7754
20251015,91.7754
20251015,90.7754
20251015,89.7754
20251015,88.7754
20251016,87.7754
20251016,86.7754
20251016,91.3331
20251016,96.279
20251016,97.9923
20251016,99.5136
20251016,98.5136
20251016,98.0921
20251016,97.0921
20251017,96.0921
20251017,95.0921
20251017,95.0921
20251017,94.0921
20251017,93.0921
20251017,92.0921
20251017,91.0921
20251017,90.0921
20251020,89.0921
20251020,88.0921
20251020,87.0921
20251020,86.0921
20251020,85.0921
20251020,84.0921
20251020,85.8193
20251020,84.8193
20251020,83.8193
20251020,82.8193
20251021,81.8193
20251021,80.8193
20251021,79.8193
20251021,84.3703
20251021,83.3703
20251021,84.1162
20251021,83.1162
20251021,82.1162
20251021,86.2309
20251021,85.2309
20251021,84.2309
20251021,83.2309
20251021,89.1219
20251021,88.1219
20251021,87.1219
20251022,86.1219
20251022,85.1219
20251022,88.0985
20251022,87.0747
20251022,86.0747
20251022,85.0747
20251022,84.0747
20251022,83.0747
20251023,82.0747
20251023,81.0747
20251023,80.0747
20251023,79.0747
20251023,81.0452
20251023,81.3149
20251023,80.3149
20251023,79.3149
20251023,78.3149
20251023,77.3149
20251024,76.3149
20251024,75.2997
20251024,74.2997
20251024,73.2997
20251024,72.2997
20251027,74.9519
20251027,73.9519
20251027,76.7699
20251027,75.7699
20251027,75.0846
20251027,76.6112
20251027,75.6112
20251027,74.6112
20251027,83.2565
20251027,82.2565
20251027,98.9488
20251028,97.9488
20251028,96.9488
20251028,95.9488
20251028,94.9488
20251028,98.1403
20251028,99.7714
20251028,98.7714
20251028,99.5111
20251028,98.5111
20251028,97.5111
20251028,100.5977
20251028,99.5977
20251028,98.5977
20251028,97.5977
20251029,96.5977
20251029,99.5951
20251029,98.5951
20251029,97.5951
20251029,101.5233
20251029,100.5233
20251029,99.5233
20251029,102.0099
20251029,101.0099
20251029,100.0099
20251029,99.0099
20251029,98.0099
20251029,97.0099
20251029,100.054
20251029,99.054
20251029,98.054
20251029,98.2919
20251030,97.2919
20251030,96.2919
20251030,95.2919
20251030,94.2919
20251030,93.2919
20251030,92.2919
20251030,93.9643
20251030,92.9643
20251030,96.0348
20251031,95.0348
20251031,94.0348
20251031,96.1117
20251031,95.1117
20251031,98.4137
20251031,97.3874
20251031,100.6807
20251103,99.6807
20251103,99.7603
20251103,98.7603
20251104,97.7603
20251104,96.7603
20251104,95.7603
20251104,94.7603
20251104,94.961
20251104,93.961
20251104,92.961
20251105,91.961
20251105,90.961
20251105,89.9168
20251105,91.8437
20251105,90.8437
20251105,92.0876
20251106,91.0876
20251106,90.0876
20251106,89.0876
20251106,88.0876
20251106,87.0876
20251106,86.0876
20251106,87.6147
20251106,86.6147
20251106,90.042
20251107,89.042
20251107,88.042
20251107,87.042
20251107,86.042
20251107,86.1975
20251107,85.1975
20251107,84.1975
20251107,86.9431
20251110,85.9431
20251110,84.9431
20251110,83.9431
20251110,88.4694
20251110,87.4694
20251111,86.4694
20251111,85.4694
20251111,85.2642
20251111,84.2642
20251111,83.2642
20251111,82.2642
20251111,84.4343
20251111,91.0701
20251111,94.9056
20251111,93.9056
20251112,101.4874
20251112,100.4874
20251112,103.2147
20251112,102.2147
20251113,101.2147
20251113,100.1938
20251113,99.1938
20251113,98.1938
20251114,97.1938
20251114,96.1938
20251114,95.1938
20251114,94.1938
20251114,96.3422
20251114,95.3422
20251117,94.3422
20251117,93.3422
20251117,93.3211
20251117,92.3211
20251118,91.3211
20251118,90.3211
20251118,89.3211
20251118,88.3211
20251118,88.3211
20251119,87.7312
20251119,86.7312
20251119,85.7312
20251119,84.7312
20251119,83.7312
20251119,89.2876
20251119,88.2876
20251119,87.2876
20251119,86.2876
20251120,85.2876
20251120,84.2876
20251120,83.2876
20251120,82.2876
20251121,81.2876
20251121,80.2876
20251121,79.2876
20251121,78.2876
20251121,77.2876
20251121,76.2876
20251121,76.1647
20251121,76.9622
20251121,75.9622
20251121,77.0553
20251121,78.5934
20251124,79.1785
20251125,78.1785
20251125,77.1785
20251125,76.1785
20251125,75.1785
20251125,74.1785
20251125,73.1785
20251126,72.1785
20251126,71.1785
20251126,70.1785
20251126,69.1785
20251126,68.1785
20251126,70.4438
20251128,69.4438
20251128,68.4438
20251128,67.4438
20251128,66.4438
20251128,65.7843
20251201,64.7843
20251201,63.7843
20251201,65.6219
20251201,67.4344
20251201,66.4344
20251201,66.4146
20251202,65.4146
20251202,66.741
20251202,65.741
20251202,64.741
20251202,66.7529
20251202,68.703
20251202,68.3748
20251202,67.3748
20251203,66.3748
20251203,65.3748
20251203,64.3748
20251203,63.3748
20251203,62.3748
20251203,70.2274
20251203,69.2274
20251204,68.2274
20251204,67.2274
20251204,66.2274
20251204,65.2274
20251204,68.7335
20251204,69.2875
20251204,68.2875
20251204,69.1129
20251204,68.8427
20251205,67.8427
20251205,83.9512
20251205,85.2376
20251205,88.9814
20251205,87.9814
20251208,86.9814
20251208,85.9814
20251208,85.854
20251208,87.9437
20251208,86.9437
20251208,85.9437
20251208,84.9437
20251209,83.9437
20251209,82.9437
20251209,81.9437
20251209,80.9437
20251209,80.2195
20251210,82.1432
20251210,81.1432
20251210,83.7796
20251210,82.7796
20251210,81.7796
20251210,80.7796
20251210,84.5866
20251210,83.5866
20251210,82.5866
20251210,81.5866
20251210,80.5866
20251211,80.3969
20251211,82.0415
20251211,83.7034
20251211,85.8436
20251211,88.2253
20251211,90.2956
20251212,89.2956
20251212,88.2956
20251212,88.8722
20251212,95.2322
20251212,97.0517
20251215,96.0517
20251215,100.4125
20251215,99.4125
20251215,98.4125
20251215,97.4125
20251216,96.4125
20251216,100.2504
20251216,99.2504
20251216,101.6297
20251216,100.6297
20251216,99.6297
20251217,98.6297
20251217,97.6297
20251217,99.459
20251218,115.0164
20251218,114.0164
20251218,114.1167
20251218,114.5469
20251218,113.5469
20251218,112.5469
20251219,111.5469
20251219,110.5469
20251219,109.5469
20251219,112.7902
20251219,111.7902
20251219,110.7902
20251219,109.7902
20251219,108.7902
20251219,107.7902
20251222,106.7902
20251222,105.7902
20251222,104.7902
20251222,103.7902
20251222,106.859
20251222,105.859
20251223,104.859
20251223,103.859
20251223,102.859
20251223,101.859
20251223,100.859
20251223,99.859
20251223,98.859
20251223,97.859
20251223,96.859
20251223,95.859
20251223,94.859
20251223,93.859
20251224,92.859
20251224,91.859
20251224,90.859
20251224,89.859
20251224,88.859
20251224,91.3257
20251226,92.1655
20251226,91.1655
20251226,90.1655
20251226,89.1655
20251226,89.3866
20251226,89.1573
20251226,88.1573
20251226,87.1573
20251226,86.1573
20251226,85.1573
20251226,84.1573
20251226,83.1573
20251226,83.7342
20251226,82.7342
20251229,81.7342
20251229,80.7342
20251229,82.4961
20251229,81.4961
20251230,80.4961
20251230,84.7461
20251230,83.7461
20251230,82.7461
20251230,84.3668
20251230,84.2329
20251230,83.2329
20251230,82.2329
20251231,81.2329
20251231,80.2329
20251231,79.2329
20251231,78.2329
20251231,77.2329
20251231,76.2329
20251231,75.2329
20251231,74.2329
20251231,73.1906
20251231,72.1906
20251231,74.7906
20251231,73.7906
20251231,72.7906
20251231,71.7906
20260102,73.9559
20260102,72.9559
20260102,71.9559
20260102,70.9559
20260102,74.271
20260102,73.271
20260105,74.7936
20260106,73.7936
20260106,72.7936
20260106,71.7936
20260106,71.0158
20260106,70.0158
20260107,69.0158
20260107,68.0158
20260107,67.0158
20260107,66.0158
20260107,65.0158
20260108,64.0158
20260108,63.0158
20260108,62.0158
20260108,61.0158
20260108,60.0158
20260108,60.7985
20260108,59.7985
20260108,60.7103
20260109,59.7103
20260109,58.7103
20260109,60.3606
20260109,59.3606
20260109,58.3606
20260109,57.3606
20260109,56.3606
20260109,55.3606
20260109,54.3606
20260109,55.5215
20260112,54.5215
20260112,53.5215
20260112,52.5215
20260112,51.5215
20260112,50.5215
20260112,49.5215
20260112,48.5215
20260113,47.5215
20260113,50.4021
20260113,49.4021
20260113,48.4021
20260113,52.0641
20260113,54.5269
20260113,57.1944
20260113,56.1944
20260113,55.1944
20260113,57.4139
20260113,56.4139
20260113,56.3636
20260114,55.3636
20260114,54.3636
20260114,53.3636
20260114,52.3636
20260114,51.3636
20260114,52.8817
20260114,51.8817
20260115,50.8817
20260115,49.8817
20260115,51.2804
20260115,52.8328
20260115,58.1038
20260115,57.1038
20260115,58.732
20260115,57.732
20260115,68.652
20260115,70.9006
20260116,69.9006
20260116,68.9006
20260116,67.9006
20260116,66.9006
20260116,65.9006
20260116,67.8043
20260116,66.8043
20260116,65.8043
20260116,64.8043
20260116,63.8043
20260116,62.8043
20260116,61.8043
20260116,60.8043
20260120,65.1971
20260120,67.2447
20260120,66.2447
20260120,65.2447
20260120,64.2447
20260120,63.2447
20260121,62.2447
20260121,64.6808
20260121,67.271
20260121,66.271
20260121,65.271
20260121,64.271
20260121,63.271
20260121,62.271
20260121,61.271
20260121,62.8433
20260121,68.6589
20260121,67.6589
20260122,66.6589
20260122,65.6589
20260122,64.6589
20260122,63.6589
20260122,62.6589
20260122,61.6589
20260122,62.4146
20260123,61.4146
20260123,60.4146
20260123,59.4146
20260123,58.4146
20260123,58.5548
20260123,57.5548
20260123,60.2114
20260123,60.3395
20260123,59.3395
20260126,58.3395
20260126,57.3395
20260126,59.2588
20260126,58.2588
20260126,57.776
20260126,60.9295
20260126,59.9295
20260126,58.9295
20260126,57.9295
20260126,58.6077
20260127,57.6077
20260127,56.6077
20260127,55.6077
20260127,54.6077
20260127,56.1823
20260127,60.7337
20260128,62.439
20260128,78.3307
20260128,77.3307
20260128,76.3307
20260128,75.3307
20260128,74.3307
20260128,75.9233
20260128,74.9233
20260128,78.0466
20260128,77.0466
20260128,76.0466
20260128,84.4752
20260128,83.4752
20260128,82.4752
20260128,81.4752
20260128,80.4752
20260129,85.7362
20260129,87.4443
20260129,86.4443
20260129,85.4443
20260130,87.1522
20260130,89.0988
20260130,88.0988
20260130,87.0988
20260130,86.0988
20260130,85.0988
20260130,87.6506
20260130,89.9883
20260130,92.9423
20260130,91.9423
20260130,90.9423
20260130,89.9423
20260202,92.6332
20260202,91.6332
20260202,90.6332
20260202,89.6332
20260202,88.6332
20260202,87.6332
20260202,86.6332
20260202,87.117
20260202,86.117
20260203,85.117
20260203,87.1696
20260203,89.5419
20260204,88.5419
20260204,90.8899
20260204,89.8899
20260204,93.5012
20260205,92.5012
20260205,91.5012
20260205,90.5012
20260205,89.5012
20260205,88.5012
20260206,90.2874
20260206,89.2874
20260206,88.2874
20260206,87.2874
20260206,86.2874
20260206,86.769
20260209,85.769
20260209,84.769
20260209,83.769
20260209,82.769
20260209,98.0547
20260210,97.0547
20260210,96.0547
20260210,104.6911
20260210,105.4816
20260210,104.4816
20260210,103.4816
20260210,102.4816
20260210,101.4816
20260210,100.4816
20260210,99.4816
20260210,98.4816
20260210,97.4816
20260210,96.4816
20260211,95.4816
20260211,95.8816
20260211,94.8816
20260212,93.8816
20260212,92.8816
20260212,95.241
20260212,101.7663
20260213,100.7663
20260213,99.7663
20260213,98.7663
20260213,97.7663
20260213,96.7663
20260213,99.2135
20260213,98.2135
20260213,97.2135
20260213,100.5225
20260217,99.5225
20260217,98.5225
20260217,97.5225
20260217,96.5225
20260217,95.5225
20260217,94.5225
20260217,93.5225
20260217,92.5225
20260217,91.5225
20260217,94.0176
20260217,97.4604
20260218,96.4604
20260218,95.4604
20260218,94.4604
20260218,93.4604
20260218,97.3533
20260218,96.3533
20260218,98.7909
20260218,100.34
20260218,103.5142
20260218,102.5142
20260219,101.5142
20260219,106.3267
20260219,105.3267
20260219,104.3267
20260219,103.3267
20260219,105.6495
20260219,104.6495
20260219,106.3281
20260219,105.3281
20260219,104.3281
20260219,107.4127
20260219,106.4127
20260219,105.4127
20260220,107.2982
20260220,109.4025
20260220,108.4025
20260220,107.4025
20260220,109.0839
20260220,112.3708
20260220,111.3708
20260220,110.8744
20260220,109.8744
20260220,109.312
20260220,109.6635
20260220,108.6635
20260220,107.6635
20260220,107.4976
20260220,106.4976
20260223,105.4976
20260224,104.4976
20260224,103.4976
20260224,102.4976
20260224,101.4976
20260224,100.4976
20260224,99.4976
20260224,101.6322
20260224,101.941
20260224,100.941
20260224,99.941
20260225,98.941
20260225,101.5247
20260225,103.0952
20260225,102.0132
20260225,102.8011
20260226,104.1085
20260226,103.1085
20260226,105.1215
20260226,104.1215
20260226,103.1215
20260226,102.1215
20260227,101.1215
20260227,100.1215
20260227,99.1215
20260302,98.1215
20260302,97.1215
20260302,96.1215
20260302,95.1215
20260302,95.19
20260302,96.4095
20260303,101.7747
20260303,100.7747
20260303,99.7747
20260303,98.7747
20260303,97.7747
20260303,96.7747
20260303,95.7747
20260303,94.7747
20260303,93.7747
20260303,92.7747
20260304,93.3637
20260304,93.8413
20260304,92.8413
20260304,91.8413
20260304,95.8173
20260304,94.8173
20260304,93.8173
20260304,94.2556
20260305,99.7556
20260305,98.7556
20260305,99.3247
20260305,98.3247
20260305,97.3247
20260306,96.3247
20260306,95.3247
20260306,97.7989
20260306,96.7989
20260306,95.7989
20260306,94.7989
20260306,93.7989
20260306,92.7989
20260306,92.8886
20260306,91.8886
20260306,94.3526
20260306,93.3526
20260306,92.3526
20260306,91.3526
20260306,92.3158
20260306,91.3158
20260309,93.1643
20260309,95.2596
20260309,94.2596
20260309,93.2596
20260309,92.2596
20260309,95.1577
20260309,99.3395
20260309,98.3395
20260310,97.3395
20260310,96.3395
20260310,95.3395
20260310,94.3395
20260310,93.3395
20260310,92.3395
20260310,91.3395
20260310,90.3395
20260310,89.3395
20260310,88.3395
20260310,94.6477
20260310,98.4855
20260310,108.4605
20260310,109.5488
20260310,111.3582
20260311,110.3582
20260311,109.3582
20260311,108.3582
20260311,107.3582
20260311,106.3582
20260311,109.2175
20260311,108.2175
20260311,108.0175
20260311,108.1413
20260312,106.9329
20260312,105.9329
20260312,104.9329
20260312,103.9329
20260312,102.9329
20260312,101.9329
20260312,100.9329
20260312,99.9329
20260312,98.9329
20260312,97.9329
20260312,96.9329
20260312,95.9329
20260312,94.9329
20260313,93.9329
20260313,92.9329
20260313,91.9329
20260313,90.9329
20260316,90.5283
20260316,92.4312
20260316,91.6018
20260316,90.6018
20260316,89.6018
20260316,88.6018
20260316,91.1401
20260316,92.0776
20260316,92.8191
20260317,95.0116
20260317,94.0116
20260317,93.0116
20260317,92.0116
20260317,91.0116
20260317,90.5141
20260317,89.5141
20260317,88.5141
20260317,87.5141
20260318,86.5141
20260318,85.5141
20260318,84.5141
20260318,83.5141
20260318,82.5141
20260318,86.1687
20260318,85.1687
20260318,84.1687
20260318,86.2271
20260318,85.2271
20260318,84.2271
20260318,83.2271
20260319,82.2271
20260319,81.2271
20260319,80.2271
20260319,79.2271
20260319,78.2271
20260319,77.2271
20260319,80.661
20260319,84.7545
20260319,89.0317
20260319,91.1685
20260319,90.1685
20260319,89.1685
20260320,88.1685
20260320,87.1685
20260320,86.1685
20260320,85.1685
20260320,84.1685
20260320,83.1487
20260320,86.3103
20260320,85.3103
20260320,84.3103
20260320,83.3103
20260320,86.2362
20260320,85.2362
20260320,87.434
20260320,86.434
20260323,85.434
20260323,88.1802
20260323,92.157
20260323,91.157
20260323,91.9474
20260323,93.614
20260323,92.8417
20260324,91.8417
20260324,90.8417
20260324,92.5424
20260324,91.5424
20260324,90.5424
20260324,89.5424
20260325,88.5424
20260325,87.5424
20260325,86.5424
20260325,85.5424
20260325,85.1155
20260326,84.1155
20260326,86.267
20260326,88.1291
20260326,87.1291
20260326,86.1291
20260326,85.66
20260326,84.66
20260326,83.66
20260326,85.8036
20260326,84.8036
20260326,83.8036
20260326,84.4997
20260327,86.7428
20260327,85.7428
20260327,84.7428
20260327,83.7428
20260327,82.7428
20260330,81.7428
20260330,80.7428
20260330,79.7428
20260330,81.4674
20260330,83.268
20260330,82.268
20260331,84.6901
20260331,83.6901
20260331,86.655
20260331,93.1962
20260331,92.1962
20260331,91.1962
20260331,90.1962
20260331,89.1962
20260401,88.1962
20260401,87.1962
20260401,90.1451
20260402,89.1451
20260402,92.6951
20260402,94.4828
20260402,93.4828
20260402,92.4828
20260402,91.4828
20260406,93.128
20260406,92.128
20260406,91.128
20260406,90.128
20260406,91.9756
20260406,90.9756
20260406,89.9756
20260406,90.072
20260406,89.072
20260406,88.072
20260406,87.8213
20260406,91.1365
20260407,90.1365
20260407,89.1365
20260407,88.1365
20260407,87.1365
20260407,86.1365
20260407,85.1365
20260407,88.329
20260407,93.3975
20260407,92.3975
20260407,91.3975
20260407,90.3975
20260407,93.453
20260407,92.453
20260407,94.2427
20260407,93.2427
20260407,92.2427
20260407,91.2427
20260407,90.2427
20260407,89.2427
20260407,88.2427
20260407,87.2427
20260407,86.2427
20260407,85.2427
20260408,84.2427
20260408,83.2427
20260408,85.1315
20260409,89.1047
20260409,88.1047
20260409,90.7211
20260409,89.7211
20260409,88.7211
20260409,87.7211
20260409,86.7211
20260409,85.7211
20260410,84.7211
20260410,83.7211
20260410,82.7211
20260410,84.5878
20260410,83.5878
20260410,82.5878
20260413,81.5878
20260414,80.5878
20260414,81.4485
20260414,80.4485
20260414,79.4485
20260414,78.4485
20260414,80.3541
20260414,79.3541
20260414,78.3541
20260415,81.8101
20260415,84.9932
20260415,83.9932
20260415,82.9932
20260415,86.6924
20260415,85.6924
20260415,84.6924
20260416,86.356
20260416,85.356
20260416,84.356
20260416,83.356
20260416,82.356
20260416,81.356
20260416,80.356
20260416,79.356
20260416,81.3611
20260416,81.8343
20260416,82.1427
20260416,85.4196
20260416,86.0972
20260416,85.0972
20260416,84.0972
20260416,83.0558
20260416,82.0558
20260416,84.5002
20260416,83.5002
20260416,82.5002
20260416,82.6166
20260416,83.2401
20260417,82.2401
20260417,81.2401
20260417,83.4368
20260417,82.4368
20260417,81.4368
20260417,80.4368
20260417,81.0793
20260420,80.0793
20260420,82.7936
20260420,81.7936
20260420,80.7936
20260420,83.1588
20260420,82.1588
20260420,81.1588
20260421,80.1588
20260421,79.1588
20260421,78.1588
20260421,77.1588
20260421,76.1588
20260421,75.1588
20260421,74.1588
20260421,73.1588
20260421,72.1588
20260421,71.1588
20260421,70.1588
20260421,69.1588
20260421,68.1588
20260421,67.1588
20260422,66.1588
20260422,65.1588
20260422,64.1588
20260422,63.1588
20260422,62.1588
20260422,61.1588
20260422,60.1588
20260422,59.1588
20260422,58.1588
20260422,57.1588
20260422,56.1588
20260422,55.1588
20260422,55.4175
20260422,56.1198
20260422,55.1198
20260422,54.1198
20260423,53.1198
20260423,56.1768
20260423,58.9473
20260423,57.9473
20260423,56.9473
20260423,55.9473
20260423,56.8032
20260424,61.3456
20260424,60.3456
20260424,59.3456
20260424,58.3456
20260424,57.3456
20260427,65.6789
20260427,64.6789
20260427,63.6789
20260427,62.6789
20260427,61.6789
20260427,62.1904
20260427,62.0002
20260427,61.0002
20260427,60.0002
20260428,59.0002
20260428,58.6669
20260428,59.2493
20260428,58.2493
20260429,57.2493
20260429,59.0043
20260429,62.123
20260429,61.9817
20260429,60.9817
20260429,59.9817
20260429,58.9817
20260429,57.9817
20260429,58.4776
20260429,57.4776
20260429,58.8742
20260429,63.1599
20260430,62.1599
20260430,61.1599
20260430,65.4099
20260430,72.0653
20260430,71.0653
20260430,71.2651
20260501,74.6058
20260501,73.6058
20260501,72.6058
20260501,71.6058
20260501,70.6058
20260501,69.6058
20260501,68.6058
20260501,70.3934
20260501,69.3934
20260504,69.8427
20260504,68.8427
20260504,67.8427
20260504,66.8427
20260504,67.1612
20260504,70.8405
20260504,69.8405
20260505,68.8405
20260505,67.8405
20260505,66.8405
20260505,68.9236
20260505,67.9236
20260505,66.9236
20260505,71.5912
20260505,70.5912
20260506,69.5912
20260506,68.5912
20260506,69.5795
20260506,68.5795
20260506,67.5795
20260506,66.5795
20260507,65.5795
20260507,68.6972
20260507,67.6972
20260507,66.6972
20260507,69.5604
20260507,68.5604
20260507,70.9221
20260507,72.9859
20260507,72.8392
20260507,71.8392
20260507,70.8392
20260507,72.2215
20260507,71.8651
20260507,72.8348
20260508,75.2823
20260508,74.2823
20260508,73.2823
20260508,72.2823
20260508,74.2144
20260508,73.2144
20260508,72.2144
20260508,71.2144
20260508,70.7875
20260508,70.73
20260511,69.73
20260511,68.73
20260511,67.73
20260511,66.73
20260511,65.73
20260511,65.6429
20260511,64.6429
20260511,65.0194
20260511,64.0194
20260512,69.1928
20260512,68.1928
20260512,67.1928
20260512,66.1928
20260512,67.0122
20260513,69.3455
20260513,68.3455
20260513,67.3455
20260513,66.3455
20260513,65.3455
20260513,64.3455
20260513,63.3455
20260513,63.8461
20260513,62.8461
20260514,61.8461
20260514,60.8461
20260514,63.6707
20260514,62.6707
20260514,63.0148
20260514,63.2911
20260514,65.5661
20260514,64.5661
20260514,63.5661
20260514,63.7536
20260514,62.7536
20260514,61.7536
20260515,65.6602
20260515,64.6602
20260515,63.6602
20260515,64.4691
20260518,63.4691
20260518,62.4691
20260518,64.1908
20260518,66.0151
20260518,65.0151
20260518,64.0151
20260518,64.3385
20260518,63.3385
20260518,65.0481
20260518,64.0481
20260519,65.9926
20260519,70.9636
20260519,72.9298
20260519,71.9298
20260519,74.0139
20260519,73.0139
20260519,74.0682
20260520,76.0201
20260520,78.8423
20260520,77.8423
20260520,76.8423
20260520,75.8423
20260520,74.8423
20260521,76.5696
20260521,75.5696
20260521,74.5696
20260521,87.7736
20260521,90.9182
20260521,89.9182
20260521,88.9182
20260521,91.0658
20260521,90.0658
20260521,90.2128
20260521,90.129
20260521,89.6913
20260521,90.1505
20260521,89.7165
20260522,88.7165
20260522,87.7165
20260522,89.7595
20260522,88.7595
20260522,87.7595
20260522,86.7595
20260522,85.7595
20260522,84.7595
20260526,86.3601
20260526,88.2116
20260526,87.2116
20260526,90.8122
20260526,89.8122
20260526,88.8122
20260526,87.8122
20260526,86.8122
20260527,87.2447
20260527,89.2734
20260527,88.2734
20260527,87.2734
20260527,92.329
20260527,91.329
20260527,90.329
20260527,89.329
20260528,88.329
20260528,87.329
20260528,86.329
20260528,88.397
20260528,87.397
20260528,86.397
20260528,90.5735
20260528,90.207
20260528,89.207
20260529,88.207
20260529,87.207
20260601,86.207
20260601,87.8229
20260601,86.7735
20260601,87.3926
20260601,86.3926
20260602,85.3926
20260602,84.3926
20260602,83.3926
20260602,88.0088
20260602,88.9614
20260602,87.9614
20260603,86.9294
20260603,87.0982
20260603,88.9098
20260603,87.9098
20260603,86.9098
20260604,85.9098
20260604,84.9098
20260604,83.9098
20260604,86.2127
20260604,85.2127
20260604,86.9841
20260605,85.9841
20260605,90.3174
20260605,89.3174
20260605,90.7564
20260605,89.7564
20260608,92.7031
20260608,94.7117
20260608,94.952
20260608,93.952
20260608,98.3301
20260608,101.5812
20260608,100.5812
20260608,102.2791
20260608,101.2791
20260608,100.2791
20260608,99.2791
20260608,98.2791
20260608,97.2791
20260608,96.2791
20260608,95.2791
20260609,97.101
20260609,96.101
20260609,95.101
20260609,94.101
20260610,93.101
20260610,99.3184
20260610,98.3184
20260610,97.3184
20260610,96.3184
20260610,95.3184
20260610,98.2671
20260610,97.2671
20260610,96.2671
20260611,95.2671
20260611,94.2671
20260611,93.2671
20260611,92.2671
20260611,93.9464
20260611,92.9464
20260611,96.0696
20260611,95.0696
20260611,94.0696
20260611,93.0696
20260611,92.0696
20260611,91.0696
20260611,91.9006
20260612,90.9006
20260612,93.7101
20260612,92.7101
20260612,91.7101
20260612,93.1572
20260612,96.8426
20260615,98.7541
20260615,97.7541
20260615,96.7541
20260615,98.9137
20260615,97.9137
20260616,96.9137
20260616,95.9137
20260616,96.7202
20260616,97.6508
20260617,100.6092
20260617,102.2054
20260617,101.2054
20260617,100.2054
20260617,99.2054
20260617,98.2054
20260617,97.2054
20260617,96.2054
20260617,99.1043
20260617,102.1371
20260617,104.0759
20260617,103.0759
20260622,107.2063
20260622,114.4478
20260622,113.4478
20260622,112.4478
20260622,111.4478
20260623,110.4478
20260623,109.4478
20260623,108.4478
20260623,108.2922
20260623,107.2922
20260624,106.2922
20260624,105.2922
20260624,106.5927
20260624,105.5927
20260624,105.7
20260624,108.5432
20260625,110.3069
20260625,112.2051
20260625,115.7855
20260625,114.8235
20260625,113.8235
20260625,114.2692
20260625,113.2692
20260625,113.398
20260626,115.1503
20260626,123.317
20260626,122.317
20260626,121.317
20260626,120.317
20260626,119.317
20260629,118.317
20260629,119.9036
20260629,118.9036
20260630,117.9036
20260630,122.7218
20260630,121.7218
20260630,120.7218
20260630,119.7218
20260630,123.3688
20260630,125.3376
20260630,125.4898
20260630,124.4898
20260630,123.4898
20260701,122.4898
20260701,121.4898
20260701,120.4898
20260701,119.4898
20260701,118.4898
20260702,117.4898
20260702,119.3568
20260702,118.3568
20260702,117.3568
20260702,116.3568
20260702,118.8007
20260702,117.8007
20260702,118.3463
20260706,117.3463
20260706,116.3463
20260706,118.5612
20260706,117.5612
20260706,116.5612
20260706,115.5612
20260706,117.3612
20260706,117.619
20260706,121.7366
20260706,124.1127
20260707,123.1127
20260707,124.6436
20260707,125.6658
20260707,127.4991
20260707,127.3111
20260708,126.3111
20260708,125.3111
20260708,124.3111
20260708,125.2054
20260708,124.2053
20260708,123.2053
20260709,122.2053
20260709,121.2053
20260709,123.6606
20260709,124.3473
20260709,123.3473
20260710,124.9018
20260710,123.9018
20260710,122.9018
20260710,125.7345
20260710,124.7345
20260710,123.7345
20260710,122.7345
20260710,121.7032
20260710,120.7032
20260710,119.7032
20260710,118.7032
20260713,117.7032
20260713,116.7032
20260713,115.7032
20260713,114.7032
20260713,113.7032
20260714,118.3774
20260714,117.3774
20260714,116.3774
20260714,115.3774
20260714,114.8774
20260715,113.8774
20260715,115.4954
20260715,116.1046
20260715,116.6897
20260715,115.6897
20260716,114.6897
20260716,113.6897
20260716,121.0658
20260716,120.0658
20260716,119.0658
20260716,118.0658
20260716,117.0658
20260716,116.0658
20260717,115.0658
20260717,114.0658
20260717,113.0658
20260717,112.0658
20260717,111.0658
20260720,110.0658
20260720,109.0658
20260720,108.0658
20260720,107.0658
20260720,106.0658
20260720,105.0658
20260720,106.2868
20260720,105.2868
20260720,105.192
20260721,104.192
20260721,103.192
20260721,102.192
20260721,101.192
20260721,100.192
20260721,99.192
20260721,100.9779
20260721,99.9779
20260722,98.9779
20260722,97.9779
20260722,96.9779
20260722,95.9779
20260722,94.9779
20260723,98.5171
20260723,101.2094
20260723,100.2094
20260723,100.4776
20260723,102.7679
20260723,104.8285
20260723,103.8285
20260723,102.8285
20260723,101.8285
20260723,102.3512
20260723,121.3512
20260723,122.3334
20260724,122.1271
20260724,121.1271
20260724,120.9816
20260724,119.9816
20260724,118.9816
20260724,119.5968
20260724,121.5027
20260727,120.5027
20260727,119.5027
20260727,120.8518
20260727,121.7913
20260727,120.7913
20260727,119.7913
20260727,118.7913
20260727,117.7913
20260727,119.3711
20260728,118.9205
20260728,117.9205
20260728,120.3227
20260728,119.7058
20260729,118.7058
20260729,124.4117
20260729,123.4117
20260729,122.9695
20260729,121.9695
20260729,122.3061
20260729,127.5873
20260729,126.5873
20260730,125.5873
20260730,127.6954
20260730,131.0895
20260730,130.0895
20260730,129.0895
20260731,128.0895
20260731,127.0895
20260731,128.2759
20260731,131.1408
20260731,130.1408
20260731,129.1408
20260731,128.1408
20260731,127.1408
20260731,127.8576
20260731,126.8576
20260731,125.8576
20260803,124.8576
20260803,126.3576
20260803,125.7636
20260803,124.7636
20260804,123.7636
20260804,122.7636
20260804,121.7636
20260804,123.7731
20260805,122.7731
20260805,121.7731
20260806,120.7731
20260806,120.3488
20260806,119.3488
20260806,123.3268
20260806,122.3268
20260806,121.3268
20260806,120.3268
20260806,119.3268
20260806,118.3268
20260806,117.3268
20260807,116.3268
20260807,116.3708
20260807,115.3708
20260807,114.836
20260807,113.836
20260807,112.836
20260807,111.836
20260807,110.836
20260807,109.836
20260807,108.836
20260807,108.6423
20260807,107.6423
20260807,106.6423
20260807,105.6423
20260810,108.1368
20260810,113.8337
20260810,115.9297
20260810,120.0997
20260810,119.0997
20260810,119.765
20260810,118.765
20260810,117.765
20260810,116.765
20260810,115.765
20260810,114.765
20260810,115.527
20260810,114.527
20260811,113.527
20260811,112.527
20260811,111.527
20260811,113.327
20260811,112.327
20260811,114.0543
20260811,113.0543
20260812,112.0543
20260812,111.0543
20260812,110.0543
20260812,109.0543
20260812,108.0543
20260812,107.0543
20260812,106.0543
20260812,105.0543
20260813,104.0543
20260813,103.0543
20260813,107.0621
20260813,111.4455
20260813,113.4268
20260813,112.4268
20260813,111.4268
20260813,110.4268
20260813,109.4268
20260814,108.4268
20260814,107.4268
20260814,108.791
20260814,109.3006
20260814,108.3006
20260814,108.4012
20260817,116.2273
20260817,115.2273
20260817,114.1871
20260817,116.5387
20260817,115.5387
20260817,118.5004
20260817,117.5004
20260817,116.5004
20260817,115.5004
20260818,119.2722
20260818,122.7497
20260818,121.7497
20260818,120.7497
20260818,121.6774
20260818,124.5407
20260819,123.5407
20260819,122.5407
20260819,121.5407
20260819,120.5407
20260819,122.5452
20260819,121.5452
20260819,120.5452
20260819,119.5452
20260820,121.9363
20260820,131.1716
20260820,130.1716
20260820,129.1716
20260820,128.1716
20260820,127.1716
20260820,126.1716
20260820,125.1716
20260820,125.2699
20260820,124.2699
20260821,123.2699
20260821,122.2699
20260821,121.2699
20260821,121.9088
20260821,120.9088
20260821,119.9088
20260821,118.9088
20260824,117.9088
20260824,116.9088
20260824,115.9088
20260824,114.9088
20260825,117.1231
20260825,118.1231
20260825,117.1231
20260825,116.1231
20260825,115.1231
20260826,114.1231
20260826,114.7478
20260826,113.7478
20260826,117.2228
20260826,116.2228
20260826,115.2228
20260826,116.2957
20260826,115.2957
20260826,117.4536
20260826,116.4536
20260826,115.4372
20260826,114.4372
20260826,118.0526
20260826,117.0526
20260827,116.0526
20260827,115.0526
20260827,114.0526
20260827,113.0526
20260827,112.0526
20260827,115.1181
20260827,114.1181
20260827,113.1181
20260828,112.1181
20260828,111.1181
20260828,110.031
20260828,109.031
20260828,111.6025
20260828,110.6025