day,cum_net_r
20230911,-1.1285
20230911,-2.1535
20230911,0.3143
20230911,-0.8782
20230911,-1.9461
20230911,-2.9925
20230911,-1.9853
20230911,-2.5066
20230911,1.539
20230912,0.5135
20230912,-0.5314
20230912,0.3804
20230912,-0.6778
20230912,-1.9014
20230912,-2.936
20230912,-4.0043
20230912,-5.1583
20230912,-4.3489
20230912,-4.8498
20230912,-3.9038
20230912,-5.076
20230913,-6.1545
20230913,-7.2215
20230913,-3.034
20230913,-4.1033
20230913,-5.2269
20230913,-6.3592
20230913,-1.5098
20230913,18.5727
20230913,17.1556
20230913,17.3867
20230913,16.3317
20230914,17.9889
20230914,16.4302
20230914,15.3727
20230914,14.3447
20230914,13.3162
20230914,12.242
20230914,10.9097
20230914,9.793
20230914,8.7348
20230914,7.6837
20230914,6.0243
20230915,4.9824
20230915,3.9187
20230915,2.7857
20230915,1.6015
20230915,3.7575
20230915,4.6663
20230915,3.4704
20230918,2.28
20230918,1.2134
20230918,0.1046
20230918,0.6407
20230918,-0.4343
20230918,-1.732
20230918,-0.9267
20230918,-1.7996
20230919,-3.1294
20230919,-4.2876
20230919,-0.4256
20230919,-1.5934
20230919,-0.658
20230919,-1.8985
20230919,-0.5506
20230919,-1.6246
20230920,-2.9758
20230920,-4.0475
20230920,-5.2061
20230920,-6.3401
20230920,-7.8663
20230920,-8.9289
20230920,-10.2255
20230920,-11.534
20230921,-12.5817
20230921,-13.6037
20230921,-14.6687
20230921,-13.8588
20230921,-14.9792
20230921,-16.2948
20230921,-17.5268
20230922,-18.6488
20230922,-19.7257
20230922,-20.7847
20230922,-17.7485
20230922,-15.5643
20230922,-17.2262
20230922,-18.3224
20230922,-19.3817
20230922,-20.5609
20230925,-21.6418
20230925,-22.9553
20230925,-24.072
20230925,-16.4947
20230925,-17.7702
20230925,-18.8569
20230925,-18.9752
20230925,-19.3601
20230925,-20.4583
20230925,-21.8214
20230925,-22.9154
20230925,-24.208
20230925,-22.3875
20230925,-23.5806
20230925,-24.9345
20230925,-26.1056
20230925,-22.5018
20230925,-23.964
20230925,-25.558
20230926,-26.6245
20230926,-27.7634
20230926,-28.9383
20230926,-26.802
20230926,-21.2109
20230926,-19.4056
20230926,-20.7193
20230927,-22.0086
20230927,-23.0659
20230927,-24.1964
20230927,-25.225
20230927,-26.2568
20230927,-27.3349
20230927,-28.516
20230927,-23.6684
20230928,-24.7457
20230928,-26.3308
20230928,-27.6071
20230928,-28.6437
20230928,-29.8527
20230928,-30.9942
20230928,-32.0905
20230928,-31.5176
20230928,-31.4005
20230928,-32.687
20230928,-33.8862
20230928,-34.9312
20230928,-36.0268
20230928,-37.1621
20230928,-38.2488
20230929,-35.2488
20230929,-36.4441
20230929,-37.6346
20230929,-34.5265
20230929,-31.9063
20230929,-33.1837
20230929,-34.3974
20230929,-31.996
20230929,-33.6119
20230929,-34.7411
20230929,-35.7856
20230929,-36.0771
20230929,-36.2777
20230929,-36.0438
20231002,-37.1296
20231002,-38.1685
20231002,-36.1402
20231002,-33.5358
20231002,-34.6132
20231002,-35.7353
20231002,-36.7638
20231002,-37.3204
20231003,-35.7384
20231003,-36.7667
20231003,-37.9607
20231003,-39.2045
20231003,-37.0023
20231003,-38.147
20231004,-39.3256
20231004,-40.39
20231004,-41.4719
20231004,-42.5089
20231004,-37.6949
20231004,-38.907
20231004,-40.2543
20231004,-41.706
20231004,-43.303
20231004,-44.7816
20231005,-45.9097
20231005,-46.9525
20231005,-48.1624
20231005,-49.2973
20231005,-50.429
20231005,-47.2835
20231005,-45.2246
20231005,-46.2676
20231005,-43.4211
20231005,-44.4958
20231005,-44.6048
20231005,-45.8332
20231005,-46.9194
20231005,-44.6257
20231006,-45.7483
20231006,-46.8763
20231006,-48.0193
20231006,-49.052
20231006,-50.2614
20231006,-51.4665
20231009,-52.5122
20231009,-50.0656
20231009,-51.1683
20231009,-52.237
20231009,-53.2889
20231009,-50.694
20231009,-50.2908
20231009,-51.4444
20231009,-52.4817
20231009,-52.1763
20231010,-53.2968
20231010,-49.732
20231010,-44.7628
20231010,-41.9041
20231010,-43.1265
20231010,-44.1878
20231010,-41.4988
20231010,-42.6559
20231010,-40.5151
20231010,-41.8222
20231010,-42.4105
20231011,-43.7753
20231011,-44.8644
20231011,-45.9723
20231011,-43.239
20231011,-41.7852
20231011,-42.974
20231011,-44.0787
20231011,-45.2189
20231011,-46.2654
20231011,-47.3655
20231011,-48.5676
20231011,-49.8217
20231011,-45.0286
20231011,-42.558
20231011,-41.9664
20231011,-39.5576
20231011,-40.9672
20231012,-42.0681
20231012,-43.1746
20231012,-44.2477
20231012,-42.2364
20231012,-40.7115
20231012,-41.8083
20231012,-39.4712
20231012,-40.6098
20231012,-41.8929
20231012,-42.9815
20231012,-44.0583
20231012,-40.6582
20231013,-41.7897
20231013,-42.9525
20231013,-44.0401
20231013,-45.1204
20231013,-46.2326
20231013,-47.2958
20231013,-48.3521
20231013,-49.5459
20231013,-50.7061
20231013,-49.7343
20231013,-50.8073
20231013,-49.8498
20231013,-51.1723
20231016,-52.201
20231016,-52.6026
20231016,-53.8252
20231016,-54.8596
20231016,-55.1744
20231016,-56.0242
20231016,-56.3315
20231016,-57.4367
20231016,-56.6568
20231016,-57.7474
20231016,-55.1926
20231017,-56.269
20231017,-57.3802
20231017,-56.557
20231017,-55.133
20231017,-56.225
20231017,-57.2721
20231017,-58.7837
20231017,-59.2255
20231017,-60.4125
20231017,-61.5503
20231018,-60.0421
20231018,-61.1729
20231018,-62.2363
20231018,-63.5429
20231018,-64.6183
20231018,-65.6655
20231018,-66.8681
20231018,-68.1048
20231018,-69.2685
20231018,-70.366
20231018,-71.5049
20231018,-72.5403
20231018,-73.582
20231018,-74.7959
20231018,-75.8512
20231018,-76.9039
20231018,-77.957
20231018,-79.0917
20231018,-80.1721
20231018,-81.2476
20231018,-82.3312
20231018,-83.4355
20231018,-84.5172
20231018,-85.5988
20231018,-86.701
20231018,-85.9311
20231018,-86.977
20231018,-88.1339
20231018,-89.214
20231018,-90.2507
20231018,-91.3085
20231018,-92.4244
20231019,-87.8405
20231019,-88.8833
20231019,-86.8873
20231019,-85.3662
20231019,-86.3964
20231019,-83.9846
20231019,-81.9221
20231019,-83.0451
20231019,-82.533
20231019,-83.6777
20231019,-84.7785
20231019,-75.6356
20231019,-68.9655
20231019,-70.1587
20231019,-58.0011
20231019,-54.8858
20231019,-54.3515
20231019,-55.711
20231019,-56.8401
20231019,-57.9299
20231019,-59.0552
20231019,-60.8334
20231020,-58.6529
20231020,-57.0711
20231020,-58.1213
20231020,-59.1843
20231020,-60.3212
20231020,-61.5546
20231020,-62.6184
20231020,-63.7111
20231020,-64.7498
20231020,-63.5692
20231023,-64.8565
20231023,-59.4676
20231023,-57.1151
20231023,-58.1851
20231023,-59.4646
20231023,-60.7339
20231023,-61.8027
20231023,-60.2303
20231023,-40.2147
20231023,-41.4748
20231024,-38.6837
20231024,-39.8165
20231024,-37.9842
20231024,-34.8447
20231024,-35.8866
20231024,-29.3108
20231024,-30.5024
20231024,-31.5798
20231024,-32.6283
20231024,-28.746
20231025,-29.8805
20231025,-30.9846
20231025,-32.0429
20231025,-33.2026
20231025,-34.2778
20231025,-35.6564
20231025,-36.7414
20231025,-35.8782
20231025,-35.6098
20231026,-34.0265
20231026,-30.8133
20231026,-31.9103
20231026,-33.0608
20231026,-31.4075
20231026,-28.1218
20231026,-26.5195
20231026,-27.6947
20231026,-28.3767
20231027,-29.5477
20231027,-30.6719
20231027,-31.7506
20231027,-32.8282
20231027,-28.2265
20231027,-29.7925
20231027,-30.9123
20231027,-32.0095
20231027,-29.085
20231030,-30.1926
20231030,-31.2373
20231030,-32.3346
20231030,-33.377
20231030,-34.4891
20231030,-35.6684
20231030,-35.2385
20231030,-34.4293
20231030,-35.4977
20231031,-36.5819
20231031,-32.9382
20231031,-34.1422
20231031,-35.393
20231031,-36.6575
20231031,-37.7575
20231031,-39.0028
20231031,-40.1279
20231031,-41.3685
20231031,-42.534
20231031,-43.6513
20231101,-44.784
20231101,-45.9313
20231101,-42.5865
20231101,-40.8035
20231101,-41.8756
20231101,-42.917
20231101,-43.9931
20231101,-45.0524
20231101,-46.2111
20231101,-43.2111
20231101,-44.6579
20231101,-42.7629
20231101,-43.9427
20231101,-45.1117
20231101,-46.1859
20231101,-47.2153
20231101,-45.155
20231101,-46.2865
20231101,-47.4123
20231101,-48.6321
20231101,-49.6998
20231102,-50.8079
20231102,-52.1088
20231102,-53.1431
20231102,-52.0461
20231102,-53.1202
20231102,-54.2749
20231103,-55.4379
20231106,-55.2797
20231106,-56.4275
20231106,-54.3322
20231106,-55.4234
20231106,-56.5476
20231107,-54.4328
20231107,-55.9527
20231107,-50.5564
20231107,-51.6409
20231107,-52.8514
20231107,-54.0007
20231107,-55.0913
20231107,-54.6534
20231107,-55.8513
20231107,-57.5214
20231107,-58.8748
20231107,-58.3456
20231108,-59.4028
20231108,-60.5374
20231108,-56.0808
20231108,-53.9253
20231108,-55.2093
20231108,-56.2997
20231108,-57.9908
20231108,-55.7118
20231108,-52.2292
20231108,-52.7225
20231109,-53.7909
20231109,-54.9602
20231109,-56.104
20231109,-49.007
20231109,-50.0682
20231109,-47.1477
20231109,-44.3295
20231109,-45.4814
20231109,-46.5686
20231109,-44.9987
20231109,-46.1657
20231109,-47.2216
20231109,-43.1383
20231109,-44.2199
20231109,-44.608
20231109,-45.702
20231109,-46.7562
20231109,-47.016
20231110,-48.0612
20231110,-49.1747
20231110,-50.2943
20231110,-51.633
20231110,-52.7254
20231110,-50.5291
20231110,-51.5787
20231110,-52.7276
20231110,-51.8133
20231110,-50.3299
20231113,-51.5666
20231113,-53.6598
20231113,-54.9438
20231113,-55.9974
20231113,-57.1933
20231113,-56.8801
20231113,-57.9092
20231113,-55.4802
20231114,-56.5807
20231114,-54.647
20231114,-51.3794
20231114,-52.8657
20231114,-53.9613
20231114,-54.0665
20231115,-55.3574
20231115,-56.6485
20231115,-57.7243
20231115,-58.8261
20231115,-56.7375
20231115,-56.2114
20231115,-56.2637
20231115,-57.4093
20231115,-58.5321
20231115,-57.8377
20231116,-55.9858
20231116,-57.1076
20231116,-56.8136
20231116,-57.8521
20231116,-58.932
20231116,-60.0126
20231116,-52.8791
20231116,-54.0833
20231116,-52.8703
20231116,-50.8388
20231116,-52.0029
20231116,-53.3001
20231117,-54.4557
20231117,-55.56
20231117,-56.0569
20231117,-57.1103
20231117,-58.187
20231117,-59.2366
20231117,-57.2363
20231117,-56.7986
20231117,-56.7602
20231117,-53.1644
20231117,-54.2431
20231117,-55.7959
20231117,-56.0907
20231120,-57.1196
20231120,-58.1566
20231120,-59.2004
20231120,-60.7405
20231120,-61.8431
20231120,-62.9763
20231120,-64.1263
20231120,-65.191
20231120,-65.0815
20231120,-66.2183
20231120,-67.4027
20231120,-68.5203
20231120,-69.6529
20231120,-70.7027
20231121,-71.8513
20231121,-73.2834
20231121,-74.5741
20231121,-75.7485
20231121,-76.8623
20231121,-77.0305
20231121,-75.5104
20231121,-76.7752
20231122,-73.2171
20231122,-74.387
20231122,-75.1322
20231122,-76.6843
20231124,-77.864
20231124,-74.7544
20231124,-76.0471
20231127,-77.2393
20231127,-78.366
20231127,-79.4548
20231127,-81.2275
20231127,-82.2869
20231127,-83.5253
20231127,-84.6183
20231127,-85.7029
20231127,-86.7881
20231127,-87.9833
20231127,-89.2853
20231127,-87.3058
20231127,-88.3847
20231127,-89.7736
20231127,-90.9882
20231127,-90.4932
20231127,-86.2873
20231127,-86.3429
20231127,-82.1969
20231127,-81.8806
20231127,-81.3492
20231127,-79.9862
20231127,-78.1282
20231128,-76.3812
20231128,-73.6669
20231128,-72.1291
20231128,-73.1958
20231128,-74.2859
20231128,-69.6192
20231128,-70.7481
20231128,-71.8897
20231128,-69.0456
20231128,-69.8306
20231128,-70.9621
20231128,-68.2549
20231128,-69.4136
20231128,-70.6974
20231128,-71.914
20231128,-71.0617
20231128,-67.5489
20231129,-64.3231
20231129,-61.6629
20231129,-62.7154
20231129,-63.7955
20231129,-64.9674
20231129,-66.0156
20231129,-63.4702
20231129,-59.7159
20231129,-58.4535
20231130,-59.5223
20231130,-57.6593
20231130,-54.8296
20231130,-55.9194
20231130,-57.2053
20231130,-54.6939
20231130,-53.0183
20231130,-52.721
20231130,-53.7685
20231201,-52.1906
20231201,-53.6201
20231201,-54.825
20231201,-53.0145
20231201,-54.1419
20231201,-52.7141
20231201,-53.8297
20231201,-49.4104
20231201,-50.5583
20231204,-51.8121
20231204,-52.8702
20231204,-53.9233
20231204,-55.0043
20231205,-56.0673
20231205,-57.1245
20231205,-58.2624
20231205,-59.3264
20231205,-60.4357
20231205,-61.5276
20231205,-62.6741
20231205,-63.9552
20231205,-63.9187
20231205,-65.1104
20231205,-66.2557
20231206,-64.2702
20231206,-62.7459
20231206,-63.7886
20231206,-64.8247
20231206,-65.9132
20231206,-67.2115
20231206,-68.3892
20231206,-69.5473
20231206,-68.1942
20231207,-69.3547
20231207,-70.471
20231207,-71.5341
20231207,-72.5849
20231207,-73.6857
20231207,-75.323
20231207,-76.4769
20231207,-77.5654
20231207,-77.2552
20231208,-78.3191
20231208,-79.3719
20231208,-77.4975
20231208,-75.3732
20231208,-76.4435
20231208,-77.5315
20231208,-78.6519
20231208,-79.8632
20231208,-81.174
20231208,-79.5779
20231208,-80.6268
20231208,-81.9534
20231208,-83.0222
20231211,-84.097
20231211,-82.5637
20231211,-83.6668
20231211,-80.5035
20231211,-81.5815
20231211,-83.0751
20231211,-84.1524
20231211,-84.1828
20231211,-85.4966
20231211,-85.6614
20231212,-86.1876
20231212,-85.2194
20231212,-86.3301
20231212,-85.2678
20231212,-86.3391
20231213,-87.4314
20231213,-88.673
20231213,-81.4064
20231213,-82.9915
20231213,-80.725
20231213,-81.8879
20231213,-83.0075
20231213,-84.0867
20231213,-82.4241
20231213,-83.466
20231213,-84.5691
20231213,-85.6254
20231214,-86.6796
20231214,-87.7506
20231214,-89.0989
20231214,-90.4514
20231214,-90.7001
20231214,-88.4101
20231214,-89.075
20231214,-88.4828
20231215,-89.0427
20231215,-90.254
20231215,-88.335
20231215,-84.6516
20231215,-85.7224
20231215,-86.76
20231215,-86.1296
20231215,-84.586
20231215,-85.8571
20231215,-86.9501
20231215,-88.0475
20231218,-89.1763
20231218,-88.9639
20231218,-87.3456
20231218,-84.4747
20231218,-85.8608
20231218,-87.2045
20231218,-88.5549
20231218,-88.6389
20231219,-89.6759
20231219,-91.0765
20231219,-92.2779
20231219,-90.4043
20231219,-91.497
20231219,-92.577
20231219,-91.022
20231219,-92.2432
20231219,-93.2689
20231219,-94.7079
20231219,-95.8949
20231219,-93.1554
20231220,-94.2745
20231220,-89.9915
20231220,-91.0549
20231220,-92.3618
20231220,-90.8943
20231220,-92.2982
20231220,-93.5327
20231220,-94.6871
20231220,-95.8581
20231220,-98.2578
20231220,-94.6187
20231221,-95.6841
20231221,-96.7847
20231221,-94.6739
20231221,-95.7649
20231221,-96.816
20231221,-97.9258
20231221,-99.0381
20231221,-100.1612
20231221,-98.0582
20231221,-94.2139
20231221,-95.2795
20231221,-86.4406
20231221,-87.6576
20231221,-87.1992
20231221,-88.2508
20231221,-86.9728
20231221,-82.4812
20231221,-83.6644
20231222,-78.5439
20231222,-76.9338
20231222,-78.1115
20231222,-79.2038
20231222,-76.4457
20231222,-73.4457
20231222,-74.5377
20231226,-75.7816
20231226,-76.9496
20231226,-78.1255
20231226,-79.45
20231226,-80.5608
20231226,-81.6896
20231226,-79.898
20231226,-77.156
20231226,-78.3682
20231227,-79.5511
20231227,-80.6092
20231227,-81.7586
20231227,-83.1124
20231227,-84.4101
20231227,-85.6813
20231227,-85.7856
20231228,-82.6903
20231228,-80.2433
20231228,-80.6228
20231228,-82.5157
20231228,-83.593
20231228,-84.8734
20231228,-86.0901
20231228,-87.3458
20231228,-85.5352
20231228,-84.4433
20231228,-85.7091
20231228,-87.0348
20231229,-83.4141
20231229,-79.5261
20231229,-80.6436
20231229,-81.9223
20240102,-83.0781
20240102,-84.116
20240102,-84.4283
20240103,-84.664
20240103,-85.7085
20240103,-83.6371
20240103,-78.9148
20240103,-79.9459
20240103,-81.4462
20240103,-82.6162
20240103,-81.1421
20240104,-82.3821
20240104,-83.5938
20240104,-84.6701
20240104,-81.4338
20240104,-82.779
20240104,-78.2462
20240104,-77.7409
20240104,-75.0704
20240104,-76.4096
20240104,-77.55
20240104,-78.6413
20240104,-79.0942
20240105,-76.5723
20240105,-73.3262
20240105,-71.6697
20240105,-72.8251
20240105,-70.6623
20240105,-72.0293
20240105,-73.1475
20240105,-71.3003
20240108,-68.1802
20240108,-69.2907
20240108,-65.1848
20240108,-66.2531
20240108,-67.4445
20240109,-68.5942
20240109,-69.6664
20240109,-71.4428
20240109,-72.9278
20240109,-73.1375
20240109,-73.4107
20240109,-74.5244
20240110,-73.7702
20240110,-74.855
20240110,-75.9307
20240110,-76.9848
20240110,-78.1832
20240110,-79.4342
20240110,-80.7609
20240110,-81.8637
20240110,-83.3631
20240110,-79.9213
20240110,-80.9817
20240110,-82.094
20240111,-83.1649
20240111,-80.5885
20240111,-78.6361
20240111,-79.8305
20240111,-80.8666
20240111,-78.5443
20240111,-76.4154
20240111,-74.8715
20240111,-75.9366
20240111,-74.0992
20240111,-71.7426
20240112,-72.8478
20240112,-69.9789
20240112,-69.8436
20240112,-70.9298
20240112,-72.0034
20240112,-70.4963
20240112,-66.9032
20240112,-67.9535
20240116,-69.0566
20240116,-70.1339
20240116,-69.0971
20240116,-70.2008
20240116,-71.2471
20240117,-69.7158
20240117,-67.0702
20240117,-64.2191
20240117,-65.2619
20240117,-64.5983
20240117,-63.8803
20240117,-64.9107
20240117,-66.409
20240117,-67.4562
20240117,-68.6001
20240118,-69.6996
20240118,-70.8106
20240118,-71.8511
20240118,-72.9379
20240118,-73.9918
20240118,-73.4544
20240118,-73.6158
20240118,-74.7467
20240118,-75.9539
20240118,-77.0975
20240118,-78.2843
20240119,-79.4995
20240119,-78.1052
20240119,-76.3
20240119,-77.5453
20240119,-65.8269
20240119,-67.0497
20240119,-68.2637
20240122,-64.6673
20240122,-63.0958
20240122,-59.9103
20240122,-57.9966
20240122,-59.2499
20240122,-60.2669
20240122,-61.4425
20240123,-62.4966
20240123,-63.7172
20240123,-64.8445
20240123,-66.0575
20240123,-67.1251
20240123,-65.5318
20240123,-60.276
20240123,-61.4994
20240124,-62.6574
20240124,-64.0907
20240124,-63.3712
20240125,-64.4504
20240125,-62.2497
20240125,-60.1939
20240125,-58.2092
20240125,-59.4443
20240125,-56.7085
20240125,-57.7645
20240125,-58.9409
20240125,-60.9532
20240125,-58.4403
20240125,-59.7917
20240125,-60.9089
20240125,-57.4257
20240126,-58.4613
20240126,-59.571
20240126,-60.7656
20240126,-61.8701
20240126,-53.485
20240126,-50.4837
20240126,-51.6883
20240126,-52.7259
20240126,-53.9183
20240126,-55.0021
20240126,-56.0485
20240129,-52.7819
20240129,-51.2939
20240129,-52.5454
20240129,-53.8672
20240129,-55.1915
20240129,-56.4355
20240129,-57.527
20240129,-58.7899
20240129,-60.0646
20240129,-61.4058
20240129,-62.6246
20240129,-63.8731
20240129,-65.1088
20240129,-66.2893
20240130,-63.2287
20240130,-61.4619
20240130,-62.5223
20240130,-63.5922
20240130,-64.6431
20240130,-64.766
20240131,-65.951
20240131,-67.056
20240131,-68.2745
20240131,-69.3091
20240131,-67.6249
20240131,-68.661
20240131,-69.7564
20240131,-70.9418
20240201,-72.0514
20240201,-73.1767
20240201,-74.2161
20240201,-75.3435
20240201,-76.4776
20240201,-77.6106
20240201,-78.687
20240201,-76.6435
20240201,-77.7587
20240201,-78.8431
20240201,-79.9639
20240201,-81.1722
20240202,-82.3246
20240202,-83.3862
20240202,-84.5021
20240202,-84.1386
20240202,-85.5612
20240202,-86.6274
20240202,-87.8568
20240202,-88.9765
20240202,-90.0543
20240202,-91.2869
20240202,-91.4468
20240202,-92.5521
20240202,-93.6969
20240205,-91.636
20240205,-92.8164
20240205,-93.9992
20240205,-95.1402
20240205,-96.2032
20240206,-97.3305
20240206,-98.4581
20240206,-98.2809
20240206,-99.4785
20240206,-97.1849
20240206,-95.3162
20240206,-94.6937
20240207,-95.9355
20240207,-96.9648
20240207,-95.4034
20240207,-96.4972
20240207,-97.6552
20240207,-97.8569
20240207,-98.9535
20240207,-100.1392
20240207,-99.4786
20240207,-95.3205
20240208,-96.4937
20240208,-97.6867
20240208,-98.7997
20240208,-98.4298
20240208,-99.5861
20240208,-100.8146
20240208,-98.7889
20240208,-99.825
20240209,-99.6188
20240209,-100.7094
20240209,-101.7981
20240209,-102.9641
20240209,-104.0444
20240212,-105.525
20240212,-104.5005
20240212,-102.9061
20240213,-99.5076
20240213,-100.5541
20240213,-101.7039
20240213,-102.7582
20240213,-103.8769
20240214,-105.1997
20240214,-103.4938
20240214,-104.5781
20240214,-105.7369
20240214,-106.8553
20240214,-108.0388
20240214,-106.0145
20240214,-107.061
20240214,-108.1929
20240214,-109.3519
20240214,-110.4662
20240214,-111.7271
20240214,-112.7771
20240214,-113.9098
20240214,-115.0162
20240214,-113.275
20240215,-114.3639
20240215,-115.4849
20240215,-113.5179
20240215,-111.4892
20240215,-113.1958
20240215,-116.068
20240215,-117.4634
20240215,-118.5961
20240215,-119.7922
20240216,-120.8195
20240216,-121.9732
20240216,-123.3703
20240216,-124.4658
20240216,-106.8597
20240216,-107.9229
20240216,-108.9727
20240216,-110.1969
20240216,-111.2174
20240216,-112.2437
20240216,-113.2797
20240216,-114.3494
20240216,-115.4869
20240216,-114.1507
20240220,-111.3751
20240220,-112.514
20240220,-114.0003
20240220,-116.1168
20240220,-112.9091
20240220,-114.0453
20240221,-115.2042
20240221,-111.222
20240221,-112.4911
20240221,-113.6165
20240221,-114.8083
20240221,-115.9042
20240221,-117.1294
20240221,-118.2855
20240221,-119.5117
20240221,-120.6973
20240221,-121.7742
20240221,-122.9713
20240221,-124.2134
20240221,-125.269
20240221,-126.3403
20240222,-126.1757
20240222,-127.3944
20240222,-128.4636
20240222,-129.5048
20240222,-129.785
20240222,-130.8453
20240222,-132.1128
20240222,-131.3002
20240223,-129.0939
20240223,-130.1252
20240223,-131.2514
20240223,-132.3108
20240223,-132.2437
20240223,-133.3841
20240223,-134.5487
20240223,-135.6375
20240223,-130.6647
20240223,-127.1548
20240223,-127.1325
20240223,-127.154
20240226,-128.2035
20240226,-129.3488
20240226,-130.9076
20240226,-132.0085
20240226,-130.2202
20240226,-131.2876
20240226,-130.2643
20240226,-130.436
20240226,-128.9699
20240226,-130.1905
20240226,-128.2737
20240227,-129.6432
20240227,-130.7877
20240227,-126.492
20240227,-126.5402
20240227,-127.699
20240227,-128.7569
20240227,-129.796
20240227,-131.0216
20240227,-132.1857
20240227,-131.8578
20240227,-132.8822
20240227,-128.5679
20240228,-129.7254
20240228,-130.8895
20240228,-128.3368
20240228,-130.3963
20240228,-130.2876
20240228,-131.4037
20240228,-132.6492
20240228,-133.9586
20240228,-135.1316
20240228,-136.1958
20240228,-135.9433
20240229,-127.61
20240229,-128.7589
20240229,-127.2589
20240229,-123.5612
20240229,-124.6369
20240229,-125.6553
20240229,-126.6977
20240229,-127.8136
20240229,-129.0254
20240229,-130.1554
20240229,-131.3011
20240301,-128.8877
20240301,-125.2562
20240301,-126.3709
20240301,-127.5254
20240301,-128.7143
20240301,-129.8791
20240301,-131.007
20240301,-132.0633
20240301,-133.1305
20240304,-134.2579
20240304,-135.2925
20240304,-131.9489
20240304,-132.9935
20240304,-134.0796
20240304,-135.1501
20240304,-135.1423
20240304,-136.2055
20240305,-137.3771
20240305,-138.5127
20240305,-139.7717
20240305,-140.9829
20240305,-142.0656
20240305,-143.3222
20240305,-144.4669
20240305,-145.4972
20240305,-146.8165
20240305,-148.0663
20240305,-149.0995
20240306,-146.9578
20240306,-148.0553
20240306,-149.1078
20240306,-150.2645
20240306,-151.6212
20240306,-149.112
20240306,-150.265
20240306,-151.4808
20240306,-149.787
20240306,-150.889
20240306,-152.1492
20240306,-151.5564
20240306,-152.8689
20240306,-154.0634
20240307,-155.4588
20240307,-156.1606
20240307,-157.192
20240307,-158.2105
20240307,-159.308
20240307,-160.3561
20240307,-159.0525
20240307,-160.1803
20240307,-161.5223
20240307,-162.5512
20240307,-163.9349
20240307,-165.086
20240307,-164.2491
20240308,-162.6337
20240308,-160.8587
20240308,-161.8797
20240308,-162.9382
20240308,-160.0964
20240308,-158.8623
20240308,-160.0515
20240311,-161.0773
20240311,-162.144
20240311,-163.3107
20240311,-164.3562
20240311,-165.4722
20240311,-161.1903
20240312,-159.0703
20240312,-160.2664
20240312,-161.5805
20240312,-161.9745
20240312,-163.0337
20240312,-164.0818
20240312,-165.1258
20240312,-166.3
20240312,-167.3235
20240312,-168.4127
20240312,-168.572
20240312,-169.666
20240312,-168.0619
20240312,-167.9364
20240312,-168.9814
20240312,-170.042
20240313,-171.1381
20240313,-172.2099
20240313,-173.3707
20240313,-170.8953
20240313,-172.0457
20240313,-169.9919
20240313,-171.1189
20240314,-172.165
20240314,-173.2596
20240314,-171.4727
20240314,-172.5334
20240314,-173.6585
20240314,-174.7604
20240314,-175.7936
20240314,-177.0524
20240315,-178.1022
20240315,-179.1507
20240315,-180.352
20240315,-181.6887
20240315,-183.5068
20240315,-181.9704
20240315,-183.0338
20240315,-180.0818
20240315,-181.403
20240315,-182.5579
20240318,-183.5947
20240318,-184.6469
20240318,-185.7807
20240318,-186.8708
20240318,-187.9983
20240318,-184.5001
20240318,-182.3924
20240318,-183.472
20240318,-180.0684
20240318,-178.5412
20240318,-178.6364
20240318,-180.4415
20240318,-181.7038
20240318,-182.7737
20240318,-182.2542
20240319,-183.325
20240319,-184.5529
20240319,-182.1583
20240319,-180.1644
20240319,-181.3813
20240320,-182.4519
20240320,-183.7688
20240320,-181.1974
20240320,-182.3667
20240320,-183.7732
20240320,-184.9014
20240320,-185.951
20240320,-187.1561
20240320,-188.408
20240320,-189.6125
20240320,-190.6766
20240320,-191.7749
20240320,-187.162
20240320,-188.1868
20240320,-189.2532
20240320,-190.2964
20240321,-191.59
20240321,-192.8347
20240321,-193.8573
20240321,-195.3666
20240321,-190.3175
20240321,-187.0726
20240321,-184.9743
20240321,-186.0947
20240321,-182.2686
20240321,-183.3441
20240322,-184.5041
20240322,-185.9011
20240322,-187.2406
20240322,-185.4664
20240322,-186.5527
20240322,-187.6177
20240322,-188.7727
20240322,-190.4123
20240322,-191.6483
20240322,-191.5771
20240325,-192.7576
20240325,-187.7576
20240325,-186.1352
20240325,-184.4159
20240325,-185.6011
20240325,-186.6829
20240325,-188.2057
20240326,-189.2568
20240326,-190.426
20240326,-191.7261
20240326,-193.3763
20240326,-194.4502
20240326,-195.671
20240326,-196.943
20240326,-198.1676
20240326,-199.3493
20240326,-200.4516
20240326,-201.5423
20240326,-202.7313
20240327,-204.0879
20240327,-205.162
20240327,-206.2224
20240327,-207.3438
20240327,-208.415
20240327,-206.0951
20240327,-207.2897
20240327,-208.4145
20240327,-210.1298
20240327,-211.2909
20240327,-212.6058
20240327,-213.7897
20240328,-211.3644
20240328,-210.4853
20240328,-211.6745
20240328,-212.8343
20240328,-214.2927
20240328,-215.312
20240328,-216.6344
20240328,-218.1692
20240328,-219.3011
20240328,-220.7461
20240328,-221.8351
20240328,-222.9203
20240328,-224.1768
20240401,-225.2174
20240401,-221.0968
20240401,-222.1683
20240401,-223.2667
20240401,-224.386
20240401,-225.5788
20240401,-226.2974
20240401,-227.4703
20240401,-226.4903
20240401,-227.6914
20240402,-228.7408
20240402,-230.0875
20240402,-231.3717
20240402,-228.1924
20240403,-229.3048
20240403,-228.6894
20240403,-229.8154
20240403,-230.8861
20240403,-232.0508
20240403,-230.172
20240403,-231.299
20240403,-232.4467
20240403,-226.7801
20240403,-223.0075
20240403,-224.104
20240404,-225.1784
20240404,-227.0002
20240404,-228.0886
20240404,-229.1142
20240404,-225.9746
20240404,-222.8309
20240404,-223.9058
20240404,-221.4865
20240405,-222.582
20240405,-223.6252
20240405,-224.682
20240405,-225.7282
20240405,-224.6213
20240405,-225.75
20240405,-226.909
20240405,-224.7517
20240405,-224.591
20240405,-224.9494
20240405,-224.0243
20240408,-220.823
20240408,-222.0454
20240408,-219.5154
20240408,-220.7066
20240408,-220.0347
20240408,-212.2992
20240408,-210.8893
20240408,-211.9732
20240408,-213.0179
20240408,-212.4425
20240408,-213.5813
20240409,-214.6994
20240409,-215.8512
20240409,-214.6809
20240409,-215.7817
20240409,-213.0463
20240409,-214.0796
20240409,-215.2401
20240409,-216.2966
20240409,-217.5422
20240409,-208.7264
20240409,-209.7987
20240410,-210.8687
20240410,-209.2602
20240410,-210.3155
20240410,-211.3784
20240410,-212.4105
20240410,-213.5029
20240410,-214.5987
20240410,-211.4776
20240410,-208.1578
20240410,-209.7844
20240410,-210.8451
20240410,-211.9137
20240410,-213.0951
20240410,-214.175
20240411,-215.3
20240411,-216.4292
20240411,-214.2401
20240411,-206.8116
20240411,-205.2876
20240411,-201.6357
20240411,-202.7083
20240411,-203.7802
20240411,-205.101
20240412,-200.5653
20240412,-201.6249
20240412,-202.7185
20240412,-203.7572
20240412,-204.9064
20240412,-206.0245
20240412,-207.1622
20240412,-207.7482
20240412,-205.8376
20240412,-207.1317
20240415,-205.2263
20240415,-206.2668
20240415,-207.3584
20240415,-205.5591
20240415,-206.6077
20240415,-207.8389
20240415,-204.158
20240415,-205.4312
20240415,-206.5468
20240415,-207.6056
20240416,-202.7488
20240416,-201.1522
20240416,-196.3962
20240416,-197.5549
20240416,-198.6417
20240416,-199.6997
20240416,-200.8738
20240416,-199.4293
20240416,-197.6654
20240416,-198.8031
20240416,-198.6402
20240416,-196.9204
20240416,-194.5204
20240417,-195.7719
20240417,-196.966
20240417,-198.0199
20240417,-199.0972
20240417,-200.2045
20240417,-201.2994
20240417,-197.7693
20240417,-197.7793
20240417,-198.9459
20240417,-200.0233
20240417,-199.7171
20240417,-200.9073
20240417,-201.992
20240417,-203.0318
20240417,-204.1017
20240417,-205.1714
20240417,-206.3355
20240418,-201.7271
20240418,-199.0285
20240418,-200.4794
20240418,-197.6461
20240418,-192.3901
20240418,-189.9477
20240418,-188.4712
20240418,-189.5876
20240418,-190.6317
20240418,-191.7143
20240418,-192.8106
20240418,-191.0235
20240418,-192.1609
20240418,-193.5606
20240418,-191.7738
20240419,-188.7707
20240419,-189.8598
20240419,-190.9164
20240419,-191.9533
20240419,-193.124
20240419,-194.1459
20240419,-195.358
20240422,-196.4237
20240422,-197.7601
20240422,-198.8729
20240422,-200.3898
20240422,-199.4253
20240422,-200.5419
20240423,-201.8738
20240423,-202.9173
20240423,-203.9909
20240423,-202.0711
20240423,-203.1954
20240423,-204.2947
20240423,-205.4202
20240423,-206.6079
20240423,-207.6959
20240423,-208.8068
20240423,-209.9907
20240423,-211.3195
20240424,-212.5024
20240424,-208.2911
20240424,-207.2588
20240424,-206.8965
20240424,-207.9622
20240425,-208.9707
20240425,-210.0253
20240425,-211.0697
20240425,-208.6801
20240425,-206.8817
20240425,-205.3165
20240425,-206.839
20240425,-204.6697
20240425,-205.8343
20240425,-206.8795
20240425,-208.0182
20240425,-209.0817
20240425,-210.1588
20240426,-211.2254
20240426,-212.24
20240426,-210.3005
20240426,-196.6046
20240426,-197.811
20240426,-197.0356
20240426,-196.7146
20240429,-197.7621
20240429,-199.0464
20240429,-198.0604
20240429,-196.1414
20240429,-197.3483
20240429,-198.529
20240429,-199.5599
20240429,-200.8667
20240429,-201.9084
20240429,-203.0245
20240430,-204.2199
20240430,-205.3515
20240430,-206.4157
20240430,-207.5363
20240430,-206.7003
20240430,-207.8313
20240501,-208.8753
20240501,-206.7371
20240501,-203.7148
20240501,-195.3167
20240501,-196.4967
20240501,-197.6445
20240501,-198.9337
20240501,-200.1809
20240501,-201.3145
20240502,-199.3158
20240502,-200.4048
20240502,-201.469
20240502,-202.6086
20240502,-203.8013
20240502,-204.8747
20240502,-205.974
20240502,-207.0855
20240503,-208.1158
20240503,-205.2448
20240503,-206.5502
20240503,-207.6756
20240506,-208.7529
20240506,-209.8309
20240506,-207.1807
20240506,-208.3746
20240506,-209.5388
20240506,-211.3523
20240506,-212.562
20240506,-212.3441
20240507,-213.4884
20240507,-214.8012
20240507,-212.9956
20240507,-211.1156
20240507,-212.1866
20240507,-206.52
20240507,-207.712
20240507,-210.2982
20240507,-210.1919
20240507,-207.7702
20240507,-208.8612
20240507,-206.2254
20240507,-207.3275
20240507,-206.8569
20240508,-207.8878
20240508,-208.9731
20240508,-210.2264
20240508,-211.3868
20240508,-212.4304
20240508,-213.1336
20240508,-210.9336
20240508,-210.8981
20240509,-212.117
20240509,-213.2306
20240509,-214.3313
20240509,-215.3802
20240509,-216.4248
20240509,-217.5276
20240509,-216.3814
20240509,-214.9651
20240509,-216.1585
20240510,-214.3346
20240510,-211.5756
20240510,-212.6433
20240510,-213.739
20240510,-214.845
20240510,-215.9637
20240510,-213.5825
20240510,-215.0983
20240510,-216.2159
20240510,-217.6491
20240510,-218.7617
20240513,-220.1046
20240513,-217.9268
20240513,-215.2644
20240513,-216.3898
20240513,-215.2975
20240513,-216.5015
20240513,-217.7189
20240514,-213.9654
20240514,-212.014
20240514,-209.7121
20240514,-210.8281
20240514,-212.301
20240514,-208.9343
20240514,-210.1129
20240514,-209.2031
20240515,-210.314
20240515,-211.3799
20240515,-212.7349
20240515,-211.9482
20240515,-212.1322
20240515,-213.2801
20240516,-214.4941
20240516,-212.3066
20240516,-209.1604
20240516,-210.2229
20240516,-211.617
20240516,-209.4781
20240516,-210.5837
20240516,-212.0836
20240517,-213.2024
20240517,-214.5486
20240517,-215.7483
20240517,-216.8659
20240517,-210.6131
20240517,-211.7113
20240517,-212.8223
20240517,-214.0872
20240517,-211.4599
20240517,-212.5363
20240517,-213.6974
20240517,-214.9113
20240520,-216.1027
20240520,-217.318
20240520,-219.3034
20240520,-217.057
20240520,-218.183
20240520,-219.302
20240520,-218.9162
20240520,-220.0225
20240521,-218.03
20240521,-219.1675
20240521,-214.3008
20240521,-215.4361
20240521,-216.6181
20240521,-217.8875
20240521,-218.9874
20240521,-220.1622
20240521,-208.0955
20240521,-209.4061
20240522,-209.7111
20240522,-210.7533
20240522,-211.9357
20240522,-208.3466
20240522,-209.5244
20240522,-210.765
20240522,-211.8905
20240522,-213.0755
20240522,-214.1654
20240522,-215.2338
20240522,-216.3106
20240522,-217.3216
20240522,-215.7026
20240523,-216.7838
20240523,-217.9581
20240523,-219.0015
20240523,-216.2799
20240523,-217.361
20240524,-218.6532
20240524,-219.9311
20240524,-214.5517
20240524,-212.3982
20240524,-213.6154
20240524,-215.748
20240524,-210.4189
20240524,-211.5512
20240524,-212.6767
20240524,-213.6978
20240528,-211.2482
20240528,-212.4346
20240528,-213.5701
20240528,-214.7075
20240528,-216.2403
20240528,-217.2858
20240528,-218.4202
20240528,-219.5268
20240528,-218.1617
20240528,-219.5258
20240528,-220.5358
20240529,-217.7225
20240529,-218.8344
20240529,-215.136
20240529,-213.2133
20240529,-214.4406
20240529,-215.8744
20240529,-217.0217
20240529,-218.3204
20240530,-219.4094
20240530,-220.5733
20240530,-221.6804
20240530,-222.8433
20240530,-220.8108
20240530,-218.0672
20240530,-219.1621
20240530,-217.5491
20240530,-207.1602
20240531,-208.296
20240531,-209.8607
20240531,-208.3564
20240531,-201.4503
20240603,-202.5441
20240603,-200.373
20240603,-201.5461
20240603,-198.9518
20240603,-200.022
20240603,-201.1937
20240603,-200.8956
20240604,-198.7549
20240604,-200.0334
20240604,-195.9164
20240604,-194.4759
20240604,-195.5201
20240604,-196.9189
20240604,-196.6388
20240604,-197.7573
20240605,-198.8057
20240605,-199.9083
20240605,-200.9419
20240605,-202.2069
20240605,-203.2513
20240606,-201.3039
20240606,-199.9631
20240606,-201.2526
20240606,-202.3618
20240606,-200.8129
20240606,-201.9359
20240606,-203.4105
20240606,-205.1842
20240606,-206.2971
20240606,-207.5727
20240606,-206.2576
20240607,-207.3305
20240607,-208.4196
20240607,-209.5051
20240607,-210.5748
20240607,-209.2674
20240607,-206.5884
20240607,-207.6379
20240607,-208.7736
20240607,-209.8929
20240607,-212.829
20240607,-210.4118
20240607,-208.8765
20240610,-210.283
20240610,-211.3744
20240610,-209.2214
20240610,-207.4298
20240610,-208.514
20240610,-205.9656
20240610,-204.9596
20240610,-206.0505
20240610,-201.5411
20240610,-196.6077
20240610,-194.0506
20240610,-195.3401
20240610,-196.3814
20240610,-197.6032
20240611,-198.9705
20240611,-196.9571
20240611,-198.0493
20240611,-199.1175
20240611,-198.0468
20240611,-196.291
20240611,-197.3145
20240611,-198.5958
20240611,-199.7763
20240612,-192.9302
20240612,-194.0135
20240612,-192.3706
20240612,-193.4412
20240612,-194.6988
20240612,-195.7462
20240612,-196.9779
20240612,-197.1167
20240612,-198.1925
20240613,-199.2332
20240613,-200.2867
20240613,-201.4102
20240613,-202.5416
20240613,-203.718
20240613,-205.061
20240613,-206.5049
20240613,-203.0342
20240613,-204.1956
20240613,-205.2219
20240613,-203.1704
20240613,-204.2651
20240613,-205.3647
20240613,-206.4752
20240613,-200.9014
20240613,-202.042
20240614,-203.0626
20240614,-204.2622
20240614,-200.6138
20240614,-201.6601
20240614,-202.8124
20240614,-203.8884
20240614,-199.7012
20240614,-200.7461
20240617,-195.5997
20240617,-196.6493
20240617,-197.7421
20240617,-198.8439
20240617,-199.9883
20240617,-201.0436
20240617,-202.4693
20240617,-203.5971
20240617,-204.9458
20240617,-206.0258
20240618,-203.7422
20240618,-204.8638
20240618,-205.9248
20240618,-207.0345
20240618,-208.299
20240618,-209.3597
20240618,-210.6387
20240618,-210.5309
20240618,-210.5287
20240618,-209.1427
20240618,-206.6615
20240618,-207.6773
20240620,-208.7202
20240620,-205.6955
20240620,-204.0015
20240620,-205.2686
20240620,-206.4761
20240620,-207.5474
20240620,-208.7967
20240621,-209.8992
20240621,-210.9333
20240621,-207.1931
20240621,-208.3335
20240621,-209.3607
20240621,-209.5338
20240621,-210.7396
20240624,-212.0503
20240624,-206.217
20240624,-207.5487
20240624,-208.6287
20240624,-209.7689
20240624,-210.7952
20240625,-207.7873
20240625,-208.9613
20240625,-210.2001
20240625,-208.2585
20240625,-209.2954
20240625,-210.3268
20240625,-211.5361
20240625,-210.0548
20240625,-211.0843
20240625,-210.3554
20240625,-211.4487
20240625,-206.6662
20240625,-207.8215
20240626,-208.9363
20240626,-207.2
20240626,-208.6969
20240626,-209.7468
20240626,-210.7832
20240626,-211.8927
20240626,-213.0201
20240626,-214.3093
20240626,-215.4302
20240626,-215.3113
20240626,-216.5742
20240627,-214.4789
20240627,-215.5823
20240627,-216.7614
20240627,-217.8708
20240627,-219.0277
20240627,-216.9877
20240627,-218.4492
20240627,-219.6285
20240627,-220.6585
20240627,-221.7759
20240627,-222.8454
20240627,-222.4495
20240628,-220.6225
20240628,-221.6604
20240628,-222.7556
20240628,-221.0742
20240628,-222.2203
20240628,-223.274
20240628,-224.6164
20240628,-225.7139
20240628,-222.7139
20240628,-223.7495
20240628,-224.7995
20240628,-225.8404
20240628,-225.6502
20240628,-227.0592
20240628,-225.1361
20240628,-222.3697
20240701,-223.4463
20240701,-224.569
20240701,-225.6347
20240701,-224.6609
20240701,-225.79
20240701,-226.8102
20240701,-220.5745
20240701,-221.6417
20240701,-222.7954
20240701,-223.9455
20240701,-224.2948
20240701,-225.3449
20240701,-226.3922
20240701,-225.4396
20240702,-226.5882
20240702,-227.6595
20240702,-228.9229
20240702,-230.077
20240702,-228.1218
20240702,-229.1681
20240702,-225.2668
20240702,-226.3155
20240702,-227.4086
20240702,-228.8034
20240702,-230.0705
20240702,-229.4445
20240702,-230.263
20240702,-229.3196
20240703,-226.6583
20240703,-226.5137
20240705,-227.6445
20240705,-228.8283
20240705,-228.6214
20240705,-229.719
20240705,-230.8946
20240705,-228.3678
20240705,-228.862
20240705,-230.4628
20240705,-231.5618
20240705,-231.0489
20240705,-227.4939
20240708,-228.67
20240708,-229.8795
20240708,-230.9203
20240708,-232.1005
20240708,-233.3875
20240708,-234.5525
20240708,-235.7668
20240708,-236.9275
20240708,-238.2136
20240708,-239.4057
20240708,-240.4659
20240708,-241.5773
20240708,-240.2848
20240708,-240.6909
20240709,-241.8234
20240709,-243.0075
20240709,-244.069
20240709,-245.133
20240709,-246.2324
20240709,-247.3435
20240709,-248.3961
20240709,-241.0528
20240709,-242.2464
20240709,-241.6114
20240709,-242.8481
20240709,-243.9854
20240710,-245.0897
20240710,-246.1862
20240710,-247.4491
20240710,-248.6578
20240710,-249.7119
20240710,-251.2897
20240710,-252.4058
20240710,-253.6158
20240710,-255.0234
20240710,-256.0956
20240711,-257.1746
20240711,-256.9637
20240711,-258.0272
20240711,-259.3081
20240711,-260.4222
20240711,-261.523
20240711,-262.5822
20240712,-263.6423
20240712,-262.4833
20240712,-263.5608
20240712,-265.0349
20240712,-266.2482
20240712,-261.1314
20240712,-262.1683
20240712,-251.128
20240712,-250.0491
20240715,-251.0938
20240715,-236.4278
20240715,-237.5936
20240715,-234.7326
20240715,-233.4673
20240715,-231.0708
20240715,-232.4592
20240715,-233.5674
20240715,-234.6671
20240715,-235.7447
20240715,-235.4199
20240715,-236.5059
20240715,-237.6467
20240715,-239.1392
20240716,-240.2527
20240716,-241.3088
20240716,-242.3822
20240716,-243.4199
20240716,-244.454
20240716,-246.2097
20240716,-246.7353
20240716,-247.7518
20240716,-248.9044
20240717,-249.9325
20240717,-250.996
20240717,-250.043
20240717,-251.2127
20240717,-252.2583
20240718,-253.4444
20240718,-251.8912
20240718,-249.0216
20240718,-250.0888
20240718,-251.1282
20240718,-248.2459
20240718,-249.3098
20240719,-250.3379
20240719,-251.4071
20240719,-252.6355
20240719,-253.6665
20240719,-249.9551
20240719,-250.992
20240719,-252.0552
20240719,-253.1772
20240719,-254.106
20240719,-255.5937
20240719,-256.7255
20240719,-257.7666
20240719,-258.8035
20240722,-259.8818
20240722,-261.0049
20240722,-257.8854
20240722,-258.9715
20240722,-257.4031
20240722,-258.4799
20240722,-258.5116
20240722,-259.5849
20240722,-260.9206
20240722,-262.165
20240722,-263.4619
20240722,-264.5209
20240722,-265.7936
20240722,-266.8743
20240722,-268.0279
20240723,-266.334
20240723,-267.3963
20240723,-267.3861
20240723,-268.51
20240723,-269.6174
20240723,-265.4234
20240723,-266.5033
20240723,-267.6081
20240723,-268.6987
20240723,-269.7268
20240723,-268.4834
20240723,-269.542
20240723,-267.6976
20240723,-268.8024
20240723,-262.5717
20240723,-263.6206
20240723,-264.6614
20240724,-265.8042
20240724,-267.1225
20240724,-263.7279
20240724,-264.8012
20240725,-262.007
20240725,-263.0781
20240725,-264.2909
20240725,-259.1175
20240725,-256.9605
20240725,-258.0338
20240726,-259.1327
20240726,-255.1952
20240726,-256.3505
20240726,-257.4962
20240726,-258.6094
20240726,-259.697
20240726,-260.8423
20240726,-258.771
20240726,-254.5862
20240726,-252.9498
20240726,-251.2873
20240726,-249.6457
20240726,-247.9039
20240729,-245.731
20240729,-246.9502
20240729,-244.7373
20240729,-245.8277
20240730,-246.9648
20240730,-248.0835
20240730,-249.1292
20240730,-250.2609
20240730,-251.4165
20240730,-249.9273
20240730,-250.0121
20240730,-251.0896
20240731,-252.1614
20240731,-253.5502
20240731,-254.65
20240731,-255.8914
20240731,-256.9345
20240731,-258.0012
20240731,-259.2755
20240731,-260.347
20240731,-261.3766
20240731,-262.4337
20240731,-263.5468
20240731,-264.6117
20240731,-262.7391
20240731,-258.8995
20240731,-260.0174
20240731,-261.2133
20240731,-262.2869
20240731,-263.3472
20240801,-264.4638
20240801,-265.5634
20240802,-261.8141
20240802,-263.0108
20240802,-264.0245
20240802,-263.6991
20240802,-264.8186
20240802,-265.8508
20240802,-264.183
20240805,-261.3003
20240805,-262.4445
20240805,-263.5002
20240805,-262.2753
20240805,-261.7653
20240805,-262.2755
20240806,-263.2954
20240806,-264.3179
20240806,-265.3422
20240806,-266.3635
20240806,-267.9683
20240807,-268.989
20240807,-270.0366
20240807,-271.1195
20240807,-272.2057
20240807,-273.3531
20240807,-274.3997
20240808,-275.4526
20240808,-276.5498
20240808,-277.6227
20240808,-278.632
20240808,-279.6765
20240808,-271.2261
20240808,-266.6346
20240809,-267.7007
20240809,-268.8359
20240809,-270.1978
20240809,-271.3278
20240809,-272.3877
20240809,-273.4795
20240809,-274.6219
20240809,-275.7995
20240809,-277.1409
20240809,-276.4052
20240809,-274.7462
20240809,-272.7895
20240809,-271.701
20240809,-272.8553
20240812,-273.9795
20240812,-273.1371
20240812,-271.4502
20240812,-268.6041
20240812,-266.7032
20240812,-264.3378
20240812,-265.4068
20240812,-264.6027
20240813,-265.642
20240813,-266.675
20240813,-265.0543
20240813,-266.1271
20240813,-267.3443
20240813,-268.4341
20240814,-264.64
20240814,-265.7846
20240814,-266.8464
20240814,-267.8803
20240814,-268.9327
20240814,-270.3953
20240814,-271.6638
20240814,-271.2612
20240814,-272.491
20240814,-273.1695
20240814,-273.7988
20240815,-274.8659
20240815,-276.0296
20240815,-277.1231
20240815,-278.4388
20240815,-279.6003
20240815,-277.2581
20240815,-278.532
20240816,-278.613
20240816,-279.6937
20240816,-280.7143
20240816,-281.7866
20240816,-283.2518
20240816,-284.3315
20240816,-284.3586
20240816,-285.8244
20240816,-285.3488
20240816,-287.0439
20240816,-286.1456
20240816,-287.2142
20240819,-288.2401
20240819,-289.4624
20240819,-286.5041
20240819,-284.87
20240819,-286.0372
20240819,-283.7953
20240819,-284.8692
20240819,-285.9002
20240819,-286.9809
20240819,-288.0487
20240819,-285.9237
20240819,-282.7063
20240819,-283.8401
20240819,-284.9104
20240819,-285.0668
20240819,-282.1256
20240819,-283.2206
20240820,-284.3044
20240820,-285.4487
20240820,-286.5116
20240820,-287.9739
20240820,-285.4566
20240820,-283.2562
20240820,-284.4094
20240820,-282.6513
20240820,-280.4602
20240820,-281.6139
20240820,-282.7965
20240821,-283.9032
20240821,-284.9883
20240821,-286.0108
20240821,-287.0544
20240821,-288.1218
20240821,-289.2394
20240821,-287.733
20240821,-288.7625
20240821,-289.9648
20240821,-291.0877
20240821,-292.1259
20240821,-293.3024
20240821,-294.555
20240821,-295.6663
20240821,-296.9682
20240821,-298.1322
20240821,-299.3743
20240822,-297.5743
20240822,-298.7102
20240822,-299.9194
20240822,-301.1104
20240822,-290.0439
20240822,-291.1711
20240822,-292.1978
20240822,-293.2454
20240822,-294.2765
20240822,-295.3301
20240822,-296.5719
20240822,-297.7239
20240822,-298.911
20240822,-300.0787
20240822,-301.1407
20240822,-302.2453
20240822,-303.3735
20240822,-304.5796
20240822,-304.9942
20240822,-304.8213
20240822,-304.7453
20240823,-305.9317
20240823,-307.0286
20240823,-307.2207
20240823,-304.9367
20240823,-306.1929
20240823,-300.4151
20240823,-301.4707
20240823,-302.5789
20240823,-303.6477
20240823,-300.8449
20240823,-302.4795
20240826,-303.631
20240826,-304.7043
20240826,-301.2757
20240826,-302.4316
20240826,-303.5085
20240826,-304.5971
20240826,-302.5649
20240826,-300.6649
20240826,-302.0916
20240826,-303.1867
20240827,-301.4335
20240827,-302.5692
20240827,-303.701
20240827,-304.737
20240827,-305.8712
20240827,-307.0392
20240828,-303.826
20240828,-304.3723
20240828,-304.5463
20240828,-304.1067
20240829,-304.2033
20240829,-305.2963
20240829,-303.8782
20240829,-305.5795
20240829,-305.5297
20240829,-305.0306
20240830,-300.7067
20240830,-301.8712
20240830,-302.9448
20240830,-304.1052
20240830,-305.3811
20240830,-306.4714
20240830,-307.579
20240830,-308.7556
20240830,-309.8251
20240830,-310.9133
20240830,-309.1077
20240830,-307.6501
20240830,-308.7898
20240830,-304.9387
20240830,-300.5338
20240830,-301.7154
20240903,-302.7729
20240903,-303.918
20240903,-301.4029
20240903,-302.7917
20240903,-303.8176
20240903,-304.9276
20240903,-305.9832
20240904,-307.0129
20240904,-308.1126
20240904,-309.2731
20240904,-310.4115
20240904,-311.5941
20240904,-312.909
20240904,-314.0786
20240904,-313.208
20240904,-312.73
20240904,-313.8737
20240904,-315.027
20240905,-316.0754
20240905,-317.1539
20240905,-318.3883
20240905,-316.773
20240905,-317.8094
20240905,-319.013
20240905,-320.1239
20240905,-321.2013
20240905,-319.7205
20240905,-320.7817
20240905,-321.8454
20240905,-321.5064
20240905,-328.3178
20240906,-325.832
20240906,-326.8742
20240906,-327.9135
20240906,-328.9555
20240906,-330.0208
20240906,-331.6632
20240906,-332.9383
20240906,-334.0101
20240906,-332.3756
20240909,-333.6437
20240909,-334.706
20240909,-330.5341
20240909,-327.5564
20240909,-327.8742
20240909,-327.8863
20240909,-328.9842
20240910,-327.4305
20240910,-328.4894
20240910,-329.5174
20240910,-327.5951
20240910,-328.6387
20240910,-329.7402
20240910,-327.1767
20240910,-324.8402
20240910,-323.9696
20240910,-325.097
20240910,-326.2964
20240910,-327.5037
20240911,-324.6154
20240911,-323.1044
20240911,-319.8152
20240911,-320.8399
20240911,-321.8798
20240911,-318.5916
20240911,-317.0447
20240911,-318.0961
20240911,-316.0714
20240911,-317.3694
20240911,-318.4459
20240911,-319.6305
20240911,-320.6877
20240912,-321.8134
20240912,-322.8714
20240912,-323.9239
20240912,-321.9953
20240912,-323.0788
20240912,-324.1393
20240912,-325.3177
20240912,-322.9843
20240912,-322.8112
20240912,-322.5862
20240912,-323.6207
20240912,-321.892
20240912,-320.8708
20240912,-320.7314
20240912,-321.137
20240912,-322.2586
20240912,-323.5336
20240912,-324.6402
20240913,-325.7513
20240913,-326.8212
20240913,-327.9668
20240913,-329.0314
20240913,-330.1356
20240913,-331.3055
20240913,-327.8055
20240913,-329.0355
20240913,-330.3758
20240913,-328.3693
20240916,-329.4784
20240916,-330.5491
20240916,-331.683
20240916,-333.1135
20240916,-334.1548
20240916,-335.4836
20240916,-336.5824
20240916,-337.7907
20240916,-337.0818
20240916,-336.8078
20240917,-337.8603
20240917,-338.9961
20240917,-340.0341
20240917,-338.3914
20240917,-336.629
20240917,-337.6954
20240917,-331.9936
20240917,-329.8958
20240917,-325.9426
20240917,-327.1398
20240917,-328.3694
20240917,-329.4525
20240917,-330.6121
20240917,-332.0606
20240917,-331.9065
20240917,-333.0604
20240917,-334.1691
20240917,-332.9507
20240918,-331.186
20240918,-325.6054
20240918,-326.6727
20240918,-327.8619
20240918,-314.9381
20240918,-316.1416
20240918,-317.4451
20240918,-315.7784
20240918,-316.8626
20240918,-318.0321
20240918,-319.2718
20240918,-320.688
20240918,-321.7154
20240918,-322.8927
20240918,-323.9701
20240918,-325.272
20240918,-326.5598
20240918,-327.7872
20240918,-323.22
20240918,-324.2746
20240918,-320.3234
20240918,-316.2497
20240918,-313.7557
20240918,-312.5114
20240918,-308.2696
20240919,-309.3747
20240919,-310.4928
20240919,-311.5605
20240919,-312.6301
20240919,-307.7609
20240919,-308.8729
20240919,-306.2484
20240919,-304.9885
20240919,-306.1551
20240919,-305.3374
20240919,-302.5758
20240920,-303.7243
20240920,-299.7768
20240920,-300.8908
20240920,-302.1575
20240920,-303.5583
20240920,-301.3583
20240920,-298.6606
20240920,-292.7631
20240923,-294.176
20240923,-295.3644
20240923,-296.4126
20240923,-297.5961
20240923,-297.1157
20240923,-298.1596
20240923,-299.3671
20240923,-299.9934
20240924,-301.0904
20240924,-299.7713
20240924,-301.1586
20240924,-302.3272
20240924,-302.4543
20240924,-303.519
20240925,-304.6719
20240925,-305.8076
20240925,-304.0657
20240925,-305.0946
20240925,-306.18
20240925,-307.2263
20240925,-307.8368
20240925,-308.9079
20240926,-310.0649
20240926,-307.5365
20240926,-308.6132
20240926,-309.8159
20240926,-310.9737
20240926,-310.3732
20240926,-311.6999
20240927,-312.7677
20240927,-313.8453
20240927,-314.9943
20240927,-316.0795
20240927,-317.1489
20240927,-318.2981
20240927,-318.1375
20240930,-319.1988
20240930,-310.8004
20240930,-312.2021
20240930,-313.2382
20240930,-314.2843
20240930,-315.4253
20240930,-316.465
20240930,-314.2586
20240930,-315.3859
20240930,-316.5842
20240930,-317.7353
20240930,-318.8515
20240930,-319.9044
20240930,-320.9511
20240930,-322.0199
20240930,-323.0812
20241001,-324.2817
20241001,-325.4334
20241001,-326.5327
20241001,-325.5222
20241001,-326.6238
20241002,-325.5712
20241002,-326.6707
20241002,-327.7764
20241002,-325.8673
20241002,-327.0012
20241002,-324.4164
20241002,-325.4846
20241002,-325.48
20241002,-321.7866
20241002,-321.2413
20241002,-321.5691
20241002,-322.7885
20241002,-324.1087
20241002,-324.6555
20241002,-325.77
20241002,-327.2585
20241003,-326.7436
20241003,-327.7957
20241003,-328.8362
20241003,-328.1306
20241003,-325.8103
20241003,-324.6314
20241003,-320.4975
20241003,-321.5643
20241003,-322.6133
20241003,-323.667
20241003,-318.6985
20241003,-318.7163
20241003,-319.825
20241003,-318.6777
20241003,-315.1977
20241003,-313.8322
20241003,-313.0339
20241004,-311.1537
20241004,-312.903
20241004,-313.9797
20241004,-315.2015
20241004,-316.2488
20241004,-317.4565
20241004,-318.6186
20241004,-319.7925
20241004,-321.009
20241004,-322.0854
20241004,-323.1655
20241004,-328.0688
20241004,-329.2878
20241004,-330.3374
20241004,-331.793
20241004,-332.9177
20241004,-333.992
20241004,-333.5516
20241004,-334.6094
20241004,-335.6346
20241004,-336.7552
20241007,-335.2571
20241007,-333.2484
20241007,-334.4057
20241007,-335.4903
20241007,-336.5455
20241007,-337.6314
20241007,-338.8094
20241008,-339.8528
20241008,-340.9231
20241008,-337.5765
20241008,-338.6461
20241008,-337.0027
20241008,-338.0734
20241008,-339.3139
20241008,-340.4773
20241008,-341.6824
20241008,-342.8485
20241008,-342.2586
20241009,-343.3375
20241009,-344.6399
20241009,-342.6428
20241009,-343.6854
20241009,-344.872
20241009,-345.9665
20241009,-346.1952
20241009,-347.5655
20241010,-348.6374
20241010,-349.803
20241010,-351.0322
20241010,-345.9372
20241010,-346.9597
20241010,-347.5012
20241010,-346.5656
20241010,-347.6943
20241010,-348.7502
20241010,-349.8186
20241010,-350.8886
20241010,-351.5061
20241010,-352.5979
20241010,-353.8602
20241011,-354.9307
20241011,-356.0211
20241011,-357.097
20241011,-358.2168
20241014,-359.7209
20241014,-352.1244
20241014,-353.237
20241014,-353.0177
20241014,-354.2965
20241014,-353.5491
20241014,-354.8419
20241014,-356.0553
20241014,-356.3249
20241015,-356.6178
20241015,-357.8366
20241015,-358.995
20241015,-360.2372
20241015,-361.2842
20241015,-359.5451
20241015,-358.3884
20241015,-359.5463
20241015,-360.9176
20241015,-361.9556
20241015,-362.9721
20241016,-364.0456
20241016,-365.2779
20241016,-366.3106
20241016,-366.2192
20241016,-367.4282
20241016,-368.6505
20241016,-365.0853
20241016,-366.7091
20241016,-367.8501
20241016,-368.9702
20241016,-370.345
20241016,-371.6301
20241016,-372.749
20241016,-373.8471
20241016,-373.2411
20241017,-374.2973
20241017,-375.4316
20241017,-376.4519
20241017,-377.5204
20241017,-378.6122
20241017,-377.0817
20241017,-378.9137
20241017,-379.9863
20241017,-381.1189
20241017,-382.366
20241017,-380.9739
20241017,-382.6515
20241017,-383.7217
20241017,-380.2611
20241018,-381.3899
20241018,-381.2103
20241018,-381.4888
20241018,-381.7427
20241018,-382.8508
20241018,-384.046
20241018,-385.2941
20241018,-386.5117
20241018,-387.6748
20241018,-388.7319
20241018,-389.9009
20241018,-391.1647
20241018,-390.684
20241021,-391.7916
20241021,-392.905
20241021,-393.9985
20241021,-395.1158
20241021,-396.3175
20241021,-396.8953
20241021,-394.4899
20241021,-392.814
20241021,-393.977
20241021,-395.266
20241021,-396.381
20241022,-397.4359
20241022,-398.5696
20241022,-399.6744
20241022,-401.1919
20241022,-402.2576
20241022,-403.3613
20241022,-402.7666
20241022,-401.6735
20241022,-402.854
20241023,-404.1549
20241023,-401.9168
20241023,-403.1158
20241023,-401.6396
20241023,-402.8127
20241023,-399.8754
20241023,-400.9569
20241023,-399.9456
20241024,-401.0575
20241024,-402.107
20241024,-403.206
20241024,-400.4112
20241024,-401.4671
20241024,-399.5534
20241024,-400.632
20241024,-401.7904
20241025,-397.4917
20241025,-397.5269
20241025,-398.6073
20241028,-399.6662
20241028,-400.7876
20241028,-401.8552
20241028,-402.9043
20241028,-404.1402
20241028,-405.168
20241028,-406.2469
20241029,-407.3783
20241029,-408.5098
20241029,-409.7133
20241029,-411.0429
20241029,-412.2045
20241029,-411.7153
20241029,-412.9304
20241029,-414.0324
20241029,-415.1946
20241029,-415.1058
20241030,-411.5725
20241030,-409.1242
20241030,-410.2288
20241030,-409.1363
20241030,-401.6314
20241030,-399.8345
20241030,-396.3958
20241030,-397.5103
20241030,-398.5847
20241030,-399.8851
20241030,-401.5489
20241030,-402.8092
20241030,-402.9343
20241031,-404.0101
20241031,-404.0731
20241031,-405.216
20241031,-406.3077
20241101,-406.4182
20241101,-405.0491
20241101,-403.0866
20241101,-401.5694
20241101,-395.9823
20241101,-393.9946
20241101,-393.6505
20241101,-394.7733
20241101,-396.1028
20241101,-392.2278
20241101,-393.3209
20241101,-391.6924
20241104,-392.7443
20241104,-393.7786
20241104,-393.8065
20241104,-394.8732
20241104,-392.6662
20241104,-391.4491
20241104,-389.4086
20241105,-390.5829
20241105,-391.6473
20241105,-391.5891
20241105,-392.6892
20241105,-388.9727
20241105,-390.0011
20241105,-387.612
20241105,-387.7818
20241105,-388.8481
20241106,-389.8869
20241106,-390.9587
20241106,-388.6434
20241106,-380.58
20241106,-381.8283
20241106,-383.1347
20241106,-384.2268
20241106,-385.2833
20241107,-386.3846
20241107,-387.4843
20241107,-387.9759
20241107,-389.1786
20241107,-386.0368
20241108,-387.1144
20241108,-385.2743
20241108,-386.336
20241108,-387.4154
20241108,-386.8903
20241108,-388.233
20241111,-389.3842
20241111,-383.9557
20241111,-385.1263
20241111,-386.193
20241111,-383.0972
20241111,-384.248
20241112,-380.9487
20241112,-382.1378
20241112,-380.7938
20241113,-381.8644
20241113,-382.8949
20241113,-384.0217
20241113,-385.1147
20241113,-386.162
20241113,-387.2597
20241113,-386.4595
20241113,-384.5778
20241113,-385.8775
20241113,-386.9398
20241113,-379.3916
20241114,-380.5127
20241114,-377.4287
20241114,-378.5136
20241114,-376.6565
20241114,-377.7848
20241114,-378.7952
20241114,-380.2255
20241114,-381.321
20241114,-381.1468
20241114,-382.2276
20241114,-383.6045
20241114,-384.7902
20241114,-386.2387
20241114,-387.2959
20241114,-378.6292
20241114,-379.7167
20241114,-380.9384
20241114,-382.002
20241115,-383.0421
20241115,-384.1037
20241118,-385.411
20241118,-386.5709
20241118,-387.7074
20241118,-388.7794
20241118,-388.6457
20241118,-389.6851
20241118,-389.7252
20241118,-390.7658
20241118,-390.8968
20241118,-391.9736
20241118,-392.8072
20241119,-393.8518
20241119,-395.0601
20241119,-396.2028
20241119,-397.3446
20241119,-398.5804
20241119,-399.6839
20241119,-400.7354
20241119,-401.8167
20241119,-402.8836
20241119,-398.1518
20241119,-399.2146
20241119,-400.3631
20241119,-399.0022
20241120,-400.0787
20241120,-396.026
20241120,-397.1699
20241120,-398.2107
20241120,-399.2967
20241120,-394.8967
20241120,-393.8948
20241120,-394.9289
20241120,-395.9364
20241120,-392.2217
20241120,-393.4634
20241120,-394.8371
20241121,-396.002
20241121,-397.0884
20241121,-398.1559
20241121,-397.1522
20241121,-393.3912
20241121,-394.5014
20241122,-395.5415
20241122,-396.6061
20241122,-391.2728
20241122,-392.3542
20241122,-393.4624
20241122,-393.4889
20241122,-394.5637
20241122,-395.874
20241122,-396.9645
20241122,-398.1008
20241122,-399.13
20241122,-400.3352
20241122,-401.4874
20241122,-401.9855
20241125,-399.7767
20241125,-400.8535
20241125,-401.92
20241125,-402.9657
20241125,-401.9539
20241125,-402.987
20241125,-404.0746
20241125,-406.6387
20241125,-407.7403
20241125,-408.7557
20241125,-410.0299
20241125,-411.5775
20241125,-412.206
20241125,-413.6981
20241126,-411.3687
20241126,-412.4137
20241126,-413.6144
20241126,-410.452
20241126,-411.9003
20241126,-400.9834
20241126,-402.1347
20241126,-403.3492
20241126,-404.6023
20241126,-404.7371
20241126,-405.8442
20241127,-406.9516
20241127,-401.4183
20241127,-399.0405
20241127,-398.624
20241127,-399.7037
20241129,-400.8121
20241129,-399.6307
20241129,-398.1013
20241129,-398.1893
20241202,-399.2094
20241202,-400.2467
20241202,-401.3321
20241202,-399.0168
20241202,-396.1883
20241202,-391.2472
20241203,-392.3068
20241203,-393.3928
20241203,-394.4045
20241203,-395.1992
20241203,-396.2944
20241203,-397.5054
20241203,-398.6553
20241203,-399.8059
20241203,-401.3985
20241203,-402.5242
20241203,-403.8866
20241203,-405.1709
20241203,-406.2871
20241204,-404.5752
20241204,-405.667
20241204,-406.8518
20241204,-408.114
20241204,-405.5689
20241204,-406.6983
20241204,-407.8046
20241204,-408.8554
20241204,-410.0151
20241204,-409.1266
20241204,-410.4124
20241204,-411.9357
20241205,-413.0449
20241205,-414.1082
20241205,-415.4186
20241205,-412.3241
20241205,-413.6984
20241206,-414.8683
20241206,-413.5511
20241206,-411.463
20241206,-412.543
20241206,-413.6402
20241206,-415.014
20241206,-416.2369
20241206,-417.2961
20241206,-415.5037
20241206,-417.1718
20241209,-414.7805
20241209,-412.1335
20241209,-413.3521
20241209,-414.5087
20241209,-415.8011
20241209,-416.8856
20241209,-418.0059
20241209,-415.7893
20241210,-409.874
20241210,-410.9231
20241210,-408.8631
20241210,-409.9328
20241210,-411.0132
20241210,-412.0991
20241210,-413.2563
20241210,-414.3107
20241210,-415.4391
20241210,-416.6569
20241210,-412.0149
20241211,-412.9097
20241211,-414.2048
20241211,-415.2193
20241211,-414.2718
20241211,-415.7929
20241211,-414.1775
20241211,-401.1279
20241211,-400.2774
20241212,-401.3326
20241212,-402.4291
20241212,-403.4821
20241212,-401.8654
20241212,-400.0309
20241212,-398.4405
20241212,-399.6058
20241212,-399.4026
20241212,-399.6977
20241212,-400.8116
20241212,-399.6318
20241212,-400.8114
20241212,-402.6666
20241212,-404.0808
20241212,-403.853
20241213,-404.9268
20241213,-405.9399
20241213,-406.9741
20241213,-407.99
20241213,-405.0012
20241213,-406.2646
20241213,-407.2995
20241213,-408.4885
20241213,-409.6392
20241213,-408.5687
20241213,-409.7842
20241213,-410.8487
20241216,-411.913
20241216,-412.9536
20241216,-411.6137
20241216,-412.7156
20241216,-410.7023
20241216,-412.2808
20241216,-413.365
20241216,-414.6099
20241216,-415.8108
20241216,-417.3041
20241217,-412.8411
20241217,-413.9631
20241217,-415.0283
20241217,-416.2583
20241217,-417.4088
20241217,-418.9904
20241217,-415.3003
20241217,-413.1003
20241217,-414.2317
20241217,-415.504
20241217,-416.5535
20241217,-417.6851
20241217,-414.3467
20241217,-415.1707
20241217,-416.3716
20241218,-417.4605
20241218,-418.4917
20241218,-414.1629
20241218,-409.9969
20241218,-411.0613
20241218,-404.7886
20241218,-405.9082
20241218,-407.0673
20241218,-402.8064
20241218,-403.891
20241219,-404.92
20241219,-405.9861
20241219,-407.0316
20241219,-408.0587
20241219,-409.0916
20241219,-410.1063
20241219,-411.2462
20241219,-412.3171
20241219,-413.3716
20241219,-414.4295
20241220,-415.6092
20241220,-414.0197
20241220,-415.1043
20241220,-416.2107
20241223,-414.5383
20241223,-411.3655
20241223,-412.6147
20241223,-410.9268
20241223,-409.4415
20241223,-408.4461
20241223,-406.4191
20241223,-407.5216
20241223,-408.7122
20241223,-409.7541
20241224,-410.8432
20241224,-412.0449
20241224,-413.2618
20241224,-414.3128
20241226,-415.4741
20241226,-414.4823
20241226,-415.5236
20241226,-411.7367
20241226,-412.838
20241226,-413.0789
20241226,-413.1842
20241226,-412.9882
20241226,-414.1348
20241226,-415.3106
20241226,-415.0768
20241226,-415.3434
20241226,-416.0101
20241226,-417.2764
20241226,-418.3439
20241226,-419.6275
20241227,-417.5349
20241227,-416.5893
20241227,-417.7423
20241227,-418.8595
20241227,-420.0882
20241227,-417.9995
20241227,-414.7138
20241227,-415.7845
20241227,-416.8699
20241230,-413.5204
20241230,-410.1998
20241230,-411.2637
20241230,-408.9486
20241230,-409.0455
20241230,-405.2212
20241230,-403.5197
20241230,-401.7659
20241230,-402.8841
20241230,-403.9719
20241230,-403.7229
20241230,-404.814
20241231,-405.9512
20241231,-407.1429
20241231,-408.2722
20241231,-406.3067
20241231,-407.4912
20241231,-408.6128
20241231,-409.6736
20241231,-410.7685
20241231,-411.8331
20241231,-412.9223
20241231,-412.9826
20241231,-414.0192
20241231,-415.0075
20241231,-416.0742
20241231,-415.7713
20241231,-416.7983
20241231,-414.7846
20241231,-416.0486
20250102,-413.855
20250102,-410.9955
20250102,-412.0742
20250102,-409.7781
20250102,-410.8548
20250102,-409.2154
20250102,-407.9423
20250102,-404.7676
20250102,-403.2729
20250102,-404.3702
20250103,-405.5128
20250103,-403.6139
20250103,-404.7245
20250103,-405.8851
20250103,-407.0334
20250103,-408.2937
20250103,-409.5861
20250103,-410.6392
20250103,-411.9222
20250106,-413.0272
20250106,-414.0702
20250106,-411.9995
20250106,-413.1673
20250106,-413.115
20250106,-415.3925
20250106,-415.1821
20250106,-415.3314
20250106,-416.3583
20250107,-417.6032
20250107,-418.7406
20250107,-416.7207
20250107,-415.9405
20250107,-417.0549
20250107,-418.1571
20250107,-419.3419
20250107,-420.3752
20250107,-421.6384
20250107,-422.9776
20250108,-424.3411
20250108,-425.3745
20250108,-426.4762
20250108,-422.1881
20250108,-420.2953
20250108,-421.3727
20250108,-419.8422
20250108,-421.0132
20250108,-421.434
20250108,-421.0671
20250108,-422.1056
20250108,-422.6084
20250110,-423.6263
20250110,-423.5214
20250110,-424.6053
20250110,-423.5909
20250110,-424.6928
20250110,-425.8868
20250110,-426.9048
20250110,-427.9402
20250110,-429.0169
20250110,-428.5538
20250113,-425.4669
20250113,-426.5548
20250113,-426.9156
20250113,-426.0936
20250113,-424.4629
20250113,-425.5005
20250113,-421.563
20250113,-422.6055
20250113,-421.1
20250114,-422.1238
20250114,-423.2193
20250114,-421.7716
20250114,-422.9157
20250114,-424.0272
20250115,-425.081
20250115,-426.1599
20250115,-427.232
20250115,-428.6448
20250115,-429.8189
20250115,-430.9677
20250116,-432.0376
20250116,-433.1645
20250116,-434.3356
20250116,-432.7862
20250116,-431.4752
20250116,-429.3697
20250116,-429.7595
20250116,-430.8713
20250116,-428.6524
20250116,-429.855
20250117,-430.893
20250117,-431.9647
20250117,-422.9986
20250117,-424.2554
20250117,-425.4687
20250117,-426.5228
20250117,-427.6531
20250121,-428.7962
20250121,-428.0038
20250121,-424.306
20250121,-425.5218
20250121,-418.641
20250121,-416.9814
20250122,-418.4439
20250122,-417.597
20250122,-418.6269
20250122,-419.6603
20250122,-420.7755
20250122,-418.1805
20250122,-416.6747
20250123,-417.9219
20250123,-419.2392
20250123,-420.2961
20250123,-419.3755
20250123,-420.4227
20250123,-416.3701
20250123,-417.5473
20250123,-418.5853
20250123,-419.7037
20250123,-421.2056
20250123,-422.3699
20250124,-420.1862
20250124,-421.3376
20250124,-422.4244
20250124,-423.4708
20250124,-424.9569
20250124,-426.019
20250124,-427.1127
20250124,-428.3035
20250124,-425.7721
20250124,-424.0955
20250127,-425.3974
20250127,-426.6284
20250127,-428.1273
20250127,-429.2066
20250127,-430.3381
20250127,-428.744
20250127,-429.7703
20250127,-430.9701
20250127,-432.0516
20250127,-433.3454
20250128,-430.8454
20250128,-430.0862
20250128,-431.7627
20250128,-432.8121
20250128,-433.8639
20250128,-434.9252
20250128,-436.0241
20250128,-432.7383
20250128,-433.9213
20250128,-435.0262
20250128,-433.9656
20250128,-435.054
20250128,-436.4783
20250129,-433.7436
20250129,-434.8281
20250129,-435.9323
20250129,-434.2541
20250129,-435.5194
20250129,-436.9114
20250129,-438.1837
20250129,-439.4456
20250129,-440.4938
20250129,-441.7448
20250129,-441.7567
20250129,-440.6611
20250129,-438.3827
20250129,-443.8574
20250129,-440.578
20250129,-442.559
20250129,-440.4774
20250129,-441.7912
20250129,-442.8297
20250129,-444.1519
20250129,-443.3805
20250129,-441.708
20250130,-442.788
20250130,-443.8979
20250130,-444.9823
20250130,-446.0016
20250130,-446.0609
20250130,-447.1834
20250130,-448.3949
20250131,-449.4597
20250131,-450.6561
20250204,-451.7032
20250204,-452.7533
20250204,-453.809
20250204,-453.8763
20250204,-454.9689
20250204,-456.0248
20250204,-457.0659
20250204,-458.1291
20250204,-459.244
20250204,-460.286
20250204,-457.5251
20250204,-451.0608
20250204,-451.4286
20250205,-452.7509
20250205,-453.8321
20250205,-455.1441
20250205,-456.4007
20250205,-457.6166
20250205,-458.9952
20250205,-460.076
20250205,-461.1897
20250205,-462.2093
20250205,-463.2302
20250205,-465.6816
20250205,-464.4093
20250206,-465.4617
20250206,-466.5061
20250206,-467.6317
20250206,-468.6969
20250206,-470.0135
20250206,-471.6421
20250206,-461.531
20250206,-459.2068
20250206,-460.2323
20250206,-461.2912
20250207,-462.6119
20250207,-463.6551
20250207,-464.736
20250207,-466.0641
20250207,-467.2192
20250207,-468.3215
20250207,-465.9149
20250210,-464.2719
20250210,-465.5278
20250210,-464.2489
20250210,-465.3521
20250211,-462.5121
20250211,-463.6988
20250211,-464.9161
20250211,-466.2831
20250211,-467.3232
20250211,-464.825
20250211,-464.7337
20250211,-465.9842
20250211,-467.1166
20250211,-465.754
20250212,-462.1211
20250212,-463.1962
20250212,-464.2901
20250212,-464.4366
20250212,-465.4846
20250212,-466.5946
20250212,-467.6618
20250212,-468.7699
20250212,-469.8312
20250213,-470.958
20250213,-472.0879
20250213,-473.1778
20250213,-474.4434
20250213,-471.2312
20250213,-469.3981
20250213,-470.4935
20250213,-471.5932
20250213,-472.7478
20250213,-473.8204
20250214,-475.0639
20250214,-472.5578
20250214,-473.8423
20250214,-475.0088
20250214,-475.3837
20250218,-476.5572
20250218,-477.5928
20250218,-475.9365
20250218,-476.9548
20250218,-478.1471
20250218,-479.3527
20250218,-480.4657
20250218,-481.6081
20250218,-482.6492
20250218,-483.676
20250218,-482.9741
20250219,-480.6404
20250219,-481.8326
20250219,-482.9201
20250219,-483.9549
20250219,-485.0138
20250219,-481.6829
20250219,-482.7873
20250219,-480.9962
20250219,-481.1675
20250219,-478.4425
20250219,-478.6426
20250219,-480.1366
20250219,-481.2025
20250220,-482.3797
20250220,-480.0625
20250220,-480.0622
20250220,-481.1119
20250220,-482.1641
20250220,-481.7088
20250220,-482.8178
20250221,-478.7411
20250221,-479.8908
20250221,-481.0772
20250221,-482.1746
20250221,-483.2275
20250224,-484.2833
20250224,-485.3618
20250224,-486.389
20250224,-487.1748
20250224,-485.0476
20250224,-486.0832
20250224,-484.5676
20250224,-485.614
20250224,-486.6492
20250224,-487.7758
20250224,-486.0589
20250225,-484.3633
20250225,-484.9418
20250225,-485.5978
20250225,-485.6547
20250225,-485.4674
20250225,-486.48
20250225,-487.5337
20250225,-488.5864
20250225,-489.6346
20250225,-490.6577
20250225,-491.7002
20250225,-490.6521
20250225,-488.2403
20250226,-486.5083
20250226,-487.6979
20250226,-489.1622
20250226,-490.3008
20250226,-488.1595
20250226,-489.2229
20250226,-485.0951
20250226,-486.1982
20250226,-485.6119
20250226,-486.6974
20250226,-487.7719
20250227,-488.9599
20250227,-484.8791
20250227,-483.3547
20250227,-484.3802
20250227,-485.3959
20250227,-486.447
20250227,-484.7174
20250228,-485.8958
20250228,-484.3899
20250228,-482.8299
20250228,-483.8739
20250228,-481.2243
20250228,-480.8689
20250228,-479.2668
20250228,-480.3178
20250228,-481.5395
20250228,-477.4725
20250228,-474.1357
20250228,-471.1906
20250228,-469.0777
20250228,-465.6188
20250228,-463.1318
20250228,-459.8277
20250228,-461.0207
20250228,-462.4215
20250228,-463.5538
20250303,-455.8681
20250303,-451.3166
20250303,-449.5278
20250303,-446.2436
20250303,-447.2842
20250303,-448.4787
20250304,-447.4082
20250304,-445.775
20250304,-446.9115
20250304,-447.9889
20250304,-440.5751
20250304,-441.6619
20250305,-439.7611
20250305,-440.8273
20250305,-441.8866
20250305,-442.9013
20250305,-443.9848
20250305,-441.8157
20250305,-439.283
20250305,-435.4347
20250305,-433.2456
20250305,-434.3503
20250305,-435.3927
20250305,-433.5247
20250305,-434.6366
20250305,-435.7213
20250305,-436.89
20250305,-438.0658
20250305,-431.3784
20250305,-432.5844
20250305,-433.8835
20250306,-432.1143
20250306,-430.2343
20250306,-429.6856
20250306,-427.8155
20250306,-428.9743
20250306,-428.7556
20250306,-429.9212
20250306,-427.3502
20250306,-428.3657
20250306,-429.4415
20250306,-430.4825
20250306,-426.9699
20250306,-427.9992
20250306,-427.9343
20250306,-427.4563
20250306,-426.4501
20250307,-427.4794
20250307,-428.5159
20250307,-429.5652
20250307,-430.584
20250307,-431.7629
20250307,-432.916
20250307,-430.5118
20250307,-431.531
20250307,-432.5629
20250307,-433.6136
20250307,-431.9429
20250307,-431.8083
20250307,-432.8834
20250310,-433.9448
20250310,-435.0084
20250310,-436.1182
20250310,-437.2816
20250310,-438.3758
20250310,-439.4234
20250311,-440.471
20250311,-441.523
20250311,-442.5392
20250311,-443.7215
20250311,-442.652
20250311,-443.3397
20250312,-444.3721
20250312,-445.4485
20250312,-446.4999
20250312,-445.7139
20250312,-443.9011
20250312,-444.9595
20250312,-446.0286
20250312,-443.0261
20250312,-444.0568
20250312,-445.0887
20250312,-446.1581
20250312,-447.1996
20250312,-444.2724
20250312,-445.3328
20250313,-438.4084
20250313,-439.4886
20250313,-437.86
20250313,-438.986
20250313,-431.222
20250313,-422.391
20250313,-423.4337
20250313,-424.4867
20250313,-425.6171
20250313,-426.7798
20250313,-425.53
20250313,-426.6543
20250314,-427.7921
20250314,-428.8452
20250314,-429.9026
20250314,-430.9781
20250314,-432.0232
20250314,-433.0801
20250314,-429.6363
20250314,-430.6951
20250314,-431.77
20250314,-432.6854
20250314,-433.7244
20250314,-434.1624
20250314,-435.2459
20250317,-436.3045
20250318,-436.1115
20250318,-436.0942
20250318,-434.4837
20250318,-435.5063
20250318,-433.5396
20250318,-434.5886
20250318,-435.6263
20250318,-436.6769
20250318,-436.986
20250319,-438.1534
20250319,-439.2139
20250319,-440.2488
20250319,-441.365
20250319,-442.5986
20250319,-443.6288
20250319,-444.6492
20250320,-445.6977
20250320,-441.4272
20250320,-440.7566
20250320,-441.9107
20250320,-441.3675
20250320,-440.6237
20250320,-441.8189
20250320,-442.9086
20250320,-444.2088
20250321,-445.2394
20250321,-446.2703
20250321,-447.3911
20250321,-448.4466
20250321,-444.1284
20250321,-441.5207
20250321,-442.5686
20250321,-443.6327
20250321,-444.7345
20250321,-445.7959
20250321,-446.8954
20250321,-446.0588
20250321,-446.6792
20250324,-447.8053
20250324,-448.9507
20250324,-449.9772
20250324,-451.0043
20250324,-452.0858
20250324,-445.127
20250324,-446.3234
20250324,-447.5198
20250325,-440.401
20250325,-441.4439
20250325,-442.481
20250325,-443.5237
20250325,-444.6091
20250325,-445.6808
20250325,-446.8826
20250325,-448.152
20250326,-449.3928
20250326,-450.7833
20250326,-451.8987
20250326,-453.0048
20250326,-454.0239
20250327,-455.2203
20250327,-452.5814
20250327,-453.6668
20250327,-454.7013
20250327,-456.1088
20250327,-457.2964
20250327,-458.3134
20250327,-457.9785
20250327,-459.3883
20250327,-457.8429
20250327,-459.1874
20250328,-460.3891
20250328,-461.4231
20250328,-462.6288
20250328,-461.5061
20250328,-457.8775
20250331,-455.4563
20250331,-456.5694
20250331,-457.6149
20250331,-458.669
20250331,-459.6916
20250331,-460.7412
20250331,-461.8237
20250331,-462.8781
20250331,-464.0433
20250401,-465.1298
20250401,-465.0161
20250401,-466.1122
20250401,-463.5368
20250401,-452.4534
20250401,-453.5371
20250401,-448.1602
20250402,-449.2071
20250402,-450.2568
20250402,-451.3561
20250402,-452.6545
20250402,-453.4298
20250402,-454.4944
20250402,-455.3046
20250402,-456.4069
20250402,-457.4557
20250402,-458.3634
20250402,-459.4013
20250403,-460.5218
20250403,-461.5941
20250403,-462.7974
20250403,-463.8603
20250403,-462.6405
20250403,-463.6949
20250404,-464.7315
20250404,-465.7487
20250404,-466.8063
20250404,-467.3344
20250404,-468.3543
20250404,-469.4
20250404,-470.4144
20250407,-471.4204
20250407,-472.4302
20250407,-473.4472
20250407,-472.0806
20250408,-468.895
20250408,-465.614
20250409,-466.6252
20250409,-467.6356
20250409,-468.6912
20250410,-469.7243
20250410,-470.7388
20250410,-471.758
20250410,-468.6321
20250411,-469.6814
20250411,-465.3057
20250411,-466.3332
20250411,-467.4206
20250411,-468.5198
20250411,-469.6111
20250411,-470.7102
20250414,-467.8055
20250414,-468.9726
20250414,-466.9189
20250415,-465.1838
20250415,-461.9472
20250415,-463.0595
20250415,-461.4372
20250415,-459.1941
20250415,-460.2608
20250415,-458.1235
20250415,-455.8626
20250415,-456.8959
20250415,-454.9037
20250415,-455.9466
20250415,-453.0221
20250415,-454.0649
20250416,-455.1843
20250416,-456.2313
20250416,-457.2862
20250416,-458.4883
20250416,-459.5693
20250416,-460.7408
20250416,-461.8543
20250417,-463.03
20250417,-460.4709
20250417,-461.5569
20250417,-458.2748
20250417,-459.3626
20250417,-460.3984
20250421,-461.4746
20250421,-462.6721
20250421,-463.8023
20250421,-464.8475
20250421,-465.9114
20250421,-466.9466
20250421,-468.0999
20250421,-469.2908
20250421,-465.571
20250422,-466.6395
20250422,-466.5962
20250423,-467.6825
20250423,-468.7157
20250423,-469.8293
20250423,-468.3381
20250423,-469.3834
20250423,-467.5454
20250424,-465.8066
20250425,-466.8821
20250425,-467.9472
20250425,-469.1779
20250425,-470.5693
20250425,-471.7318
20250425,-472.9858
20250425,-474.1182
20250425,-475.2118
20250425,-475.7151
20250425,-476.8211
20250425,-477.9869
20250425,-477.0103
20250428,-475.1895
20250428,-476.3096
20250428,-474.4265
20250428,-470.9265
20250428,-469.3726
20250428,-470.4877
20250428,-472.6121
20250428,-471.8096
20250428,-470.3096
20250428,-468.7381
20250428,-467.2823
20250429,-468.3249
20250429,-469.4204
20250429,-470.4571
20250429,-471.7143
20250429,-468.8445
20250429,-470.1061
20250429,-471.2868
20250429,-472.3216
20250429,-473.3941
20250429,-474.5204
20250429,-475.5761
20250429,-476.608
20250429,-477.6578
20250429,-478.7233
20250429,-479.7834
20250429,-480.8125
20250429,-480.1784
20250430,-472.3089
20250430,-473.3525
20250430,-474.4886
20250430,-475.6007
20250430,-476.7441
20250430,-477.9835
20250430,-471.9639
20250430,-473.0498
20250430,-474.2394
20250430,-475.2905
20250430,-476.513
20250430,-477.5779
20250430,-475.5535
20250430,-476.6262
20250430,-474.7658
20250501,-476.0635
20250501,-477.091
20250501,-478.1582
20250501,-479.3897
20250501,-480.8153
20250501,-481.9896
20250501,-483.0363
20250501,-484.1466
20250502,-485.215
20250502,-482.3579
20250502,-482.6247
20250502,-482.3073
20250502,-483.3631
20250502,-484.5252
20250502,-485.56
20250505,-486.5916
20250505,-482.9701
20250505,-484.0569
20250505,-480.9393
20250505,-482.0728
20250505,-483.1217
20250505,-481.5718
20250506,-482.7847
20250506,-483.8513
20250506,-484.8863
20250506,-486.0593
20250506,-487.173
20250506,-485.6042
20250506,-486.8435
20250506,-487.8749
20250506,-485.8992
20250506,-484.6693
20250506,-482.7259
20250506,-480.4902
20250506,-479.8187
20250506,-476.9095
20250506,-475.4012
20250506,-474.8817
20250507,-476.0071
20250507,-477.0641
20250507,-472.8361
20250507,-473.9029
20250507,-475.1522
20250507,-476.2127
20250507,-477.5119
20250507,-478.5722
20250507,-471.1798
20250507,-467.9088
20250507,-468.9368
20250507,-470.5849
20250507,-471.6149
20250507,-472.6571
20250507,-473.6876
20250507,-474.8372
20250507,-473.3191
20250507,-471.0382
20250507,-472.1414
20250507,-473.1813
20250507,-469.3515
20250508,-470.4482
20250508,-471.5059
20250508,-472.6511
20250508,-470.9261
20250508,-467.4552
20250508,-468.5375
20250508,-466.869
20250508,-467.9308
20250508,-468.9506
20250509,-466.7053
20250509,-467.7918
20250509,-468.9306
20250509,-466.1301
20250509,-467.3262
20250509,-466.1333
20250509,-467.2578
20250509,-466.9927
20250509,-468.1119
20250512,-464.641
20250512,-465.85
20250512,-466.9369
20250512,-468.0438
20250512,-469.0871
20250513,-470.1471
20250513,-471.4181
20250513,-472.5383
20250514,-473.5773
20250514,-474.682
20250514,-475.7404
20250514,-476.8076
20250514,-477.8761
20250514,-478.9267
20250514,-480.4916
20250514,-481.6282
20250514,-482.7141
20250514,-483.038
20250515,-484.13
20250515,-481.8164
20250515,-483.012
20250515,-484.1067
20250515,-485.2605
20250515,-483.5927
20250515,-481.9326
20250515,-482.3153
20250515,-483.4419
20250515,-484.6589
20250516,-485.7396
20250516,-482.1242
20250516,-481.9918
20250516,-483.2305
20250516,-484.3372
20250516,-485.4842
20250516,-485.0522
20250516,-484.5574
20250519,-485.5977
20250519,-486.6772
20250520,-487.8321
20250520,-488.9706
20250520,-490.1253
20250520,-487.6938
20250520,-488.7253
20250520,-489.959
20250520,-491.0063
20250520,-492.1909
20250520,-493.2381
20250521,-494.3343
20250521,-495.5277
20250521,-493.8776
20250521,-495.2003
20250521,-496.4543
20250522,-497.5118
20250522,-494.0681
20250522,-494.0556
20250522,-495.1348
20250522,-496.2532
20250522,-497.3414
20250522,-498.4083
20250522,-499.4799
20250522,-500.5814
20250522,-496.9413
20250523,-498.1122
20250523,-499.2604
20250523,-500.3625
20250523,-498.3751
20250527,-499.5889
20250527,-500.7635
20250527,-501.8888
20250527,-501.7177
20250528,-502.8207
20250528,-500.8759
20250528,-501.9122
20250528,-503.0234
20250528,-504.2664
20250528,-502.483
20250528,-497.8981
20250528,-499.0497
20250528,-500.2001
20250528,-499.3674
20250528,-500.5281
20250528,-496.6408
20250528,-497.697
20250529,-498.7829
20250529,-499.8998
20250529,-501.2842
20250529,-502.6474
20250529,-503.6899
20250529,-504.7535
20250529,-505.9348
20250529,-506.9919
20250529,-508.3554
20250530,-502.3015
20250530,-503.3629
20250530,-504.389
20250530,-502.5741
20250530,-503.6971
20250530,-504.9743
20250602,-494.3015
20250602,-495.4557
20250602,-496.7662
20250602,-498.6997
20250602,-500.0386
20250602,-501.105
20250602,-495.916
20250603,-496.934
20250603,-497.9772
20250603,-494.5654
20250603,-495.6449
20250603,-494.501
20250603,-494.7781
20250603,-495.8397
20250604,-493.8459
20250604,-495.2848
20250604,-496.5242
20250604,-497.6555
20250604,-502.9174
20250604,-498.3129
20250604,-499.7911
20250604,-501.3164
20250604,-502.3874
20250604,-503.5489
20250604,-504.6853
20250604,-501.0271
20250604,-502.6691
20250604,-502.1646
20250605,-500.4265
20250605,-501.5765
20250605,-502.6528
20250605,-502.78
20250605,-503.8592
20250605,-504.8768
20250605,-503.0365
20250605,-501.0578
20250605,-499.2535
20250605,-496.9728
20250605,-495.3528
20250605,-496.4017
20250605,-497.4272
20250605,-495.9272
20250605,-496.9662
20250605,-495.4121
20250605,-495.0748
20250606,-496.4339
20250606,-494.1611
20250606,-495.3554
20250606,-491.0861
20250606,-492.2964
20250606,-493.3846
20250606,-494.4854
20250606,-495.5566
20250609,-493.0596
20250609,-494.1356
20250609,-495.2524
20250609,-494.631
20250609,-490.6691
20250609,-492.1125
20250609,-493.1675
20250609,-494.248
20250609,-491.1379
20250609,-490.3163
20250610,-487.0566
20250610,-488.1877
20250610,-481.1179
20250610,-480.5831
20250610,-481.6126
20250610,-482.8201
20250610,-484.4286
20250610,-485.7797
20250610,-486.8805
20250610,-482.9302
20250610,-484.0121
20250610,-485.147
20250610,-486.2536
20250611,-481.4758
20250611,-479.2058
20250611,-475.5599
20250611,-468.444
20250611,-469.6164
20250611,-470.6713
20250611,-468.6472
20250611,-466.1872
20250611,-467.2504
20250611,-463.9809
20250611,-465.2096
20250611,-466.4507
20250612,-467.6314
20250612,-467.8794
20250612,-469.0477
20250612,-470.2105
20250612,-468.6277
20250612,-468.6586
20250612,-466.4215
20250612,-468.0387
20250612,-469.357
20250613,-467.8301
20250613,-468.9991
20250613,-470.0932
20250613,-471.2552
20250613,-472.358
20250613,-473.6154
20250613,-471.8469
20250613,-468.5543
20250613,-471.4217
20250613,-472.5011
20250613,-473.5664
20250616,-472.8802
20250616,-474.0659
20250616,-475.1348
20250616,-474.9062
20250616,-474.1685
20250616,-473.4022
20250617,-474.4896
20250617,-471.4776
20250617,-472.584
20250617,-473.6085
20250617,-474.6793
20250617,-475.805
20250617,-464.7183
20250617,-466.1307
20250617,-464.6262
20250618,-462.363
20250618,-463.4728
20250618,-464.5595
20250618,-465.651
20250618,-466.8453
20250618,-467.9307
20250618,-469.0525
20250618,-470.1348
20250618,-471.2302
20250618,-472.3008
20250618,-472.5672
20250618,-470.5212
20250618,-468.593
20250618,-469.7383
20250618,-467.3716
20250618,-468.447
20250618,-466.5355
20250618,-464.9003
20250618,-462.0056
20250618,-463.2871
20250620,-464.5191
20250620,-465.76
20250620,-466.8368
20250620,-468.198
20250620,-469.2974
20250620,-470.348
20250620,-466.9394
20250620,-466.4512
20250620,-468.1398
20250623,-465.926
20250623,-461.1805
20250623,-457.8092
20250623,-458.936
20250623,-459.9548
20250623,-461.1407
20250623,-460.9567
20250624,-462.0023
20250624,-463.1414
20250624,-460.8966
20250624,-462.3385
20250624,-463.4109
20250624,-464.4712
20250624,-465.5705
20250624,-463.1603
20250625,-461.6263
20250625,-462.8
20250625,-459.849
20250625,-458.3221
20250625,-459.4773
20250626,-460.565
20250626,-461.8256
20250626,-461.1756
20250626,-462.3097
20250626,-463.3968
20250626,-461.7755
20250627,-460.2615
20250627,-461.3143
20250627,-458.1786
20250627,-454.2403
20250627,-455.5838
20250627,-456.6693
20250630,-457.7816
20250630,-459.1413
20250630,-460.569
20250630,-458.268
20250630,-459.3204
20250630,-454.2252
20250701,-452.4252
20250701,-453.6112
20250701,-454.6866
20250701,-455.9771
20250701,-455.087
20250701,-454.255
20250701,-455.4164
20250701,-456.4783
20250701,-456.7927
20250701,-455.5821
20250701,-456.6265
20250701,-457.6803
20250701,-458.7014
20250701,-459.8009
20250701,-460.939
20250701,-459.7767
20250701,-458.6911
20250702,-460.0765
20250702,-461.1269
20250702,-462.38
20250702,-463.5013
20250702,-463.1447
20250702,-463.3241
20250702,-464.4169
20250702,-465.515
20250702,-464.403
20250702,-464.1166
20250703,-462.3824
20250703,-463.5891
20250703,-464.6361
20250703,-461.6084
20250703,-462.9006
20250703,-464.7051
20250703,-463.2957
20250703,-462.2824
20250707,-460.7607
20250707,-462.1426
20250707,-458.1983
20250707,-459.2541
20250707,-460.346
20250707,-462.0071
20250707,-463.2207
20250707,-463.5181
20250707,-465.1144
20250707,-466.2563
20250707,-467.2996
20250707,-468.5219
20250707,-467.5932
20250708,-468.6504
20250708,-471.529
20250708,-472.6039
20250708,-473.6693
20250708,-475.0435
20250708,-474.3791
20250708,-475.0639
20250708,-476.1679
20250708,-477.2288
20250709,-478.3369
20250709,-479.5011
20250709,-480.6952
20250709,-478.9072
20250709,-480.0924
20250709,-481.4006
20250709,-479.4152
20250709,-479.2857
20250709,-480.326
20250709,-479.7051
20250709,-478.3779
20250709,-479.5589
20250710,-479.0402
20250710,-480.1385
20250710,-481.3378
20250710,-479.0878
20250710,-480.022
20250710,-481.0403
20250710,-479.1999
20250710,-480.2373
20250710,-481.2644
20250710,-482.4041
20250710,-484.0506
20250711,-485.1432
20250711,-486.1912
20250711,-479.0984
20250711,-480.1596
20250711,-481.2907
20250711,-482.3855
20250711,-483.6217
20250711,-484.8453
20250711,-486.0274
20250711,-487.0872
20250711,-488.1596
20250711,-487.3268
20250711,-488.3752
20250711,-489.4541
20250711,-488.8734
20250714,-489.9217
20250714,-491.139
20250714,-492.2201
20250714,-493.2845
20250714,-494.3824
20250714,-494.2085
20250714,-491.784
20250715,-492.8563
20250715,-494.1962
20250715,-495.3595
20250715,-496.4311
20250715,-497.4893
20250715,-498.5416
20250715,-499.7964
20250715,-501.0069
20250715,-502.0446
20250715,-503.3415
20250715,-504.5308
20250715,-499.5436
20250715,-503.4804
20250715,-504.5464
20250715,-505.7235
20250715,-504.5432
20250716,-505.6104
20250716,-504.7557
20250716,-504.1208
20250716,-502.5772
20250716,-503.6959
20250716,-501.4785
20250716,-502.7887
20250716,-502.3327
20250716,-503.6162
20250717,-504.6986
20250717,-505.8424
20250717,-507.0937
20250717,-508.1777
20250717,-509.235
20250717,-510.2906
20250717,-511.4008
20250717,-512.4189
20250717,-513.4723
20250717,-514.5517
20250717,-515.6111
20250717,-516.7197
20250717,-517.8907
20250717,-519.0173
20250718,-520.4585
20250718,-521.9056
20250718,-523.5977
20250718,-524.8372
20250718,-525.8891
20250718,-527.02
20250718,-526.3132
20250721,-527.5678
20250721,-525.4407
20250721,-526.5556
20250721,-527.5801
20250721,-525.8918
20250721,-526.955
20250721,-528.0118
20250721,-529.2442
20250721,-527.3627
20250721,-516.3627
20250721,-512.754
20250722,-510.5688
20250722,-511.7032
20250722,-512.8538
20250722,-500.5538
20250722,-498.3417
20250722,-496.3804
20250722,-494.8515
20250722,-495.896
20250722,-497.1867
20250722,-498.311
20250722,-498.3002
20250722,-499.3892
20250723,-500.6228
20250723,-497.427
20250723,-498.5162
20250723,-499.6657
20250723,-498.9837
20250723,-500.07
20250723,-501.2775
20250723,-502.4527
20250723,-503.848
20250723,-505.3423
20250723,-506.503
20250723,-502.9451
20250723,-504.2415
20250724,-505.3127
20250724,-498.6754
20250724,-499.9088
20250724,-501.0187
20250724,-502.1535
20250724,-503.1791
20250724,-504.3814
20250724,-505.4406
20250724,-506.5071
20250724,-507.7673
20250724,-509.0026
20250724,-510.0725
20250724,-511.2603
20250725,-512.3151
20250725,-507.8171
20250725,-508.9872
20250725,-510.1328
20250725,-511.3015
20250725,-512.4122
20250725,-513.5801
20250725,-512.5437
20250728,-510.8782
20250728,-512.0028
20250728,-513.1029
20250728,-514.2228
20250728,-512.6184
20250728,-513.8138
20250728,-514.9322
20250728,-512.9416
20250728,-514.5221
20250729,-515.6292
20250729,-516.8633
20250729,-517.9928
20250729,-519.2741
20250729,-520.3905
20250729,-521.5932
20250730,-518.6634
20250730,-519.7596
20250730,-521.1774
20250730,-522.3821
20250730,-523.8197
20250730,-524.9681
20250730,-526.5685
20250730,-527.6703
20250730,-528.7264
20250730,-529.9239
20250730,-531.0785
20250730,-532.1974
20250730,-533.3172
20250730,-534.5151
20250730,-535.5854
20250730,-536.6638
20250730,-537.1877
20250731,-538.2869
20250731,-539.345
20250731,-540.394
20250731,-541.544
20250731,-542.6127
20250731,-543.6901
20250731,-540.2783
20250731,-541.3708
20250731,-542.6358
20250731,-544.0465
20250801,-545.0728
20250801,-546.1498
20250801,-545.5491
20250801,-546.6689
20250801,-546.5829
20250804,-547.6252
20250804,-548.7734
20250804,-550.0127
20250804,-551.0409
20250804,-550.2063
20250805,-548.495
20250805,-546.7468
20250805,-547.8135
20250805,-549.2205
20250805,-547.6994
20250805,-548.8368
20250805,-548.9007
20250806,-550.0061
20250806,-548.2136
20250806,-549.3232
20250806,-548.6693
20250806,-549.8674
20250806,-545.2424
20250806,-543.5735
20250806,-545.5469
20250806,-546.7505
20250807,-547.8453
20250807,-548.9343
20250807,-550.2043
20250807,-551.2895
20250807,-549.5406
20250807,-543.3807
20250807,-544.5576
20250807,-545.8202
20250807,-542.8042
20250808,-543.8367
20250808,-544.9973
20250808,-546.0621
20250808,-547.2694
20250808,-548.3417
20250808,-546.4956
20250808,-547.6073
20250808,-548.6868
20250808,-549.7768
20250808,-551.0961
20250808,-552.4309
20250808,-546.1183
20250811,-547.1999
20250811,-548.2385
20250811,-546.3814
20250811,-547.4975
20250811,-548.5797
20250811,-549.643
20250811,-550.6869
20250811,-544.4113
20250811,-543.6844
20250811,-544.7436
20250811,-545.8844
20250811,-541.7388
20250811,-540.9445
20250812,-542.1173
20250812,-543.1991
20250812,-544.2589
20250812,-543.8562
20250812,-545.0191
20250813,-546.241
20250813,-547.369
20250813,-548.4083
20250813,-549.4441
20250813,-550.7801
20250814,-552.3241
20250814,-553.8148
20250814,-554.8482
20250814,-555.3963
20250814,-556.4962
20250814,-557.5536
20250814,-558.5972
20250814,-557.9298
20250814,-547.7523
20250814,-548.8317
20250815,-549.9639
20250815,-549.5498
20250815,-547.3691
20250815,-548.6835
20250815,-549.752
20250815,-548.7444
20250815,-547.0723
20250815,-546.4594
20250818,-547.5486
20250818,-548.6041
20250818,-549.7412
20250818,-547.1412
20250818,-548.1888
20250818,-549.3214
20250818,-550.5075
20250818,-548.8565
20250818,-547.134
20250818,-546.3313
20250818,-547.9191
20250818,-548.5205
20250818,-549.6477
20250818,-546.969
20250818,-545.1357
20250819,-546.1935
20250819,-547.3315
20250819,-543.7222
20250819,-544.7831
20250819,-545.846
20250819,-547.0896
20250819,-548.2253
20250819,-549.3646
20250819,-549.6639
20250820,-547.9934
20250820,-549.0464
20250820,-545.8275
20250820,-547.277
20250821,-548.4156
20250821,-549.4753
20250821,-547.9138
20250821,-544.9598
20250821,-546.0502
20250821,-547.376
20250821,-548.5817
20250821,-549.9133
20250821,-551.2197
20250821,-552.423
20250821,-553.4978
20250821,-552.6175
20250821,-550.6626
20250821,-549.1831
20250821,-550.306
20250821,-551.4285
20250821,-552.5854
20250821,-554.188
20250821,-555.5232
20250821,-556.6796
20250821,-555.2642
20250822,-556.3289
20250822,-554.6879
20250822,-555.9907
20250825,-557.0542
20250825,-558.2006
20250825,-559.3466
20250825,-555.1248
20250825,-556.3049
20250825,-557.4333
20250825,-553.1657
20250825,-554.3375
20250825,-555.6671
20250825,-556.7362
20250826,-557.9083
20250826,-559.2483
20250826,-560.5117
20250826,-561.7678
20250827,-562.8571
20250827,-563.938
20250827,-565.4767
20250827,-566.5493
20250827,-567.7819
20250827,-569.4733
20250827,-570.5102
20250827,-571.6383
20250827,-572.8548
20250827,-574.0568
20250827,-575.2285
20250827,-576.3042
20250827,-577.4513
20250827,-571.5282
20250827,-572.6408
20250827,-573.82
20250827,-572.2825
20250827,-571.8349
20250827,-572.9104
20250827,-572.3922
20250828,-570.1489
20250828,-568.0398
20250828,-569.9186
20250828,-567.4261
20250828,-568.5843
20250828,-569.7759
20250828,-570.9467
20250828,-572.2323
20250828,-573.354
20250828,-574.4474
20250828,-575.6055
20250828,-574.271
20250828,-575.3891
20250829,-576.4855
20250829,-577.7121
20250829,-578.8047
20250829,-580.0356
20250829,-575.6584
20250829,-576.8657
20250829,-577.9652
20250829,-575.2902
20250902,-572.2307
20250902,-573.3504
20250902,-574.665
20250902,-575.9019
20250902,-576.9633
20250902,-578.0417
20250903,-579.0884
20250903,-571.9345
20250903,-568.6013
20250903,-569.6656
20250903,-565.9486
20250903,-567.0132
20250903,-568.083
20250903,-566.5809
20250903,-564.9712
20250903,-566.0789
20250903,-567.1272
20250903,-568.1638
20250903,-569.1979
20250903,-570.599
20250903,-571.6735
20250903,-573.1167
20250904,-574.3097
20250904,-575.4704
20250904,-576.639
20250904,-577.8835
20250904,-578.9862
20250904,-580.138
20250904,-581.2501
20250904,-582.3369
20250904,-583.4437
20250904,-583.8132
20250904,-584.9621
20250904,-584.4695
20250904,-585.6118
20250904,-586.8821
20250905,-587.9168
20250905,-582.4418
20250905,-583.6104
20250905,-584.8061
20250905,-577.5502
20250905,-578.62
20250905,-579.2873
20250908,-580.3643
20250908,-576.7737
20250908,-574.9341
20250908,-576.0434
20250908,-577.3082
20250908,-578.4807
20250908,-580.1526
20250908,-581.2705
20250908,-582.374
20250908,-580.8675
20250908,-578.7501
20250908,-579.8426
20250908,-581.1984
20250909,-582.2763
20250909,-583.4635
20250909,-582.3698
20250909,-583.5776
20250909,-584.7274
20250909,-585.919
20250909,-587.1107
20250909,-588.1534
20250909,-583.6221
20250910,-582.0409
20250910,-583.1025
20250910,-584.1748
20250910,-585.6721
20250910,-586.7591
20250910,-587.8047
20250910,-588.9824
20250910,-588.291
20250910,-586.0173
20250910,-587.3785
20250911,-588.4406
20250911,-589.4767
20250911,-590.562
20250911,-591.7138
20250911,-585.2229
20250911,-583.1264
20250911,-584.531
20250911,-585.2342
20250911,-586.5582
20250911,-587.7598
20250911,-586.5354
20250911,-587.6588
20250912,-585.7662
20250912,-586.8525
20250912,-587.9105
20250912,-589.0759
20250912,-585.9756
20250912,-587.3055
20250912,-588.343
20250912,-589.7452
20250915,-590.8068
20250915,-588.8163
20250915,-588.5573
20250915,-589.6651
20250915,-590.7835
20250915,-591.828
20250915,-592.901
20250915,-590.4372
20250915,-591.6728
20250915,-586.8455
20250915,-587.9608
20250916,-589.0162
20250916,-590.092
20250916,-586.381
20250916,-587.4083
20250916,-587.0901
20250916,-589.4094
20250916,-588.1096
20250917,-589.1898
20250917,-590.6835
20250917,-591.7791
20250917,-592.8443
20250917,-594.0678
20250917,-595.2573
20250917,-596.3078
20250917,-597.3613
20250917,-598.4981
20250917,-599.6056
20250917,-600.755
20250917,-601.8441
20250917,-602.8856
20250917,-603.9806
20250917,-605.0528
20250917,-606.1589
20250917,-607.2141
20250917,-608.3991
20250917,-606.7305
20250917,-606.4616
20250917,-606.8622
20250918,-607.9125
20250918,-606.045
20250918,-607.1004
20250918,-604.9493
20250918,-604.1466
20250918,-605.2077
20250918,-606.2691
20250918,-607.3264
20250918,-607.6702
20250918,-608.7026
20250918,-609.7644
20250918,-610.9766
20250918,-612.1224
20250918,-613.2061
20250918,-614.3912
20250919,-611.6719
20250919,-612.9133
20250919,-613.9603
20250919,-615.0076
20250919,-616.2161
20250919,-613.2518
20250919,-614.3027
20250919,-615.3513
20250919,-607.7651
20250919,-600.3526
20250919,-601.53
20250919,-602.7609
20250919,-599.7921
20250919,-600.9323
20250919,-597.7783
20250922,-592.4254
20250922,-593.5372
20250922,-594.7603
20250922,-596.129
20250922,-594.1624
20250922,-595.2349
20250922,-596.303
20250922,-597.015
20250923,-595.0862
20250923,-596.1637
20250923,-597.3605
20250923,-594.7332
20250923,-595.7823
20250923,-596.9519
20250923,-598.1481
20250923,-599.2526
20250923,-600.7584
20250924,-600.1918
20250924,-601.2912
20250924,-602.5664
20250924,-603.636
20250924,-596.3566
20250924,-598.0302
20250924,-599.1937
20250925,-597.6018
20250925,-598.6632
20250925,-595.4223
20250925,-588.7774
20250925,-587.8169
20250925,-585.3428
20250925,-585.0065
20250925,-586.1446
20250925,-584.4005
20250925,-584.1231
20250925,-583.8093
20250926,-580.7932
20250926,-578.2268
20250926,-579.2747
20250926,-580.726
20250926,-581.7777
20250926,-582.8505
20250926,-582.0061
20250926,-583.2642
20250926,-584.6021
20250926,-583.4343
20250926,-581.8344
20250929,-579.011
20250929,-580.0345
20250929,-578.2909
20250929,-579.4394
20250929,-580.4956
20250929,-581.1284
20250930,-582.2088
20250930,-583.3156
20250930,-581.3113
20250930,-578.1784
20250930,-571.6199
20250930,-572.6612
20250930,-573.7919
20250930,-574.1866
20250930,-572.5854
20250930,-571.9905
20251001,-573.0719
20251001,-574.1176
20251001,-575.2641
20251001,-576.3199
20251001,-573.3987
20251001,-570.3342
20251001,-571.4371
20251001,-572.5603
20251001,-573.6874
20251001,-571.0869
20251001,-572.2318
20251002,-573.4675
20251002,-574.488
20251002,-575.5548
20251002,-576.8507
20251002,-577.9242
20251002,-567.2914
20251002,-565.9173
20251002,-567.0877
20251002,-568.5721
20251002,-565.7293
20251002,-566.8713
20251003,-568.0686
20251003,-566.4822
20251003,-565.9451
20251003,-564.2816
20251003,-565.403
20251003,-564.2704
20251003,-565.588
20251006,-562.9517
20251006,-564.0272
20251006,-562.3854
20251006,-561.5795
20251006,-560.9725
20251006,-559.1536
20251006,-560.5263
20251006,-556.2973
20251006,-557.6873
20251007,-558.731
20251007,-559.9776
20251007,-561.0253
20251007,-562.0729
20251007,-560.8738
20251007,-562.0426
20251007,-561.7825
20251008,-560.4337
20251008,-561.5257
20251008,-562.7772
20251008,-563.8335
20251008,-561.0054
20251008,-558.8849
20251008,-559.9831
20251008,-557.8759
20251008,-558.9664
20251008,-556.8195
20251009,-558.0257
20251009,-559.0896
20251009,-560.1128
20251009,-561.2253
20251009,-558.0957
20251009,-556.0077
20251009,-557.1053
20251009,-558.2275
20251009,-559.3041
20251009,-560.5072
20251009,-561.5659
20251009,-562.5971
20251009,-564.0331
20251009,-565.2038
20251009,-566.33
20251010,-567.4095
20251010,-568.4472
20251010,-566.0088
20251010,-567.0656
20251013,-564.4151
20251013,-565.5182
20251013,-566.6462
20251013,-567.8635
20251013,-568.8893
20251013,-570.0542
20251013,-571.1405
20251013,-572.2836
20251013,-573.0096
20251013,-572.873
20251014,-574.0513
20251014,-573.9804
20251014,-575.0774
20251014,-576.1712
20251014,-577.5271
20251014,-575.8967
20251014,-577.078
20251014,-578.1828
20251014,-573.7415
20251014,-574.8724
20251014,-566.5561
20251014,-567.7454
20251014,-568.8172
20251015,-569.8618
20251015,-570.9473
20251015,-572.002
20251015,-570.3512
20251015,-571.3963
20251015,-569.5431
20251015,-570.6773
20251015,-571.6983
20251015,-572.7327
20251015,-573.8391
20251015,-574.9195
20251016,-576.0588
20251016,-577.1202
20251016,-572.5753
20251016,-567.6478
20251016,-565.9415
20251016,-564.4309
20251016,-565.5105
20251016,-565.9428
20251016,-567.0106
20251017,-568.162
20251017,-569.2279
20251017,-570.9299
20251017,-571.9986
20251017,-573.0628
20251017,-574.2198
20251017,-575.2884
20251017,-576.3763
20251020,-577.5451
20251020,-578.6804
20251020,-579.8462
20251020,-580.9411
20251020,-582.078
20251020,-583.1598
20251020,-581.4527
20251020,-582.7026
20251020,-583.7573
20251020,-584.8713
20251021,-585.9322
20251021,-587.2642
20251021,-588.3023
20251021,-583.8329
20251021,-585.0165
20251021,-584.3165
20251021,-585.4929
20251021,-586.5829
20251021,-582.4791
20251021,-583.6548
20251021,-584.7695
20251021,-587.0437
20251021,-581.3129
20251021,-582.6848
20251021,-583.8225
20251022,-584.8505
20251022,-585.98
20251022,-583.0112
20251022,-584.1339
20251022,-585.1992
20251022,-586.2421
20251022,-587.5882
20251022,-589.0302
20251023,-590.0599
20251023,-591.1235
20251023,-592.2481
20251023,-593.3781
20251023,-591.4672
20251023,-591.23
20251023,-592.3075
20251023,-593.3787
20251023,-594.744
20251023,-595.7763
20251024,-596.965
20251024,-598.1369
20251024,-599.2553
20251024,-600.4399
20251024,-601.5112
20251027,-599.0329
20251027,-600.2051
20251027,-597.6192
20251027,-598.714
20251027,-599.438
20251027,-597.939
20251027,-599.0049
20251027,-600.0506
20251027,-591.4232
20251027,-592.5401
20251027,-576.0017
20251028,-577.0728
20251028,-578.1475
20251028,-579.198
20251028,-580.2748
20251028,-577.0945
20251028,-575.5039
20251028,-576.7487
20251028,-576.0408
20251028,-577.1244
20251028,-578.4832
20251028,-575.4891
20251028,-576.6879
20251028,-577.8268
20251028,-578.9511
20251029,-580.0376
20251029,-577.1046
20251029,-578.3782
20251029,-579.5115
20251029,-575.5888
20251029,-576.9015
20251029,-578.253
20251029,-575.8048
20251029,-577.0156
20251029,-578.1208
20251029,-579.1445
20251029,-580.233
20251029,-581.2883
20251029,-578.2589
20251029,-579.3396
20251029,-580.4077
20251029,-580.2093
20251030,-581.3165
20251030,-582.5121
20251030,-583.6021
20251030,-584.6286
20251030,-585.7048
20251030,-586.8987
20251030,-585.2941
20251030,-586.6496
20251030,-583.6267
20251031,-584.6611
20251031,-585.7996
20251031,-583.7333
20251031,-584.7967
20251031,-581.4989
20251031,-582.6764
20251031,-579.4634
20251103,-580.5114
20251103,-580.5097
20251103,-581.704
20251104,-582.917
20251104,-584.0379
20251104,-585.0955
20251104,-586.2988
20251104,-586.2298
20251104,-587.3335
20251104,-588.4038
20251105,-589.4724
20251105,-590.5972
20251105,-591.7516
20251105,-589.8735
20251105,-591.0229
20251105,-589.8194
20251106,-590.8508
20251106,-591.9421
20251106,-593.0648
20251106,-594.1313
20251106,-595.1451
20251106,-596.192
20251106,-594.7112
20251106,-595.8974
20251106,-592.5332
20251107,-593.615
20251107,-594.6417
20251107,-595.7348
20251107,-596.945
20251107,-596.827
20251107,-598.5981
20251107,-599.7621
20251107,-597.042
20251110,-598.069
20251110,-599.6454
20251110,-600.9805
20251110,-596.6353
20251110,-597.8038
20251111,-598.9473
20251111,-600.0957
20251111,-600.3249
20251111,-601.5639
20251111,-602.6583
20251111,-603.6808
20251111,-601.5993
20251111,-595.0238
20251111,-591.201
20251111,-592.3619
20251112,-584.8528
20251112,-585.9547
20251112,-583.3183
20251112,-584.4697
20251113,-585.5494
20251113,-586.6101
20251113,-587.6359
20251113,-588.7207
20251114,-589.7842
20251114,-590.8576
20251114,-591.9198
20251114,-592.9574
20251114,-590.8333
20251114,-591.8948
20251117,-593.0532
20251117,-594.2501
20251117,-594.3138
20251117,-595.4
20251118,-596.4623
20251118,-597.4921
20251118,-598.579
20251118,-599.6753
20251118,-599.7659
20251119,-600.3849
20251119,-601.4085
20251119,-602.6392
20251119,-603.6788
20251119,-604.8072
20251119,-599.3479
20251119,-600.8113
20251119,-601.8896
20251119,-603.0205
20251120,-604.0757
20251120,-605.1247
20251120,-606.1936
20251120,-607.3072
20251121,-608.3559
20251121,-609.441
20251121,-610.4639
20251121,-611.499
20251121,-612.5747
20251121,-613.6252
20251121,-613.7658
20251121,-613.0021
20251121,-614.021
20251121,-613.0978
20251121,-611.5791
20251124,-611.0511
20251125,-612.4318
20251125,-613.4617
20251125,-614.5107
20251125,-615.6538
20251125,-616.7133
20251125,-617.7618
20251126,-618.8914
20251126,-619.9464
20251126,-620.9769
20251126,-622.0175
20251126,-623.0961
20251126,-620.999
20251128,-622.0541
20251128,-623.2672
20251128,-624.3524
20251128,-625.4794
20251128,-626.2259
20251201,-627.2922
20251201,-628.3473
20251201,-626.5161
20251201,-624.8286
20251201,-626.152
20251201,-626.2047
20251202,-627.269
20251202,-625.9625
20251202,-627.0526
20251202,-628.1379
20251202,-626.1303
20251202,-624.2085
20251202,-624.6102
20251202,-625.7315
20251203,-626.9849
20251203,-628.1428
20251203,-629.2569
20251203,-630.3251
20251203,-631.5605
20251203,-623.7289
20251203,-625.0101
20251204,-626.131
20251204,-627.2745
20251204,-628.4602
20251204,-629.6439
20251204,-626.162
20251204,-625.6504
20251204,-626.7049
20251204,-626.0282
20251204,-626.4564
20251205,-627.6077
20251205,-612.377
20251205,-611.1472
20251205,-607.6629
20251205,-609.1367
20251208,-610.3215
20251208,-611.4275
20251208,-611.5927
20251208,-609.5306
20251208,-610.5546
20251208,-611.7177
20251208,-612.7988
20251209,-613.8568
20251209,-615.1136
20251209,-616.1573
20251209,-617.1766
20251209,-618.0333
20251210,-616.1265
20251210,-617.1594
20251210,-614.7048
20251210,-616.0883
20251210,-617.3032
20251210,-618.3917
20251210,-614.6197
20251210,-615.6577
20251210,-616.8318
20251210,-617.9427
20251210,-619.3703
20251211,-619.5767
20251211,-618.0526
20251211,-616.4051
20251211,-614.2743
20251211,-611.9607
20251211,-609.9013
20251212,-611.0397
20251212,-612.2118
20251212,-611.9842
20251212,-605.7842
20251212,-604.0398
20251215,-605.4835
20251215,-601.1888
20251215,-602.2489
20251215,-603.2828
20251215,-604.3972
20251216,-605.4295
20251216,-601.602
20251216,-602.6352
20251216,-600.2646
20251216,-601.2997
20251216,-602.3915
20251217,-603.4213
20251217,-604.6139
20251217,-602.7968
20251218,-587.2722
20251218,-588.3513
20251218,-588.2699
20251218,-587.8733
20251218,-588.9151
20251218,-589.9893
20251219,-591.0245
20251219,-592.2312
20251219,-593.2856
20251219,-590.0965
20251219,-591.4201
20251219,-592.5166
20251219,-593.6813
20251219,-594.7143
20251219,-595.9243
20251222,-596.9922
20251222,-598.299
20251222,-599.4219
20251222,-600.4933
20251222,-597.5012
20251222,-598.6534
20251223,-599.7593
20251223,-600.9706
20251223,-602.1606
20251223,-603.3968
20251223,-604.4698
20251223,-605.6235
20251223,-606.7022
20251223,-607.9013
20251223,-608.9686
20251223,-610.1104
20251223,-611.2563
20251223,-612.6054
20251224,-613.8667
20251224,-615.1343
20251224,-616.4237
20251224,-617.5671
20251224,-618.747
20251224,-616.5219
20251226,-615.7523
20251226,-616.8083
20251226,-618.087
20251226,-619.5894
20251226,-619.4392
20251226,-619.8278
20251226,-621.2208
20251226,-623.1976
20251226,-624.4948
20251226,-625.8404
20251226,-627.5463
20251226,-628.9108
20251226,-628.4746
20251226,-630.8384
20251229,-632.022
20251229,-633.3986
20251229,-631.7283
20251229,-633.0739
20251230,-634.3062
20251230,-630.0687
20251230,-631.1588
20251230,-632.347
20251230,-630.7401
20251230,-631.0031
20251230,-632.075
20251230,-633.1858
20251231,-634.3115
20251231,-635.6962
20251231,-636.9815
20251231,-638.0622
20251231,-639.3778
20251231,-640.6631
20251231,-641.7072
20251231,-642.8424
20251231,-643.9999
20251231,-645.1381
20251231,-642.5554
20251231,-643.6985
20251231,-644.8288
20251231,-645.9589
20260102,-643.8093
20260102,-644.9258
20260102,-646.0581
20260102,-647.1911
20260102,-643.9034
20260102,-644.9956
20260105,-643.4783
20260106,-644.6443
20260106,-646.1129
20260106,-647.4825
20260106,-648.3544
20260106,-649.7741
20260107,-650.9311
20260107,-651.9808
20260107,-653.0303
20260107,-654.1729
20260107,-655.2269
20260108,-656.3472
20260108,-657.3787
20260108,-658.4099
20260108,-659.556
20260108,-660.7137
20260108,-659.9547
20260108,-661.0532
20260108,-660.2045
20260109,-661.2477
20260109,-662.3488
20260109,-660.7412
20260109,-662.1315
20260109,-663.3772
20260109,-664.5129
20260109,-665.5594
20260109,-666.6757
20260109,-667.8324
20260109,-666.7354
20260112,-668.0351
20260112,-669.1708
20260112,-670.2974
20260112,-671.6807
20260112,-672.9608
20260112,-674.2911
20260112,-675.7159
20260113,-676.7599
20260113,-673.9092
20260113,-674.936
20260113,-675.9602
20260113,-672.3076
20260113,-669.8503
20260113,-667.1929
20260113,-668.2484
20260113,-669.378
20260113,-667.1748
20260113,-668.2371
20260113,-668.377
20260114,-669.4263
20260114,-670.495
20260114,-671.5485
20260114,-672.6264
20260114,-673.6896
20260114,-672.2097
20260114,-673.249
20260115,-674.3135
20260115,-675.3556
20260115,-674.0235
20260115,-672.5092
20260115,-667.2511
20260115,-668.3752
20260115,-666.7766
20260115,-667.8221
20260115,-656.9421
20260115,-654.704
20260116,-655.8481
20260116,-657.0629
20260116,-658.1723
20260116,-659.3433
20260116,-660.4472
20260116,-658.5506
20260116,-659.8807
20260116,-661.2766
20260116,-662.89
20260116,-663.9751
20260116,-665.153
20260116,-666.2944
20260116,-667.3883
20260120,-663.0311
20260120,-661.047
20260120,-662.1579
20260120,-663.2625
20260120,-664.304
20260120,-665.4688
20260121,-666.5163
20260121,-664.0922
20260121,-661.5081
20260121,-662.5274
20260121,-663.5572
20260121,-664.6143
20260121,-665.6627
20260121,-666.8105
20260121,-667.9376
20260121,-666.3772
20260121,-660.5737
20260121,-661.6709
20260122,-662.7215
20260122,-663.8507
20260122,-664.9566
20260122,-666.0508
20260122,-667.2014
20260122,-668.3404
20260122,-667.8097
20260123,-668.874
20260123,-669.9287
20260123,-670.9713
20260123,-672.0616
20260123,-671.9368
20260123,-672.9918
20260123,-670.3442
20260123,-670.2661
20260123,-671.3135
20260126,-672.5626
20260126,-673.652
20260126,-671.7576
20260126,-672.8264
20260126,-673.3329
20260126,-670.2053
20260126,-671.2488
20260126,-672.3153
20260126,-673.5125
20260126,-672.8973
20260127,-673.9288
20260127,-674.9757
20260127,-676.3059
20260127,-677.4024
20260127,-675.8469
20260127,-671.4004
20260128,-669.7292
20260128,-653.9479
20260128,-655.2227
20260128,-656.2709
20260128,-657.3202
20260128,-658.4292
20260128,-656.9107
20260128,-658.1033
20260128,-655.0208
20260128,-656.2711
20260128,-657.4055
20260128,-649.2626
20260128,-650.3479
20260128,-651.4425
20260128,-652.502
20260128,-653.5301
20260129,-648.2714
20260129,-646.5827
20260129,-647.6579
20260129,-648.7562
20260130,-647.0659
20260130,-645.127
20260130,-646.2554
20260130,-647.2765
20260130,-648.3099
20260130,-649.3542
20260130,-646.9025
20260130,-644.592
20260130,-641.6495
20260130,-642.8472
20260130,-643.9399
20260130,-645.1725
20260202,-642.5179
20260202,-643.5914
20260202,-644.7179
20260202,-645.9876
20260202,-647.0712
20260202,-648.1902
20260202,-649.3597
20260202,-648.931
20260202,-650.1251
20260203,-651.1736
20260203,-649.1341
20260203,-646.7787
20260204,-647.9214
20260204,-645.6427
20260204,-646.7045
20260204,-643.0978
20260205,-644.1604
20260205,-645.2733
20260205,-646.2969
20260205,-647.386
20260205,-648.4343
20260206,-646.6722
20260206,-647.733
20260206,-648.7429
20260206,-649.7989
20260206,-650.908
20260206,-650.4477
20260209,-651.4827
20260209,-652.5261
20260209,-653.5828
20260209,-654.6374
20260209,-640.2456
20260210,-641.4352
20260210,-642.4891
20260210,-633.8787
20260210,-633.1281
20260210,-634.196
20260210,-635.23
20260210,-636.3321
20260210,-637.4354
20260210,-638.4718
20260210,-639.5012
20260210,-640.5876
20260210,-641.8452
20260210,-643.1631
20260211,-644.1758
20260211,-643.8427
20260211,-644.9816
20260212,-646.0079
20260212,-647.1008
20260212,-644.7463
20260212,-638.2786
20260213,-639.3079
20260213,-640.5486
20260213,-641.608
20260213,-642.6841
20260213,-643.8421
20260213,-641.477
20260213,-642.6114
20260213,-643.7288
20260213,-640.4768
20260217,-641.6208
20260217,-642.6798
20260217,-643.8299
20260217,-644.8862
20260217,-645.9573
20260217,-647.0086
20260217,-648.1091
20260217,-649.1479
20260217,-650.2215
20260217,-648.0229
20260217,-644.6542
20260218,-645.6848
20260218,-646.7721
20260218,-648.3903
20260218,-649.447
20260218,-645.572
20260218,-646.8974
20260218,-644.4708
20260218,-642.9545
20260218,-639.9117
20260218,-640.9776
20260219,-642.2089
20260219,-637.6124
20260219,-638.6476
20260219,-639.7996
20260219,-640.9722
20260219,-638.6916
20260219,-639.7642
20260219,-638.1431
20260219,-639.2083
20260219,-640.2765
20260219,-637.2782
20260219,-638.327
20260219,-639.5282
20260220,-637.6478
20260220,-635.5558
20260220,-636.6099
20260220,-637.8233
20260220,-636.1593
20260220,-632.8837
20260220,-633.8932
20260220,-634.41
20260220,-635.445
20260220,-636.0256
20260220,-635.7212
20260220,-636.762
20260220,-637.828
20260220,-638.0411
20260220,-639.124
20260223,-640.1581
20260224,-641.201
20260224,-642.2341
20260224,-643.3784
20260224,-644.412
20260224,-645.4564
20260224,-646.4885
20260224,-644.3731
20260224,-644.1309
20260224,-645.1642
20260224,-646.5181
20260225,-647.8778
20260225,-645.3031
20260225,-643.7464
20260225,-644.8986
20260225,-644.2154
20260226,-642.9657
20260226,-644.1416
20260226,-642.2042
20260226,-643.2825
20260226,-644.8237
20260226,-646.249
20260227,-647.2941
20260227,-648.3625
20260227,-649.4306
20260302,-650.6311
20260302,-651.8085
20260302,-652.856
20260302,-653.9101
20260302,-653.9318
20260302,-652.8502
20260303,-647.5678
20260303,-648.6599
20260303,-649.7295
20260303,-650.7575
20260303,-651.7882
20260303,-653.0719
20260303,-654.1549
20260303,-655.223
20260303,-656.3517
20260303,-657.421
20260304,-656.865
20260304,-656.4059
20260304,-657.5053
20260304,-658.6103
20260304,-654.6503
20260304,-655.7093
20260304,-656.7869
20260304,-656.4044
20260305,-650.9356
20260305,-651.9858
20260305,-651.4823
20260305,-652.5435
20260305,-653.6857
20260306,-654.7015
20260306,-655.7161
20260306,-653.2506
20260306,-654.2943
20260306,-655.3655
20260306,-656.3915
20260306,-657.4316
20260306,-658.6183
20260306,-658.5735
20260306,-659.6244
20260306,-657.1719
20260306,-658.2073
20260306,-659.2669
20260306,-660.2945
20260306,-659.3682
20260306,-660.4332
20260309,-658.5923
20260309,-656.5098
20260309,-657.5607
20260309,-658.6358
20260309,-659.686
20260309,-656.7971
20260309,-652.6607
20260309,-653.6786
20260310,-654.7269
20260310,-655.8241
20260310,-656.8551
20260310,-657.9231
20260310,-658.9883
20260310,-660.0388
20260310,-661.1286
20260310,-662.1662
20260310,-663.2823
20260310,-664.3215
20260310,-658.0956
20260310,-654.3537
20260310,-644.5042
20260310,-643.4582
20260310,-641.7039
20260311,-642.7658
20260311,-643.8244
20260311,-644.8543
20260311,-645.8775
20260311,-646.9247
20260311,-644.2397
20260311,-645.3192
20260311,-645.6037
20260311,-645.5097
20260312,-646.9549
20260312,-648.0881
20260312,-649.1079
20260312,-650.1551
20260312,-651.2146
20260312,-652.2679
20260312,-653.3123
20260312,-654.444
20260312,-655.4877
20260312,-656.5069
20260312,-657.6301
20260312,-658.7329
20260312,-659.7774
20260313,-660.8269
20260313,-661.9515
20260313,-663.0153
20260313,-664.0737
20260316,-664.501
20260316,-662.6239
20260316,-663.5096
20260316,-664.6097
20260316,-665.6977
20260316,-666.7515
20260316,-664.2234
20260316,-663.315
20260316,-662.6735
20260317,-660.4998
20260317,-661.5786
20260317,-662.5944
20260317,-663.6491
20260317,-664.6943
20260317,-665.2485
20260317,-666.3099
20260317,-667.385
20260317,-668.4553
20260318,-669.5519
20260318,-670.5714
20260318,-671.6223
20260318,-672.679
20260318,-673.7288
20260318,-670.1106
20260318,-671.1728
20260318,-672.2868
20260318,-670.2348
20260318,-671.3883
20260318,-672.469
20260318,-673.6675
20260319,-674.7071
20260319,-675.7555
20260319,-676.8019
20260319,-677.9243
20260319,-678.9477
20260319,-680.0554
20260319,-676.6323
20260319,-672.5532
20260319,-668.2871
20260319,-666.1713
20260319,-667.231
20260319,-668.2784
20260320,-669.3754
20260320,-670.4981
20260320,-671.5321
20260320,-672.5596
20260320,-673.6267
20260320,-674.7053
20260320,-671.5841
20260320,-672.7141
20260320,-673.7678
20260320,-674.8631
20260320,-671.9465
20260320,-673.0983
20260320,-670.9546
20260320,-671.974
20260323,-673.063
20260323,-670.3269
20260323,-666.3956
20260323,-667.4607
20260323,-666.6915
20260323,-665.074
20260323,-665.9108
20260324,-667.0147
20260324,-668.194
20260324,-666.5013
20260324,-667.5338
20260324,-668.6122
20260324,-669.677
20260325,-670.7456
20260325,-671.7979
20260325,-672.8638
20260325,-674.0596
20260325,-674.5191
20260326,-675.6638
20260326,-673.5426
20260326,-671.7495
20260326,-673.036
20260326,-674.1653
20260326,-674.6826
20260326,-675.9237
20260326,-677.1006
20260326,-675.009
20260326,-676.1377
20260326,-677.3207
20260326,-676.7967
20260327,-674.6733
20260327,-675.8402
20260327,-676.874
20260327,-677.9336
20260327,-678.9615
20260330,-680.0373
20260330,-681.1015
20260330,-682.2165
20260330,-680.5112
20260330,-678.7162
20260330,-679.7535
20260331,-677.3404
20260331,-678.4605
20260331,-675.5306
20260331,-668.9966
20260331,-670.0322
20260331,-671.1078
20260331,-672.2261
20260331,-673.3017
20260401,-674.3299
20260401,-675.3699
20260401,-672.4468
20260402,-673.6386
20260402,-670.1831
20260402,-668.4528
20260402,-669.6145
20260402,-670.6946
20260402,-671.7617
20260406,-670.1488
20260406,-671.2712
20260406,-672.4078
20260406,-673.5463
20260406,-671.7082
20260406,-672.7981
20260406,-673.8389
20260406,-673.7826
20260406,-674.8419
20260406,-675.8797
20260406,-676.2802
20260406,-673.1803
20260407,-674.2291
20260407,-675.2779
20260407,-676.3195
20260407,-677.3691
20260407,-678.417
20260407,-679.5087
20260407,-676.325
20260407,-671.3078
20260407,-672.3489
20260407,-673.4045
20260407,-674.4754
20260407,-671.4384
20260407,-672.5066
20260407,-670.7241
20260407,-671.773
20260407,-672.8406
20260407,-673.9247
20260407,-675.0003
20260407,-676.1363
20260407,-677.1984
20260407,-678.338
20260407,-679.4066
20260407,-680.5234
20260408,-681.5521
20260408,-682.6758
20260408,-680.7942
20260409,-676.827
20260409,-677.8639
20260409,-675.3023
20260409,-676.4308
20260409,-677.5337
20260409,-678.5871
20260409,-679.7415
20260409,-680.9216
20260410,-681.9913
20260410,-683.0584
20260410,-684.0955
20260410,-682.251
20260410,-683.3575
20260410,-684.6507
20260413,-685.7221
20260414,-686.7461
20260414,-685.9082
20260414,-687.388
20260414,-688.526
20260414,-689.5972
20260414,-687.7225
20260414,-688.7892
20260414,-689.8405
20260415,-686.4237
20260415,-683.3389
20260415,-684.3917
20260415,-685.4979
20260415,-681.8562
20260415,-682.8888
20260415,-684.3668
20260416,-682.7288
20260416,-683.8156
20260416,-684.88
20260416,-686.0453
20260416,-687.1542
20260416,-688.1805
20260416,-689.2364
20260416,-690.2626
20260416,-688.2677
20260416,-687.8509
20260416,-687.5733
20260416,-684.3118
20260416,-683.65
20260416,-684.7235
20260416,-685.9145
20260416,-687.1813
20260416,-688.2939
20260416,-685.8812
20260416,-686.9328
20260416,-687.9803
20260416,-688.2403
20260416,-687.7074
20260417,-688.8869
20260417,-689.9378
20260417,-687.7575
20260417,-688.8041
20260417,-689.9816
20260417,-691.1212
20260417,-690.5129
20260420,-691.5932
20260420,-688.9265
20260420,-689.9734
20260420,-691.0708
20260420,-688.7227
20260420,-689.8188
20260420,-690.867
20260421,-691.9495
20260421,-693.0474
20260421,-694.2817
20260421,-695.4284
20260421,-696.5112
20260421,-697.551
20260421,-698.6262
20260421,-699.856
20260421,-700.9378
20260421,-702.0112
20260421,-703.1696
20260421,-704.2275
20260421,-705.3992
20260421,-706.7889
20260422,-707.9702
20260422,-709.1795
20260422,-710.3544
20260422,-711.5531
20260422,-712.772
20260422,-713.8678
20260422,-714.928
20260422,-716.3826
20260422,-717.4321
20260422,-718.5876
20260422,-719.6159
20260422,-720.7554
20260422,-720.5198
20260422,-719.8649
20260422,-721.1349
20260422,-722.2427
20260423,-723.2985
20260423,-720.2447
20260423,-717.4851
20260423,-718.5651
20260423,-719.7351
20260423,-720.7684
20260423,-719.9573
20260424,-715.6518
20260424,-716.8196
20260424,-717.8541
20260424,-718.9699
20260424,-720.1674
20260427,-711.9125
20260427,-713.0245
20260427,-714.1157
20260427,-715.1864
20260427,-716.2402
20260427,-715.7908
20260427,-716.0211
20260427,-717.73
20260427,-718.8295
20260428,-719.9338
20260428,-720.3778
20260428,-719.8505
20260428,-721.2871
20260429,-722.4783
20260429,-720.7285
20260429,-717.6862
20260429,-717.8693
20260429,-718.9312
20260429,-719.972
20260429,-721.1189
20260429,-722.3819
20260429,-721.9201
20260429,-723.0205
20260429,-721.6807
20260429,-717.5866
20260430,-718.5981
20260430,-719.7626
20260430,-715.5751
20260430,-708.9909
20260430,-710.0922
20260430,-709.9247
20260501,-706.589
20260501,-707.6094
20260501,-708.6373
20260501,-709.6724
20260501,-710.9619
20260501,-712.0098
20260501,-713.1062
20260501,-711.3523
20260501,-712.391
20260504,-711.9552
20260504,-713.0132
20260504,-714.0575
20260504,-715.1102
20260504,-714.8255
20260504,-711.2434
20260504,-712.3329
20260505,-713.489
20260505,-714.5386
20260505,-715.6183
20260505,-713.5414
20260505,-714.8964
20260505,-715.9235
20260505,-711.448
20260505,-712.5504
20260506,-713.8056
20260506,-714.9189
20260506,-713.974
20260506,-715.1451
20260506,-716.1958
20260506,-717.2804
20260507,-718.3105
20260507,-715.2013
20260507,-716.4127
20260507,-717.482
20260507,-714.6481
20260507,-715.9706
20260507,-713.6514
20260507,-711.6629
20260507,-711.8292
20260507,-712.8427
20260507,-713.877
20260507,-712.5253
20260507,-712.9052
20260507,-711.9912
20260508,-709.5862
20260508,-710.7049
20260508,-711.8521
20260508,-712.9763
20260508,-711.0506
20260508,-712.1519
20260508,-713.2382
20260508,-714.3189
20260508,-714.8119
20260508,-714.9135
20260511,-716.0253
20260511,-717.0512
20260511,-718.1632
20260511,-719.2255
20260511,-720.3139
20260511,-720.4624
20260511,-721.5068
20260511,-721.163
20260511,-722.2108
20260512,-717.0405
20260512,-718.1171
20260512,-719.1886
20260512,-720.2473
20260512,-719.4919
20260513,-717.2419
20260513,-718.3228
20260513,-719.3712
20260513,-720.5881
20260513,-721.7088
20260513,-722.775
20260513,-723.8063
20260513,-723.319
20260513,-724.3922
20260514,-725.5028
20260514,-726.513
20260514,-723.7586
20260514,-724.8549
20260514,-724.5338
20260514,-724.3619
20260514,-722.1369
20260514,-723.1691
20260514,-724.1863
20260514,-724.0472
20260514,-725.3218
20260514,-726.3782
20260515,-722.4782
20260515,-723.6671
20260515,-724.7323
20260515,-723.9915
20260518,-725.007
20260518,-726.0236
20260518,-724.3255
20260518,-722.5147
20260518,-723.605
20260518,-724.6525
20260518,-724.3654
20260518,-725.5003
20260518,-723.8121
20260518,-724.9057
20260519,-723.0723
20260519,-718.1085
20260519,-716.1447
20260519,-717.2921
20260519,-715.2634
20260519,-716.2839
20260519,-715.2585
20260520,-713.3133
20260520,-710.5345
20260520,-711.5753
20260520,-712.6386
20260520,-713.7782
20260520,-715.0414
20260521,-713.3228
20260521,-714.5643
20260521,-715.6183
20260521,-702.455
20260521,-699.3345
20260521,-700.4046
20260521,-701.4655
20260521,-699.3835
20260521,-700.4779
20260521,-700.348
20260521,-700.4911
20260521,-700.9597
20260521,-700.521
20260521,-701.056
20260522,-702.0874
20260522,-703.109
20260522,-701.0783
20260522,-702.4638
20260522,-703.7418
20260522,-705.011
20260522,-706.0679
20260522,-707.2097
20260526,-705.6162
20260526,-703.7855
20260526,-705.0228
20260526,-701.4731
20260526,-702.6688
20260526,-703.7004
20260526,-704.7292
20260526,-705.9056
20260527,-705.5153
20260527,-703.493
20260527,-704.5145
20260527,-705.5269
20260527,-700.5825
20260527,-701.7098
20260527,-702.833
20260527,-703.8787
20260528,-705.0021
20260528,-706.0361
20260528,-707.138
20260528,-705.116
20260528,-706.1609
20260528,-707.2113
20260528,-703.1636
20260528,-703.5725
20260528,-705.0748
20260529,-706.0916
20260529,-707.1949
20260601,-708.2399
20260601,-706.6367
20260601,-707.7475
20260601,-707.4169
20260601,-709.0576
20260602,-710.1221
20260602,-711.1456
20260602,-712.3004
20260602,-707.7343
20260602,-706.8144
20260602,-707.8297
20260603,-708.9253
20260603,-708.784
20260603,-706.9738
20260603,-708.0328
20260603,-709.3022
20260604,-710.3834
20260604,-711.4138
20260604,-712.5833
20260604,-710.2852
20260604,-711.4137
20260604,-709.6724
20260605,-710.7269
20260605,-706.6158
20260605,-707.663
20260605,-706.3582
20260605,-708.2288
20260608,-705.3354
20260608,-703.362
20260608,-703.1584
20260608,-704.1757
20260608,-699.8285
20260608,-696.5863
20260608,-697.8214
20260608,-696.1689
20260608,-697.3772
20260608,-698.8451
20260608,-699.9259
20260608,-701.043
20260608,-702.2513
20260608,-703.2996
20260608,-704.4943
20260609,-702.7272
20260609,-703.7586
20260609,-704.779
20260609,-705.8624
20260610,-707.2844
20260610,-701.24
20260610,-702.317
20260610,-703.3711
20260610,-704.5746
20260610,-705.7574
20260610,-702.8201
20260610,-703.9179
20260610,-705.0238
20260611,-706.0818
20260611,-707.3496
20260611,-708.4139
20260611,-709.5727
20260611,-707.9689
20260611,-709.1033
20260611,-705.9841
20260611,-707.039
20260611,-708.2512
20260611,-709.3213
20260611,-710.5358
20260611,-711.5894
20260611,-710.8605
20260612,-711.9048
20260612,-709.1143
20260612,-710.1985
20260612,-711.2419
20260612,-709.8873
20260612,-706.2397
20260615,-704.3304
20260615,-705.3763
20260615,-706.4642
20260615,-704.3465
20260615,-705.3938
20260616,-706.4714
20260616,-707.5004
20260616,-706.7372
20260616,-705.8408
20260617,-702.9658
20260617,-701.3761
20260617,-702.3901
20260617,-703.4605
20260617,-704.5272
20260617,-705.5634
20260617,-706.5815
20260617,-707.6385
20260617,-704.7508
20260617,-701.7289
20260617,-699.8082
20260617,-700.9113
20260622,-696.8678
20260622,-689.6464
20260622,-690.7384
20260622,-692.1126
20260622,-693.1465
20260623,-694.1579
20260623,-695.2132
20260623,-696.2578
20260623,-696.5048
20260623,-697.5658
20260624,-698.6093
20260624,-699.9741
20260624,-698.6998
20260624,-699.7359
20260624,-699.6817
20260624,-696.8592
20260625,-695.1137
20260625,-693.2181
20260625,-689.6502
20260625,-690.6197
20260625,-691.6294
20260625,-691.2108
20260625,-692.2941
20260625,-692.196
20260626,-690.4804
20260626,-682.3415
20260626,-683.3521
20260626,-684.4216
20260626,-685.4519
20260626,-686.5835
20260629,-687.6202
20260629,-686.0462
20260629,-687.3256
20260630,-688.3769
20260630,-683.9224
20260630,-684.9693
20260630,-686.1293
20260630,-687.1562
20260630,-683.5847
20260630,-681.6249
20260630,-681.608
20260630,-682.827
20260630,-683.9201
20260701,-684.9498
20260701,-685.9724
20260701,-687.0187
20260701,-688.4554
20260701,-689.5409
20260702,-690.5625
20260702,-688.7053
20260702,-689.7358
20260702,-690.7827
20260702,-691.8181
20260702,-689.3797
20260702,-690.4137
20260702,-689.9306
20260706,-691.1274
20260706,-692.4197
20260706,-690.2421
20260706,-691.3133
20260706,-692.3538
20260706,-693.4835
20260706,-691.7228
20260706,-691.4902
20260706,-687.4313
20260706,-685.0653
20260707,-686.1009
20260707,-684.6048
20260707,-683.6595
20260707,-682.3465
20260707,-682.5699
20260708,-683.5984
20260708,-684.6323
20260708,-685.6749
20260708,-684.8148
20260708,-685.8393
20260708,-686.8569
20260709,-687.9189
20260709,-689.0334
20260709,-686.5905
20260709,-685.9163
20260709,-687.1855
20260710,-685.7162
20260710,-686.8489
20260710,-688.3059
20260710,-685.492
20260710,-686.5603
20260710,-687.5959
20260710,-688.802
20260710,-690.0288
20260710,-691.0798
20260710,-692.8165
20260710,-694.0124
20260713,-695.0256
20260713,-696.1716
20260713,-697.2437
20260713,-698.3685
20260713,-699.5362
20260714,-694.871
20260714,-696.0022
20260714,-697.0893
20260714,-698.2461
20260714,-698.8171
20260715,-699.8848
20260715,-698.2706
20260715,-697.7067
20260715,-697.2058
20260715,-698.2795
20260716,-699.3294
20260716,-700.4017
20260716,-693.0599
20260716,-694.1471
20260716,-695.2621
20260716,-696.3167
20260716,-697.4121
20260716,-698.5455
20260717,-699.5588
20260717,-700.6751
20260717,-702.2457
20260717,-703.2916
20260717,-704.3549
20260720,-705.4417
20260720,-706.459
20260720,-707.5735
20260720,-708.7599
20260720,-709.8182
20260720,-710.954
20260720,-709.7615
20260720,-710.8103
20260720,-710.9419
20260721,-712.0021
20260721,-713.0295
20260721,-714.1234
20260721,-715.3096
20260721,-716.6384
20260721,-717.7002
20260721,-715.9262
20260721,-717.1593
20260722,-718.2652
20260722,-719.3466
20260722,-720.4793
20260722,-721.501
20260722,-722.5657
20260723,-719.0328
20260723,-716.3661
20260723,-717.4191
20260723,-717.1645
20260723,-715.0032
20260723,-712.9815
20260723,-714.0483
20260723,-715.0603
20260723,-716.081
20260723,-715.6444
20260723,-696.692
20260723,-695.7234
20260724,-695.9575
20260724,-696.9658
20260724,-697.1303
20260724,-698.1467
20260724,-699.2305
20260724,-698.6655
20260724,-696.7714
20260727,-697.8892
20260727,-698.9992
20260727,-697.7029
20260727,-696.7829
20260727,-698.0381
20260727,-699.0977
20260727,-700.1263
20260727,-701.185
20260727,-699.7373
20260728,-700.2144
20260728,-701.3708
20260728,-699.068
20260728,-699.7375
20260729,-700.7783
20260729,-695.1312
20260729,-696.1811
20260729,-696.6291
20260729,-697.8988
20260729,-697.5969
20260729,-692.3312
20260729,-693.4882
20260730,-694.5107
20260730,-692.4567
20260730,-689.0746
20260730,-690.1128
20260730,-691.1886
20260731,-692.2147
20260731,-693.539
20260731,-692.4191
20260731,-689.6463
20260731,-690.732
20260731,-692.1808
20260731,-693.235
20260731,-694.3371
20260731,-693.6674
20260731,-694.8146
20260731,-695.9579
20260803,-697.0901
20260803,-695.7035
20260803,-696.3358
20260803,-697.4881
20260804,-698.5535
20260804,-699.6083
20260804,-700.8446
20260804,-698.8731
20260805,-699.964
20260805,-701.072
20260806,-702.1225
20260806,-702.5721
20260806,-703.6072
20260806,-699.6588
20260806,-700.8426
20260806,-702.3684
20260806,-703.4398
20260806,-704.519
20260806,-705.615
20260806,-706.6335
20260807,-707.6754
20260807,-707.7118
20260807,-709.1968
20260807,-709.8782
20260807,-710.914
20260807,-712.0363
20260807,-713.1286
20260807,-714.1576
20260807,-715.2449
20260807,-716.3062
20260807,-716.5359
20260807,-717.6243
20260807,-718.7333
20260807,-719.7985
20260810,-717.326
20260810,-711.6744
20260810,-709.5944
20260810,-705.4444
20260810,-706.5174
20260810,-706.1022
20260810,-707.5628
20260810,-708.6295
20260810,-709.7665
20260810,-710.8695
20260810,-712.0165
20260810,-711.4864
20260810,-712.5921
20260811,-713.6438
20260811,-714.7265
20260811,-715.8403
20260811,-714.0956
20260811,-715.5024
20260811,-713.9574
20260811,-715.0162
20260812,-716.0401
20260812,-717.1533
20260812,-718.4884
20260812,-719.5363
20260812,-721.2832
20260812,-722.4094
20260812,-723.5491
20260812,-724.6233
20260813,-725.7017
20260813,-726.7682
20260813,-722.7682
20260813,-718.4752
20260813,-716.6131
20260813,-717.8431
20260813,-718.9136
20260813,-720.0837
20260813,-721.2489
20260814,-722.349
20260814,-723.3892
20260814,-722.0594
20260814,-721.6237
20260814,-722.8593
20260814,-722.9094
20260817,-715.1026
20260817,-716.3896
20260817,-717.5573
20260817,-715.2173
20260817,-716.4429
20260817,-713.4948
20260817,-714.6066
20260817,-715.6916
20260817,-716.7892
20260818,-713.0345
20260818,-709.57
20260818,-710.6621
20260818,-711.7368
20260818,-710.9144
20260818,-708.1275
20260819,-709.1613
20260819,-710.3872
20260819,-711.4719
20260819,-712.5337
20260819,-710.5473
20260819,-711.6575
20260819,-712.7316
20260819,-713.8396
20260820,-711.4584
20260820,-702.282
20260820,-703.3028
20260820,-704.3589
20260820,-705.3932
20260820,-706.4406
20260820,-707.4919
20260820,-708.7366
20260820,-708.742
20260820,-709.81
20260821,-710.8396
20260821,-711.9046
20260821,-712.9978
20260821,-712.4792
20260821,-713.5891
20260821,-714.6669
20260821,-715.6903
20260824,-716.7248
20260824,-717.8312
20260824,-719.0499
20260824,-720.2174
20260825,-718.0389
20260825,-717.1103
20260825,-718.3135
20260825,-719.4116
20260825,-720.4448
20260826,-721.4655
20260826,-720.8773
20260826,-721.9098
20260826,-718.4598
20260826,-719.5099
20260826,-720.8286
20260826,-719.7996
20260826,-720.8811
20260826,-718.9338
20260826,-719.9956
20260826,-721.0745
20260826,-722.2987
20260826,-718.7989
20260826,-720.4483
20260827,-721.4992
20260827,-722.5371
20260827,-723.5775
20260827,-724.6442
20260827,-725.8417
20260827,-722.8417
20260827,-724.2008
20260827,-725.2263
20260828,-726.5277
20260828,-727.6863
20260828,-728.8559
20260828,-729.8795
20260828,-727.5016
20260828,-728.6448